from_id,to_id,weight,distance
"Aachen, DE","Köln (Cologne), DE",2,67.32
"Aachen, DE","Mönchengladbach, DE",1,50.45
"Aalborg, DK","Billund, DK",2,156.52
"Aalborg, DK","Copenhagen, DK",84,238.40000000000003
"Aalborg, DK","Amsterdam, NL",28,624.13
"Aalborg, DK","Málaga, ES",3,2507.05
"Aalborg, DK","Roskilde, DK",6,218.91
"Aarhus, DK","Gdańsk, PL",2,540.1
"Aarhus, DK","Málaga, ES",4,2458.03
"Aarhus, DK","Vienna, AT",1,996.32
"Aarhus, DK","Copenhagen, DK",27,147.96
"Aix en Provence, FR","Avignon, FR",7,58.160000000000004
"Aix en Provence, FR","Chambéry, FR",2,240.51
"Ajaccio, FR","Marignane, Bouches-du-Rhône, FR",33,338.33
"Ajaccio, FR","Paris (Orly, Val-de-Marne), FR",24,906.94
"Ajaccio, FR","Nice, Alpes-Maritimes, FR",9,232.33000000000004
"Ajaccio, FR","Colombier-Saugnieu, Rhône, FR",3,517.05
"Ajaccio, FR","Seville, ES",1,1351.7
"Alava, ES","Valencia, ES",2,421.44
"Alava, ES","Seville, ES",4,664.53
"Alava, ES","Santiago de Compostela, ES",1,463.53
"Alava, ES","Orio al Serio (BG), IT",1,1035.96
"Alexandroupolis, GR","Spata-Artemida, GR",14,367.76000000000005
"Alghero, IT","Segrate (MI), IT",21,541.13
"Alghero, IT","Orio al Serio (BG), IT",2,571.78
"Alghero, IT","Bologna, IT",3,498.53
"Alicante, ES","Nowy Dwór Mazowiecki, PL",2,2270.37
"Alicante, ES","Eindhoven, NL",23,1535.7599999999998
"Alicante, ES","Palma de Mallorca, ES",22,318.2300000000001
"Alicante, ES","Balice, PL",9,2074.3000000000006
"Alicante, ES","Paris (Orly, Val-de-Marne), FR",23,1184.68
"Alicante, ES","Zaventem, BE",29,1458.0099999999998
"Alicante, ES","Köln (Cologne), DE",11,1524.41
"Alicante, ES","Vienna, AT",5,1760.1199999999997
"Alicante, ES","Katowice, PL",6,2055.99
"Alicante, ES","Rotterdam, NL",14,1569.31
"Alicante, ES","Amsterdam, NL",27,1613.15
"Alicante, ES","Dublin, IE",12,1739.79
"Alicante, ES","Barcelona, ES",38,403.84999999999997
"Alicante, ES","Düsseldorf, DE",5,1555.69
"Alicante, ES","Copenhagen, DK",16,2164.54
"Alicante, ES","Oostende, BE",6,1461.3099999999997
"Alicante, ES","Seville, ES",8,478.1
"Alicante, ES","Steenokkerzeel, BE",7,1459.43
"Alicante, ES","Weeze, DE",7,1570.4400000000003
"Alicante, ES","Orio al Serio (BG), IT",5,1179.31
"Alicante, ES","Nowa Wieś, PL",1,2216.12
"Alicante, ES","Baden-Baden, DE",5,1362.67
"Alicante, ES","Büren, DE",1,1645.78
"Alicante, ES","Budapest, HU",10,1893.95
"Alicante, ES","Marignane, Bouches-du-Rhône, FR",5,750.73
"Alicante, ES","Charleroi, BE",18,1410.9900000000002
"Alicante, ES","Poznań, PL",6,2066.7
"Alicante, ES","Göteborg, SE",10,2347.85
"Alicante, ES","Stockholm, SE",14,2698.53
"Alicante, ES","Bratislava, SK",6,1804.28
"Alicante, ES","Cork, IE",4,1629.04
"Alicante, ES","Berlin, DE",6,1905.67
"Alicante, ES","Ibiza (Eivissa), ES",9,180.27000000000004
"Alicante, ES","Porto, PT",2,768.23
"Alicante, ES","Beauvais, FR",5,1260.39
"Alicante, ES","Ferno (VA), IT",12,1119.8
"Alicante, ES","Nuremberg, DE",4,1553.41
"Alicante, ES","Frankfurt am Main (Lautzenhausen), DE",5,1437.52
"Alicante, ES","Granada, ES",1,308.07
"Almería, ES","Seville, ES",11,318.75
"Almería, ES","Melilla, ES",2,181.72
"Almería, ES","Barcelona, ES",10,626.44
"Amsterdam, NL","Schkeuditz, DE",11,522.02
"Amsterdam, NL","Ferno (VA), IT",18,796.6399999999999
"Amsterdam, NL","Aalborg, DK",29,624.13
"Amsterdam, NL","Zaventem, BE",29,157.65999999999997
"Amsterdam, NL","Düsseldorf, DE",33,178.33999999999997
"Amsterdam, NL","Luxembourg, LU",28,314.94999999999993
"Amsterdam, NL","Cork, IE",14,906.11
"Amsterdam, NL","Paris (Roissy-en-France, Val-d'Oise), FR",84,398.54999999999995
"Amsterdam, NL","Caselle Torinese (TO), IT",12,818.0
"Amsterdam, NL","Hamburg, DE",34,372.79
"Amsterdam, NL","Málaga, ES",45,1883.6599999999999
"Amsterdam, NL","Frankfurt am Main, DE",64,366.48
"Amsterdam, NL","Parma (PR), IT",2,925.61
"Amsterdam, NL","Marignane, Bouches-du-Rhône, FR",17,986.92
"Amsterdam, NL","Balice, PL",28,1073.59
"Amsterdam, NL","Segrate (MI), IT",67,831.08
"Amsterdam, NL","Dublin, IE",86,749.71
"Amsterdam, NL","Munich, DE",70,664.17
"Amsterdam, NL","Bremen, DE",20,283.48
"Amsterdam, NL","Copenhagen, DK",78,633.38
"Amsterdam, NL","Seville, ES",16,1852.07
"Amsterdam, NL","Otopeni, RO",34,1784.32
"Amsterdam, NL","Tallinn, EE",14,1471.8700000000001
"Amsterdam, NL","Alicante, ES",26,1613.15
"Amsterdam, NL","Stuttgart, DE",26,511.01
"Amsterdam, NL","Toulouse/Blagnac, FR",22,997.47
"Amsterdam, NL","Valencia, ES",16,1481.12
"Amsterdam, NL","Funchal, PT",9,2783.52
"Amsterdam, NL","Velika Gorica, HR",8,1098.85
"Amsterdam, NL","Pisa (PI), IT",4,1045.71
"Amsterdam, NL","Porto, PT",26,1594.97
"Amsterdam, NL","Nice, Alpes-Maritimes, FR",11,978.8600000000001
"Amsterdam, NL","Salzburg, AT",15,772.63
"Amsterdam, NL","Billund, DK",34,477.25
"Amsterdam, NL","Vilnius, LT",12,1377.4399999999998
"Amsterdam, NL","Rotterdam, NL",7,45.019999999999996
"Amsterdam, NL","Saint-Jacques-de-la-Lande, Ille-et-Vilaine, FR",5,659.99
"Amsterdam, NL","Göteborg, SE",27,760.16
"Amsterdam, NL","Bordeaux, FR",19,923.65
"Amsterdam, NL","Stockholm, SE",59,1142.37
"Amsterdam, NL","Lisbon, PT",32,1846.2999999999997
"Amsterdam, NL","Poznań, PL",9,817.97
"Amsterdam, NL","Vienna, AT",42,959.4800000000001
"Amsterdam, NL","Barcelona, ES",74,1241.14
"Amsterdam, NL","Riga, LV",17,1337.18
"Amsterdam, NL","Helsinki (Vantaa), FI",33,1521.36
"Amsterdam, NL","Valletta, MT",8,1984.49
"Amsterdam, NL","Colombier-Saugnieu, Rhône, FR",27,732.34
"Amsterdam, NL","Paris (Orly, Val-de-Marne), FR",6,432.79
"Amsterdam, NL","Vila Franca de Xira, PT",13,1831.8600000000001
"Amsterdam, NL","Berlin, DE",41,593.4
"Amsterdam, NL","Bologna, IT",20,988.46
"Amsterdam, NL","Gdańsk, PL",14,936.62
"Amsterdam, NL","Faro, PT",12,1969.82
"Amsterdam, NL","Nuremberg, DE",27,541.6
"Amsterdam, NL","Hannover, DE",20,334.36
"Amsterdam, NL","Nantes, FR",20,733.2700000000001
"Amsterdam, NL","Budapest, HU",22,1156.58
"Amsterdam, NL","Thessaloniki, GR",6,1904.79
"Amsterdam, NL","Zagreb, HR",10,1085.12
"Amsterdam, NL","Tarbes/Lourdes/Pyrénées, FR",1,1075.44
"Amsterdam, NL","Innsbruck, AT",19,733.08
"Amsterdam, NL","Wrocław, PL",10,844.6699999999998
"Amsterdam, NL","Genova (GE), IT",7,927.9
"Amsterdam, NL","Groningen, NL",2,151.81
"Amsterdam, NL","Mönchengladbach, DE",2,169.46
"Amsterdam, NL","Zgornji Brnik, SI",7,974.43
"Amsterdam, NL","Capannoli (PI), IT",9,1064.3000000000002
"Amsterdam, NL","Firenze (FI), IT",11,1058.4
"Amsterdam, NL","Spata-Artemida, GR",19,2181.75
"Amsterdam, NL","Wilhelmshaven, DE",3,257.35
"Amsterdam, NL","De Cocksdorp, NL",3,89.78000000000002
"Amsterdam, NL","Palma de Mallorca, ES",7,1426.97
"Amsterdam, NL","Ibiza (Eivissa), ES",5,1516.6600000000003
"Amsterdam, NL","Orio al Serio (BG), IT",1,821.24
"Andrézieux-Bouthéon, Loire, FR","Grenoble, FR",1,82.96
"Annecy, FR","Aix en Provence, FR",1,275.53
"Annecy, FR","Trebbin, DE",1,866.06
"Antwerp, BE","Stuttgart, DE",1,439.51
"Antwerp, BE","Málaga, ES",4,1763.33
"Antwerp, BE","Valencia, ES",1,1356.52
"Antwerp, BE","Hamburg, DE",1,455.31
"Arvidsjaur, SE","Stuttgart, DE",3,1969.08
"Arvidsjaur, SE","Hannover, DE",1,1555.66
"Arvidsjaur, SE","Köln (Cologne), DE",2,1777.6
"Arvidsjaur, SE","Munich, DE",3,1966.4399999999998
"Atting, DE","Vrsar, HR",1,426.43
"Atting, DE","Manching, DE",2,74.85
"Augsburg, DE","Marignane, Bouches-du-Rhône, FR",8,708.91
"Augsburg, DE","Maribor, SI",1,417.72
"Augsburg, DE","Bucharest, RO",1,1238.55
"Augsburg, DE","Hamburg, DE",2,577.9
"Augsburg, DE","Marratxí, ES",2,1180.12
"Augsburg, DE","Toussus-le-Noble, Yvelines, FR",3,649.77
"Augsburg, DE","Berlin, DE",1,474.05
"Augsburg, DE","Schkeuditz, DE",1,345.83
"Avignon, FR","Marignane, Bouches-du-Rhône, FR",2,57.85
"Avignon, FR","Aix en Provence, FR",5,58.15999999999999
"Avignon, FR","Lesquin, FR",1,752.77
"Bacău, RO","Zaventem, BE",1,1708.38
"Bad Vöslau, AT","Wiener Neustadt, AT",2,13.96
"Bad Vöslau, AT","Göriach, AT",1,83.67
"Bad Vöslau, AT","Mladá Boleslav, CZ",1,288.09
"Badajoz, ES","Vila Franca de Xira, PT",1,191.17
"Balen, BE","Antwerp, BE",1,52.84
"Balice, PL","Copenhagen, DK",16,779.35
"Balice, PL","Alicante, ES",9,2074.3000000000006
"Balice, PL","Munich, DE",12,611.42
"Balice, PL","Amsterdam, NL",27,1073.59
"Balice, PL","Porto, PT",5,2401.17
"Balice, PL","Málaga, ES",9,2445.63
"Balice, PL","Dublin, IE",13,1820.41
"Balice, PL","Beauvais, FR",8,1268.1600000000003
"Balice, PL","Valletta, MT",13,1639.0
"Balice, PL","Colombier-Saugnieu, Rhône, FR",2,1194.89
"Balice, PL","Larnaca, CY",3,2028.9000000000003
"Balice, PL","Vienna, AT",14,320.34999999999997
"Balice, PL","Valencia, ES",5,1975.4299999999998
"Balice, PL","Orio al Serio (BG), IT",16,896.0899999999999
"Balice, PL","Luxembourg, LU",2,973.03
"Balice, PL","Pescara, IT",2,952.47
"Balice, PL","Bologna, IT",6,887.86
"Balice, PL","Helsinki (Vantaa), FI",5,1184.29
"Balice, PL","Memmingen, DE",5,733.11
"Balice, PL","Capannori (LU), IT",1,984.34
"Balice, PL","Jasionka, PL",1,159.78
"Balice, PL","Paris (Orly, Val-de-Marne), FR",7,1265.53
"Balice, PL","Frankfurt am Main, DE",26,800.8
"Balice, PL","Palermo, IT",6,1425.6500000000003
"Balice, PL","Ferno (VA), IT",9,960.3999999999999
"Balice, PL","Bucharest, RO",7,781.26
"Balice, PL","Szymany, PL",2,386.74
"Balice, PL","Barcelona, ES",20,1679.8399999999997
"Balice, PL","Shannon, IE",7,1999.68
"Balice, PL","Eindhoven, NL",10,1023.22
"Balice, PL","Ronchi dei Legionari/Trieste, IT",3,666.15
"Balice, PL","Vilnius, LT",4,629.09
"Balice, PL","Paris (Roissy-en-France, Val-d'Oise), FR",15,1246.0799999999997
"Balice, PL","Stockholm, SE",9,1054.45
"Balice, PL","Marignane, Bouches-du-Rhône, FR",2,1329.58
"Balice, PL","Rome, IT",13,1080.87
"Balice, PL","Gdańsk, PL",2,486.47
"Balice, PL","Paphos, CY",4,1994.94
"Balice, PL","Thessaloniki, GR",4,1091.38
"Balice, PL","Göteborg, SE",6,987.06
"Balice, PL","Lamezia Terme (CZ), IT",3,1273.14
"Balice, PL","Zaventem, BE",3,1084.32
"Balice, PL","Düsseldorf, DE",3,925.75
"Balice, PL","Charleroi, BE",9,1088.1099999999997
"Balice, PL","Katowice, PL",1,66.82
"Barby, FR","Wevelgem, BE",1,619.44
"Barcelona, ES","Napoli, IT",12,1023.61
"Barcelona, ES","Frankfurt am Main, DE",40,1092.54
"Barcelona, ES","Nowy Dwór Mazowiecki, PL",11,1869.31
"Barcelona, ES","Paris (Orly, Val-de-Marne), FR",70,826.1
"Barcelona, ES","Munich, DE",53,1094.6299999999999
"Barcelona, ES","Ronchi dei Legionari/Trieste, IT",4,1045.77
"Barcelona, ES","Valencia, ES",11,295.6
"Barcelona, ES","Bratislava, SK",12,1415.05
"Barcelona, ES","Vila Franca de Xira, PT",26,981.55
"Barcelona, ES","Bucharest, RO",5,1981.6199999999997
"Barcelona, ES","Budapest, HU",28,1514.6
"Barcelona, ES","Palma de Mallorca, ES",130,201.97
"Barcelona, ES","Copenhagen, DK",29,1768.57
"Barcelona, ES","Steenokkerzeel, BE",23,1085.18
"Barcelona, ES","Caselle Torinese (TO), IT",11,625.83
"Barcelona, ES","Bordeaux, FR",13,453.49
"Barcelona, ES","Paris (Roissy-en-France, Val-d'Oise), FR",73,858.33
"Barcelona, ES","Orio al Serio (BG), IT",22,783.84
"Barcelona, ES","Vienna, AT",26,1369.69
"Barcelona, ES","Porto, PT",39,898.6600000000001
"Barcelona, ES","Dublin, IE",39,1485.69
"Barcelona, ES","Seville, ES",60,809.28
"Barcelona, ES","Köln (Cologne), DE",20,1132.75
"Barcelona, ES","Ibiza (Eivissa), ES",57,276.15
"Barcelona, ES","Alicante, ES",39,403.85
"Barcelona, ES","Mahón (Maó), ES",19,241.05000000000004
"Barcelona, ES","Zaventem, BE",34,1083.78
"Barcelona, ES","Braunschweig, DE",1,1382.87
"Barcelona, ES","Ferno (VA), IT",88,720.79
"Barcelona, ES","Spata-Artemida, GR",14,1904.51
"Barcelona, ES","Otopeni, RO",10,1981.92
"Barcelona, ES","Schkeuditz, DE",11,1366.29
"Barcelona, ES","Málaga, ES",57,765.97
"Barcelona, ES","Bologna, IT",22,831.32
"Barcelona, ES","Strasbourg, FR",4,915.53
"Barcelona, ES","Riga, LV",5,2341.7699999999995
"Barcelona, ES","Amsterdam, NL",72,1241.1400000000003
"Barcelona, ES","Stuttgart, DE",17,994.6600000000001
"Barcelona, ES","Düsseldorf, DE",19,1167.41
"Barcelona, ES","Berlin, DE",37,1502.44
"Barcelona, ES","Capannoli (PI), IT",11,751.33
"Barcelona, ES","Luxembourg, LU",13,980.33
"Barcelona, ES","Paris, FR",2,852.79
"Barcelona, ES","Melilla, ES",2,800.13
"Barcelona, ES","Helsinki (Vantaa), FI",6,2628.15
"Barcelona, ES","Charleroi, BE",10,1035.47
"Barcelona, ES","Nantes, FR",19,714.2400000000001
"Barcelona, ES","Culleredo, ES",18,887.68
"Barcelona, ES","Lisbon, PT",52,994.0
"Barcelona, ES","Balice, PL",20,1679.8399999999997
"Barcelona, ES","Santiago de Compostela, ES",15,883.25
"Barcelona, ES","Colombier-Saugnieu, Rhône, FR",14,549.0
"Barcelona, ES","Gdańsk, PL",1,1890.94
"Barcelona, ES","Granada, ES",9,680.14
"Barcelona, ES","Beauvais, FR",5,907.05
"Barcelona, ES","Segrate (MI), IT",12,741.9700000000001
"Barcelona, ES","Vilnius, LT",7,2258.08
"Barcelona, ES","Almería, ES",11,626.44
"Barcelona, ES","Rotterdam, NL",7,1198.75
"Barcelona, ES","Frankfurt am Main (Lautzenhausen), DE",5,1042.17
"Barcelona, ES","Hannover, DE",3,1367.5999999999997
"Barcelona, ES","Jerez de la Frontera, ES",4,865.72
"Barcelona, ES","Valletta, MT",13,1235.97
"Barcelona, ES","Marignane, Bouches-du-Rhône, FR",9,350.62000000000006
"Barcelona, ES","Larnaca, CY",3,2834.7100000000005
"Barcelona, ES","La Virgen Del Camino, ES",5,655.2
"Barcelona, ES","Hamburg, DE",12,1485.59
"Barcelona, ES","Capannori (LU), IT",8,750.3
"Barcelona, ES","Cork, IE",2,1420.74
"Barcelona, ES","Stockholm, SE",11,2301.82
"Barcelona, ES","Caselle (VR), IT",5,844.8399999999999
"Barcelona, ES","Falconara Marittima (AN), IT",2,960.08
"Barcelona, ES","Tallinn, EE",4,2554.7
"Barcelona, ES","Salzburg, AT",2,1125.71
"Bastia, FR","Paris (Orly, Val-de-Marne), FR",3,880.02
"Beauvais, FR","Porto, PT",20,1240.2000000000003
"Beauvais, FR","Budapest, HU",8,1269.75
"Beauvais, FR","Poznań, PL",3,1080.06
"Beauvais, FR","Pisa (PI), IT",5,900.28
"Beauvais, FR","Balice, PL",8,1268.1600000000003
"Beauvais, FR","Vilnius, LT",2,1676.88
"Beauvais, FR","Orio al Serio (BG), IT",8,707.95
"Beauvais, FR","Palermo, IT",3,1537.0
"Beauvais, FR","Seville, ES",5,1484.29
"Beauvais, FR","Valencia, ES",1,1126.85
"Beauvais, FR","Dublin, IE",16,728.76
"Beauvais, FR","Ronchi dei Legionari/Trieste, IT",2,940.49
"Beauvais, FR","Zagreb, HR",1,1106.4
"Beauvais, FR","Faro, PT",3,1603.08
"Beauvais, FR","Vila Franca de Xira, PT",3,1470.29
"Beauvais, FR","Bologna, IT",8,884.08
"Beauvais, FR","Barcelona, ES",6,907.0499999999998
"Beauvais, FR","Nowy Dwór Mazowiecki, PL",4,1336.58
"Beauvais, FR","Copenhagen, DK",3,987.07
"Beauvais, FR","Stockholm, SE",2,1506.72
"Beauvais, FR","Wrocław, PL",3,1063.51
"Beauvais, FR","Alicante, ES",5,1260.39
"Beauvais, FR","Vienna, AT",7,1068.04
"Benešov, CZ","Hradec Králové, CZ",1,103.0
"Berlin, DE","Paris (Orly, Val-de-Marne), FR",30,882.7199999999999
"Berlin, DE","Marignane, Bouches-du-Rhône, FR",3,1167.27
"Berlin, DE","Vila Franca de Xira, PT",7,2288.62
"Berlin, DE","Munich, DE",65,461.96
"Berlin, DE","Palma de Mallorca, ES",28,1645.61
"Berlin, DE","Saarbrücken, DE",6,568.89
"Berlin, DE","Orio al Serio (BG), IT",13,793.64
"Berlin, DE","Vienna, AT",40,520.53
"Berlin, DE","Steenokkerzeel, BE",12,641.92
"Berlin, DE","Valencia, ES",4,1787.41
"Berlin, DE","Baden-Baden, DE",2,546.07
"Berlin, DE","Zaventem, BE",12,642.78
"Berlin, DE","Copenhagen, DK",31,366.26
"Berlin, DE","Frankfurt am Main, DE",98,431.24000000000007
"Berlin, DE","Budapest, HU",15,674.12
"Berlin, DE","Stuttgart, DE",26,508.0
"Berlin, DE","Paris, FR",5,865.53
"Berlin, DE","Thessaloniki, GR",8,1500.52
"Berlin, DE","Düsseldorf, DE",17,477.81
"Berlin, DE","Köln (Cologne), DE",37,469.36
"Berlin, DE","Segrate (MI), IT",15,828.43
"Berlin, DE","Funchal, PT",6,3264.3000000000006
"Berlin, DE","Paris (Roissy-en-France, Val-d'Oise), FR",55,855.5100000000001
"Berlin, DE","Dublin, IE",26,1326.82
"Berlin, DE","Friedrichshafen, DE",6,594.1999999999999
"Berlin, DE","Barcelona, ES",36,1502.4399999999998
"Berlin, DE","Tenerife, ES",1,3642.36
"Berlin, DE","Soboli, HR",1,779.82
"Berlin, DE","Luxembourg, LU",10,593.56
"Berlin, DE","Amsterdam, NL",41,593.4000000000001
"Berlin, DE","Spata-Artemida, GR",10,1796.72
"Berlin, DE","Helsinki (Vantaa), FI",25,1128.86
"Berlin, DE","Stockholm, SE",22,840.09
"Berlin, DE","Bordeaux, FR",2,1335.7
"Berlin, DE","Ferno (VA), IT",8,825.1
"Berlin, DE","Jasionka, PL",1,643.47
"Berlin, DE","Seville, ES",2,2243.15
"Berlin, DE","Bologna, IT",5,885.32
"Berlin, DE","Maastricht, NL",1,557.2
"Berlin, DE","Nîmes/Garons, FR",1,1169.09
"Berlin, DE","Ronchi dei Legionari/Trieste, IT",3,726.58
"Berlin, DE","Bucharest, RO",2,1272.54
"Berlin, DE","Málaga, ES",17,2240.8699999999994
"Berlin, DE","Alicante, ES",6,1905.67
"Berlin, DE","Tallinn, EE",3,1052.69
"Berlin, DE","Otopeni, RO",8,1266.9100000000003
"Berlin, DE","Palermo, IT",3,1580.89
"Berlin, DE","Valletta, MT",3,1838.13
"Berlin, DE","Porto, PT",4,2078.36
"Berlin, DE","Faro, PT",6,2389.25
"Biarritz, FR","Paris (Roissy-en-France, Val-d'Oise), FR",25,691.05
"Biarritz, FR","Colombier-Saugnieu, Rhône, FR",14,580.45
"Biarritz, FR","Paris (Orly, Val-de-Marne), FR",12,657.04
"Biarritz, FR","Charleroi, BE",2,899.79
"Billund, DK","Copenhagen, DK",32,219.77
"Billund, DK","Katowice, PL",3,882.4900000000001
"Billund, DK","Stockholm, SE",11,668.53
"Billund, DK","Frankfurt am Main, DE",18,636.5899999999999
"Billund, DK","Jönköping, SE",1,374.0
"Billund, DK","Amsterdam, NL",34,477.25
"Billund, DK","Vila Baleira, PT",1,3196.12
"Billund, DK","Otopeni, RO",4,1723.09
"Billund, DK","Köln (Cologne), DE",5,558.23
"Billund, DK","Hannover, DE",4,366.25
"Billund, DK","Riga, LV",2,924.03
"Billund, DK","Aalborg, DK",2,156.52
"Billund, DK","Málaga, ES",4,2356.3
"Billund, DK","Roskilde, DK",2,187.33
"Billund, DK","Göteborg, SE",1,282.93
"Billund, DK","Schkeuditz, DE",5,521.35
"Billund, DK","Paris (Roissy-en-France, Val-d'Oise), FR",15,871.56
"Bitburg, DE","Ramstein-Miesenbach, DE",1,93.49
"Bologna, IT","Paris (Roissy-en-France, Val-d'Oise), FR",34,829.76
"Bologna, IT","Steenokkerzeel, BE",5,871.8399999999999
"Bologna, IT","Vienna, AT",12,567.61
"Bologna, IT","Carpi (MO), IT",5,46.760000000000005
"Bologna, IT","Pavullo (MO), IT",7,43.35000000000001
"Bologna, IT","Seville, ES",4,1640.55
"Bologna, IT","Valencia, ES",3,1121.07
"Bologna, IT","Munich, DE",21,426.2900000000001
"Bologna, IT","Düsseldorf, DE",4,822.78
"Bologna, IT","Palermo, IT",16,728.15
"Bologna, IT","Köln (Cologne), DE",8,768.95
"Bologna, IT","Barcelona, ES",23,831.32
"Bologna, IT","Balice, PL",6,887.86
"Bologna, IT","Dublin, IE",3,1610.8
"Bologna, IT","Otopeni, RO",14,1172.25
"Bologna, IT","Copenhagen, DK",10,1236.11
"Bologna, IT","Pisa (PI), IT",2,118.67
"Bologna, IT","Budapest, HU",6,687.7800000000001
"Bologna, IT","Porto, PT",2,1662.91
"Bologna, IT","Vila Franca de Xira, PT",3,1794.09
"Bologna, IT","Frankfurt am Main, DE",23,644.29
"Bologna, IT","Alghero, IT",3,498.53
"Bologna, IT","Beauvais, FR",6,884.08
"Bologna, IT","Berlin, DE",5,885.32
"Bologna, IT","Treviso (TV), IT",1,142.73
"Bologna, IT","Schkeuditz, DE",5,768.81
"Bologna, IT","Amsterdam, NL",19,988.4599999999999
"Bologna, IT","Reggio Calabria, IT",5,805.5899999999999
"Bologna, IT","Ferno (VA), IT",7,235.03
"Bologna, IT","Luxembourg, LU",2,683.95
"Bologna, IT","Nowy Dwór Mazowiecki, PL",3,1116.48
"Bologna, IT","Charleroi, BE",10,834.4100000000001
"Bologna, IT","Eindhoven, NL",3,885.25
"Bologna, IT","Lamezia Terme (CZ), IT",10,748.71
"Bologna, IT","Málaga, ES",4,1589.54
"Bolzano (BZ), IT","Billund, DK",1,1042.93
"Bolzano (BZ), IT","Seville, ES",1,1737.23
"Boos, FR","Saint-Jacques-de-la-Lande, Ille-et-Vilaine, FR",1,258.96
"Bordeaux, FR","Paris (Roissy-en-France, Val-d'Oise), FR",52,526.87
"Bordeaux, FR","Saint-Jacques-de-la-Lande, Ille-et-Vilaine, FR",3,368.72
"Bordeaux, FR","Barcelona, ES",12,453.49
"Bordeaux, FR","Marignane, Bouches-du-Rhône, FR",21,497.57
"Bordeaux, FR","Nantes, FR",4,267.57
"Bordeaux, FR","Colombier-Saugnieu, Rhône, FR",33,464.97
"Bordeaux, FR","Amsterdam, NL",20,923.65
"Bordeaux, FR","Berlin, DE",2,1335.7
"Bordeaux, FR","Zaventem, BE",3,778.2800000000001
"Bordeaux, FR","Lesquin, FR",6,698.84
"Bordeaux, FR","Vila Franca de Xira, PT",3,953.64
"Bordeaux, FR","Strasbourg, FR",7,757.79
"Bordeaux, FR","Ferno (VA), IT",6,744.44
"Bordeaux, FR","Porto, PT",8,759.51
"Bordeaux, FR","Frankfurt am Main, DE",3,904.7999999999998
"Bordeaux, FR","Dublin, IE",5,1037.19
"Bordeaux, FR","Paris (Orly, Val-de-Marne), FR",5,492.93999999999994
"Bordeaux, FR","Alicante, ES",1,728.05
"Brandenburg an der Havel, DE","Werneuchen, DE",1,82.48
"Bratislava, SK","Frankfurt am Main, DE",1,662.59
"Bratislava, SK","Lamezia Terme (CZ), IT",5,1033.03
"Bratislava, SK","Košice, SK",11,302.27
"Bratislava, SK","Barcelona, ES",12,1415.05
"Bratislava, SK","Steenokkerzeel, BE",1,965.81
"Bratislava, SK","Ferno (VA), IT",6,703.2599999999999
"Bratislava, SK","Thessaloniki, GR",3,965.44
"Bratislava, SK","Eindhoven, NL",2,923.08
"Bratislava, SK","Genova (GE), IT",1,766.42
"Bratislava, SK","Schkeuditz, DE",5,508.12000000000006
"Bratislava, SK","Rome, IT",6,801.69
"Bratislava, SK","Alicante, ES",7,1804.2800000000002
"Bratislava, SK","Dublin, IE",5,1740.7699999999998
"Bratislava, SK","Charleroi, BE",3,957.5499999999998
"Bratislava, SK","Spata-Artemida, GR",5,1261.37
"Bratislava, SK","Larnaca, CY",2,2004.64
"Bratislava, SK","Valletta, MT",3,1388.47
"Bratislava, SK","Catania, IT",1,1202.84
"Braunschweig, DE","Frankfurt am Main, DE",3,290.45
"Braunschweig, DE","Manching, DE",6,406.6000000000001
"Braunschweig, DE","Munich, DE",1,449.47
"Braunschweig, DE","Laage, DE",2,211.7
"Bremen, DE","Frankfurt am Main, DE",25,336.2
"Bremen, DE","Munich, DE",28,562.78
"Bremen, DE","Amsterdam, NL",18,283.48
"Bremen, DE","Toulouse/Blagnac, FR",3,1180.84
"Bremen, DE","Vienna, AT",4,775.78
"Bresso (MI), IT","Segrate (MI), IT",2,12.18
"Bresso (MI), IT","Caiolo (SO), IT",3,82.19
"Brest, FR","Marignane, Bouches-du-Rhône, FR",8,928.8300000000002
"Brest, FR","Colombier-Saugnieu, Rhône, FR",14,780.26
"Brest, FR","Paris (Roissy-en-France, Val-d'Oise), FR",20,515.03
"Brest, FR","Toulouse/Blagnac, FR",2,696.95
"Brno, CZ","Přerov, CZ",1,59.91
"Brno, CZ","Nuremberg, DE",5,408.74
"Brno, CZ","Schkeuditz, DE",5,405.02
"Bucharest, RO","Barcelona, ES",6,1981.62
"Bucharest, RO","Baden-Baden, DE",2,1444.33
"Bucharest, RO","Memmingen, DE",8,1277.33
"Bucharest, RO","Balice, PL",7,781.26
"Bucharest, RO","Orio al Serio (BG), IT",6,1291.3
"Bucharest, RO","Caselle Torinese (TO), IT",2,1453.56
"Bucharest, RO","Charleroi, BE",2,1748.23
"Bucharest, RO","Málaga, ES",1,2708.09
"Bucharest, RO","Budapest, HU",6,633.18
"Bucharest, RO","Bacău, RO",2,233.12
"Bucharest, RO","Augsburg, DE",1,1238.55
"Budapest, HU","Orio al Serio (BG), IT",15,746.67
"Budapest, HU","Spata-Artemida, GR",9,1132.6
"Budapest, HU","Paris (Roissy-en-France, Val-d'Oise), FR",25,1235.57
"Budapest, HU","Charleroi, BE",15,1117.63
"Budapest, HU","Barcelona, ES",26,1514.6
"Budapest, HU","Dublin, IE",16,1901.87
"Budapest, HU","Steenokkerzeel, BE",3,1126.58
"Budapest, HU","Beauvais, FR",7,1269.75
"Budapest, HU","Rome, IT",14,824.45
"Budapest, HU","Copenhagen, DK",19,1007.11
"Budapest, HU","Valletta, MT",12,1350.06
"Budapest, HU","Dortmund, DE",4,942.43
"Budapest, HU","Málaga, ES",11,2276.47
"Budapest, HU","Berlin, DE",16,674.1200000000001
"Budapest, HU","Stuttgart, DE",12,746.5500000000001
"Budapest, HU","Zaventem, BE",9,1126.71
"Budapest, HU","Caselle (VR), IT",2,672.03
"Budapest, HU","Alajero, La Gomera Island, ES",1,3804.88
"Budapest, HU","Ferno (VA), IT",25,820.26
"Budapest, HU","Gdańsk, PL",1,767.13
"Budapest, HU","Vienna, AT",20,202.5
"Budapest, HU","Porto, PT",3,2302.0
"Budapest, HU","Capannori (LU), IT",1,778.27
"Budapest, HU","Bologna, IT",6,687.7800000000001
"Budapest, HU","Palermo, IT",3,1144.87
"Budapest, HU","Schkeuditz, DE",5,661.86
"Budapest, HU","Munich, DE",25,554.58
"Budapest, HU","Frankfurt am Main, DE",32,823.04
"Budapest, HU","Amsterdam, NL",22,1156.58
"Budapest, HU","Nice, Alpes-Maritimes, FR",2,1018.39
"Budapest, HU","Alicante, ES",10,1893.95
"Budapest, HU","Düsseldorf, DE",6,987.15
"Budapest, HU","Nantes, FR",2,1558.38
"Budapest, HU","Vilnius, LT",5,902.85
"Budapest, HU","Valencia, ES",3,1806.97
"Budapest, HU","Shannon, IE",3,2067.78
"Budapest, HU","Stockholm, SE",6,1337.76
"Budapest, HU","Wrocław, PL",5,433.2
"Budapest, HU","Vila Franca de Xira, PT",4,2457.51
"Budapest, HU","Eindhoven, NL",12,1084.21
"Budapest, HU","Nuremberg, DE",6,632.82
"Budapest, HU","Colombier-Saugnieu, Rhône, FR",3,1087.92
"Budapest, HU","Bucharest, RO",6,633.18
"Budapest, HU","Paris (Orly, Val-de-Marne), FR",7,1247.91
"Budapest, HU","Frankfurt am Main (Lautzenhausen), DE",1,910.59
"Budapest, HU","Thessaloniki, GR",6,833.86
"Budapest, HU","Paphos, CY",4,1803.28
"Budapest, HU","Toulouse/Blagnac, FR",2,1443.77
"Budapest, HU","Otopeni, RO",10,628.95
"Burbach, DE","Calden, DE",1,120.86
"Bydgoszcz, PL","Warsaw, PL",1,222.97
"Bydgoszcz, PL","Gdańsk, PL",2,145.67
"Bydgoszcz, PL","Dublin, IE",3,1604.2
"Bydgoszcz, PL","Frankfurt am Main, DE",4,734.06
"Béziers, FR","Charleroi, BE",1,798.17
"Bückeburg, DE","Niederstetten, DE",2,326.82
"Büren, DE","Berlin, DE",3,344.6499999999999
"Büren, DE","Hannover, DE",2,119.31
"Büren, DE","Alicante, ES",2,1645.78
"Büren, DE","Munich, DE",9,427.26
"Caen, FR","Colombier-Saugnieu, Rhône, FR",6,566.36
"Caen, FR","Montpellier/Méditerranée, FR",2,708.71
"Caen, FR","Nice, Alpes-Maritimes, FR",2,849.04
"Caen, FR","Marignane, Bouches-du-Rhône, FR",4,771.97
"Caen, FR","Toulouse/Blagnac, FR",2,632.39
"Calden, DE","Erfurt, DE",1,119.78
"Calden, DE","Velika Gorica, HR",1,799.02
"Cameri (NO), IT","Ferno (VA), IT",1,12.13
"Campo di Pietra (TV), IT","Treviso (TV), IT",6,27.679999999999996
"Campo di Pietra (TV), IT","Paris (Roissy-en-France, Val-d'Oise), FR",1,836.77
"Campoformido (UD), IT","Gorizia (GO), IT",1,35.05
"Caselle (VR), IT","Munich, DE",13,336.02000000000004
"Caselle (VR), IT","Paris (Orly, Val-de-Marne), FR",6,742.56
"Caselle (VR), IT","Frankfurt am Main, DE",14,543.63
"Caselle (VR), IT","Segrate (MI), IT",3,125.82
"Caselle (VR), IT","Lamezia Terme (CZ), IT",5,845.55
"Caselle (VR), IT","Rome, IT",4,418.25
"Caselle (VR), IT","Nuremberg, DE",1,456.54
"Caselle (VR), IT","Palermo, IT",14,828.5
"Caselle (VR), IT","Ferno (VA), IT",1,170.27
"Caselle (VR), IT","Colombier-Saugnieu, Rhône, FR",1,452.73
"Caselle (VR), IT","Barcelona, ES",5,844.8399999999999
"Caselle Torinese (TO), IT","Pescara, IT",7,607.7
"Caselle Torinese (TO), IT","Munich, DE",13,471.18
"Caselle Torinese (TO), IT","Amsterdam, NL",11,818.0
"Caselle Torinese (TO), IT","Frankfurt am Main, DE",12,540.91
"Caselle Torinese (TO), IT","Barcelona, ES",11,625.83
"Caselle Torinese (TO), IT","Paris (Roissy-en-France, Val-d'Oise), FR",17,572.49
"Caselle Torinese (TO), IT","Seville, ES",3,1421.0199999999998
"Caselle Torinese (TO), IT","Dublin, IE",8,1357.3
"Caselle Torinese (TO), IT","Segrate (MI), IT",6,130.08
"Caselle Torinese (TO), IT","Foggia (FG), IT",3,762.6
"Caselle Torinese (TO), IT","Palermo, IT",15,909.4400000000002
"Caselle Torinese (TO), IT","Bucharest, RO",1,1453.56
"Caselle Torinese (TO), IT","Rome, IT",4,539.38
"Caselle Torinese (TO), IT","Valencia, ES",3,920.9900000000001
"Caselle Torinese (TO), IT","Vienna, AT",4,753.14
"Caselle Torinese (TO), IT","Toulouse/Blagnac, FR",1,528.78
"Caselle Torinese (TO), IT","Wrocław, PL",1,947.31
"Caselle Torinese (TO), IT","Reggio Calabria, IT",7,1033.67
"Caselle Torinese (TO), IT","Lamezia Terme (CZ), IT",11,995.73
"Caselle Torinese (TO), IT","Stuttgart, DE",2,405.89
"Caselle Torinese (TO), IT","Catania, IT",1,1058.71
"Caselle Torinese (TO), IT","Nice, Alpes-Maritimes, FR",2,174.93
"Caselle Torinese (TO), IT","Charleroi, BE",9,631.47
"Castres, FR","Paris (Orly, Val-de-Marne), FR",11,574.59
"Catania, IT","Segrate (MI), IT",2,1009.2
"Chabeuil, Drôme, FR","Chassieu, Lyon, FR",2,89.68
"Chabeuil, Drôme, FR","L'Hôpital-le-Mercier, Saône-et-Loire, FR",2,181.8
"Chambéry, FR","Segrate (MI), IT",7,265.37
"Chambéry, FR","Avignon, FR",2,207.37
"Chambéry, FR","Valletta, MT",1,1306.65
"Chambéry, FR","Amsterdam, NL",2,746.16
"Chambéry, FR","Paris, FR",12,451.62000000000006
"Chambéry, FR","Nice, Alpes-Maritimes, FR",3,244.17
"Charleroi, BE","Orio al Serio (BG), IT",18,660.06
"Charleroi, BE","Stockholm, SE",5,1317.75
"Charleroi, BE","Pisa (PI), IT",8,876.8
"Charleroi, BE","Budapest, HU",15,1117.63
"Charleroi, BE","Marignane, Bouches-du-Rhône, FR",14,783.1
"Charleroi, BE","Palma de Mallorca, ES",8,1220.5899999999997
"Charleroi, BE","Valencia, ES",6,1279.78
"Charleroi, BE","Lamezia Terme (CZ), IT",2,1583.11
"Charleroi, BE","Łódź, PL",2,1050.76
"Charleroi, BE","Helsinki (Vantaa), FI",4,1683.99
"Charleroi, BE","Poznań, PL",2,882.97
"Charleroi, BE","Cork, IE",2,914.94
"Charleroi, BE","Riga, LV",3,1468.71
"Charleroi, BE","Wrocław, PL",3,875.2199999999999
"Charleroi, BE","Béziers, FR",2,798.17
"Charleroi, BE","Dublin, IE",2,804.48
"Charleroi, BE","Seville, ES",9,1666.93
"Charleroi, BE","Barcelona, ES",10,1035.47
"Charleroi, BE","Rome, IT",14,1140.44
"Charleroi, BE","Toulouse/Blagnac, FR",6,794.98
"Charleroi, BE","Palermo, IT",8,1533.56
"Charleroi, BE","Funchal, PT",2,2630.76
"Charleroi, BE","Vila Franca de Xira, PT",5,1666.61
"Charleroi, BE","Nîmes/Garons, FR",4,745.52
"Charleroi, BE","Pescara, IT",7,1160.95
"Charleroi, BE","Bucharest, RO",2,1748.23
"Charleroi, BE","Alicante, ES",18,1410.9900000000002
"Charleroi, BE","Capannori (LU), IT",2,870.31
"Charleroi, BE","Zagreb, HR",4,992.17
"Charleroi, BE","Katowice, PL",2,1033.14
"Charleroi, BE","Bratislava, SK",3,957.5499999999998
"Charleroi, BE","Otopeni, RO",14,1744.4500000000003
"Charleroi, BE","Thessaloniki, GR",5,1809.3
"Charleroi, BE","Bologna, IT",10,834.4100000000001
"Charleroi, BE","Falconara Marittima (AN), IT",2,1015.71
"Charleroi, BE","Málaga, ES",12,1691.54
"Charleroi, BE","Genova (GE), IT",2,748.76
"Charleroi, BE","Kaunas, LT",1,1400.48
"Charleroi, BE","Valletta, MT",10,1813.75
"Charleroi, BE","Faro, PT",5,1792.6600000000003
"Charleroi, BE","Caselle Torinese (TO), IT",9,631.47
"Charleroi, BE","Porto, PT",12,1440.03
"Charleroi, BE","Balice, PL",9,1088.1099999999997
"Charleroi, BE","Vienna, AT",4,915.25
"Charlestown, IE","Shannon, IE",2,134.56
"Chaspuzac, Haute-Loire, FR","Paris (Orly, Val-de-Marne), FR",6,418.44
"Chassieu, Lyon, FR","Chabeuil, Drôme, FR",3,89.68
"Chassieu, Lyon, FR","Châlon sur Saône, FR",1,122.46
"Chassieu, Lyon, FR","Marignane, Bouches-du-Rhône, FR",1,255.51
"Chassieu, Lyon, FR","Strasbourg, FR",3,372.62000000000006
"Chassieu, Lyon, FR","Orio al Serio (BG), IT",1,370.05
"Chassieu, Lyon, FR","Frontenas, Rhône, FR",1,31.95
"Chassieu, Lyon, FR","Trémuson, Côtes-d'Armor, FR",2,667.08
"Chassieu, Lyon, FR","Paris, FR",4,406.19
"Châlon sur Saône, FR","Chassieu, Lyon, FR",1,122.46
"Clermont-Ferrand, FR","Chassieu, Lyon, FR",1,137.84
"Clermont-Ferrand, FR","Dole, FR",1,222.17
"Clermont-Ferrand, FR","Paris (Roissy-en-France, Val-d'Oise), FR",18,361.27
"Clermont-Ferrand, FR","Szymany, PL",2,1532.75
"Cognac/Châteaubernard, FR","Angoulême, FR",4,42.6
"Colombier-Saugnieu, Rhône, FR","Bastia, FR",4,497.27
"Colombier-Saugnieu, Rhône, FR","Frankfurt am Main, DE",20,543.55
"Colombier-Saugnieu, Rhône, FR","Vila Franca de Xira, PT",9,1385.15
"Colombier-Saugnieu, Rhône, FR","Paris (Roissy-en-France, Val-d'Oise), FR",43,411.93000000000006
"Colombier-Saugnieu, Rhône, FR","Strasbourg, FR",8,366.9
"Colombier-Saugnieu, Rhône, FR","Pau/Pyrénées (Uzein), FR",5,508.34
"Colombier-Saugnieu, Rhône, FR","Capannoli (PI), IT",1,502.73
"Colombier-Saugnieu, Rhône, FR","Munich, DE",19,585.22
"Colombier-Saugnieu, Rhône, FR","Bordeaux, FR",34,464.96999999999997
"Colombier-Saugnieu, Rhône, FR","Ajaccio, FR",2,517.05
"Colombier-Saugnieu, Rhône, FR","Balice, PL",2,1194.89
"Colombier-Saugnieu, Rhône, FR","Valencia, ES",1,829.47
"Colombier-Saugnieu, Rhône, FR","Steenokkerzeel, BE",7,578.51
"Colombier-Saugnieu, Rhône, FR","Köln (Cologne), DE",5,591.29
"Colombier-Saugnieu, Rhône, FR","Toulouse/Blagnac, FR",30,375.65999999999997
"Colombier-Saugnieu, Rhône, FR","Saint-Jacques-de-la-Lande, Ille-et-Vilaine, FR",4,580.06
"Colombier-Saugnieu, Rhône, FR","Amsterdam, NL",25,732.34
"Colombier-Saugnieu, Rhône, FR","Caen, FR",5,566.36
"Colombier-Saugnieu, Rhône, FR","Brest, FR",14,780.26
"Colombier-Saugnieu, Rhône, FR","Nantes, FR",32,537.23
"Colombier-Saugnieu, Rhône, FR","Nice, Alpes-Maritimes, FR",6,284.74
"Colombier-Saugnieu, Rhône, FR","Málaga, ES",4,1285.1
"Colombier-Saugnieu, Rhône, FR","Ferno (VA), IT",9,282.81000000000006
"Colombier-Saugnieu, Rhône, FR","Seville, ES",5,1296.98
"Colombier-Saugnieu, Rhône, FR","Dublin, IE",7,1181.99
"Colombier-Saugnieu, Rhône, FR","Copenhagen, DK",11,1220.66
"Colombier-Saugnieu, Rhône, FR","Düsseldorf, DE",5,630.8
"Colombier-Saugnieu, Rhône, FR","Barcelona, ES",14,549.0
"Colombier-Saugnieu, Rhône, FR","Budapest, HU",3,1087.92
"Colombier-Saugnieu, Rhône, FR","Wrocław, PL",1,1053.95
"Colombier-Saugnieu, Rhône, FR","Caselle (VR), IT",1,452.73
"Colombier-Saugnieu, Rhône, FR","Poznań, PL",2,1131.0
"Colombier-Saugnieu, Rhône, FR","Porto, PT",18,1215.38
"Colombier-Saugnieu, Rhône, FR","Schkeuditz, DE",5,822.0800000000002
"Colombier-Saugnieu, Rhône, FR","Vienna, AT",7,910.29
"Colombier-Saugnieu, Rhône, FR","Győr, HU",1,991.59
"Colombier-Saugnieu, Rhône, FR","Paris, FR",5,411.61
"Comiso, IT","Segrate (MI), IT",7,1039.39
"Constanța, RO","Otopeni, RO",3,190.67999999999998
"Copenhagen, DK","Stockholm, SE",125,534.1
"Copenhagen, DK","Málaga, ES",31,2471.5399999999995
"Copenhagen, DK","Riga, LV",21,716.23
"Copenhagen, DK","Vienna, AT",34,876.6400000000001
"Copenhagen, DK","Orio al Serio (BG), IT",15,1125.3100000000002
"Copenhagen, DK","Balice, PL",16,779.35
"Copenhagen, DK","Barcelona, ES",29,1768.57
"Copenhagen, DK","Budapest, HU",19,1007.11
"Copenhagen, DK","Aarhus, DK",22,147.96
"Copenhagen, DK","Helsinki (Vantaa), FI",61,892.1999999999999
"Copenhagen, DK","Frankfurt am Main, DE",46,679.66
"Copenhagen, DK","Göteborg, SE",27,236.27999999999997
"Copenhagen, DK","Amsterdam, NL",78,633.3799999999999
"Copenhagen, DK","Berlin, DE",32,366.26
"Copenhagen, DK","Paris (Roissy-en-France, Val-d'Oise), FR",54,1003.84
"Copenhagen, DK","Tallinn, EE",29,838.9600000000002
"Copenhagen, DK","Aalborg, DK",85,238.4
"Copenhagen, DK","Schkeuditz, DE",10,467.55
"Copenhagen, DK","Otopeni, RO",3,1552.8100000000002
"Copenhagen, DK","Palanga, LT",8,528.58
"Copenhagen, DK","Alicante, ES",14,2164.54
"Copenhagen, DK","Segrate (MI), IT",6,1155.75
"Copenhagen, DK","Ferno (VA), IT",22,1144.1100000000001
"Copenhagen, DK","Paris (Orly, Val-de-Marne), FR",7,1036.6
"Copenhagen, DK","Vilnius, LT",13,809.2399999999999
"Copenhagen, DK","Düsseldorf, DE",25,618.9900000000001
"Copenhagen, DK","Luxembourg, LU",7,794.8599999999999
"Copenhagen, DK","Steenokkerzeel, BE",6,753.09
"Copenhagen, DK","Dublin, IE",22,1240.78
"Copenhagen, DK","Munich, DE",40,809.9100000000001
"Copenhagen, DK","Bologna, IT",10,1236.11
"Copenhagen, DK","Velika Gorica, HR",4,1123.72
"Copenhagen, DK","Halmstad, SE",1,119.77
"Copenhagen, DK","Gdańsk, PL",23,395.27
"Copenhagen, DK","Hannover, DE",12,400.97
"Copenhagen, DK","Poznań, PL",14,447.53000000000003
"Copenhagen, DK","Grâce-Hollogne, BE",4,732.79
"Copenhagen, DK","Spata-Artemida, GR",11,2139.45
"Copenhagen, DK","Vila Franca de Xira, PT",7,2457.2799999999997
"Copenhagen, DK","Palma de Mallorca, ES",5,1930.61
"Copenhagen, DK","Colombier-Saugnieu, Rhône, FR",9,1220.66
"Copenhagen, DK","Kaunas, LT",5,720.94
"Copenhagen, DK","Faro, PT",6,2584.3
"Copenhagen, DK","Zaventem, BE",36,754.38
"Copenhagen, DK","Sønderborg, DK",23,195.34999999999997
"Copenhagen, DK","Cork, IE",1,1446.6
"Copenhagen, DK","Billund, DK",30,219.77000000000004
"Copenhagen, DK","Hamburg, DE",31,287.09
"Copenhagen, DK","Porto, PT",2,2225.43
"Copenhagen, DK","Norrköping, SE",1,394.94
"Copenhagen, DK","Stuttgart, DE",18,804.94
"Copenhagen, DK","Funchal, PT",3,3415.3000000000006
"Copenhagen, DK","Nantes, FR",2,1361.18
"Copenhagen, DK","Beauvais, FR",3,987.07
"Copenhagen, DK","Luleå, SE",1,1215.75
"Copenhagen, DK","Wrocław, PL",6,574.73
"Copenhagen, DK","Nice, Alpes-Maritimes, FR",8,1385.27
"Cork, IE","Barcelona, ES",3,1420.74
"Cork, IE","Amsterdam, NL",14,906.11
"Cork, IE","Tenerife, ES",2,2704.14
"Cork, IE","Faro, PT",3,1649.01
"Cork, IE","Paris (Roissy-en-France, Val-d'Oise), FR",4,842.39
"Cork, IE","Charleroi, BE",2,914.94
"Cork, IE","Seville, ES",3,1616.6500000000003
"Cork, IE","Rome, IT",1,1932.64
"Cork, IE","Alicante, ES",4,1629.04
"Cork, IE","Shannon, IE",1,100.15
"Culleredo, ES","Málaga, ES",4,807.34
"Culleredo, ES","Valencia, ES",1,782.79
"Culleredo, ES","Barcelona, ES",18,887.68
"De Cocksdorp, NL","Amsterdam, NL",3,89.78000000000002
"Den Helder, NL","Groningen, NL",1,122.15
"Dole, FR","Clermont-Ferrand, FR",1,222.17
"Dole, FR","Amsterdam, NL",1,587.89
"Dole, FR","Strasbourg, FR",1,234.13
"Dole, FR","Saint-Léger-sur-Roanne, FR",1,154.71
"Dole, FR","Porto, PT",2,1294.14
"Dole, FR","Grenoble, FR",1,186.52
"Donegal, IE","Dublin, IE",3,224.75
"Dortmund, DE","Katowice, PL",18,810.04
"Dortmund, DE","Budapest, HU",4,942.43
"Dortmund, DE","Düsseldorf, DE",5,63.92999999999999
"Dortmund, DE","Berlin, DE",1,414.39
"Dortmund, DE","Otopeni, RO",7,1570.4
"Dortmund, DE","Palma de Mallorca, ES",4,1382.91
"Dresden, DE","Düsseldorf, DE",5,487.8
"Dresden, DE","Munich, DE",19,340.34
"Dresden, DE","Frankfurt am Main, DE",21,387.80000000000007
"Dublin, IE","Vila Franca de Xira, PT",10,1631.05
"Dublin, IE","Budapest, HU",17,1901.8699999999997
"Dublin, IE","Helsinki (Vantaa), FI",8,2022.41
"Dublin, IE","Frankfurt am Main, DE",39,1086.12
"Dublin, IE","Stockholm, SE",12,1620.64
"Dublin, IE","Seville, ES",8,1780.54
"Dublin, IE","Łódź, PL",3,1734.82
"Dublin, IE","Vienna, AT",12,1702.09
"Dublin, IE","Düsseldorf, DE",14,914.7299999999999
"Dublin, IE","Pisa (PI), IT",2,1628.83
"Dublin, IE","Eindhoven, NL",3,817.84
"Dublin, IE","Amsterdam, NL",85,749.71
"Dublin, IE","Palanga, LT",2,1768.3
"Dublin, IE","Barcelona, ES",40,1485.69
"Dublin, IE","Wevelgem, BE",1,708.03
"Dublin, IE","Tenerife, ES",3,2919.91
"Dublin, IE","Munich, DE",28,1381.02
"Dublin, IE","Alicante, ES",13,1739.7899999999997
"Dublin, IE","Marignane, Bouches-du-Rhône, FR",2,1393.08
"Dublin, IE","Köln (Cologne), DE",13,956.34
"Dublin, IE","Funchal, PT",3,2452.18
"Dublin, IE","Kaunas, LT",3,1960.03
"Dublin, IE","Alajero, La Gomera Island, ES",2,2963.36
"Dublin, IE","Zaventem, BE",26,784.05
"Dublin, IE","Caselle Torinese (TO), IT",8,1357.3
"Dublin, IE","Orio al Serio (BG), IT",18,1434.08
"Dublin, IE","Málaga, ES",30,1867.9299999999998
"Dublin, IE","Beauvais, FR",15,728.76
"Dublin, IE","Farranfore, IE",14,259.43
"Dublin, IE","Paris, FR",3,782.68
"Dublin, IE","Copenhagen, DK",21,1240.78
"Dublin, IE","Bologna, IT",3,1610.8
"Dublin, IE","Charleroi, BE",2,804.48
"Dublin, IE","Paris (Roissy-en-France, Val-d'Oise), FR",55,785.52
"Dublin, IE","Wrocław, PL",8,1588.77
"Dublin, IE","Nowy Dwór Mazowiecki, PL",6,1796.08
"Dublin, IE","Schkeuditz, DE",5,1270.04
"Dublin, IE","Paris (Orly, Val-de-Marne), FR",14,797.91
"Dublin, IE","Shannon, IE",11,195.39
"Dublin, IE","Valletta, MT",9,2533.9400000000005
"Dublin, IE","Berlin, DE",25,1326.82
"Dublin, IE","Luxembourg, LU",10,959.18
"Dublin, IE","Segrate (MI), IT",9,1426.76
"Dublin, IE","Hamburg, DE",12,1067.46
"Dublin, IE","Donegal, IE",6,224.75
"Dublin, IE","Colombier-Saugnieu, Rhône, FR",8,1181.9900000000002
"Dublin, IE","Valencia, ES",2,1610.7
"Dublin, IE","Zagreb, HR",3,1796.59
"Dublin, IE","Katowice, PL",4,1757.75
"Dublin, IE","Faro, PT",19,1829.78
"Dublin, IE","Bordeaux, FR",5,1037.19
"Dublin, IE","Otopeni, RO",5,2530.71
"Dublin, IE","Nantes, FR",3,771.69
"Dublin, IE","Bratislava, SK",6,1740.7699999999998
"Dublin, IE","Vilnius, LT",1,2047.33
"Dublin, IE","Memmingen, DE",4,1305.69
"Dublin, IE","Bydgoszcz, PL",3,1604.2
"Dublin, IE","Balice, PL",13,1820.41
"Dublin, IE","Ferno (VA), IT",10,1381.7400000000002
"Dublin, IE","Poznań, PL",3,1544.7699999999998
"Dublin, IE","Roskilde, DK",1,1207.67
"Dublin, IE","Frankfurt am Main (Lautzenhausen), DE",2,1007.49
"Dublin, IE","Porto, PT",8,1366.4299999999998
"Düsseldorf, DE","Amsterdam, NL",37,178.34
"Düsseldorf, DE","Vienna, AT",38,787.82
"Düsseldorf, DE","Ferno (VA), IT",29,645.5800000000002
"Düsseldorf, DE","Palma de Mallorca, ES",31,1341.97
"Düsseldorf, DE","Helsinki (Vantaa), FI",14,1507.8700000000001
"Düsseldorf, DE","Thessaloniki, GR",11,1726.62
"Düsseldorf, DE","Dublin, IE",13,914.73
"Düsseldorf, DE","Munich, DE",58,485.81999999999994
"Düsseldorf, DE","Vila Franca de Xira, PT",6,1847.16
"Düsseldorf, DE","Dresden, DE",5,487.8
"Düsseldorf, DE","Bologna, IT",4,822.78
"Düsseldorf, DE","Rotterdam, NL",1,177.1
"Düsseldorf, DE","Stockholm, SE",7,1150.62
"Düsseldorf, DE","Berlin, DE",17,477.81
"Düsseldorf, DE","Alicante, ES",5,1555.69
"Düsseldorf, DE","Köln (Cologne), DE",4,53.93
"Düsseldorf, DE","Paris (Roissy-en-France, Val-d'Oise), FR",36,392.83
"Düsseldorf, DE","Copenhagen, DK",25,618.9900000000001
"Düsseldorf, DE","Dortmund, DE",6,63.93
"Düsseldorf, DE","Frankfurt am Main, DE",32,188.84000000000003
"Düsseldorf, DE","Friedrichshafen, DE",7,448.46
"Düsseldorf, DE","Barcelona, ES",19,1167.41
"Düsseldorf, DE","Nice, Alpes-Maritimes, FR",3,849.21
"Düsseldorf, DE","Göteborg, SE",6,792.2399999999999
"Düsseldorf, DE","Riga, LV",4,1283.86
"Düsseldorf, DE","Funchal, PT",9,2814.27
"Düsseldorf, DE","Hamburg, DE",15,332.33
"Düsseldorf, DE","Feldkirchen bei Graz, AT",6,790.64
"Düsseldorf, DE","Orio al Serio (BG), IT",2,661.35
"Düsseldorf, DE","Málaga, ES",8,1853.46
"Düsseldorf, DE","Budapest, HU",6,987.15
"Düsseldorf, DE","Colombier-Saugnieu, Rhône, FR",5,630.8
"Düsseldorf, DE","Sylt, DE",4,416.38
"Düsseldorf, DE","Segrate (MI), IT",13,675.69
"Düsseldorf, DE","Faro, PT",7,1967.32
"Düsseldorf, DE","Salzburg, AT",14,594.3500000000001
"Düsseldorf, DE","Jerez de la Frontera, ES",2,1908.95
"Düsseldorf, DE","Valencia, ES",3,1427.3
"Düsseldorf, DE","Balice, PL",3,925.75
"Egelsbach, DE","Mainz, DE",1,35.48
"Egelsbach, DE","Laage, DE",1,505.63
"Eindhoven, NL","Porto, PT",6,1560.29
"Eindhoven, NL","Alicante, ES",24,1535.76
"Eindhoven, NL","Ibiza (Eivissa), ES",3,1432.71
"Eindhoven, NL","Málaga, ES",20,1818.7
"Eindhoven, NL","Dublin, IE",3,817.84
"Eindhoven, NL","Faro, PT",11,1918.6
"Eindhoven, NL","Innsbruck, AT",10,635.2
"Eindhoven, NL","Wrocław, PL",4,800.55
"Eindhoven, NL","Seville, ES",9,1793.9000000000003
"Eindhoven, NL","Valencia, ES",7,1405.05
"Eindhoven, NL","Vilnius, LT",6,1372.2299999999998
"Eindhoven, NL","Balice, PL",10,1023.22
"Eindhoven, NL","Rijen, NL",8,33.3
"Eindhoven, NL","Bratislava, SK",2,923.08
"Eindhoven, NL","Otopeni, RO",6,1713.14
"Eindhoven, NL","Nowy Dwór Mazowiecki, PL",2,1050.92
"Eindhoven, NL","Paphos, CY",2,2853.29
"Eindhoven, NL","Pisa (PI), IT",3,941.5099999999999
"Eindhoven, NL","Budapest, HU",12,1084.21
"Eindhoven, NL","Rotterdam, NL",3,85.71999999999998
"Eindhoven, NL","Orio al Serio (BG), IT",9,717.27
"Eindhoven, NL","Velika Gorica, HR",2,1008.83
"Eindhoven, NL","Gdańsk, PL",3,934.54
"Eindhoven, NL","Bologna, IT",3,885.25
"Eindhoven, NL","Vila Franca de Xira, PT",3,1789.93
"El Matorral, ES","Frankfurt am Main, DE",2,3054.68
"El Matorral, ES","Aalborg, DK",1,3685.4
"El Matorral, ES","Copenhagen, DK",1,3683.66
"El Matorral, ES","Katowice, PL",1,3688.26
"Elefsina, GR","Spata-Artemida, GR",3,36.87
"Elefsina, GR","Rhodes, GR",3,441.3500000000001
"Erfurt, DE","Greven, DE",1,260.13
"Eskilstuna, SE","Borlange, SE",1,136.42
"Falconara Marittima (AN), IT","Segrate (MI), IT",4,382.33
"Falconara Marittima (AN), IT","Ferno (VA), IT",1,429.64
"Falconara Marittima (AN), IT","Barcelona, ES",1,960.08
"Fano (PU), IT","Rimini (RN), IT",3,39.66
"Faro, PT","Eindhoven, NL",11,1918.6
"Faro, PT","Rotterdam, NL",9,1925.01
"Faro, PT","Orio al Serio (BG), IT",4,1755.83
"Faro, PT","Vienna, AT",3,2342.7
"Faro, PT","Zaventem, BE",6,1832.34
"Faro, PT","Cork, IE",3,1649.01
"Faro, PT","Beauvais, FR",3,1603.08
"Faro, PT","Amsterdam, NL",12,1969.82
"Faro, PT","Porto, PT",10,474.57
"Faro, PT","Copenhagen, DK",6,2584.3
"Faro, PT","Balice, PL",2,2643.13
"Faro, PT","Dublin, IE",17,1829.78
"Faro, PT","Vila Franca de Xira, PT",9,227.45999999999998
"Faro, PT","Paris (Orly, Val-de-Marne), FR",9,1548.03
"Faro, PT","Luxembourg, LU",4,1805.57
"Faro, PT","Düsseldorf, DE",6,1967.32
"Faro, PT","Charleroi, BE",5,1792.6600000000003
"Faro, PT","Berlin, DE",6,2389.25
"Farranfore, IE","Dublin, IE",15,259.43
"Farranfore, IE","Frankfurt am Main (Lautzenhausen), DE",2,1196.12
"Fauville, Eure, FR","Bordeaux, FR",3,489.55
"Feldkirchen bei Graz, AT","Frankfurt am Main, DE",13,608.64
"Feldkirchen bei Graz, AT","Munich, DE",19,312.67
"Feldkirchen bei Graz, AT","Berlin, DE",4,613.18
"Feldkirchen bei Graz, AT","Timmersdorf, AT",10,56.2
"Feldkirchen bei Graz, AT","Mönchengladbach, DE",1,802.32
"Feldkirchen bei Graz, AT","Düsseldorf, DE",6,790.64
"Feldkirchen bei Graz, AT","Pinkafeld, AT",2,67.24
"Feldkirchen bei Graz, AT","Maribor, SI",2,59.87
"Feldkirchen bei Graz, AT","Vienna, AT",9,150.60000000000002
"Feldkirchen bei Graz, AT","Wiener Neustadt, AT",6,112.02
"Feldkirchen bei Graz, AT","Győr, HU",2,191.87
"Ferno (VA), IT","Hamburg, DE",13,888.3199999999999
"Ferno (VA), IT","Nowy Dwór Mazowiecki, PL",7,1150.89
"Ferno (VA), IT","Düsseldorf, DE",29,645.5800000000002
"Ferno (VA), IT","Paris (Roissy-en-France, Val-d'Oise), FR",84,597.76
"Ferno (VA), IT","Frankfurt am Main, DE",41,488.99
"Ferno (VA), IT","Larnaca, CY",4,2413.18
"Ferno (VA), IT","Helsinki (Vantaa), FI",12,1950.22
"Ferno (VA), IT","Luxembourg, LU",22,482.62999999999994
"Ferno (VA), IT","Lamezia Terme (CZ), IT",27,969.52
"Ferno (VA), IT","Paris (Orly, Val-de-Marne), FR",24,590.04
"Ferno (VA), IT","Munich, DE",30,381.35999999999996
"Ferno (VA), IT","Copenhagen, DK",23,1144.11
"Ferno (VA), IT","Vila Franca de Xira, PT",14,1637.84
"Ferno (VA), IT","Barcelona, ES",89,720.79
"Ferno (VA), IT","Budapest, HU",21,820.26
"Ferno (VA), IT","Vienna, AT",8,656.37
"Ferno (VA), IT","Brno, CZ",1,715.55
"Ferno (VA), IT","Valencia, ES",5,1016.25
"Ferno (VA), IT","Jasionka, PL",2,1107.65
"Ferno (VA), IT","Göteborg, SE",2,1363.39
"Ferno (VA), IT","Dublin, IE",10,1381.7400000000002
"Ferno (VA), IT","Valletta, MT",13,1190.63
"Ferno (VA), IT","Porto, PT",7,1484.08
"Ferno (VA), IT","Zaventem, BE",10,664.6899999999999
"Ferno (VA), IT","Köln (Cologne), DE",11,593.8199999999998
"Ferno (VA), IT","Schkeuditz, DE",14,693.42
"Ferno (VA), IT","Balice, PL",9,960.3999999999999
"Ferno (VA), IT","Hannover, DE",13,762.69
"Ferno (VA), IT","Palermo, IT",34,910.56
"Ferno (VA), IT","Colombier-Saugnieu, Rhône, FR",8,282.81000000000006
"Ferno (VA), IT","Nantes, FR",5,810.15
"Ferno (VA), IT","Grâce-Hollogne, BE",15,607.7100000000002
"Ferno (VA), IT","Amsterdam, NL",13,796.64
"Ferno (VA), IT","Marignane, Bouches-du-Rhône, FR",6,370.19
"Ferno (VA), IT","Napoli, IT",12,693.37
"Ferno (VA), IT","Málaga, ES",21,1485.77
"Ferno (VA), IT","Berlin, DE",9,825.1
"Ferno (VA), IT","Bratislava, SK",6,703.2599999999999
"Ferno (VA), IT","Pescara, IT",13,562.58
"Ferno (VA), IT","Spata-Artemida, GR",27,1520.35
"Ferno (VA), IT","Toulouse/Blagnac, FR",2,623.52
"Ferno (VA), IT","Bordeaux, FR",6,744.44
"Ferno (VA), IT","Vilnius, LT",4,1540.86
"Ferno (VA), IT","Pisa (PI), IT",5,253.35
"Ferno (VA), IT","Otopeni, RO",10,1366.11
"Ferno (VA), IT","Reggio Calabria, IT",10,1016.6600000000001
"Ferno (VA), IT","Capua, IT",1,667.54
"Ferno (VA), IT","Strasbourg, FR",2,333.86
"Ferno (VA), IT","Caselle (VR), IT",1,170.27
"Ferno (VA), IT","Paris, FR",2,601.63
"Ferno (VA), IT","Seville, ES",18,1517.71
"Ferno (VA), IT","Stockholm, SE",5,1659.5199999999998
"Ferno (VA), IT","Zagreb, HR",2,553.1
"Ferno (VA), IT","Grenoble, FR",1,266.55
"Ferno (VA), IT","Falconara Marittima (AN), IT",5,429.64
"Ferno (VA), IT","Steenokkerzeel, BE",7,665.62
"Ferno (VA), IT","Alicante, ES",12,1119.8
"Ferno (VA), IT","Palma de Mallorca, ES",7,834.5
"Figari, FR","Nice, Alpes-Maritimes, FR",5,284.99
"Figari, FR","Paris (Orly, Val-de-Marne), FR",8,959.71
"Figari, FR","Paris, FR",1,979.03
"Firenze (FI), IT","Munich, DE",8,507.40000000000003
"Firenze (FI), IT","Nice, Alpes-Maritimes, FR",1,320.74
"Firenze (FI), IT","Paris (Roissy-en-France, Val-d'Oise), FR",19,878.83
"Firenze (FI), IT","Frankfurt am Main, DE",6,719.88
"Firenze (FI), IT","Amsterdam, NL",19,1058.4
"Firenze (FI), IT","Barcelona, ES",17,797.33
"Firenze (FI), IT","Zaventem, BE",4,936.22
"Firenze (FI), IT","Paris (Orly, Val-de-Marne), FR",16,870.0599999999998
"Foggia (FG), IT","Caselle Torinese (TO), IT",3,762.6
"Foggia (FG), IT","Segrate (MI), IT",7,673.6
"Foggia (FG), IT","Fermo (FM), IT",1,247.86
"Forlì (FC), IT","Bologna, IT",16,72.75
"Forlì (FC), IT","Palermo, IT",5,679.22
"Frankfurt am Main, DE","Segrate (MI), IT",56,512.27
"Frankfurt am Main, DE","Hannover, DE",29,281.82
"Frankfurt am Main, DE","Nuremberg, DE",30,190.25999999999996
"Frankfurt am Main, DE","Munich, DE",101,299.33
"Frankfurt am Main, DE","Colombier-Saugnieu, Rhône, FR",20,543.55
"Frankfurt am Main, DE","Hamburg, DE",94,406.21
"Frankfurt am Main, DE","Barcelona, ES",40,1092.54
"Frankfurt am Main, DE","Otopeni, RO",20,1450.86
"Frankfurt am Main, DE","Vienna, AT",94,620.93
"Frankfurt am Main, DE","Riga, LV",16,1275.91
"Frankfurt am Main, DE","Berlin, DE",98,431.24000000000007
"Frankfurt am Main, DE","Vila Franca de Xira, PT",15,1858.1500000000003
"Frankfurt am Main, DE","Zaventem, BE",28,304.27
"Frankfurt am Main, DE","Dublin, IE",35,1086.12
"Frankfurt am Main, DE","Caselle (VR), IT",14,543.63
"Frankfurt am Main, DE","Feldkirchen bei Graz, AT",14,608.64
"Frankfurt am Main, DE","Steenokkerzeel, BE",23,304.23
"Frankfurt am Main, DE","Amsterdam, NL",61,366.47999999999996
"Frankfurt am Main, DE","Zgornji Brnik, SI",13,608.37
"Frankfurt am Main, DE","El Matorral, ES",2,3054.68
"Frankfurt am Main, DE","Göteborg, SE",24,885.54
"Frankfurt am Main, DE","Toulouse/Blagnac, FR",14,896.6999999999999
"Frankfurt am Main, DE","Copenhagen, DK",48,679.66
"Frankfurt am Main, DE","Salzburg, AT",25,408.8399999999999
"Frankfurt am Main, DE","Bratislava, SK",2,662.59
"Frankfurt am Main, DE","Capannori (LU), IT",6,706.2800000000001
"Frankfurt am Main, DE","Luxembourg, LU",28,174.06
"Frankfurt am Main, DE","Valletta, MT",15,1647.8100000000002
"Frankfurt am Main, DE","Bremen, DE",25,336.2
"Frankfurt am Main, DE","Paris (Roissy-en-France, Val-d'Oise), FR",74,447.83
"Frankfurt am Main, DE","Poznań, PL",18,633.69
"Frankfurt am Main, DE","Schkeuditz, DE",32,301.48
"Frankfurt am Main, DE","Marignane, Bouches-du-Rhône, FR",16,775.52
"Frankfurt am Main, DE","Billund, DK",19,636.5899999999999
"Frankfurt am Main, DE","Büren, DE",1,176.38
"Frankfurt am Main, DE","Valencia, ES",6,1369.72
"Frankfurt am Main, DE","Tallinn, EE",17,1469.63
"Frankfurt am Main, DE","Wrocław, PL",18,599.64
"Frankfurt am Main, DE","Katowice, PL",12,749.18
"Frankfurt am Main, DE","Stuttgart, DE",34,156.22
"Frankfurt am Main, DE","Stockholm, SE",32,1210.58
"Frankfurt am Main, DE","Palma de Mallorca, ES",22,1251.07
"Frankfurt am Main, DE","Caselle Torinese (TO), IT",12,540.91
"Frankfurt am Main, DE","Thessaloniki, GR",11,1540.8299999999997
"Frankfurt am Main, DE","Düsseldorf, DE",29,188.84000000000003
"Frankfurt am Main, DE","Budapest, HU",31,823.04
"Frankfurt am Main, DE","Helsinki (Vantaa), FI",34,1539.13
"Frankfurt am Main, DE","Balice, PL",26,800.8
"Frankfurt am Main, DE","Zagreb, HR",22,720.43
"Frankfurt am Main, DE","Ferno (VA), IT",43,488.99
"Frankfurt am Main, DE","Capannoli (PI), IT",2,733.67
"Frankfurt am Main, DE","Porto, PT",16,1651.62
"Frankfurt am Main, DE","Vilnius, LT",11,1242.79
"Frankfurt am Main, DE","Alajero, La Gomera Island, ES",1,3274.6
"Frankfurt am Main, DE","Bologna, IT",23,644.29
"Frankfurt am Main, DE","Dresden, DE",23,387.8
"Frankfurt am Main, DE","Jasionka, PL",3,959.84
"Frankfurt am Main, DE","Grâce-Hollogne, BE",1,231.27
"Frankfurt am Main, DE","Málaga, ES",10,1816.0399999999997
"Frankfurt am Main, DE","Gdańsk, PL",3,829.43
"Frankfurt am Main, DE","Velika Gorica, HR",10,734.5899999999999
"Frankfurt am Main, DE","Bordeaux, FR",3,904.7999999999998
"Frankfurt am Main, DE","Nice, Alpes-Maritimes, FR",11,715.41
"Frankfurt am Main, DE","Funchal, PT",8,2834.92
"Frankfurt am Main, DE","Antwerp, BE",2,316.58
"Frankfurt am Main, DE","Jerez de la Frontera, ES",1,1884.18
"Frankfurt am Main, DE","Ronchi dei Legionari/Trieste, IT",6,593.08
"Frankfurt am Main, DE","Memmingen, DE",1,257.66
"Frankfurt am Main, DE","Braunschweig, DE",1,290.45
"Frankfurt am Main, DE","Bydgoszcz, PL",4,734.06
"Frankfurt am Main (Lautzenhausen), DE","Pescara, IT",2,990.09
"Frankfurt am Main (Lautzenhausen), DE","Blois, FR",1,509.71
"Frankfurt am Main (Lautzenhausen), DE","Palermo, IT",2,1394.28
"Frankfurt am Main (Lautzenhausen), DE","Málaga, ES",5,1751.2400000000002
"Frankfurt am Main (Lautzenhausen), DE","Porto, PT",2,1567.43
"Frankfurt am Main (Lautzenhausen), DE","Barcelona, ES",5,1042.17
"Frankfurt am Main (Lautzenhausen), DE","Lamezia Terme (CZ), IT",3,1417.53
"Frankfurt am Main (Lautzenhausen), DE","Budapest, HU",2,910.59
"Frankfurt am Main (Lautzenhausen), DE","Farranfore, IE",2,1196.12
"Frankfurt am Main (Lautzenhausen), DE","Antwerp, BE",1,241.24
"Frankfurt am Main (Lautzenhausen), DE","Alicante, ES",5,1437.52
"Friedrichshafen, DE","Toulouse/Blagnac, FR",2,775.94
"Friedrichshafen, DE","Hamburg, DE",3,657.94
"Friedrichshafen, DE","Berlin, DE",4,594.2
"Friedrichshafen, DE","Düsseldorf, DE",8,448.4599999999999
"Friedrichshafen, DE","Amsterdam, NL",2,617.02
"Frontenas, Rhône, FR","Chassieu, Lyon, FR",2,31.95
"Funchal, PT","Riga, LV",2,4097.53
"Funchal, PT","Amsterdam, NL",9,2783.52
"Funchal, PT","Berlin, DE",6,3264.3000000000006
"Funchal, PT","Ponta Delgada, PT",5,984.9199999999998
"Funchal, PT","Helsinki (Vantaa), FI",3,4304.82
"Funchal, PT","Schkeuditz, DE",2,3136.37
"Funchal, PT","Dublin, IE",3,2452.18
"Funchal, PT","Porto, PT",38,1190.77
"Funchal, PT","Vila Franca de Xira, PT",27,979.56
"Funchal, PT","Hannover, DE",3,3052.67
"Funchal, PT","Düsseldorf, DE",9,2814.27
"Funchal, PT","Vienna, AT",2,3264.89
"Funchal, PT","Charleroi, BE",2,2630.76
"Funchal, PT","Shannon, IE",2,2311.71
"Funchal, PT","Copenhagen, DK",3,3415.3000000000006
"Funchal, PT","Lisbon, PT",61,965.15
"Funchal, PT","Luxembourg, LU",2,2671.24
"Funchal, PT","Frankfurt am Main, DE",8,2834.92
"Funchal, PT","Vila Baleira, PT",14,57.59000000000001
"Fürstenfeld, AT","Feldkirchen bei Graz, AT",1,49.47
"Gdańsk, PL","Stockholm, SE",8,570.65
"Gdańsk, PL","Aarhus, DK",3,540.1
"Gdańsk, PL","Helsinki (Vantaa), FI",4,766.2
"Gdańsk, PL","Barcelona, ES",5,1890.94
"Gdańsk, PL","Alicante, ES",4,2294.78
"Gdańsk, PL","Budapest, HU",2,767.13
"Gdańsk, PL","Hamburg, DE",3,565.94
"Gdańsk, PL","Munich, DE",9,813.9100000000001
"Gdańsk, PL","Göteborg, SE",4,543.23
"Gdańsk, PL","Bazan, BG",1,1307.1
"Gdańsk, PL","Amsterdam, NL",19,936.6200000000001
"Gdańsk, PL","Copenhagen, DK",28,395.27
"Gdańsk, PL","Dortmund, DE",6,792.61
"Gdańsk, PL","Funchal, PT",3,3660.4600000000005
"Gdańsk, PL","Frankfurt am Main, DE",6,829.43
"Gdańsk, PL","Balice, PL",2,486.47
"Gdańsk, PL","Stuttgart, DE",2,897.98
"Gdańsk, PL","Málaga, ES",6,2635.96
"Gdańsk, PL","Paphos, CY",3,2441.8
"Gdańsk, PL","Skellefteå, SE",1,1148.68
"Gdańsk, PL","Orio al Serio (BG), IT",1,1150.92
"Gdańsk, PL","Wrocław, PL",1,379.31
"Gdańsk, PL","Malmö, SE",3,349.45
"Gdańsk, PL","Turku, FI",3,718.87
"Gdańsk, PL","Eindhoven, NL",3,934.54
"Gdańsk, PL","Poznań, PL",2,243.23
"Genk, BE","Berlin, DE",1,569.49
"Genk, BE","Leopoldsburg, BE",1,19.23
"Genova (GE), IT","Lamezia Terme (CZ), IT",2,867.21
"Genova (GE), IT","Paris (Orly, Val-de-Marne), FR",3,687.87
"Genova (GE), IT","Munich, DE",6,493.01
"Genova (GE), IT","Weßling, DE",1,449.1
"Genova (GE), IT","Amsterdam, NL",7,927.9
"Genova (GE), IT","Charleroi, BE",2,748.76
"Genova (GE), IT","Palermo, IT",3,786.02
"Getafe, ES","Toulouse/Blagnac, FR",3,560.58
"Getafe, ES","Zaragoza, ES",2,271.96
"Getafe, ES","Seville, ES",1,370.86
"Girona, ES","Bucharest, RO",3,1907.0999999999997
"Girona, ES","Eindhoven, NL",1,1079.77
"Girona, ES","Chabeuil, Drôme, FR",1,379.9
"Girona, ES","Capannori (LU), IT",1,671.57
"Girona, ES","Baden-Baden, DE",3,874.77
"Girona, ES","Charleroi, BE",6,960.4
"Gorizia (GO), IT","Campoformido (UD), IT",1,35.05
"Grenoble, FR","L'Hôpital-le-Mercier, Saône-et-Loire, FR",2,154.99
"Grenoble, FR","Andrézieux-Bouthéon, Loire, FR",1,82.96
"Grenoble, FR","Dole, FR",1,186.52
"Greven, DE","Málaga, ES",2,1966.8
"Greven, DE","Mönchengladbach, DE",1,129.45
"Greven, DE","Calden, DE",1,141.62
"Greven, DE","Bremen, DE",1,125.84
"Greven, DE","Munich, DE",22,511.26
"Greven, DE","Köln (Cologne), DE",3,145.96
"Greven, DE","Segrate (MI), IT",1,752.75
"Groningen, NL","Mönchengladbach, DE",1,210.09
"Groningen, NL","Den Helder, NL",1,122.15
"Groningen, NL","Lelystad, NL",6,102.92
"Groningen, NL","Amsterdam, NL",3,151.81
"Grâce-Hollogne, BE","Paris (Roissy-en-France, Val-d'Oise), FR",9,275.3
"Grâce-Hollogne, BE","Katowice, PL",5,962.15
"Grâce-Hollogne, BE","Ferno (VA), IT",18,607.7100000000002
"Grâce-Hollogne, BE","Frankfurt am Main, DE",3,231.27
"Győr, HU","Feldkirchen bei Graz, AT",2,191.87
"Göteborg, SE","Stockholm, SE",49,392.85
"Göteborg, SE","Helsinki (Vantaa), FI",35,790.7
"Göteborg, SE","Frankfurt am Main, DE",25,885.5399999999998
"Göteborg, SE","Copenhagen, DK",26,236.28
"Göteborg, SE","Munich, DE",17,1041.51
"Göteborg, SE","Amsterdam, NL",27,760.16
"Göteborg, SE","Düsseldorf, DE",6,792.2399999999999
"Göteborg, SE","Ferno (VA), IT",1,1363.39
"Göteborg, SE","Weßling, DE",1,1072.92
"Göteborg, SE","Gdańsk, PL",2,543.23
"Göteborg, SE","Paris (Roissy-en-France, Val-d'Oise), FR",19,1153.92
"Göteborg, SE","Schkeuditz, DE",4,700.39
"Göteborg, SE","Örebro, SE",5,240.13999999999996
"Göteborg, SE","Velika Gorica, HR",2,1359.16
"Göteborg, SE","Steenokkerzeel, BE",6,901.35
"Göteborg, SE","Balice, PL",6,987.06
"Göteborg, SE","Alicante, ES",10,2347.85
"Halmstad, SE","Stockholm, SE",16,433.37
"Halmstad, SE","Luleå, SE",1,1101.26
"Halmstad, SE","Säffle, SE",2,266.24
"Hamburg, DE","Ferno (VA), IT",13,888.3199999999999
"Hamburg, DE","Frankfurt am Main, DE",95,406.21
"Hamburg, DE","Amsterdam, NL",34,372.79
"Hamburg, DE","Saarbrücken, DE",2,522.72
"Hamburg, DE","Munich, DE",82,596.01
"Hamburg, DE","Palma de Mallorca, ES",22,1651.71
"Hamburg, DE","Vienna, AT",30,766.6299999999999
"Hamburg, DE","Luxembourg, LU",4,508.55
"Hamburg, DE","Stuttgart, DE",24,546.19
"Hamburg, DE","Tenerife, ES",1,3540.33
"Hamburg, DE","Gdańsk, PL",2,565.94
"Hamburg, DE","Helsinki (Vantaa), FI",17,1175.98
"Hamburg, DE","Friedrichshafen, DE",3,657.94
"Hamburg, DE","Paris (Roissy-en-France, Val-d'Oise), FR",32,720.68
"Hamburg, DE","Zaventem, BE",6,474.6000000000001
"Hamburg, DE","Dublin, IE",11,1067.46
"Hamburg, DE","Nuremberg, DE",1,461.22
"Hamburg, DE","Riga, LV",4,967.15
"Hamburg, DE","Copenhagen, DK",32,287.09
"Hamburg, DE","Düsseldorf, DE",15,332.33
"Hamburg, DE","Innsbruck, AT",5,710.29
"Hamburg, DE","Vila Franca de Xira, PT",5,2175.86
"Hamburg, DE","Barcelona, ES",12,1485.59
"Hamburg, DE","Steenokkerzeel, BE",6,473.37999999999994
"Hamburg, DE","Salzburg, AT",11,679.46
"Hannover, DE","Paris (Roissy-en-France, Val-d'Oise), FR",20,631.3399999999999
"Hannover, DE","Frankfurt am Main, DE",30,281.81999999999994
"Hannover, DE","Munich, DE",33,480.31
"Hannover, DE","Düsseldorf, DE",3,238.93999999999997
"Hannover, DE","Amsterdam, NL",20,334.36
"Hannover, DE","Schkeuditz, DE",7,209.46
"Hannover, DE","Funchal, PT",3,3052.67
"Hannover, DE","Vienna, AT",12,687.41
"Hannover, DE","Erfurt, DE",1,186.83
"Hannover, DE","Palma de Mallorca, ES",13,1530.69
"Hannover, DE","Ferno (VA), IT",13,762.69
"Hannover, DE","Arvidsjaur, SE",1,1555.66
"Hannover, DE","Copenhagen, DK",12,400.97
"Hannover, DE","Jerez de la Frontera, ES",1,2136.54
"Hannover, DE","Barcelona, ES",3,1367.5999999999997
"Hannover, DE","Paris, FR",2,641.25
"Hannover, DE","Greven, DE",1,140.56
"Hannover, DE","Wevelgem, BE",1,482.51
"Hannover, DE","Grâce-Hollogne, BE",4,356.37
"Hannover, DE","Braunschweig, DE",5,61.17999999999999
"Helsinki (Vantaa), FI","Vaasa, FI",2,347.43
"Helsinki (Vantaa), FI","Jyväskylän Maalaiskunta, FI",13,234.52
"Helsinki (Vantaa), FI","Tallinn, EE",67,100.91000000000001
"Helsinki (Vantaa), FI","Vilnius, LT",19,632.35
"Helsinki (Vantaa), FI","Gdańsk, PL",4,766.2
"Helsinki (Vantaa), FI","Düsseldorf, DE",14,1507.8700000000001
"Helsinki (Vantaa), FI","Dublin, IE",8,2022.41
"Helsinki (Vantaa), FI","Oulu / Oulunsalo, FI",54,513.19
"Helsinki (Vantaa), FI","Vienna, AT",15,1460.34
"Helsinki (Vantaa), FI","Munich, DE",30,1574.64
"Helsinki (Vantaa), FI","Tenerife, ES",3,4714.71
"Helsinki (Vantaa), FI","Göteborg, SE",34,790.6999999999999
"Helsinki (Vantaa), FI","Stockholm, SE",100,401.99
"Helsinki (Vantaa), FI","Copenhagen, DK",56,892.1999999999999
"Helsinki (Vantaa), FI","Ferno (VA), IT",14,1950.22
"Helsinki (Vantaa), FI","Riga, LV",47,377.82
"Helsinki (Vantaa), FI","Charleroi, BE",4,1683.99
"Helsinki (Vantaa), FI","Funchal, PT",3,4304.82
"Helsinki (Vantaa), FI","Paris (Roissy-en-France, Val-d'Oise), FR",39,1895.76
"Helsinki (Vantaa), FI","Málaga, ES",18,3352.7199999999993
"Helsinki (Vantaa), FI","Hamburg, DE",17,1175.98
"Helsinki (Vantaa), FI","Amsterdam, NL",33,1521.36
"Helsinki (Vantaa), FI","Kuopio / Siilinjärvi, FI",28,334.24000000000007
"Helsinki (Vantaa), FI","Zaventem, BE",19,1646.58
"Helsinki (Vantaa), FI","Balice, PL",6,1184.29
"Helsinki (Vantaa), FI","Frankfurt am Main, DE",38,1539.1300000000003
"Helsinki (Vantaa), FI","Barcelona, ES",7,2628.15
"Helsinki (Vantaa), FI","Berlin, DE",23,1128.86
"Helsinki (Vantaa), FI","Lisbon, PT",5,3363.94
"Helsinki (Vantaa), FI","Kittilä, FI",6,820.93
"Helsinki (Vantaa), FI","Örebro, SE",6,568.23
"Helsinki (Vantaa), FI","Kokkola / Kruunupyy, FI",11,390.06999999999994
"Helsinki (Vantaa), FI","Orio al Serio (BG), IT",7,1912.0599999999997
"Helsinki (Vantaa), FI","Schkeuditz, DE",4,1264.27
"Helsinki (Vantaa), FI","Budapest, HU",5,1475.4299999999998
"Hoogerheide, NL","Amsterdam, NL",1,99.86
"Hradec Králové, CZ","Innsbruck, AT",1,468.49
"Hundsheim, AT","Tulln an der Donau, AT",1,65.47
"Hyères, Var, FR","Bastia, FR",1,278.84
"Hyères, Var, FR","Paris (Orly, Val-de-Marne), FR",6,689.91
"Hyères, Var, FR","Paris, FR",4,712.04
"Hörselberg-Hainich, DE","Augsburg, DE",1,287.21
"Ibiza (Eivissa), ES","Eindhoven, NL",3,1432.71
"Ibiza (Eivissa), ES","Palma de Mallorca, ES",99,139.79
"Ibiza (Eivissa), ES","Barcelona, ES",60,276.15
"Ibiza (Eivissa), ES","Rome, IT",1,990.74
"Ibiza (Eivissa), ES","Málaga, ES",7,570.91
"Ibiza (Eivissa), ES","Valencia, ES",12,173.88
"Ibiza (Eivissa), ES","Seville, ES",4,655.49
"Ibiza (Eivissa), ES","Rotterdam, NL",1,1474.05
"Ibiza (Eivissa), ES","Baden-Baden, DE",1,1229.69
"Ibiza (Eivissa), ES","Alicante, ES",8,180.27
"Ibiza (Eivissa), ES","Amsterdam, NL",7,1516.66
"Innsbruck, AT","Eindhoven, NL",13,635.2
"Innsbruck, AT","Vienna, AT",21,402.35
"Innsbruck, AT","Brno, CZ",1,448.63
"Innsbruck, AT","Amsterdam, NL",16,733.08
"Innsbruck, AT","Rotterdam, NL",13,720.78
"Innsbruck, AT","Zaventem, BE",2,642.6
"Innsbruck, AT","Steenokkerzeel, BE",4,643.02
"Innsbruck, AT","Nowa Wieś, PL",2,846.05
"Innsbruck, AT","Hamburg, DE",4,710.29
"Jasionka, PL","Wiesbaden, DE",2,976.14
"Jasionka, PL","Munich, DE",12,767.91
"Jasionka, PL","Ferno (VA), IT",1,1107.65
"Jasionka, PL","Alicante, ES",1,2214.96
"Jasionka, PL","Riga, LV",1,772.54
"Jasionka, PL","Berlin, DE",1,643.47
"Jasionka, PL","Balice, PL",1,159.78
"Jasionka, PL","Vienna, AT",2,454.88
"Jerez de la Frontera, ES","Seville, ES",1,76.33
"Jerez de la Frontera, ES","Valletta, MT",1,1841.03
"Jerez de la Frontera, ES","Hannover, DE",1,2136.54
"Jerez de la Frontera, ES","Palma de Mallorca, ES",4,829.86
"Jerez de la Frontera, ES","Barcelona, ES",3,865.7199999999999
"Jerez de la Frontera, ES","Frankfurt am Main, DE",2,1884.18
"Jerez de la Frontera, ES","Düsseldorf, DE",2,1908.95
"Joensuu, FI","Helsinki (Vantaa), FI",5,358.72
"Jyväskylän Maalaiskunta, FI","Helsinki (Vantaa), FI",13,234.52
"Jyväskylän Maalaiskunta, FI","Tampere / Pirkkala, FI",6,154.25
"Jönköping, SE","Luleå, SE",1,962.82
"Katowice, PL","Alicante, ES",6,2055.99
"Katowice, PL","Billund, DK",3,882.4900000000001
"Katowice, PL","Dortmund, DE",18,810.04
"Katowice, PL","Frankfurt am Main, DE",13,749.1800000000001
"Katowice, PL","Stockholm, SE",1,1006.2
"Katowice, PL","Balice, PL",2,66.82
"Katowice, PL","Spata-Artemida, GR",6,1446.42
"Katowice, PL","Orio al Serio (BG), IT",3,876.69
"Katowice, PL","Grâce-Hollogne, BE",4,962.15
"Katowice, PL","Schkeuditz, DE",8,490.9
"Katowice, PL","Valletta, MT",10,1668.0
"Katowice, PL","Barcelona, ES",6,1658.75
"Katowice, PL","Dublin, IE",4,1757.75
"Katowice, PL","Charleroi, BE",2,1033.14
"Katowice, PL","Wrocław, PL",2,169.57
"Katowice, PL","Köln (Cologne), DE",5,841.4900000000001
"Kaunas, LT","Dublin, IE",3,1960.03
"Kaunas, LT","Riga, LV",2,226.19
"Kaunas, LT","Stockholm, SE",5,625.53
"Kaunas, LT","Köln (Cologne), DE",4,1212.66
"Kaunas, LT","Copenhagen, DK",4,720.94
"Kaunas, LT","Berlin, DE",2,746.35
"Kaunas, LT","Málaga, ES",6,2961.0400000000004
"Kaunas, LT","Charleroi, BE",2,1400.48
"Kiel, DE","Mönchengladbach, DE",2,427.11
"Klagenfurt am Wörthersee, AT","Köln (Cologne), DE",1,705.64
"Klagenfurt am Wörthersee, AT","Vienna, AT",4,234.26
"Kokkola / Kruunupyy, FI","Skellefteå, SE",2,141.81
"Kokkola / Kruunupyy, FI","Helsinki (Vantaa), FI",11,390.07000000000005
"Kos Island, GR","Spata-Artemida, GR",23,305.67999999999995
"Košice, SK","Vienna, AT",9,350.33
"Košice, SK","Bratislava, SK",10,302.27
"Košice, SK","Budapest, HU",1,204.53
"Krems an der Donau, AT","Stockerau, AT",4,41.23
"Kuopio / Siilinjärvi, FI","Jyväskylän Maalaiskunta, FI",3,127.45
"Kuopio / Siilinjärvi, FI","Helsinki (Vantaa), FI",28,334.24000000000007
"Kuopio / Siilinjärvi, FI","Tampere / Pirkkala, FI",4,280.33
"Köln (Cologne), DE","Valletta, MT",2,1770.51
"Köln (Cologne), DE","Saint-Jacques-de-la-Lande, Ille-et-Vilaine, FR",5,712.28
"Köln (Cologne), DE","Munich, DE",38,435.70000000000005
"Köln (Cologne), DE","Alicante, ES",11,1524.41
"Köln (Cologne), DE","Orio al Serio (BG), IT",18,608.14
"Köln (Cologne), DE","Larnaca, CY",5,2769.78
"Köln (Cologne), DE","Barcelona, ES",20,1132.75
"Köln (Cologne), DE","Palma de Mallorca, ES",30,1303.9200000000003
"Köln (Cologne), DE","Berlin, DE",39,469.36
"Köln (Cologne), DE","Vila Franca de Xira, PT",4,1835.87
"Köln (Cologne), DE","Vienna, AT",30,745.99
"Köln (Cologne), DE","Seville, ES",4,1815.69
"Köln (Cologne), DE","Bologna, IT",3,768.9500000000002
"Köln (Cologne), DE","Dublin, IE",8,956.34
"Köln (Cologne), DE","Mönchengladbach, DE",2,60.27
"Köln (Cologne), DE","Geilenkirchen, DE",1,77.86
"Köln (Cologne), DE","Valencia, ES",2,1397.28
"Köln (Cologne), DE","Colombier-Saugnieu, Rhône, FR",5,591.29
"Köln (Cologne), DE","Zagreb, HR",6,856.9
"Köln (Cologne), DE","Speyer, DE",1,197.1
"Köln (Cologne), DE","Velika Gorica, HR",1,870.92
"Köln (Cologne), DE","Kaunas, LT",4,1212.66
"Köln (Cologne), DE","Ferno (VA), IT",8,593.8199999999999
"Köln (Cologne), DE","Malmö, SE",9,664.3
"Köln (Cologne), DE","Schkeuditz, DE",18,360.32
"Köln (Cologne), DE","Billund, DK",9,558.23
"Köln (Cologne), DE","Palermo, IT",4,1492.51
"Köln (Cologne), DE","Paris (Roissy-en-France, Val-d'Oise), FR",18,387.81000000000006
"Köln (Cologne), DE","Weßling, DE",2,430.41
"Köln (Cologne), DE","Zgornji Brnik, SI",5,745.27
"Köln (Cologne), DE","Porto, PT",10,1617.07
"Köln (Cologne), DE","Stockholm, SE",8,1176.51
"Köln (Cologne), DE","Salzburg, AT",3,544.84
"Köln (Cologne), DE","Stuttgart, DE",10,284.29
"Köln (Cologne), DE","Marignane, Bouches-du-Rhône, FR",5,838.65
"Köln (Cologne), DE","Wrocław, PL",5,681.77
"Köln (Cologne), DE","Katowice, PL",5,841.4900000000001
"L'Hôpital-le-Mercier, Saône-et-Loire, FR","Carcassonne, FR",1,380.24
"L'Hôpital-le-Mercier, Saône-et-Loire, FR","Saint-Léger-sur-Roanne, FR",1,40.07
"L'Hôpital-le-Mercier, Saône-et-Loire, FR","Toulon-sur-Allier, FR",3,47.16
"L'Hôpital-le-Mercier, Saône-et-Loire, FR","Dole, FR",2,128.2
"La Baule-Escoublac, FR","Saint-Jacques-de-la-Lande, Ille-et-Vilaine, FR",1,98.09
"La Roche-sur-Yon, FR","Nantes, FR",1,53.19
"La Roche-sur-Yon, FR","Paris, FR",1,379.75
"La Virgen Del Camino, ES","Barcelona, ES",5,655.2
"Laage, DE","Mönchengladbach, DE",2,491.24
"Laage, DE","Dreschvitz, DE",1,85.6
"Lahr/Schwarzwald, DE","Düsseldorf, DE",2,333.5
"Lamezia Terme (CZ), IT","Bratislava, SK",5,1033.03
"Lamezia Terme (CZ), IT","Ferno (VA), IT",27,969.52
"Lamezia Terme (CZ), IT","Caselle Torinese (TO), IT",12,995.73
"Lamezia Terme (CZ), IT","Charleroi, BE",2,1583.11
"Lamezia Terme (CZ), IT","Caselle (VR), IT",5,845.55
"Lamezia Terme (CZ), IT","Montichiari (BS), IT",4,873.35
"Lamezia Terme (CZ), IT","Wrocław, PL",2,1357.21
"Lamezia Terme (CZ), IT","Orio al Serio (BG), IT",18,923.7999999999998
"Lamezia Terme (CZ), IT","Pisa (PI), IT",4,721.67
"Lamezia Terme (CZ), IT","Genova (GE), IT",2,867.21
"Lamezia Terme (CZ), IT","Frankfurt am Main (Lautzenhausen), DE",3,1417.53
"Lamezia Terme (CZ), IT","Segrate (MI), IT",14,925.7799999999999
"Lamezia Terme (CZ), IT","Bologna, IT",11,748.7100000000002
"Landsberg, DE","Roitzschjora, DE",1,30.58
"Larnaca, CY","Vienna, AT",9,2036.4299999999998
"Larnaca, CY","Otopeni, RO",4,1254.23
"Larnaca, CY","Ferno (VA), IT",6,2413.18
"Larnaca, CY","Valletta, MT",12,1735.6499999999999
"Larnaca, CY","Spata-Artemida, GR",59,930.2199999999999
"Larnaca, CY","Balice, PL",3,2028.9000000000003
"Larnaca, CY","Munich, DE",11,2339.52
"Larnaca, CY","Göteborg, SE",1,3003.2
"Larnaca, CY","Zaventem, BE",5,2936.46
"Larnaca, CY","Thessaloniki, GR",16,1126.84
"Larnaca, CY","Paphos, CY",5,105.47999999999999
"Larnaca, CY","Paris (Roissy-en-France, Val-d'Oise), FR",2,2980.93
"Larnaca, CY","Barcelona, ES",4,2834.71
"Larnaca, CY","Vilnius, LT",2,2289.84
"Larnaca, CY","Bratislava, SK",2,2004.64
"Laucha an der Unstrut, DE","Landsberg, DE",1,42.27
"Le Mans, Sarthe, FR","Tours, Indre-et-Loire, FR",2,69.62
"Leck, DE","Sønderborg, DK",2,56.39
"Lelystad, NL","Colmar, FR",1,500.37
"Lelystad, NL","Groningen, NL",4,102.92
"Lelystad, NL","Amsterdam, NL",3,53.43
"Lesquin, FR","Marignane, Bouches-du-Rhône, FR",4,808.55
"Lesquin, FR","Bordeaux, FR",7,698.84
"Lesquin, FR","Nice, Alpes-Maritimes, FR",6,828.5
"Lesquin, FR","Porto, PT",2,1376.84
"Lesquin, FR","Montpellier/Méditerranée, FR",1,780.01
"Lesquin, FR","Toulouse/Blagnac, FR",9,782.5
"Lesquin, FR","Zaventem, BE",1,104.14
"Levaldigi (CN), IT","Venegono Superiore (VA), IT",1,165.81
"Levaldigi (CN), IT","Torino (TO), IT",1,59.73
"Liepāja, LV","Riidaja, EE",3,336.88
"Limnos Island, GR","Thessaloniki, GR",4,203.73
"Limnos Island, GR","Spata-Artemida, GR",7,246.96
"Limnos Island, GR","Mytilene, GR",2,151.01
"Lisbon, PT","Amsterdam, NL",26,1846.2999999999997
"Lisbon, PT","Toulouse/Blagnac, FR",14,1029.41
"Lisbon, PT","Barcelona, ES",63,994.0
"Lisbon, PT","Frankfurt am Main, DE",34,1872.71
"Lisbon, PT","Porto, PT",80,277.01
"Lisbon, PT","Düsseldorf, DE",12,1861.7300000000002
"Lisbon, PT","Paris (Orly, Val-de-Marne), FR",69,1438.11
"Lisbon, PT","Munich, DE",28,1983.6100000000001
"Lisbon, PT","Orio al Serio (BG), IT",10,1724.6600000000003
"Lisbon, PT","Berlin, DE",15,2303.19
"Lisbon, PT","Zaventem, BE",19,1717.4699999999998
"Lisbon, PT","Nantes, FR",10,1113.04
"Lisbon, PT","Köln (Cologne), DE",6,1850.45
"Lisbon, PT","Paris (Roissy-en-France, Val-d'Oise), FR",37,1469.86
"Lisbon, PT","Marignane, Bouches-du-Rhône, FR",12,1306.64
"Lisbon, PT","Ferno (VA), IT",33,1651.71
"Lisbon, PT","Zaragoza, ES",1,757.98
"Lisbon, PT","Segrate (MI), IT",7,1684.6
"Lisbon, PT","Nice, Alpes-Maritimes, FR",8,1468.1
"Lisbon, PT","Valencia, ES",7,750.33
"Lisbon, PT","Málaga, ES",15,470.18
"Lisbon, PT","Eindhoven, NL",6,1804.46
"Lisbon, PT","Dublin, IE",25,1643.37
"Lisbon, PT","Funchal, PT",65,965.15
"Lisbon, PT","Colombier-Saugnieu, Rhône, FR",18,1399.35
"Lisbon, PT","Valletta, MT",3,2108.82
"Lisbon, PT","Bordeaux, FR",6,968.18
"Lisbon, PT","Vila Franca de Xira, PT",4,14.58
"Lisbon, PT","Bologna, IT",8,1807.43
"Lisbon, PT","Helsinki (Vantaa), FI",7,3363.94
"Lisbon, PT","Schkeuditz, DE",6,2173.89
"Lisbon, PT","Faro, PT",25,221.32
"Lisbon, PT","Ponta Delgada, PT",7,1448.6499999999999
"Lisbon, PT","Luxembourg, LU",17,1711.6
"Lisbon, PT","Copenhagen, DK",14,2471.7999999999997
"Lisbon, PT","Poznań, PL",2,2502.71
"Lisbon, PT","Beauvais, FR",6,1484.8
"Lisbon, PT","Charleroi, BE",9,1681.1600000000003
"Lisbon, PT","Budapest, HU",10,2471.31
"Lisbon, PT","Vienna, AT",13,2305.01
"Lisbon, PT","Capannoli (PI), IT",3,1738.7
"Lisbon, PT","Paris, FR",2,1460.19
"Lisbon, PT","Stuttgart, DE",4,1833.04
"Lisbon, PT","Steenokkerzeel, BE",5,1718.75
"Lisbon, PT","Stockholm, SE",6,2988.64
"Ludvika, SE","Stockholm / Västerås, SE",1,102.24
"Lugo, IT","Bologna, IT",3,47.47
"Luleå, SE","Stockholm, SE",70,705.0
"Luleå, SE","Aalborg, DK",1,1140.93
"Luleå, SE","Umeå, SE",3,213.54
"Luxembourg, LU","Segrate (MI), IT",13,518.6799999999998
"Luxembourg, LU","Frankfurt am Main, DE",29,174.06
"Luxembourg, LU","Munich, DE",23,430.51
"Luxembourg, LU","Ferno (VA), IT",19,482.62999999999994
"Luxembourg, LU","Amsterdam, NL",21,314.95000000000005
"Luxembourg, LU","Porto, PT",35,1484.81
"Luxembourg, LU","Vienna, AT",16,775.44
"Luxembourg, LU","Hamburg, DE",5,508.55
"Luxembourg, LU","Orio al Serio (BG), IT",6,511.98
"Luxembourg, LU","Balice, PL",2,973.03
"Luxembourg, LU","Copenhagen, DK",7,794.8599999999999
"Luxembourg, LU","Barcelona, ES",13,980.33
"Luxembourg, LU","Paris (Roissy-en-France, Val-d'Oise), FR",17,273.86999999999995
"Luxembourg, LU","Berlin, DE",9,593.56
"Luxembourg, LU","Málaga, ES",5,1678.22
"Luxembourg, LU","Dublin, IE",9,959.1799999999998
"Luxembourg, LU","Lisbon, PT",17,1711.6
"Luxembourg, LU","Valencia, ES",1,1244.55
"Luxembourg, LU","Bologna, IT",2,683.95
"Luxembourg, LU","Faro, PT",4,1805.57
"Luxembourg, LU","Otopeni, RO",2,1601.27
"Luxembourg, LU","Funchal, PT",2,2671.24
"Luxembourg, LU","Marignane, Bouches-du-Rhône, FR",4,692.38
"Luxembourg, LU","Vila Franca de Xira, PT",6,1697.0200000000002
"Luxembourg, LU","Seville, ES",1,1667.49
"Læsø, DK","Sindal, DK",1,52.59
"Maastricht, NL","Ibiza (Eivissa), ES",1,1382.01
"Mahón (Maó), ES","Palma de Mallorca, ES",24,131.23
"Mahón (Maó), ES","Valencia, ES",1,404.3
"Mahón (Maó), ES","Barcelona, ES",13,241.05000000000004
"Mainz, DE","Egelsbach, DE",1,35.48
"Mainz, DE","Langenlonsheim, DE",2,18.36
"Malmö, SE","Köln (Cologne), DE",7,664.3
"Malmö, SE","Budapest, HU",1,978.04
"Malmö, SE","Stockholm, SE",36,517.98
"Malmö, SE","Gdańsk, PL",2,349.45
"Manching, DE","Barcelona, ES",1,1108.77
"Manching, DE","Braunschweig, DE",6,406.6000000000001
"Mannheim, DE","Paris, FR",4,444.94
"Mannheim, DE","Ramstein-Miesenbach, DE",1,66.18
"Maribor, SI","Augsburg, DE",1,417.72
"Maribor, SI","Feldkirchen bei Graz, AT",2,59.87
"Marignane, Bouches-du-Rhône, FR","Porto, PT",10,1166.0899999999997
"Marignane, Bouches-du-Rhône, FR","Nantes, FR",24,674.48
"Marignane, Bouches-du-Rhône, FR","Berlin, DE",3,1167.27
"Marignane, Bouches-du-Rhône, FR","Otopeni, RO",4,1671.01
"Marignane, Bouches-du-Rhône, FR","Paris (Roissy-en-France, Val-d'Oise), FR",70,652.23
"Marignane, Bouches-du-Rhône, FR","Ajaccio, FR",33,338.33
"Marignane, Bouches-du-Rhône, FR","Charleroi, BE",14,783.1
"Marignane, Bouches-du-Rhône, FR","Amsterdam, NL",17,986.92
"Marignane, Bouches-du-Rhône, FR","Bordeaux, FR",21,497.57
"Marignane, Bouches-du-Rhône, FR","Paris (Orly, Val-de-Marne), FR",21,626.88
"Marignane, Bouches-du-Rhône, FR","Málaga, ES",4,1116.06
"Marignane, Bouches-du-Rhône, FR","Augsburg, DE",7,708.91
"Marignane, Bouches-du-Rhône, FR","Balice, PL",2,1329.58
"Marignane, Bouches-du-Rhône, FR","Orio al Serio (BG), IT",6,434.04
"Marignane, Bouches-du-Rhône, FR","Rochefort/Saint-Agnant, FR",2,560.39
"Marignane, Bouches-du-Rhône, FR","Lesquin, FR",4,808.55
"Marignane, Bouches-du-Rhône, FR","Valencia, ES",1,646.14
"Marignane, Bouches-du-Rhône, FR","Vila Franca de Xira, PT",6,1293.25
"Marignane, Bouches-du-Rhône, FR","Schkeuditz, DE",5,1031.7400000000002
"Marignane, Bouches-du-Rhône, FR","Brest, FR",7,928.83
"Marignane, Bouches-du-Rhône, FR","Toussus-le-Noble, Yvelines, FR",1,637.43
"Marignane, Bouches-du-Rhône, FR","Toulouse/Blagnac, FR",11,310.95
"Marignane, Bouches-du-Rhône, FR","Frankfurt am Main, DE",16,775.52
"Marignane, Bouches-du-Rhône, FR","Barcelona, ES",8,350.62
"Marignane, Bouches-du-Rhône, FR","Saint-Jacques-de-la-Lande, Ille-et-Vilaine, FR",7,744.92
"Marignane, Bouches-du-Rhône, FR","Strasbourg, FR",5,596.96
"Marignane, Bouches-du-Rhône, FR","Nîmes/Garons, FR",5,73.29
"Marignane, Bouches-du-Rhône, FR","Ferno (VA), IT",6,370.19
"Marignane, Bouches-du-Rhône, FR","Seville, ES",5,1152.39
"Marignane, Bouches-du-Rhône, FR","Luleå, SE",1,2669.48
"Marignane, Bouches-du-Rhône, FR","Dublin, IE",2,1393.08
"Marignane, Bouches-du-Rhône, FR","Alicante, ES",5,750.73
"Marignane, Bouches-du-Rhône, FR","Zaventem, BE",6,831.69
"Marignane, Bouches-du-Rhône, FR","Perpignan/Rivesaltes, FR",1,205.37
"Marignane, Bouches-du-Rhône, FR","Köln (Cologne), DE",6,838.65
"Marignane, Bouches-du-Rhône, FR","Bastia, FR",20,361.01
"Marignane, Bouches-du-Rhône, FR","Munich, DE",12,746.16
"Marignane, Bouches-du-Rhône, FR","Stuttgart, DE",1,660.62
"Marignane, Bouches-du-Rhône, FR","Caen, FR",4,771.97
"Marignane, Bouches-du-Rhône, FR","Valletta, MT",3,1157.83
"Marignane, Bouches-du-Rhône, FR","Rome, IT",7,617.2300000000001
"Marignane, Bouches-du-Rhône, FR","Palermo, IT",5,892.93
"Marignane, Bouches-du-Rhône, FR","Luxembourg, LU",4,692.38
"Melilla, ES","Seville, ES",2,354.52
"Memmingen, DE","Bucharest, RO",8,1277.33
"Memmingen, DE","Málaga, ES",5,1740.61
"Memmingen, DE","Laage, DE",2,674.63
"Memmingen, DE","Balice, PL",5,733.11
"Memmingen, DE","Bologna, IT",3,392.31
"Memmingen, DE","Palermo, IT",4,1120.33
"Memmingen, DE","Munich, DE",1,121.77
"Memmingen, DE","Palma de Mallorca, ES",4,1113.51
"Memmingen, DE","Dublin, IE",5,1305.69
"Memmingen, DE","Valencia, ES",1,1276.15
"Mont-de-l'Enclus, BE","Wevelgem, BE",1,21.25
"Montpellier/Méditerranée, FR","Paris (Orly, Val-de-Marne), FR",17,585.15
"Montpellier/Méditerranée, FR","Munich, DE",1,804.14
"Montpellier/Méditerranée, FR","Strasbourg, FR",2,619.84
"Montpellier/Méditerranée, FR","Saint-Jacques-de-la-Lande, Ille-et-Vilaine, FR",2,666.39
"Montpellier/Méditerranée, FR","Paris (Roissy-en-France, Val-d'Oise), FR",29,613.69
"Montpellier/Méditerranée, FR","Lesquin, FR",3,780.0099999999999
"Montpellier/Méditerranée, FR","Caen, FR",2,708.71
"Montpellier/Méditerranée, FR","Paris, FR",2,610.25
"Montpellier/Méditerranée, FR","Nantes, FR",13,589.48
"Montpellier/Méditerranée, FR","Brest, FR",2,843.18
"Morón, ES","San Javier, ES",23,429.07000000000005
"Mošnov, CZ","Ronchi dei Legionari/Trieste, IT",1,552.31
"Mošnov, CZ","Poprad, SK",3,169.15
"Munich, DE","Frankfurt am Main, DE",103,299.33
"Munich, DE","Barcelona, ES",49,1094.6299999999999
"Munich, DE","Feldkirchen bei Graz, AT",18,312.67
"Munich, DE","Caselle Torinese (TO), IT",12,471.18
"Munich, DE","Caselle (VR), IT",13,336.02000000000004
"Munich, DE","Steenokkerzeel, BE",19,597.14
"Munich, DE","Stockholm, SE",26,1301.9600000000003
"Munich, DE","Bremen, DE",29,562.78
"Munich, DE","Hamburg, DE",80,596.01
"Munich, DE","Osijek(Klisa), HR",2,622.67
"Munich, DE","Helsinki (Vantaa), FI",28,1574.64
"Munich, DE","Berlin, DE",67,461.96
"Munich, DE","Genova (GE), IT",6,493.01
"Munich, DE","Firenze (FI), IT",17,507.4
"Munich, DE","Luxembourg, LU",23,430.51
"Munich, DE","Amsterdam, NL",68,664.17
"Munich, DE","Greven, DE",22,511.26
"Munich, DE","Köln (Cologne), DE",34,435.7
"Munich, DE","Düsseldorf, DE",59,485.81999999999994
"Munich, DE","Paris, FR",7,689.61
"Munich, DE","Rimini (RN), IT",1,486.06
"Munich, DE","Poznań, PL",12,576.01
"Munich, DE","Dresden, DE",20,340.34000000000003
"Munich, DE","Jasionka, PL",9,767.9100000000001
"Munich, DE","Stuttgart, DE",23,192.5
"Munich, DE","Vila Franca de Xira, PT",11,1969.34
"Munich, DE","Göteborg, SE",18,1041.51
"Munich, DE","Thessaloniki, GR",12,1241.52
"Munich, DE","Riga, LV",10,1259.6399999999999
"Munich, DE","Bologna, IT",20,426.2900000000001
"Munich, DE","Falconara Marittima (AN), IT",6,540.65
"Munich, DE","Copenhagen, DK",40,809.9100000000001
"Munich, DE","Toulouse/Blagnac, FR",14,960.12
"Munich, DE","Paris (Roissy-en-France, Val-d'Oise), FR",67,681.25
"Munich, DE","Dublin, IE",27,1381.0199999999998
"Munich, DE","Palma de Mallorca, ES",24,1215.74
"Munich, DE","Spata-Artemida, GR",29,1517.68
"Munich, DE","Segrate (MI), IT",24,375.39000000000004
"Munich, DE","Ferno (VA), IT",33,381.36
"Munich, DE","Wrocław, PL",16,476.95
"Munich, DE","Colombier-Saugnieu, Rhône, FR",19,585.22
"Munich, DE","Otopeni, RO",17,1172.27
"Munich, DE","Grâce-Hollogne, BE",4,523.53
"Munich, DE","Porto, PT",8,1790.2599999999998
"Munich, DE","Capannori (LU), IT",1,512.02
"Munich, DE","Valletta, MT",20,1408.3600000000001
"Munich, DE","Velika Gorica, HR",13,435.28
"Munich, DE","Hannover, DE",33,480.31
"Munich, DE","Larnaca, CY",11,2339.52
"Munich, DE","Balice, PL",11,611.42
"Munich, DE","Zaventem, BE",26,596.98
"Munich, DE","Vienna, AT",30,355.29
"Munich, DE","Schkeuditz, DE",8,342.51
"Munich, DE","Seville, ES",5,1876.9900000000002
"Munich, DE","Budapest, HU",23,554.58
"Munich, DE","Vilnius, LT",7,1163.45
"Munich, DE","Zgornji Brnik, SI",9,310.93000000000006
"Munich, DE","Nice, Alpes-Maritimes, FR",11,629.97
"Munich, DE","Büren, DE",5,427.26000000000005
"Munich, DE","Lisbon, PT",22,1983.61
"Munich, DE","Siemirowice, PL",1,790.98
"Munich, DE","Zagreb, HR",14,421.19999999999993
"Munich, DE","Hajdúszoboszló, HU",2,722.3
"Munich, DE","Tallinn, EE",5,1492.0899999999997
"Munich, DE","Gdańsk, PL",3,813.91
"Munich, DE","Arvidsjaur, SE",3,1966.4399999999998
"Munich, DE","Marignane, Bouches-du-Rhône, FR",12,746.16
"Munich, DE","Málaga, ES",8,1854.94
"Munich, DE","Valencia, ES",4,1388.47
"Mykonos, GR","Spata-Artemida, GR",3,135.51
"Mytilene, GR","Thessaloniki, GR",10,350.03000000000003
"Mytilene, GR","Limnos Island, GR",3,151.01
"Mytilene, GR","Spata-Artemida, GR",25,262.45
"Málaga, ES","Łódź, PL",2,2514.49
"Málaga, ES","Copenhagen, DK",30,2471.5400000000004
"Málaga, ES","Amsterdam, NL",46,1883.66
"Málaga, ES","Eindhoven, NL",20,1818.7
"Málaga, ES","Vienna, AT",15,2135.47
"Málaga, ES","Marignane, Bouches-du-Rhône, FR",4,1116.06
"Málaga, ES","Orio al Serio (BG), IT",9,1549.76
"Málaga, ES","Balice, PL",9,2445.63
"Málaga, ES","Budapest, HU",13,2276.4699999999993
"Málaga, ES","Valencia, ES",10,470.66
"Málaga, ES","Charleroi, BE",13,1691.54
"Málaga, ES","Greven, DE",2,1966.8
"Málaga, ES","Stockholm / Västerås, SE",2,2963.06
"Málaga, ES","Memmingen, DE",5,1740.61
"Málaga, ES","Culleredo, ES",2,807.34
"Málaga, ES","Stockholm, SE",25,3004.08
"Málaga, ES","Frankfurt am Main (Lautzenhausen), DE",3,1751.24
"Málaga, ES","Wrocław, PL",8,2331.24
"Málaga, ES","Rotterdam, NL",12,1838.7300000000002
"Málaga, ES","Palma de Mallorca, ES",18,709.1299999999999
"Málaga, ES","Vila Franca de Xira, PT",8,467.75
"Málaga, ES","Ibiza (Eivissa), ES",7,570.91
"Málaga, ES","Dublin, IE",31,1867.93
"Málaga, ES","Helsinki (Vantaa), FI",19,3352.72
"Málaga, ES","Aalborg, DK",3,2507.05
"Málaga, ES","Faro, PT",3,311.24
"Málaga, ES","Paris (Orly, Val-de-Marne), FR",27,1451.3800000000003
"Málaga, ES","Nantes, FR",4,1189.16
"Málaga, ES","Colombier-Saugnieu, Rhône, FR",5,1285.1
"Málaga, ES","Barcelona, ES",57,765.97
"Málaga, ES","Luxembourg, LU",5,1678.22
"Málaga, ES","Granada, ES",1,85.9
"Málaga, ES","Zaventem, BE",19,1735.4800000000002
"Málaga, ES","Göteborg, SE",9,2637.76
"Málaga, ES","Weeze, DE",8,1859.86
"Málaga, ES","Antwerp, BE",4,1763.33
"Málaga, ES","Paris (Roissy-en-France, Val-d'Oise), FR",18,1485.5600000000002
"Málaga, ES","Ferno (VA), IT",22,1485.77
"Málaga, ES","Steenokkerzeel, BE",11,1736.88
"Málaga, ES","Düsseldorf, DE",9,1853.46
"Málaga, ES","Billund, DK",3,2356.3
"Málaga, ES","Otopeni, RO",7,2709.2000000000003
"Málaga, ES","Frankfurt am Main, DE",9,1816.04
"Málaga, ES","Melilla, ES",26,208.17000000000002
"Málaga, ES","Capannori (LU), IT",1,1502.94
"Málaga, ES","Shannon, IE",3,1815.2699999999998
"Málaga, ES","Oostende, BE",7,1717.5
"Málaga, ES","Baden-Baden, DE",2,1694.83
"Málaga, ES","Berlin, DE",17,2240.8699999999994
"Málaga, ES","Munich, DE",8,1854.94
"Málaga, ES","Bologna, IT",4,1589.54
"Málaga, ES","Santiago de Compostela, ES",1,768.23
"Mönchengladbach, DE","Prouvy, FR",1,236.32
"Mönchengladbach, DE","Memmingen, DE",3,449.71
"Mönchengladbach, DE","Kiel, DE",2,427.11
"Namur, BE","Monchy-Lagache, Somme, FR",1,141.84
"Nantes, FR","Chassieu, Lyon, FR",1,526.48
"Nantes, FR","Marignane, Bouches-du-Rhône, FR",24,674.48
"Nantes, FR","Paris (Roissy-en-France, Val-d'Oise), FR",43,371.81000000000006
"Nantes, FR","Vila Franca de Xira, PT",3,1098.6
"Nantes, FR","Ferno (VA), IT",5,810.15
"Nantes, FR","Valencia, ES",1,857.06
"Nantes, FR","Orio al Serio (BG), IT",2,882.55
"Nantes, FR","Málaga, ES",4,1189.16
"Nantes, FR","Barcelona, ES",20,714.24
"Nantes, FR","Toulouse/Blagnac, FR",18,455.44999999999993
"Nantes, FR","Colombier-Saugnieu, Rhône, FR",32,537.23
"Nantes, FR","Amsterdam, NL",20,733.27
"Nantes, FR","Strasbourg, FR",6,705.98
"Nantes, FR","Schkeuditz, DE",5,1108.21
"Nantes, FR","Saint-Nazaire/Montoir, FR",3,44.54
"Nantes, FR","Budapest, HU",2,1558.38
"Nantes, FR","Porto, PT",14,864.62
"Nantes, FR","Seville, ES",6,1137.91
"Nantes, FR","Dublin, IE",3,771.69
"Nantes, FR","Copenhagen, DK",2,1361.18
"Nantes, FR","Montpellier/Méditerranée, FR",11,589.48
"Napoli, IT","Barcelona, ES",1,1023.61
"Napoli, IT","Alicante, ES",1,1303.29
"Nea Anchialos, GR","Elefsina, GR",1,144.54
"Neuhardenberg, DE","Augsburg, DE",1,521.05
"Niederstetten, DE","Bückeburg, DE",2,326.82
"Niederstetten, DE","Giebelstadt, DE",1,28.52
"Norrköping, SE","Stockholm, SE",2,140.13
"Nowa Wieś, PL","Steenokkerzeel, BE",1,1241.79
"Nowy Dwór Mazowiecki, PL","Spata-Artemida, GR",5,1634.0099999999998
"Nowy Dwór Mazowiecki, PL","Barcelona, ES",11,1869.31
"Nowy Dwór Mazowiecki, PL","Ferno (VA), IT",7,1150.89
"Nowy Dwór Mazowiecki, PL","Alicante, ES",2,2270.37
"Nowy Dwór Mazowiecki, PL","Dublin, IE",6,1796.08
"Nowy Dwór Mazowiecki, PL","Rome, IT",9,1335.81
"Nowy Dwór Mazowiecki, PL","Orio al Serio (BG), IT",20,1095.25
"Nowy Dwór Mazowiecki, PL","Valletta, MT",13,1908.98
"Nowy Dwór Mazowiecki, PL","Palermo, IT",7,1691.83
"Nowy Dwór Mazowiecki, PL","Paphos, CY",5,2183.57
"Nowy Dwór Mazowiecki, PL","Eindhoven, NL",2,1050.92
"Nowy Dwór Mazowiecki, PL","Beauvais, FR",3,1336.58
"Nowy Dwór Mazowiecki, PL","Bologna, IT",3,1116.48
"Nuremberg, DE","Paris (Roissy-en-France, Val-d'Oise), FR",19,620.71
"Nuremberg, DE","Frankfurt am Main, DE",30,190.26000000000002
"Nuremberg, DE","Palma de Mallorca, ES",12,1286.76
"Nuremberg, DE","Budapest, HU",7,632.82
"Nuremberg, DE","Grâce-Hollogne, BE",4,421.5
"Nuremberg, DE","Roskilde, DK",2,680.55
"Nuremberg, DE","Amsterdam, NL",27,541.6
"Nuremberg, DE","Köln (Cologne), DE",2,318.73
"Nuremberg, DE","Palermo, IT",2,1273.68
"Nuremberg, DE","Seville, ES",2,1910.13
"Nuremberg, DE","Jasionka, PL",2,787.77
"Nuremberg, DE","Vilnius, LT",3,1123.63
"Nuremberg, DE","Thessaloniki, GR",5,1364.62
"Nuremberg, DE","Weßling, DE",1,158.31
"Nuremberg, DE","Valencia, ES",1,1438.62
"Nuremberg, DE","Frankfurt am Main (Lautzenhausen), DE",1,278.79
"Nuremberg, DE","Alicante, ES",4,1553.41
"Nîmes/Garons, FR","Béziers, FR",4,98.29
"Nîmes/Garons, FR","Marignane, Bouches-du-Rhône, FR",6,73.29
"Nîmes/Garons, FR","Charleroi, BE",4,745.52
"Nîmes/Garons, FR","Paris (Roissy-en-France, Val-d'Oise), FR",1,601.11
"Ober-Grafendorf, AT","Wiener Neustadt, AT",2,60.29
"Odense, DK","Billund, DK",4,79.18
"Odense, DK","Leck, DE",2,115.35
"Odense, DK","Groningen, NL",1,357.45
"Olomouc, CZ","Přerov, CZ",2,22.87
"Oostende, BE","Salzburg, AT",1,822.83
"Oostende, BE","Alicante, ES",6,1461.3099999999997
"Oostende, BE","Málaga, ES",6,1717.5
"Oostende, BE","Colombier-Saugnieu, Rhône, FR",1,630.12
"Orio al Serio (BG), IT","Alicante, ES",5,1179.31
"Orio al Serio (BG), IT","Thessaloniki, GR",5,1217.43
"Orio al Serio (BG), IT","Budapest, HU",14,746.67
"Orio al Serio (BG), IT","Łódź, PL",3,977.6
"Orio al Serio (BG), IT","Málaga, ES",8,1549.7599999999998
"Orio al Serio (BG), IT","Bucharest, RO",6,1291.3
"Orio al Serio (BG), IT","Spata-Artemida, GR",4,1456.49
"Orio al Serio (BG), IT","Berlin, DE",14,793.64
"Orio al Serio (BG), IT","Copenhagen, DK",15,1125.3100000000002
"Orio al Serio (BG), IT","Köln (Cologne), DE",12,608.14
"Orio al Serio (BG), IT","Barcelona, ES",22,783.84
"Orio al Serio (BG), IT","Vila Franca de Xira, PT",7,1710.85
"Orio al Serio (BG), IT","Palermo, IT",22,884.87
"Orio al Serio (BG), IT","Porto, PT",10,1559.46
"Orio al Serio (BG), IT","Nice, Alpes-Maritimes, FR",1,298.09
"Orio al Serio (BG), IT","Beauvais, FR",7,707.95
"Orio al Serio (BG), IT","Marignane, Bouches-du-Rhône, FR",6,434.04
"Orio al Serio (BG), IT","Charleroi, BE",20,660.06
"Orio al Serio (BG), IT","Faro, PT",4,1755.83
"Orio al Serio (BG), IT","Luxembourg, LU",6,511.98
"Orio al Serio (BG), IT","Valencia, ES",7,1079.4
"Orio al Serio (BG), IT","Katowice, PL",3,876.69
"Orio al Serio (BG), IT","Dortmund, DE",2,668.32
"Orio al Serio (BG), IT","Caselle Torinese (TO), IT",2,168.91
"Orio al Serio (BG), IT","Balice, PL",15,896.0899999999999
"Orio al Serio (BG), IT","Nantes, FR",2,882.55
"Orio al Serio (BG), IT","Caiolo (SO), IT",1,54.35
"Orio al Serio (BG), IT","Otopeni, RO",21,1289.8200000000002
"Orio al Serio (BG), IT","Alghero, IT",2,571.78
"Orio al Serio (BG), IT","Frankfurt am Main (Lautzenhausen), DE",2,509.41
"Orio al Serio (BG), IT","Palma de Mallorca, ES",2,887.03
"Orio al Serio (BG), IT","Nowy Dwór Mazowiecki, PL",20,1095.25
"Orio al Serio (BG), IT","Dublin, IE",17,1434.08
"Orio al Serio (BG), IT","Düsseldorf, DE",2,661.35
"Orio al Serio (BG), IT","Stockholm, SE",11,1632.4699999999998
"Orio al Serio (BG), IT","Falconara Marittima (AN), IT",6,368.26
"Orio al Serio (BG), IT","Lamezia Terme (CZ), IT",19,923.7999999999998
"Orio al Serio (BG), IT","Velika Gorica, HR",2,493.8
"Orio al Serio (BG), IT","Eindhoven, NL",9,717.27
"Orio al Serio (BG), IT","Gdańsk, PL",1,1150.92
"Orio al Serio (BG), IT","Pescara, IT",3,507.3
"Orio al Serio (BG), IT","Wrocław, PL",8,802.82
"Orio al Serio (BG), IT","Seville, ES",7,1585.3799999999999
"Orio al Serio (BG), IT","Helsinki (Vantaa), FI",7,1912.0599999999997
"Orio al Serio (BG), IT","Valbrembo (BG), IT",1,10.54
"Orio al Serio (BG), IT","Bologna, IT",7,176.84
"Orio al Serio (BG), IT","Bresso (MI), IT",1,41.9
"Orio al Serio (BG), IT","Riga, LV",6,1594.84
"Orio al Serio (BG), IT","Vienna, AT",12,587.48
"Orio al Serio (BG), IT","Valletta, MT",7,1163.66
"Orio al Serio (BG), IT","Poznań, PL",5,911.51
"Orio al Serio (BG), IT","Toulouse/Blagnac, FR",5,697.64
"Orio al Serio (BG), IT","Ronchi dei Legionari/Trieste, IT",1,292.51
"Orio al Serio (BG), IT","Vilnius, LT",3,1485.8
"Osijek(Klisa), HR","Munich, DE",2,622.67
"Otopeni, RO","Câmpia Turzii, RO",25,275.49
"Otopeni, RO","Frankfurt am Main, DE",22,1450.86
"Otopeni, RO","Marignane, Bouches-du-Rhône, FR",4,1671.01
"Otopeni, RO","Larnaca, CY",4,1254.23
"Otopeni, RO","Valletta, MT",5,1380.7400000000002
"Otopeni, RO","Timişoara, RO",9,397.93000000000006
"Otopeni, RO","Amsterdam, NL",32,1784.32
"Otopeni, RO","Copenhagen, DK",3,1552.8100000000002
"Otopeni, RO","Charleroi, BE",16,1744.45
"Otopeni, RO","Barcelona, ES",10,1981.92
"Otopeni, RO","Pescara, IT",6,989.4699999999999
"Otopeni, RO","Vienna, AT",20,830.0800000000002
"Otopeni, RO","Paris (Roissy-en-France, Val-d'Oise), FR",36,1851.0800000000002
"Otopeni, RO","Zaventem, BE",7,1754.94
"Otopeni, RO","Orio al Serio (BG), IT",19,1289.8200000000002
"Otopeni, RO","Bologna, IT",13,1172.25
"Otopeni, RO","Recea, RO",8,248.57
"Otopeni, RO","Gdańsk, PL",2,1220.37
"Otopeni, RO","Billund, DK",4,1723.09
"Otopeni, RO","Riga, LV",2,1384.64
"Otopeni, RO","Dortmund, DE",8,1570.4
"Otopeni, RO","Rome, IT",9,1149.49
"Otopeni, RO","Pisa (PI), IT",3,1255.86
"Otopeni, RO","Zaragoza, ES",2,2216.3
"Otopeni, RO","Paris (Orly, Val-de-Marne), FR",4,1860.48
"Otopeni, RO","Málaga, ES",6,2709.2
"Otopeni, RO","Eindhoven, NL",6,1713.14
"Otopeni, RO","Ferno (VA), IT",11,1366.11
"Otopeni, RO","Zagreb, HR",1,814.14
"Otopeni, RO","Munich, DE",17,1172.27
"Otopeni, RO","Turku, FI",2,1790.88
"Otopeni, RO","Firenze (FI), IT",1,1189.38
"Otopeni, RO","Thessaloniki, GR",3,518.5
"Otopeni, RO","Dublin, IE",8,2530.71
"Otopeni, RO","Luxembourg, LU",2,1601.27
"Otopeni, RO","Paphos, CY",2,1223.43
"Otopeni, RO","Berlin, DE",8,1266.9100000000003
"Otopeni, RO","Budapest, HU",6,628.9499999999999
"Oulu / Oulunsalo, FI","Helsinki (Vantaa), FI",54,513.19
"Palanga, LT","Dublin, IE",2,1768.3
"Palanga, LT","Copenhagen, DK",14,528.58
"Palanga, LT","Riga, LV",9,210.48
"Palanga, LT","Vilnius, LT",2,304.18
"Palma de Mallorca, ES","Nuremberg, DE",12,1286.76
"Palma de Mallorca, ES","Santiago de Compostela, ES",4,1003.25
"Palma de Mallorca, ES","Düsseldorf, DE",35,1341.97
"Palma de Mallorca, ES","Valencia, ES",26,276.25
"Palma de Mallorca, ES","Alicante, ES",22,318.2300000000001
"Palma de Mallorca, ES","Barcelona, ES",137,201.97000000000003
"Palma de Mallorca, ES","Köln (Cologne), DE",33,1303.92
"Palma de Mallorca, ES","Hamburg, DE",25,1651.71
"Palma de Mallorca, ES","Málaga, ES",23,709.1300000000001
"Palma de Mallorca, ES","Munich, DE",26,1215.74
"Palma de Mallorca, ES","Vienna, AT",16,1457.75
"Palma de Mallorca, ES","Frankfurt am Main, DE",21,1251.0700000000002
"Palma de Mallorca, ES","Paris (Orly, Val-de-Marne), FR",11,1020.2399999999999
"Palma de Mallorca, ES","Greven, DE",5,1449.78
"Palma de Mallorca, ES","Baden-Baden, DE",5,1114.8
"Palma de Mallorca, ES","Seville, ES",27,787.51
"Palma de Mallorca, ES","Stockholm, SE",6,2461.13
"Palma de Mallorca, ES","Bordeaux, FR",1,651.98
"Palma de Mallorca, ES","Segrate (MI), IT",3,845.9900000000001
"Palma de Mallorca, ES","Frankfurt am Main (Lautzenhausen), DE",3,1209.18
"Palma de Mallorca, ES","Orio al Serio (BG), IT",3,887.0300000000001
"Palma de Mallorca, ES","Hannover, DE",14,1530.69
"Palma de Mallorca, ES","Zaragoza, ES",7,396.32
"Palma de Mallorca, ES","Steenokkerzeel, BE",1,1270.7
"Palma de Mallorca, ES","Berlin, DE",26,1645.6100000000001
"Palma de Mallorca, ES","Dortmund, DE",4,1382.91
"Palma de Mallorca, ES","Tarbes/Lourdes/Pyrénées, FR",1,463.76
"Palma de Mallorca, ES","Ibiza (Eivissa), ES",96,139.79
"Palma de Mallorca, ES","Mahón (Maó), ES",37,131.23000000000002
"Palma de Mallorca, ES","Reus, ES",1,221.8
"Palma de Mallorca, ES","Copenhagen, DK",5,1930.61
"Palma de Mallorca, ES","Ferno (VA), IT",9,834.5
"Palma de Mallorca, ES","Jerez de la Frontera, ES",2,829.86
"Palma de Mallorca, ES","Memmingen, DE",5,1113.5099999999998
"Palma de Mallorca, ES","Stuttgart, DE",14,1139.3
"Palma de Mallorca, ES","Marignane, Bouches-du-Rhône, FR",1,478.69
"Palma de Mallorca, ES","Charleroi, BE",7,1220.59
"Palma de Mallorca, ES","Weeze, DE",5,1365.38
"Palma de Mallorca, ES","Granada, ES",4,625.68
"Palma de Mallorca, ES","Amsterdam, NL",8,1426.97
"Pamplona, ES","Rotterdam, NL",1,1118.63
"Paphos, CY","Montichiari (BS), IT",1,2218.42
"Paphos, CY","Riga, LV",1,2553.65
"Paphos, CY","Wrocław, PL",1,2211.38
"Paphos, CY","Vienna, AT",1,1986.79
"Paphos, CY","Nowy Dwór Mazowiecki, PL",1,2183.57
"Paphos, CY","Eindhoven, NL",1,2853.29
"Paphos, CY","Poznań, PL",1,2327.09
"Paphos, CY","Thessaloniki, GR",1,1056.54
"Paphos, CY","Gdańsk, PL",1,2441.8
"Paphos, CY","Balice, PL",1,1994.94
"Paphos, CY","Otopeni, RO",1,1223.43
"Paphos, CY","Budapest, HU",2,1803.28
"Paphos, CY","Weeze, DE",1,2816.34
"Pardubice, CZ","Přerov, CZ",1,136.44
"Paris, FR","Büren, DE",1,528.57
"Paris, FR","Lesquin, FR",4,184.69
"Paris, FR","Munich, DE",4,689.61
"Paris, FR","Parma (PR), IT",1,753.17
"Paris, FR","Cascais, PT",1,1476.35
"Paris, FR","Segrate (MI), IT",16,647.6299999999999
"Paris, FR","Salzburg, AT",4,790.58
"Paris, FR","Amsterdam, NL",5,406.63
"Paris, FR","Saint-Jacques-de-la-Lande, Ille-et-Vilaine, FR",1,322.84
"Paris, FR","Baden-Baden, DE",1,420.77
"Paris, FR","Barcelona, ES",1,852.79
"Paris, FR","Blois, FR",1,169.16
"Paris, FR","Lognes, Seine-et-Marne, FR",1,20.94
"Paris, FR","Bordeaux, FR",6,518.17
"Paris, FR","Colombier-Saugnieu, Rhône, FR",3,411.60999999999996
"Paris, FR","Chassieu, Lyon, FR",5,406.19
"Paris, FR","Málaga, ES",5,1477.22
"Paris, FR","Oostende, BE",1,250.76
"Paris, FR","Saint-Tropez, FR",2,711.87
"Paris (Orly, Val-de-Marne), FR","Bastia, FR",17,880.02
"Paris (Orly, Val-de-Marne), FR","Berlin, DE",29,882.7199999999999
"Paris (Orly, Val-de-Marne), FR","Nice, Alpes-Maritimes, FR",53,674.8000000000001
"Paris (Orly, Val-de-Marne), FR","Santiago de Compostela, ES",5,1056.52
"Paris (Orly, Val-de-Marne), FR","Genova (GE), IT",3,687.87
"Paris (Orly, Val-de-Marne), FR","Alicante, ES",23,1184.68
"Paris (Orly, Val-de-Marne), FR","Toulouse/Blagnac, FR",102,571.81
"Paris (Orly, Val-de-Marne), FR","Segrate (MI), IT",40,636.47
"Paris (Orly, Val-de-Marne), FR","Barcelona, ES",69,826.1
"Paris (Orly, Val-de-Marne), FR","Vila Franca de Xira, PT",31,1423.5500000000002
"Paris (Orly, Val-de-Marne), FR","Marignane, Bouches-du-Rhône, FR",21,626.88
"Paris (Orly, Val-de-Marne), FR","Ajaccio, FR",26,906.94
"Paris (Orly, Val-de-Marne), FR","Bucharest, RO",1,1863.43
"Paris (Orly, Val-de-Marne), FR","Ferno (VA), IT",26,590.04
"Paris (Orly, Val-de-Marne), FR","Copenhagen, DK",7,1036.6
"Paris (Orly, Val-de-Marne), FR","Perpignan/Rivesaltes, FR",12,666.36
"Paris (Orly, Val-de-Marne), FR","Seville, ES",24,1423.43
"Paris (Orly, Val-de-Marne), FR","Palma de Mallorca, ES",11,1020.2399999999999
"Paris (Orly, Val-de-Marne), FR","Porto, PT",70,1200.9
"Paris (Orly, Val-de-Marne), FR","Bordeaux, FR",3,492.94
"Paris (Orly, Val-de-Marne), FR","Amsterdam, NL",5,432.7900000000001
"Paris (Orly, Val-de-Marne), FR","Málaga, ES",28,1451.3799999999999
"Paris (Orly, Val-de-Marne), FR","Balice, PL",7,1265.53
"Paris (Orly, Val-de-Marne), FR","Chaspuzac, Haute-Loire, FR",2,418.44
"Paris (Orly, Val-de-Marne), FR","Valencia, ES",12,1051.68
"Paris (Orly, Val-de-Marne), FR","Cannes, FR",14,674.6000000000001
"Paris (Orly, Val-de-Marne), FR","Lognes, Seine-et-Marne, FR",3,21.08
"Paris (Orly, Val-de-Marne), FR","Pommeuse, Seine-et-Marne, FR",1,47.88
"Paris (Orly, Val-de-Marne), FR","Castres, FR",11,574.59
"Paris (Orly, Val-de-Marne), FR","Dublin, IE",14,797.91
"Paris (Orly, Val-de-Marne), FR","Vienna, AT",5,1047.95
"Paris (Orly, Val-de-Marne), FR","Hyères, Var, FR",6,689.91
"Paris (Orly, Val-de-Marne), FR","Montpellier/Méditerranée, FR",8,585.15
"Paris (Orly, Val-de-Marne), FR","Tarbes/Lourdes/Pyrénées, FR",12,643.45
"Paris (Orly, Val-de-Marne), FR","Stockholm, SE",6,1562.0199999999998
"Paris (Orly, Val-de-Marne), FR","Otopeni, RO",4,1860.48
"Paris (Orly, Val-de-Marne), FR","Pau/Pyrénées (Uzein), FR",9,632.0500000000001
"Paris (Orly, Val-de-Marne), FR","Thessaloniki, GR",3,1859.0199999999998
"Paris (Orly, Val-de-Marne), FR","Valletta, MT",6,1739.78
"Paris (Orly, Val-de-Marne), FR","Rodez/Marcillac, FR",11,479.92
"Paris (Orly, Val-de-Marne), FR","Faro, PT",9,1548.03
"Paris (Orly, Val-de-Marne), FR","Budapest, HU",7,1247.91
"Paris (Orly, Val-de-Marne), FR","Spata-Artemida, GR",9,2105.04
"Paris (Orly, Val-de-Marne), FR","Capannoli (PI), IT",9,856.94
"Paris (Orly, Val-de-Marne), FR","Biarritz, FR",7,657.04
"Paris (Orly, Val-de-Marne), FR","Palermo, IT",5,1462.1600000000003
"Paris (Roissy-en-France, Val-d'Oise), FR","Köln (Cologne), DE",21,387.81
"Paris (Roissy-en-France, Val-d'Oise), FR","Stockholm, SE",39,1528.5800000000002
"Paris (Roissy-en-France, Val-d'Oise), FR","Caselle Torinese (TO), IT",18,572.49
"Paris (Roissy-en-France, Val-d'Oise), FR","Zgornji Brnik, SI",7,943.25
"Paris (Roissy-en-France, Val-d'Oise), FR","Bologna, IT",32,829.76
"Paris (Roissy-en-France, Val-d'Oise), FR","Steenokkerzeel, BE",4,253.04
"Paris (Roissy-en-France, Val-d'Oise), FR","Zaventem, BE",13,251.68
"Paris (Roissy-en-France, Val-d'Oise), FR","Segrate (MI), IT",67,643.59
"Paris (Roissy-en-France, Val-d'Oise), FR","Ferno (VA), IT",87,597.76
"Paris (Roissy-en-France, Val-d'Oise), FR","Amsterdam, NL",86,398.55
"Paris (Roissy-en-France, Val-d'Oise), FR","Toulouse/Blagnac, FR",75,605.13
"Paris (Roissy-en-France, Val-d'Oise), FR","Barcelona, ES",72,858.3300000000002
"Paris (Roissy-en-France, Val-d'Oise), FR","Colombier-Saugnieu, Rhône, FR",45,411.92999999999995
"Paris (Roissy-en-France, Val-d'Oise), FR","Marignane, Bouches-du-Rhône, FR",71,652.23
"Paris (Roissy-en-France, Val-d'Oise), FR","Valencia, ES",8,1085.56
"Paris (Roissy-en-France, Val-d'Oise), FR","Biarritz, FR",19,691.05
"Paris (Roissy-en-France, Val-d'Oise), FR","Copenhagen, DK",56,1003.84
"Paris (Roissy-en-France, Val-d'Oise), FR","Capannori (LU), IT",7,842.0599999999997
"Paris (Roissy-en-France, Val-d'Oise), FR","Tallinn, EE",6,1838.6900000000003
"Paris (Roissy-en-France, Val-d'Oise), FR","Bordeaux, FR",50,526.87
"Paris (Roissy-en-France, Val-d'Oise), FR","Frankfurt am Main, DE",84,447.83000000000004
"Paris (Roissy-en-France, Val-d'Oise), FR","Munich, DE",64,681.25
"Paris (Roissy-en-France, Val-d'Oise), FR","Montpellier/Méditerranée, FR",15,613.69
"Paris (Roissy-en-France, Val-d'Oise), FR","Nantes, FR",43,371.81000000000006
"Paris (Roissy-en-France, Val-d'Oise), FR","Pau/Pyrénées (Uzein), FR",26,666.28
"Paris (Roissy-en-France, Val-d'Oise), FR","Berlin, DE",56,855.51
"Paris (Roissy-en-France, Val-d'Oise), FR","Vila Franca de Xira, PT",16,1455.31
"Paris (Roissy-en-France, Val-d'Oise), FR","Brest, FR",20,515.03
"Paris (Roissy-en-France, Val-d'Oise), FR","Vienna, AT",46,1034.79
"Paris (Roissy-en-France, Val-d'Oise), FR","Helsinki (Vantaa), FI",46,1895.7600000000002
"Paris (Roissy-en-France, Val-d'Oise), FR","Nuremberg, DE",19,620.71
"Paris (Roissy-en-France, Val-d'Oise), FR","Cork, IE",4,842.39
"Paris (Roissy-en-France, Val-d'Oise), FR","Chambéry, FR",2,450.84
"Paris (Roissy-en-France, Val-d'Oise), FR","Otopeni, RO",37,1851.0799999999997
"Paris (Roissy-en-France, Val-d'Oise), FR","Billund, DK",14,871.5599999999998
"Paris (Roissy-en-France, Val-d'Oise), FR","Hannover, DE",20,631.3399999999999
"Paris (Roissy-en-France, Val-d'Oise), FR","Hamburg, DE",32,720.68
"Paris (Roissy-en-France, Val-d'Oise), FR","Charmeil, Allier, FR",16,322.07
"Paris (Roissy-en-France, Val-d'Oise), FR","Luxembourg, LU",17,273.86999999999995
"Paris (Roissy-en-France, Val-d'Oise), FR","Málaga, ES",18,1485.5600000000002
"Paris (Roissy-en-France, Val-d'Oise), FR","Dublin, IE",52,785.5199999999999
"Paris (Roissy-en-France, Val-d'Oise), FR","Düsseldorf, DE",36,392.83
"Paris (Roissy-en-France, Val-d'Oise), FR","Stuttgart, DE",11,489.0199999999999
"Paris (Roissy-en-France, Val-d'Oise), FR","Vilnius, LT",3,1673.61
"Paris (Roissy-en-France, Val-d'Oise), FR","Nice, Alpes-Maritimes, FR",27,694.0
"Paris (Roissy-en-France, Val-d'Oise), FR","Budapest, HU",28,1235.57
"Paris (Roissy-en-France, Val-d'Oise), FR","Catania, IT",1,1630.92
"Paris (Roissy-en-France, Val-d'Oise), FR","Saint-Jacques-de-la-Lande, Ille-et-Vilaine, FR",7,332.54
"Paris (Roissy-en-France, Val-d'Oise), FR","Velika Gorica, HR",8,1078.71
"Paris (Roissy-en-France, Val-d'Oise), FR","Schkeuditz, DE",10,738.35
"Paris (Roissy-en-France, Val-d'Oise), FR","Balice, PL",15,1246.0799999999997
"Paris (Roissy-en-France, Val-d'Oise), FR","Lisbon, PT",28,1469.8600000000001
"Paris (Roissy-en-France, Val-d'Oise), FR","Porto, PT",13,1231.09
"Paris (Roissy-en-France, Val-d'Oise), FR","Riga, LV",8,1676.41
"Paris (Roissy-en-France, Val-d'Oise), FR","Capannoli (PI), IT",17,867.4299999999998
"Paris (Roissy-en-France, Val-d'Oise), FR","Göteborg, SE",19,1153.92
"Paris (Roissy-en-France, Val-d'Oise), FR","Seville, ES",13,1457.23
"Paris (Roissy-en-France, Val-d'Oise), FR","Clermont-Ferrand, FR",4,361.27
"Paris (Roissy-en-France, Val-d'Oise), FR","Bratislava, SK",1,1080.46
"Parma (PR), IT","Paris, FR",1,753.17
"Parma (PR), IT","Ferno (VA), IT",1,151.96
"Parma (PR), IT","Wevelgem, BE",1,850.07
"Pau/Pyrénées (Uzein), FR","Colombier-Saugnieu, Rhône, FR",4,508.34
"Pau/Pyrénées (Uzein), FR","Paris (Roissy-en-France, Val-d'Oise), FR",26,666.28
"Pau/Pyrénées (Uzein), FR","Paris (Orly, Val-de-Marne), FR",9,632.0500000000001
"Pavullo (MO), IT","Bologna, IT",2,43.35
"Perpignan/Rivesaltes, FR","Paris (Orly, Val-de-Marne), FR",10,666.36
"Perugia (PG), IT","Albert, FR",1,1069.95
"Perugia (PG), IT","Palermo, IT",4,553.47
"Perugia (PG), IT","Segrate (MI), IT",3,366.87000000000006
"Pescara, IT","Caselle Torinese (TO), IT",8,607.7
"Pescara, IT","Frankfurt am Main (Lautzenhausen), DE",2,990.09
"Pescara, IT","Ravenna (RA), IT",1,266.88
"Pescara, IT","Ferno (VA), IT",14,562.58
"Pescara, IT","Otopeni, RO",6,989.4699999999999
"Pescara, IT","Valencia, ES",1,1272.23
"Pescara, IT","Charleroi, BE",7,1160.95
"Pescara, IT","Orio al Serio (BG), IT",2,507.3
"Pisa (PI), IT","Dublin, IE",4,1628.83
"Pisa (PI), IT","Shannon, IE",1,1739.25
"Pisa (PI), IT","Charleroi, BE",10,876.8
"Pisa (PI), IT","Beauvais, FR",5,900.28
"Pisa (PI), IT","Seville, ES",6,1538.5999999999997
"Pisa (PI), IT","Balice, PL",2,1006.02
"Pisa (PI), IT","Palermo, IT",14,659.38
"Pisa (PI), IT","Budapest, HU",7,799.49
"Pisa (PI), IT","Otopeni, RO",5,1255.86
"Pisa (PI), IT","Valletta, MT",3,939.0
"Pisa (PI), IT","Schkeuditz, DE",5,871.22
"Pisa (PI), IT","Málaga, ES",3,1482.5600000000002
"Pisa (PI), IT","Reggio Calabria, IT",3,764.48
"Pisa (PI), IT","Eindhoven, NL",3,941.5099999999999
"Pisa (PI), IT","Lamezia Terme (CZ), IT",5,721.67
"Pisa (PI), IT","Porto, PT",3,1584.17
"Pisa (PI), IT","Valencia, ES",4,1016.41
"Pisa (PI), IT","Zagreb, HR",1,489.24
"Pisa (PI), IT","Amsterdam, NL",2,1045.71
"Pisa (PI), IT","Ferno (VA), IT",4,253.35
"Poitiers/Biard, FR","L'Hôpital-le-Mercier, Saône-et-Loire, FR",1,284.4
"Poitiers/Biard, FR","Colombier-Saugnieu, Rhône, FR",1,380.63
"Pommeuse, Seine-et-Marne, FR","Paris (Orly, Val-de-Marne), FR",1,47.88
"Ponta Delgada, PT","Vila do Porto, PT",3,97.46
"Ponta Delgada, PT","Funchal, PT",3,984.92
"Ponta Delgada, PT","Vila Franca de Xira, PT",8,1457.73
"Ponta Delgada, PT","Porto, PT",3,1508.54
"Poprad, SK","Brno, CZ",1,258.34
"Porto, PT","Segrate (MI), IT",4,1521.47
"Porto, PT","Beauvais, FR",17,1240.2
"Porto, PT","Eindhoven, NL",6,1560.29
"Porto, PT","Marignane, Bouches-du-Rhône, FR",10,1166.0899999999997
"Porto, PT","Faro, PT",12,474.57
"Porto, PT","Valencia, ES",8,721.41
"Porto, PT","Vila Franca de Xira, PT",25,264.62
"Porto, PT","Balice, PL",5,2401.17
"Porto, PT","Barcelona, ES",39,898.66
"Porto, PT","Lisbon, PT",50,277.01
"Porto, PT","Berlin, DE",4,2078.36
"Porto, PT","Orio al Serio (BG), IT",10,1559.46
"Porto, PT","Amsterdam, NL",27,1594.97
"Porto, PT","Luxembourg, LU",33,1484.8100000000002
"Porto, PT","Funchal, PT",39,1190.77
"Porto, PT","Munich, DE",7,1790.26
"Porto, PT","Paris (Orly, Val-de-Marne), FR",69,1200.9
"Porto, PT","Ferno (VA), IT",7,1484.08
"Porto, PT","Zaventem, BE",11,1473.4
"Porto, PT","Budapest, HU",3,2302.0
"Porto, PT","Toulouse/Blagnac, FR",5,865.15
"Porto, PT","Frankfurt am Main, DE",14,1651.6199999999997
"Porto, PT","Frankfurt am Main (Lautzenhausen), DE",2,1567.43
"Porto, PT","Lesquin, FR",2,1376.84
"Porto, PT","Bologna, IT",2,1662.91
"Porto, PT","Paris (Roissy-en-France, Val-d'Oise), FR",10,1231.0899999999997
"Porto, PT","Stockholm, SE",2,2735.3
"Porto, PT","Tenerife, ES",1,1607.37
"Porto, PT","Nantes, FR",15,864.6200000000001
"Porto, PT","Nice, Alpes-Maritimes, FR",2,1329.3
"Porto, PT","Bordeaux, FR",7,759.51
"Porto, PT","Schkeuditz, DE",5,1952.8200000000002
"Porto, PT","Copenhagen, DK",2,2225.43
"Porto, PT","Seville, ES",8,488.68999999999994
"Porto, PT","Dole, FR",2,1294.14
"Porto, PT","Pisa (PI), IT",2,1584.17
"Porto, PT","Colombier-Saugnieu, Rhône, FR",19,1215.38
"Porto, PT","Rodez/Marcillac, FR",2,974.87
"Porto, PT","Baden-Baden, DE",3,1563.5600000000002
"Porto, PT","Alicante, ES",2,768.23
"Porto, PT","Köln (Cologne), DE",9,1617.07
"Porto, PT","Dublin, IE",8,1366.4299999999998
"Porto, PT","Charleroi, BE",12,1440.03
"Poznań, PL","Vila Franca de Xira, PT",1,2488.19
"Poznań, PL","Frankfurt am Main, DE",18,633.69
"Poznań, PL","Beauvais, FR",3,1080.06
"Poznań, PL","Munich, DE",12,576.01
"Poznań, PL","Warsaw, PL",1,280.49
"Poznań, PL","Amsterdam, NL",9,817.9699999999999
"Poznań, PL","Charleroi, BE",2,882.97
"Poznań, PL","Karup, DK",1,659.51
"Poznań, PL","Copenhagen, DK",14,447.53000000000003
"Poznań, PL","Katowice, PL",1,266.94
"Poznań, PL","Groningen, NL",1,693.02
"Poznań, PL","Paphos, CY",3,2327.09
"Poznań, PL","Thessaloniki, GR",2,1403.43
"Poznań, PL","Alicante, ES",6,2066.7
"Poznań, PL","Dublin, IE",3,1544.7699999999998
"Poznań, PL","Stockholm, SE",2,790.25
"Poznań, PL","Palermo, IT",2,1611.93
"Poznań, PL","Orio al Serio (BG), IT",5,911.51
"Poznań, PL","Valencia, ES",1,1954.04
"Poznań, PL","Gdańsk, PL",1,243.23
"Prague, CZ","Nice, Alpes-Maritimes, FR",1,897.62
"Prague, CZ","Steenokkerzeel, BE",1,707.38
"Prievidza, SK","Nowe Kramsko, PL",1,423.7
"Prouvy, FR","Odense, DK",1,733.92
"Pupping, AT","Wels, AT",1,17.83
"Přerov, CZ","Olomouc, CZ",2,22.87
"Ramstein-Miesenbach, DE","Alflen, DE",1,90.55
"Ramstein-Miesenbach, DE","Munich, DE",1,328.79
"Ranón, ES","Barcelona, ES",13,711.58
"Ranón, ES","Palma de Mallorca, ES",7,854.82
"Ranón, ES","Alicante, ES",6,745.68
"Ranón, ES","Málaga, ES",7,776.99
"Ranón, ES","Weeze, DE",2,1274.68
"Ranón, ES","Charleroi, BE",3,1103.21
"Ravenna (RA), IT","Lugo, IT",1,29.65
"Reggio Calabria, IT","Ferno (VA), IT",10,1016.6600000000001
"Reggio Calabria, IT","Capannori (LU), IT",1,768.43
"Reggio Calabria, IT","Caselle Torinese (TO), IT",7,1033.67
"Reggio Calabria, IT","Bologna, IT",5,805.5899999999999
"Reggio Calabria, IT","Segrate (MI), IT",7,974.92
"Reggio Emilia (RE), IT","Loreo (RO), IT",1,125.54
"Rheinmünster, DE","Bucharest, RO",2,1451.56
"Rheinmünster, DE","Palma de Mallorca, ES",7,1110.31
"Rheinmünster, DE","Stockholm, SE",2,1350.82
"Rheinmünster, DE","Alicante, ES",7,1357.1900000000003
"Rheinmünster, DE","Baden-Baden, DE",9,7.84
"Rheinmünster, DE","Velika Gorica, HR",3,690.43
"Rheinmünster, DE","Bologna, IT",4,531.53
"Rheinmünster, DE","Málaga, ES",3,1688.63
"Rheinmünster, DE","Porto, PT",5,1556.02
"Rhodes, GR","Thessaloniki, GR",6,638.27
"Rhodes, GR","Spata-Artemida, GR",17,404.48
"Rhodes, GR","Elefsina, GR",4,441.35
"Riga, LV","Copenhagen, DK",17,716.2300000000001
"Riga, LV","Vienna, AT",14,1103.76
"Riga, LV","Funchal, PT",2,4097.53
"Riga, LV","Turku, FI",3,408.44
"Riga, LV","Helsinki (Vantaa), FI",48,377.82
"Riga, LV","Munich, DE",10,1259.6399999999999
"Riga, LV","Frankfurt am Main, DE",17,1275.91
"Riga, LV","Barcelona, ES",7,2341.77
"Riga, LV","Amsterdam, NL",17,1337.18
"Riga, LV","Tallinn, EE",29,277.33000000000004
"Riga, LV","Stockholm, SE",25,454.8399999999999
"Riga, LV","Köln (Cologne), DE",1,1291.34
"Riga, LV","Zaventem, BE",8,1438.4400000000003
"Riga, LV","Balice, PL",2,814.14
"Riga, LV","Charleroi, BE",4,1468.71
"Riga, LV","Tampere / Pirkkala, FI",8,496.3
"Riga, LV","Düsseldorf, DE",4,1283.86
"Riga, LV","Otopeni, RO",3,1384.64
"Riga, LV","Vilnius, LT",26,269.96
"Riga, LV","Billund, DK",2,924.03
"Riga, LV","Hamburg, DE",4,967.15
"Riga, LV","Berlin, DE",6,846.34
"Riga, LV","Palanga, LT",7,210.48
"Riga, LV","Paris (Roissy-en-France, Val-d'Oise), FR",9,1676.41
"Riga, LV","Orio al Serio (BG), IT",6,1594.84
"Rijen, NL","Hoogerheide, NL",1,42.89
"Rijen, NL","Uden, NL",3,54.5
"Rimini (RN), IT","Munich, DE",1,486.06
"Rimini (RN), IT","Bologna, IT",9,119.94
"Rodez/Marcillac, FR","Paris (Orly, Val-de-Marne), FR",11,479.92
"Rodez/Marcillac, FR","Porto, PT",2,974.87
"Roitzschjora, DE","Landsberg, DE",1,30.58
"Rome, IT","Bologna, IT",3,317.6
"Rome, IT","Vienna, AT",2,773.35
"Rome, IT","Budapest, HU",17,824.45
"Rome, IT","Tarbes/Lourdes/Pyrénées, FR",2,1029.65
"Rome, IT","Caselle (VR), IT",4,418.25
"Rome, IT","Weßling, DE",1,704.0
"Rome, IT","Schkeuditz, DE",6,1069.68
"Rome, IT","Charleroi, BE",16,1140.44
"Rome, IT","Nowy Dwór Mazowiecki, PL",9,1335.81
"Rome, IT","Balice, PL",14,1080.87
"Rome, IT","Caselle Torinese (TO), IT",5,539.38
"Rome, IT","Segrate (MI), IT",18,477.7099999999999
"Rome, IT","Bratislava, SK",7,801.6899999999999
"Rome, IT","Otopeni, RO",10,1149.4900000000002
"Rome, IT","Cork, IE",2,1932.64
"Rome, IT","Fubara, IT",1,40.13
"Rome, IT","Wrocław, PL",5,1088.75
"Rome, IT","Figari, FR",1,278.37
"Rome, IT","Marignane, Bouches-du-Rhône, FR",8,617.23
"Rome, IT","Saint-Tropez, FR",1,511.34
"Ronchi dei Legionari/Trieste, IT","Barcelona, ES",4,1045.77
"Ronchi dei Legionari/Trieste, IT","Segrate (MI), IT",11,328.9099999999999
"Ronchi dei Legionari/Trieste, IT","Mošnov, CZ",1,552.31
"Ronchi dei Legionari/Trieste, IT","Valencia, ES",1,1338.26
"Ronchi dei Legionari/Trieste, IT","Beauvais, FR",1,940.49
"Ronchi dei Legionari/Trieste, IT","Palermo, IT",4,854.44
"Ronchi dei Legionari/Trieste, IT","Balice, PL",3,666.15
"Ronchi dei Legionari/Trieste, IT","Berlin, DE",3,726.58
"Ronchi dei Legionari/Trieste, IT","Frankfurt am Main, DE",6,593.08
"Ronchi dei Legionari/Trieste, IT","Marignane, Bouches-du-Rhône, FR",1,705.09
"Ronneby, SE","Stockholm, SE",23,392.7200000000001
"Roskilde, DK","Sønderborg, DK",2,163.49
"Roskilde, DK","Stockholm, SE",2,555.95
"Roskilde, DK","Paris, FR",1,986.89
"Roskilde, DK","Nuremberg, DE",2,680.55
"Roskilde, DK","Billund, DK",3,187.33
"Roskilde, DK","Aalborg, DK",6,218.91
"Rotterdam, NL","Amsterdam, NL",7,45.019999999999996
"Rotterdam, NL","Melilla, ES",1,1945.11
"Rotterdam, NL","Alicante, ES",13,1569.31
"Rotterdam, NL","Salzburg, AT",13,768.09
"Rotterdam, NL","Faro, PT",8,1925.01
"Rotterdam, NL","Málaga, ES",11,1838.7299999999998
"Rotterdam, NL","Hamburg, DE",1,410.14
"Rotterdam, NL","Maastricht, NL",2,148.49
"Rotterdam, NL","Innsbruck, AT",11,720.78
"Rotterdam, NL","Seville, ES",3,1807.0600000000002
"Rotterdam, NL","Barcelona, ES",7,1198.75
"Rotterdam, NL","Lelystad, NL",5,91.84
"Rotterdam, NL","Bordeaux, FR",2,878.66
"Rotterdam, NL","Tenerife, ES",1,3153.01
"Rønne, DK","Copenhagen, DK",2,146.62
"Saarbrücken, DE","Hamburg, DE",2,522.72
"Saarbrücken, DE","Berlin, DE",6,568.89
"Saarbrücken, DE","Palma de Mallorca, ES",2,1129.07
"Saint-Jacques-de-la-Lande, Ille-et-Vilaine, FR","Grenoble, FR",2,616.59
"Saint-Jacques-de-la-Lande, Ille-et-Vilaine, FR","Köln (Cologne), DE",5,712.28
"Saint-Jacques-de-la-Lande, Ille-et-Vilaine, FR","Amsterdam, NL",5,659.99
"Saint-Jacques-de-la-Lande, Ille-et-Vilaine, FR","Colombier-Saugnieu, Rhône, FR",4,580.06
"Saint-Jacques-de-la-Lande, Ille-et-Vilaine, FR","Toulouse/Blagnac, FR",11,548.87
"Saint-Jacques-de-la-Lande, Ille-et-Vilaine, FR","Paris, FR",2,322.84
"Saint-Jacques-de-la-Lande, Ille-et-Vilaine, FR","Montpellier/Méditerranée, FR",2,666.39
"Saint-Jacques-de-la-Lande, Ille-et-Vilaine, FR","Marignane, Bouches-du-Rhône, FR",6,744.92
"Saint-Jacques-de-la-Lande, Ille-et-Vilaine, FR","Paris (Roissy-en-France, Val-d'Oise), FR",7,332.54
"Saint-Jacques-de-la-Lande, Ille-et-Vilaine, FR","Lorient/Lann/Bihoué, FR",1,131.64
"Saint-Léger-sur-Roanne, FR","Grenoble, FR",1,128.73
"Saint-Nazaire/Montoir, FR","Toulouse/Blagnac, FR",13,492.67
"Saint-Tropez, FR","Luxembourg, LU",1,714.33
"Salzburg, AT","Krems an der Donau, AT",1,208.32
"Salzburg, AT","Hamburg, DE",11,679.46
"Salzburg, AT","Köln (Cologne), DE",3,544.84
"Salzburg, AT","Partizánske, SK",1,405.1
"Salzburg, AT","Frankfurt am Main, DE",24,408.84
"Salzburg, AT","Oostende, BE",1,822.83
"Salzburg, AT","Amsterdam, NL",16,772.63
"Salzburg, AT","Paris, FR",3,790.58
"Salzburg, AT","Segrate (MI), IT",2,386.21
"Salzburg, AT","Munich, DE",1,109.89
"Salzburg, AT","Caselle Torinese (TO), IT",1,500.91
"Salzburg, AT","Burbach, DE",1,482.11
"Salzburg, AT","Laakirchen, AT",3,66.73
"Salzburg, AT","Düsseldorf, DE",15,594.35
"Salzburg, AT","Sankt Johann in Tirol, AT",1,51.46
"Salzburg, AT","Rotterdam, NL",17,768.0899999999999
"Salzburg, AT","Barcelona, ES",2,1125.71
"Samos Island, GR","Rhodes, GR",2,176.83
"San Javier, ES","Morón, ES",24,429.07
"San Javier, ES","Almería, ES",1,172.33
"San Javier, ES","Getafe, ES",6,376.38000000000005
"Santiago de Compostela, ES","Palma de Mallorca, ES",8,1003.25
"Santiago de Compostela, ES","Paris (Orly, Val-de-Marne), FR",5,1056.52
"Santiago de Compostela, ES","Valencia, ES",3,763.9
"Santiago de Compostela, ES","Seville, ES",13,645.6799999999998
"Santiago de Compostela, ES","Barcelona, ES",22,883.25
"Santiago de Compostela, ES","Málaga, ES",4,768.23
"Schkeuditz, DE","Bordeaux, FR",1,1205.78
"Schkeuditz, DE","Porto, PT",1,1952.82
"Schkeuditz, DE","Stockholm, SE",6,966.94
"Schkeuditz, DE","Funchal, PT",2,3136.37
"Schkeuditz, DE","Barcelona, ES",16,1366.29
"Schkeuditz, DE","Shannon, IE",5,1448.14
"Schkeuditz, DE","Frankfurt am Main, DE",36,301.48
"Schkeuditz, DE","Rome, IT",4,1069.68
"Schkeuditz, DE","Spata-Artemida, GR",6,1757.42
"Schkeuditz, DE","Vienna, AT",6,482.0299999999999
"Schkeuditz, DE","Hamburg, DE",3,287.16
"Schkeuditz, DE","Zgornji Brnik, SI",5,600.32
"Schkeuditz, DE","Nantes, FR",5,1108.21
"Schkeuditz, DE","Göteborg, SE",5,700.39
"Schkeuditz, DE","Amsterdam, NL",7,522.02
"Schkeuditz, DE","Bologna, IT",6,768.81
"Schkeuditz, DE","Bratislava, SK",5,508.12000000000006
"Schkeuditz, DE","Billund, DK",5,521.35
"Schkeuditz, DE","Steenokkerzeel, BE",14,542.47
"Schkeuditz, DE","Otopeni, RO",4,1279.21
"Schkeuditz, DE","Helsinki (Vantaa), FI",4,1264.27
"Schkeuditz, DE","Laage, DE",3,277.73
"Schkeuditz, DE","Eindhoven, NL",1,475.24
"Schkeuditz, DE","Colombier-Saugnieu, Rhône, FR",5,822.0800000000002
"Schkeuditz, DE","Marignane, Bouches-du-Rhône, FR",6,1031.74
"Schkeuditz, DE","Brno, CZ",1,405.02
"Segrate (MI), IT","Frankfurt am Main, DE",56,512.27
"Segrate (MI), IT","Porto, PT",6,1521.47
"Segrate (MI), IT","Luxembourg, LU",12,518.68
"Segrate (MI), IT","Zaventem, BE",36,702.77
"Segrate (MI), IT","Paris, FR",14,647.63
"Segrate (MI), IT","Paris (Roissy-en-France, Val-d'Oise), FR",66,643.59
"Segrate (MI), IT","Paris (Orly, Val-de-Marne), FR",40,636.47
"Segrate (MI), IT","Alghero, IT",21,541.13
"Segrate (MI), IT","Amsterdam, NL",72,831.08
"Segrate (MI), IT","Berlin, DE",13,828.4300000000001
"Segrate (MI), IT","Ronchi dei Legionari/Trieste, IT",12,328.91
"Segrate (MI), IT","Copenhagen, DK",5,1155.75
"Segrate (MI), IT","Vienna, AT",29,629.1099999999999
"Segrate (MI), IT","Munich, DE",27,375.39000000000004
"Segrate (MI), IT","Vila Franca de Xira, PT",3,1670.82
"Segrate (MI), IT","Rome, IT",20,477.7099999999999
"Segrate (MI), IT","Palermo, IT",27,874.14
"Segrate (MI), IT","Firenze (FI), IT",4,237.36
"Segrate (MI), IT","Caiolo (SO), IT",2,88.52
"Segrate (MI), IT","Falconara Marittima (AN), IT",14,382.33
"Segrate (MI), IT","Nice, Alpes-Maritimes, FR",4,257.15
"Segrate (MI), IT","Angers, FR",1,770.08
"Segrate (MI), IT","Foggia (FG), IT",7,673.6
"Segrate (MI), IT","Valletta, MT",8,1153.85
"Segrate (MI), IT","Stuttgart, DE",11,360.83
"Segrate (MI), IT","Dublin, IE",7,1426.76
"Segrate (MI), IT","Comiso, IT",7,1039.39
"Segrate (MI), IT","Barcelona, ES",12,741.9699999999999
"Segrate (MI), IT","Stockholm, SE",9,1666.12
"Segrate (MI), IT","Lamezia Terme (CZ), IT",13,925.78
"Segrate (MI), IT","Düsseldorf, DE",14,675.6899999999999
"Segrate (MI), IT","Perugia (PG), IT",1,366.87
"Segrate (MI), IT","Friedrichshafen, DE",1,248.19
"Segrate (MI), IT","Reggio Calabria, IT",7,974.92
"Seville, ES","Valencia, ES",17,524.41
"Seville, ES","Dublin, IE",8,1780.54
"Seville, ES","Bologna, IT",4,1640.55
"Seville, ES","Almería, ES",11,318.75
"Seville, ES","Barcelona, ES",63,809.2799999999999
"Seville, ES","Amsterdam, NL",17,1852.07
"Seville, ES","Köln (Cologne), DE",3,1815.6899999999998
"Seville, ES","Pisa (PI), IT",5,1538.6
"Seville, ES","Eindhoven, NL",9,1793.9000000000003
"Seville, ES","Beauvais, FR",4,1484.29
"Seville, ES","Caselle Torinese (TO), IT",3,1421.0199999999998
"Seville, ES","Paris (Orly, Val-de-Marne), FR",24,1423.43
"Seville, ES","Ibiza (Eivissa), ES",4,655.49
"Seville, ES","Melilla, ES",3,354.52
"Seville, ES","Palma de Mallorca, ES",27,787.51
"Seville, ES","Jerez de la Frontera, ES",2,76.33
"Seville, ES","Munich, DE",4,1876.99
"Seville, ES","Santiago de Compostela, ES",9,645.68
"Seville, ES","Cork, IE",3,1616.6500000000003
"Seville, ES","Alicante, ES",5,478.1
"Seville, ES","Weeze, DE",3,1837.96
"Seville, ES","Colombier-Saugnieu, Rhône, FR",5,1296.98
"Seville, ES","Alava, ES",1,664.53
"Seville, ES","Vila Franca de Xira, PT",4,319.02
"Seville, ES","Pamplona, ES",1,695.94
"Seville, ES","Nuremberg, DE",2,1910.13
"Seville, ES","Berlin, DE",2,2243.15
"Seville, ES","Rotterdam, NL",3,1807.0600000000002
"Seville, ES","Porto, PT",8,488.68999999999994
"Seville, ES","Nantes, FR",6,1137.91
"Seville, ES","Ferno (VA), IT",18,1517.71
"Seville, ES","Getafe, ES",1,370.86
"Seville, ES","Orio al Serio (BG), IT",7,1585.3799999999999
"Seville, ES","Steenokkerzeel, BE",1,1710.2
"Seville, ES","Paris (Roissy-en-France, Val-d'Oise), FR",13,1457.23
"Seville, ES","Málaga, ES",2,148.77
"Seville, ES","Charleroi, BE",8,1666.93
"Seville, ES","Marignane, Bouches-du-Rhône, FR",4,1152.39
"Sečovlje, SI","Wiener Neustadt, AT",5,330.83
"Shannon, IE","Schkeuditz, DE",5,1448.14
"Shannon, IE","Tenerife, ES",1,2787.5
"Shannon, IE","Balice, PL",7,1999.68
"Shannon, IE","Funchal, PT",2,2311.71
"Shannon, IE","Dublin, IE",10,195.39
"Shannon, IE","Budapest, HU",3,2067.78
"Shannon, IE","Rome, IT",1,2003.45
"Shannon, IE","Málaga, ES",3,1815.2699999999998
"Shannon, IE","Wrocław, PL",5,1769.81
"Shannon, IE","Inis Oírr, IE",1,56.33
"Shannon, IE","Eindhoven, NL",1,985.43
"Shannon, IE","Seville, ES",1,1715.71
"Sigonella (CT), IT","Ferno (VA), IT",41,1049.56
"Sigonella (CT), IT","Ronchi dei Legionari/Trieste, IT",4,944.58
"Sigonella (CT), IT","Pescara, IT",3,562.78
"Sigonella (CT), IT","Valletta, MT",8,177.21
"Sigonella (CT), IT","Segrate (MI), IT",30,1010.06
"Sigonella (CT), IT","Caselle (VR), IT",18,950.0699999999999
"Sigonella (CT), IT","Budapest, HU",10,1173.06
"Sigonella (CT), IT","Bologna, IT",21,849.64
"Sigonella (CT), IT","Capannoli (PI), IT",5,775.31
"Sigonella (CT), IT","Pisa (PI), IT",5,796.22
"Sigonella (CT), IT","Genova (GE), IT",2,931.5
"Sigonella (CT), IT","Orio al Serio (BG), IT",14,1016.03
"Sigonella (CT), IT","Perugia (PG), IT",1,665.28
"Sigonella (CT), IT","Otopeni, RO",4,1229.41
"Sigonella (CT), IT","Capannori (LU), IT",1,802.66
"Sigonella (CT), IT","Charleroi, BE",5,1672.8699999999997
"Sigonella (CT), IT","Lamezia Terme (CZ), IT",1,203.42
"Sigonella (CT), IT","Grâce-Hollogne, BE",1,1652.41
"Sigonella (CT), IT","Paris (Orly, Val-de-Marne), FR",2,1615.24
"Sigonella (CT), IT","Paris (Roissy-en-France, Val-d'Oise), FR",3,1629.83
"Sigonella (CT), IT","Caselle Torinese (TO), IT",22,1057.86
"Sigonella (CT), IT","Frankfurt am Main (Lautzenhausen), DE",4,1522.96
"Sigonella (CT), IT","Düsseldorf, DE",3,1672.42
"Sigonella (CT), IT","Vienna, AT",3,1198.23
"Sigonella (CT), IT","Montichiari (BS), IT",4,970.82
"Sigonella (CT), IT","Ramstein-Miesenbach, DE",1,1461.39
"Sigonella (CT), IT","Berlin, DE",5,1667.15
"Sigonella (CT), IT","Katowice, PL",6,1490.82
"Sigonella (CT), IT","Stuttgart, DE",4,1336.97
"Sigonella (CT), IT","Bratislava, SK",1,1211.75
"Sigonella (CT), IT","Balice, PL",5,1461.8200000000002
"Skellefteå, SE","Stockholm, SE",22,592.5500000000001
"Skellefteå, SE","Umeå, SE",1,100.28
"Skiathos, GR","Spata-Artemida, GR",1,143.18
"Spata-Artemida, GR","Budapest, HU",23,1132.6
"Spata-Artemida, GR","Düsseldorf, DE",15,2003.4200000000003
"Spata-Artemida, GR","Stockholm, SE",7,2435.7599999999998
"Spata-Artemida, GR","Bucharest, RO",2,752.09
"Spata-Artemida, GR","Mytilene, GR",32,262.45
"Spata-Artemida, GR","Rhodes, GR",35,404.48
"Spata-Artemida, GR","Skiathos, GR",4,143.18
"Spata-Artemida, GR","Thessaloniki, GR",126,299.2099999999999
"Spata-Artemida, GR","Paris (Roissy-en-France, Val-d'Oise), FR",27,2108.19
"Spata-Artemida, GR","Kos Island, GR",26,305.67999999999995
"Spata-Artemida, GR","Kithira Island, GR",1,202.33
"Spata-Artemida, GR","Alexandroupolis, GR",38,367.76000000000005
"Spata-Artemida, GR","Amsterdam, NL",32,2181.75
"Spata-Artemida, GR","Colombier-Saugnieu, Rhône, FR",8,1779.85
"Spata-Artemida, GR","Frankfurt am Main, DE",52,1815.7899999999997
"Spata-Artemida, GR","Orio al Serio (BG), IT",7,1456.49
"Spata-Artemida, GR","Vienna, AT",26,1278.8899999999999
"Spata-Artemida, GR","Zaventem, BE",22,2101.43
"Spata-Artemida, GR","Bologna, IT",14,1285.41
"Spata-Artemida, GR","Munich, DE",49,1517.6799999999998
"Spata-Artemida, GR","Hamburg, DE",7,2044.05
"Spata-Artemida, GR","Larnaca, CY",81,930.2199999999999
"Spata-Artemida, GR","Ferno (VA), IT",35,1520.3499999999997
"Spata-Artemida, GR","Barcelona, ES",25,1904.51
"Spata-Artemida, GR","Lisbon, PT",11,2870.1
"Spata-Artemida, GR","Berlin, DE",16,1796.72
"Spata-Artemida, GR","Schkeuditz, DE",5,1757.42
"Spata-Artemida, GR","Kefallinia Island, GR",5,302.33
"Spata-Artemida, GR","Otopeni, RO",20,759.49
"Spata-Artemida, GR","Katowice, PL",11,1446.42
"Spata-Artemida, GR","Vila Franca de Xira, PT",2,2859.35
"Spata-Artemida, GR","Copenhagen, DK",19,2139.45
"Spata-Artemida, GR","Marignane, Bouches-du-Rhône, FR",3,1689.13
"Spata-Artemida, GR","Dublin, IE",5,2875.55
"Spata-Artemida, GR","Kavala, GR",11,336.05
"Spata-Artemida, GR","Nowy Dwór Mazowiecki, PL",5,1634.01
"Spata-Artemida, GR","Eindhoven, NL",3,2088.99
"Spata-Artemida, GR","Valletta, MT",12,871.75
"Spata-Artemida, GR","Bratislava, SK",2,1261.37
"Spata-Artemida, GR","Paris (Orly, Val-de-Marne), FR",12,2105.04
"Spata-Artemida, GR","Segrate (MI), IT",4,1472.98
"Spata-Artemida, GR","Balice, PL",3,1389.86
"Spata-Artemida, GR","Paphos, CY",3,844.2400000000001
"Spata-Artemida, GR","Velika Gorica, HR",1,1084.73
"Spata-Artemida, GR","Limnos Island, GR",12,246.96
"Spata-Artemida, GR","Stuttgart, DE",5,1682.1600000000003
"Sta Cruz de la Palma, La Palma Island, ES","Gran Canaria Island, ES",3,241.79
"Sta Cruz de la Palma, La Palma Island, ES","Alajero, La Gomera Island, ES",1,84.91
"Steenokkerzeel, BE","Nice, Alpes-Maritimes, FR",11,832.34
"Steenokkerzeel, BE","Amsterdam, NL",21,156.28
"Steenokkerzeel, BE","Copenhagen, DK",30,753.0899999999999
"Steenokkerzeel, BE","Bologna, IT",2,871.84
"Steenokkerzeel, BE","Segrate (MI), IT",27,703.66
"Steenokkerzeel, BE","Paris (Roissy-en-France, Val-d'Oise), FR",10,253.04000000000002
"Steenokkerzeel, BE","Colombier-Saugnieu, Rhône, FR",7,578.51
"Steenokkerzeel, BE","Vilnius, LT",2,1452.6
"Steenokkerzeel, BE","Munich, DE",28,597.14
"Steenokkerzeel, BE","Schkeuditz, DE",15,542.47
"Steenokkerzeel, BE","Alicante, ES",28,1459.43
"Steenokkerzeel, BE","Berlin, DE",15,641.92
"Steenokkerzeel, BE","Frankfurt am Main, DE",34,304.23
"Steenokkerzeel, BE","Barcelona, ES",41,1085.18
"Steenokkerzeel, BE","Toulouse/Blagnac, FR",11,843.44
"Steenokkerzeel, BE","Stockholm, SE",16,1275.7299999999998
"Steenokkerzeel, BE","Vienna, AT",19,924.78
"Steenokkerzeel, BE","Vila Franca de Xira, PT",8,1704.23
"Steenokkerzeel, BE","Budapest, HU",8,1126.58
"Steenokkerzeel, BE","Helsinki (Vantaa), FI",14,1645.2900000000002
"Steenokkerzeel, BE","Tallinn, EE",2,1590.27
"Steenokkerzeel, BE","Lisbon, PT",14,1718.75
"Steenokkerzeel, BE","Dublin, IE",25,783.89
"Steenokkerzeel, BE","Faro, PT",5,1833.6799999999998
"Steenokkerzeel, BE","Valletta, MT",4,1856.23
"Steenokkerzeel, BE","Seville, ES",3,1710.2
"Steenokkerzeel, BE","Tenerife, ES",2,3069.42
"Steenokkerzeel, BE","Bacău, RO",2,1708.1
"Steenokkerzeel, BE","Otopeni, RO",6,1754.8500000000001
"Steenokkerzeel, BE","Bordeaux, FR",3,779.66
"Steenokkerzeel, BE","Porto, PT",9,1474.63
"Steenokkerzeel, BE","Riga, LV",5,1437.29
"Steenokkerzeel, BE","Zgornji Brnik, SI",3,898.62
"Steenokkerzeel, BE","Ferno (VA), IT",14,665.62
"Steenokkerzeel, BE","Hamburg, DE",8,473.38
"Steenokkerzeel, BE","Spata-Artemida, GR",9,2101.84
"Steenokkerzeel, BE","Málaga, ES",22,1736.88
"Steenokkerzeel, BE","Lesquin, FR",1,105.05
"Steenokkerzeel, BE","Zaventem, BE",9,1.41
"Steenokkerzeel, BE","Thessaloniki, GR",1,1833.42
"Steenokkerzeel, BE","Velika Gorica, HR",3,1029.28
"Steenokkerzeel, BE","Jasionka, PL",1,1240.07
"Steenokkerzeel, BE","Innsbruck, AT",4,643.02
"Steenokkerzeel, BE","Jönköping, SE",2,980.31
"Steenokkerzeel, BE","Paris, FR",1,262.06
"Steenokkerzeel, BE","Göteborg, SE",8,901.35
"Steenokkerzeel, BE","Firenze (FI), IT",1,937.05
"Steenokkerzeel, BE","Balice, PL",1,1083.83
"Steenokkerzeel, BE","Valencia, ES",2,1327.92
"Steenokkerzeel, BE","Marignane, Bouches-du-Rhône, FR",9,832.99
"Stockerau, AT","Ober-Grafendorf, AT",1,52.59
"Stockholm, SE","Umeå, SE",2,492.83
"Stockholm, SE","Göteborg, SE",44,392.85
"Stockholm, SE","Copenhagen, DK",104,534.1
"Stockholm, SE","Charleroi, BE",5,1317.75
"Stockholm, SE","Dublin, IE",12,1620.64
"Stockholm, SE","Luleå, SE",66,705.0
"Stockholm, SE","Munich, DE",27,1301.96
"Stockholm, SE","Ängelholm, SE",27,466.0299999999999
"Stockholm, SE","Billund, DK",10,668.53
"Stockholm, SE","Vilnius, LT",12,699.4300000000002
"Stockholm, SE","Helsinki (Vantaa), FI",96,401.99
"Stockholm, SE","Skellefteå, SE",28,592.5500000000001
"Stockholm, SE","Visby, SE",9,205.83000000000004
"Stockholm, SE","Gdańsk, PL",7,570.65
"Stockholm, SE","Zaventem, BE",19,1277.08
"Stockholm, SE","Düsseldorf, DE",7,1150.62
"Stockholm, SE","Schkeuditz, DE",5,966.9400000000002
"Stockholm, SE","Ronneby, SE",23,392.7200000000001
"Stockholm, SE","Halmstad, SE",16,433.37
"Stockholm, SE","Siljansnäs, SE",2,223.51
"Stockholm, SE","Málaga, ES",27,3004.0799999999995
"Stockholm, SE","Tallinn, EE",27,389.7
"Stockholm, SE","Frankfurt am Main, DE",32,1210.58
"Stockholm, SE","Amsterdam, NL",57,1142.37
"Stockholm, SE","Riga, LV",24,454.84
"Stockholm, SE","Palma de Mallorca, ES",5,2461.13
"Stockholm, SE","Dortmund, DE",1,1097.58
"Stockholm, SE","Paris (Roissy-en-France, Val-d'Oise), FR",39,1528.58
"Stockholm, SE","Baden-Baden, DE",2,1346.37
"Stockholm, SE","Berlin, DE",22,840.09
"Stockholm, SE","Kaunas, LT",6,625.53
"Stockholm, SE","Porto, PT",2,2735.3
"Stockholm, SE","Orio al Serio (BG), IT",11,1632.4700000000003
"Stockholm, SE","Steenokkerzeel, BE",6,1275.7299999999998
"Stockholm, SE","Paris (Orly, Val-de-Marne), FR",6,1562.0199999999998
"Stockholm, SE","Balice, PL",9,1054.45
"Stockholm, SE","Budapest, HU",4,1337.76
"Stockholm, SE","Kiruna, SE",11,932.58
"Stockholm, SE","Hannover, DE",1,934.58
"Stockholm, SE","Malmö, SE",37,517.98
"Stockholm, SE","Alicante, ES",15,2698.53
"Stockholm, SE","Segrate (MI), IT",9,1666.12
"Stockholm, SE","Köln (Cologne), DE",8,1176.51
"Stockholm, SE","Ferno (VA), IT",6,1659.5199999999998
"Stockholm, SE","Vienna, AT",12,1269.74
"Stockholm, SE","Beauvais, FR",2,1506.72
"Stockholm, SE","Paris, FR",1,1537.72
"Stockholm, SE","Poznań, PL",2,790.25
"Stockholm, SE","Barcelona, ES",10,2301.8200000000006
"Stockholm, SE","Vila Franca de Xira, PT",2,2974.21
"Stockholm / Västerås, SE","Málaga, ES",2,2963.06
"Stockholm / Västerås, SE","Ludvika, SE",1,102.24
"Strasbourg, FR","Colombier-Saugnieu, Rhône, FR",7,366.90000000000003
"Strasbourg, FR","Barcelona, ES",4,915.53
"Strasbourg, FR","Chassieu, Lyon, FR",2,372.62
"Strasbourg, FR","Dole, FR",1,234.13
"Strasbourg, FR","Montpellier/Méditerranée, FR",1,619.84
"Strasbourg, FR","Toulouse/Blagnac, FR",7,728.4800000000001
"Strasbourg, FR","Bordeaux, FR",7,757.79
"Strasbourg, FR","Nantes, FR",6,705.98
"Strasbourg, FR","Marignane, Bouches-du-Rhône, FR",5,596.96
"Strasbourg, FR","Nice, Alpes-Maritimes, FR",8,543.55
"Strasbourg, FR","Ferno (VA), IT",2,333.86
"Stuttgart, DE","Paris (Roissy-en-France, Val-d'Oise), FR",15,489.0199999999999
"Stuttgart, DE","Grâce-Hollogne, BE",5,347.62
"Stuttgart, DE","Thessaloniki, GR",7,1413.99
"Stuttgart, DE","Arvidsjaur, SE",4,1969.08
"Stuttgart, DE","Munich, DE",23,192.5
"Stuttgart, DE","Amsterdam, NL",25,511.00999999999993
"Stuttgart, DE","Berlin, DE",26,508.0
"Stuttgart, DE","Budapest, HU",11,746.55
"Stuttgart, DE","Vienna, AT",23,546.05
"Stuttgart, DE","Hamburg, DE",22,546.19
"Stuttgart, DE","Greven, DE",2,398.04
"Stuttgart, DE","Frankfurt am Main, DE",32,156.21999999999997
"Stuttgart, DE","Barcelona, ES",17,994.6600000000001
"Stuttgart, DE","Velika Gorica, HR",2,611.85
"Stuttgart, DE","Schkeuditz, DE",6,371.95
"Stuttgart, DE","Segrate (MI), IT",11,360.83
"Stuttgart, DE","Palma de Mallorca, ES",15,1139.3
"Stuttgart, DE","Copenhagen, DK",19,804.94
"Stuttgart, DE","Lisbon, PT",4,1833.04
"Stuttgart, DE","Palanga, LT",1,1140.13
"Stuttgart, DE","Köln (Cologne), DE",7,284.29
"Sylt, DE","Munich, DE",1,766.92
"Sylt, DE","Paris, FR",1,775.06
"Sylt, DE","Düsseldorf, DE",4,416.38
"Sylt, DE","Weßling, DE",1,786.32
"Szymany, PL","Balice, PL",2,386.74
"Sármellék, HU","Feldkirchen bei Graz, AT",1,135.1
"Sønderborg, DK","Odense, DK",2,66.19
"Sønderborg, DK","Copenhagen, DK",22,195.35
"Tallard, Hautes-Alpes, FR","Marignane, Bouches-du-Rhône, FR",3,130.96
"Tallinn, EE","Helsinki (Vantaa), FI",58,100.91
"Tallinn, EE","Vilnius, LT",15,532.1200000000001
"Tallinn, EE","Roskilde, DK",1,868.06
"Tallinn, EE","Paris (Roissy-en-France, Val-d'Oise), FR",5,1838.69
"Tallinn, EE","Amsterdam, NL",14,1471.8700000000001
"Tallinn, EE","Frankfurt am Main, DE",17,1469.63
"Tallinn, EE","Steenokkerzeel, BE",1,1590.27
"Tallinn, EE","Stockholm, SE",32,389.7
"Tallinn, EE","Berlin, DE",3,1052.69
"Tallinn, EE","Riga, LV",29,277.33000000000004
"Tallinn, EE","Copenhagen, DK",28,838.9599999999999
"Tallinn, EE","Düsseldorf, DE",2,1448.17
"Tallinn, EE","Munich, DE",4,1492.09
"Tallinn, EE","Kuressaare, EE",9,187.59000000000003
"Tallinn, EE","Barcelona, ES",4,2554.7
"Tampere / Pirkkala, FI","Kuopio / Siilinjärvi, FI",5,280.33
"Tampere / Pirkkala, FI","Riga, LV",8,496.3
"Tampere / Pirkkala, FI","Jyväskylän Maalaiskunta, FI",5,154.25
"Tampere / Pirkkala, FI","Roskilde, DK",1,927.27
"Tarbes/Lourdes/Pyrénées, FR","Rome, IT",2,1029.65
"Tarbes/Lourdes/Pyrénées, FR","Pamplona, ES",1,140.94
"Tarbes/Lourdes/Pyrénées, FR","Paris (Orly, Val-de-Marne), FR",8,643.45
"Thessaloniki, GR","Bratislava, SK",4,965.44
"Thessaloniki, GR","Rhodes, GR",7,638.2699999999999
"Thessaloniki, GR","Stuttgart, DE",8,1413.9900000000002
"Thessaloniki, GR","Düsseldorf, DE",11,1726.62
"Thessaloniki, GR","Weeze, DE",6,1782.1199999999997
"Thessaloniki, GR","Munich, DE",12,1241.52
"Thessaloniki, GR","Spata-Artemida, GR",76,299.21
"Thessaloniki, GR","Vienna, AT",8,984.98
"Thessaloniki, GR","Berlin, DE",8,1500.52
"Thessaloniki, GR","Mytilene, GR",10,350.03000000000003
"Thessaloniki, GR","Frankfurt am Main, DE",11,1540.8299999999997
"Thessaloniki, GR","Bologna, IT",1,1054.96
"Thessaloniki, GR","Valletta, MT",2,904.4
"Thessaloniki, GR","Larnaca, CY",16,1126.84
"Thessaloniki, GR","Amsterdam, NL",6,1904.79
"Thessaloniki, GR","Zaventem, BE",2,1833.11
"Thessaloniki, GR","Poznań, PL",2,1403.43
"Thessaloniki, GR","Paphos, CY",3,1056.54
"Thessaloniki, GR","Nuremberg, DE",5,1364.62
"Thessaloniki, GR","Limnos Island, GR",4,203.73
"Thessaloniki, GR","Balice, PL",5,1091.38
"Thessaloniki, GR","Paris (Orly, Val-de-Marne), FR",3,1859.0199999999998
"Thessaloniki, GR","Orio al Serio (BG), IT",5,1217.43
"Thessaloniki, GR","Otopeni, RO",4,518.5
"Thessaloniki, GR","Charleroi, BE",5,1809.3
"Timişoara, RO","Otopeni, RO",22,397.92999999999995
"Timişoara, RO","Munich, DE",12,775.93
"Timişoara, RO","Orio al Serio (BG), IT",4,901.81
"Timişoara, RO","Nuremberg, DE",2,870.05
"Torino (TO), IT","Levaldigi (CN), IT",2,59.73
"Toulouse/Blagnac, FR","Nice, Alpes-Maritimes, FR",6,470.8
"Toulouse/Blagnac, FR","Vila Franca de Xira, PT",7,1015.41
"Toulouse/Blagnac, FR","Barcelona, ES",4,265.85
"Toulouse/Blagnac, FR","Zaragoza, ES",1,293.81
"Toulouse/Blagnac, FR","Valencia, ES",1,485.22
"Toulouse/Blagnac, FR","Zaventem, BE",8,842.03
"Toulouse/Blagnac, FR","Frankfurt am Main, DE",14,896.6999999999999
"Toulouse/Blagnac, FR","Munich, DE",14,960.12
"Toulouse/Blagnac, FR","Paris (Orly, Val-de-Marne), FR",101,571.81
"Toulouse/Blagnac, FR","Alicante, ES",3,616.02
"Toulouse/Blagnac, FR","Paris (Roissy-en-France, Val-d'Oise), FR",76,605.1299999999999
"Toulouse/Blagnac, FR","Friedrichshafen, DE",2,775.94
"Toulouse/Blagnac, FR","Steenokkerzeel, BE",9,843.44
"Toulouse/Blagnac, FR","Colombier-Saugnieu, Rhône, FR",29,375.65999999999997
"Toulouse/Blagnac, FR","Hamburg, DE",1,1270.74
"Toulouse/Blagnac, FR","Marignane, Bouches-du-Rhône, FR",11,310.95
"Toulouse/Blagnac, FR","Amsterdam, NL",20,997.47
"Toulouse/Blagnac, FR","Saint-Jacques-de-la-Lande, Ille-et-Vilaine, FR",11,548.87
"Toulouse/Blagnac, FR","Charleroi, BE",6,794.98
"Toulouse/Blagnac, FR","Porto, PT",5,865.15
"Toulouse/Blagnac, FR","Nantes, FR",21,455.44999999999993
"Toulouse/Blagnac, FR","Strasbourg, FR",7,728.4800000000001
"Toulouse/Blagnac, FR","Getafe, ES",4,560.58
"Toulouse/Blagnac, FR","Lesquin, FR",9,782.5
"Toulouse/Blagnac, FR","Caselle Torinese (TO), IT",1,528.78
"Toulouse/Blagnac, FR","Ferno (VA), IT",3,623.52
"Toulouse/Blagnac, FR","Brest, FR",2,696.95
"Toulouse/Blagnac, FR","Caselle (VR), IT",1,779.73
"Toulouse/Blagnac, FR","Valletta, MT",2,1414.5
"Toulouse/Blagnac, FR","Caen, FR",2,632.39
"Toulouse/Blagnac, FR","Budapest, HU",2,1443.77
"Toulouse/Blagnac, FR","Orio al Serio (BG), IT",4,697.64
"Tours, Indre-et-Loire, FR","Porto, PT",1,1014.91
"Tours, Indre-et-Loire, FR","Frankfurt am Main (Lautzenhausen), DE",1,554.87
"Tours, Indre-et-Loire, FR","Paris, FR",1,212.1
"Toussus-le-Noble, Yvelines, FR","Marignane, Bouches-du-Rhône, FR",2,637.43
"Toussus-le-Noble, Yvelines, FR","Berck-sur-Mer, FR",1,189.49
"Trebbin, DE","Annecy, FR",1,866.06
"Treviso (TV), IT","Rome, IT",1,428.13
"Treviso (TV), IT","Campo di Pietra (TV), IT",5,27.679999999999996
"Treviso (TV), IT","Budapest, HU",4,567.38
"Treviso (TV), IT","Vila Franca de Xira, PT",1,1894.2
"Treviso (TV), IT","Vienna, AT",7,430.61
"Treviso (TV), IT","Wrocław, PL",2,698.12
"Treviso (TV), IT","Nuremberg, DE",1,436.23
"Treviso (TV), IT","Charleroi, BE",5,784.72
"Treviso (TV), IT","Beauvais, FR",2,865.91
"Treviso (TV), IT","Valletta, MT",4,1106.9
"Treviso (TV), IT","Otopeni, RO",9,1096.65
"Treviso (TV), IT","Chambéry, FR",1,490.73
"Trollhättan, SE","Ålleberg, SE",1,76.38
"Tulln an der Donau, AT","Seitenstetten, AT",1,111.72
"Turku, FI","Riga, LV",3,408.44
"Turku, FI","Copenhagen, DK",6,783.2200000000001
"Turku, FI","Vilnius, LT",3,678.03
"Turku, FI","Otopeni, RO",2,1790.88
"Turku, FI","Gdańsk, PL",3,718.87
"Turku, FI","Paris (Roissy-en-France, Val-d'Oise), FR",3,1785.3100000000002
"Uden, NL","Eindhoven, NL",2,32.58
"Uherské Hradiště, CZ","Hradec Králové, CZ",1,178.04
"Uppsala, SE","Stockholm / Västerås, SE",2,63.52
"Uppsala, SE","Eskilstuna, SE",2,78.34
"Valbrembo (BG), IT","Torino (TO), IT",1,170.73
"Valbrembo (BG), IT","Orio al Serio (BG), IT",4,10.54
"Valencia, ES","Ibiza (Eivissa), ES",13,173.88
"Valencia, ES","Seville, ES",16,524.41
"Valencia, ES","Palma de Mallorca, ES",22,276.25
"Valencia, ES","Porto, PT",8,721.41
"Valencia, ES","Málaga, ES",6,470.66
"Valencia, ES","Bologna, IT",3,1121.07
"Valencia, ES","Berlin, DE",3,1787.41
"Valencia, ES","Amsterdam, NL",16,1481.12
"Valencia, ES","Santiago de Compostela, ES",2,763.9
"Valencia, ES","Charleroi, BE",4,1279.78
"Valencia, ES","Marignane, Bouches-du-Rhône, FR",1,646.14
"Valencia, ES","Frankfurt am Main, DE",5,1369.72
"Valencia, ES","Vila Franca de Xira, PT",7,739.61
"Valencia, ES","Orio al Serio (BG), IT",7,1079.4
"Valencia, ES","Colombier-Saugnieu, Rhône, FR",1,829.47
"Valencia, ES","Eindhoven, NL",6,1405.05
"Valencia, ES","Beauvais, FR",1,1126.85
"Valencia, ES","Nantes, FR",1,857.06
"Valencia, ES","Palermo, IT",2,1193.66
"Valencia, ES","Köln (Cologne), DE",2,1397.28
"Valencia, ES","Balice, PL",5,1975.4299999999998
"Valencia, ES","Ferno (VA), IT",7,1016.25
"Valencia, ES","Ronchi dei Legionari/Trieste, IT",1,1338.26
"Valencia, ES","Culleredo, ES",1,782.79
"Valencia, ES","Paris (Orly, Val-de-Marne), FR",11,1051.68
"Valencia, ES","Ferlach, AT",1,1432.99
"Valencia, ES","Vienna, AT",3,1664.82
"Valencia, ES","Barcelona, ES",14,295.59999999999997
"Valencia, ES","Caselle Torinese (TO), IT",2,920.99
"Valencia, ES","Dublin, IE",3,1610.7
"Valencia, ES","Pescara, IT",1,1272.23
"Valencia, ES","Mahón (Maó), ES",1,404.3
"Valencia, ES","Nuremberg, DE",1,1438.62
"Valencia, ES","Capannori (LU), IT",1,1036.39
"Valencia, ES","Memmingen, DE",1,1276.15
"Valencia, ES","Luxembourg, LU",1,1244.55
"Valencia, ES","Zaventem, BE",5,1326.5099999999998
"Valencia, ES","Pamplona, ES",1,377.63
"Valencia, ES","Paris (Roissy-en-France, Val-d'Oise), FR",9,1085.56
"Valencia, ES","Budapest, HU",2,1806.97
"Valencia, ES","Düsseldorf, DE",3,1427.3
"Valencia, ES","Munich, DE",4,1388.47
"Valletta, MT","Otopeni, RO",5,1380.74
"Valletta, MT","Köln (Cologne), DE",8,1770.5099999999998
"Valletta, MT","Catania, IT",9,187.38
"Valletta, MT","Budapest, HU",11,1350.06
"Valletta, MT","Frankfurt am Main, DE",12,1647.8100000000002
"Valletta, MT","Munich, DE",18,1408.36
"Valletta, MT","Zaventem, BE",6,1855.2900000000002
"Valletta, MT","Amsterdam, NL",8,1984.49
"Valletta, MT","Vila Franca de Xira, PT",2,2100.0
"Valletta, MT","Ferno (VA), IT",9,1190.63
"Valletta, MT","Vilnius, LT",2,2247.59
"Valletta, MT","Thessaloniki, GR",2,904.4
"Valletta, MT","Larnaca, CY",7,1735.6499999999999
"Valletta, MT","Katowice, PL",9,1668.0
"Valletta, MT","Dublin, IE",10,2533.94
"Valletta, MT","Nowy Dwór Mazowiecki, PL",13,1908.98
"Valletta, MT","Segrate (MI), IT",7,1153.85
"Valletta, MT","Balice, PL",12,1639.0
"Valletta, MT","Vienna, AT",13,1374.37
"Valletta, MT","Barcelona, ES",12,1235.97
"Valletta, MT","Paris (Orly, Val-de-Marne), FR",6,1739.78
"Valletta, MT","Perugia (PG), IT",1,823.78
"Valletta, MT","Toulouse/Blagnac, FR",2,1414.5
"Valletta, MT","Wrocław, PL",6,1707.28
"Valletta, MT","Bratislava, SK",4,1388.47
"Valletta, MT","Jerez de la Frontera, ES",1,1841.03
"Valletta, MT","Velika Gorica, HR",3,1108.41
"Valletta, MT","Orio al Serio (BG), IT",7,1163.66
"Valletta, MT","Charleroi, BE",10,1813.75
"Valletta, MT","Marignane, Bouches-du-Rhône, FR",3,1157.83
"Vannes/Meucon, FR","Saint-Jacques-de-la-Lande, Ille-et-Vilaine, FR",1,82.83
"Varaždin, HR","Čakovec, HR",1,14.06
"Velika Gorica, HR","Vienna, AT",17,265.96999999999997
"Velika Gorica, HR","Munich, DE",24,435.28
"Velika Gorica, HR","Köln (Cologne), DE",5,870.9199999999998
"Velika Gorica, HR","Stuttgart, DE",3,611.85
"Velika Gorica, HR","Beauvais, FR",1,1122.78
"Velika Gorica, HR","Frankfurt am Main, DE",28,734.59
"Velika Gorica, HR","Copenhagen, DK",7,1123.72
"Velika Gorica, HR","Steenokkerzeel, BE",3,1029.28
"Velika Gorica, HR","Paris (Roissy-en-France, Val-d'Oise), FR",10,1078.71
"Velika Gorica, HR","Rheinmünster, DE",2,690.43
"Velika Gorica, HR","Calden, DE",1,799.02
"Velika Gorica, HR","Valletta, MT",5,1108.41
"Velika Gorica, HR","Pisa (PI), IT",2,503.41
"Velika Gorica, HR","Eindhoven, NL",2,1008.83
"Velika Gorica, HR","Ferno (VA), IT",4,570.15
"Venegono Superiore (VA), IT","Levaldigi (CN), IT",2,165.81
"Venezia (VE), IT","Paris (Roissy-en-France, Val-d'Oise), FR",47,834.89
"Venezia (VE), IT","Barcelona, ES",33,951.75
"Venezia (VE), IT","Vienna, AT",19,432.25999999999993
"Venezia (VE), IT","Vila Franca de Xira, PT",4,1901.75
"Venezia (VE), IT","Lamezia Terme (CZ), IT",6,800.56
"Venezia (VE), IT","Frankfurt am Main, DE",24,577.01
"Venezia (VE), IT","Zaventem, BE",9,835.76
"Venezia (VE), IT","Valencia, ES",2,1244.48
"Venezia (VE), IT","Amsterdam, NL",21,936.9100000000001
"Venezia (VE), IT","Schkeuditz, DE",6,657.82
"Venezia (VE), IT","Nantes, FR",4,1086.09
"Venezia (VE), IT","Shannon, IE",1,1734.35
"Venezia (VE), IT","Berlin, DE",6,766.9900000000001
"Venezia (VE), IT","Segrate (MI), IT",6,239.85
"Venezia (VE), IT","Köln (Cologne), DE",5,709.8399999999999
"Venezia (VE), IT","Dublin, IE",5,1600.52
"Venezia (VE), IT","Bordeaux, FR",6,1026.06
"Venezia (VE), IT","Orio al Serio (BG), IT",1,206.47
"Venezia (VE), IT","Munich, DE",17,319.64
"Venezia (VE), IT","Chambéry, FR",2,503.82
"Venezia (VE), IT","Paris, FR",3,840.65
"Venezia (VE), IT","Paris (Orly, Val-de-Marne), FR",26,834.31
"Venezia (VE), IT","Luxembourg, LU",6,649.39
"Venezia (VE), IT","Nice, Alpes-Maritimes, FR",3,455.55
"Venezia (VE), IT","Budapest, HU",3,562.85
"Venezia (VE), IT","Colombier-Saugnieu, Rhône, FR",7,565.14
"Venezia (VE), IT","Rome, IT",7,411.87
"Venezia (VE), IT","Palermo, IT",11,821.33
"Venezia (VE), IT","Copenhagen, DK",7,1124.67
"Venezia (VE), IT","Reggio Calabria, IT",4,870.52
"Vienna, AT","Nice, Alpes-Maritimes, FR",5,876.1
"Vienna, AT","Frankfurt am Main, DE",97,620.93
"Vienna, AT","Düsseldorf, DE",38,787.82
"Vienna, AT","Larnaca, CY",8,2036.4299999999998
"Vienna, AT","Copenhagen, DK",34,876.6400000000001
"Vienna, AT","Košice, SK",11,350.33
"Vienna, AT","Bologna, IT",12,567.61
"Vienna, AT","Helsinki (Vantaa), FI",14,1460.34
"Vienna, AT","Zagreb, HR",8,266.26
"Vienna, AT","Berlin, DE",40,520.53
"Vienna, AT","Dublin, IE",12,1702.09
"Vienna, AT","Riga, LV",13,1103.76
"Vienna, AT","Alicante, ES",5,1760.1199999999997
"Vienna, AT","Málaga, ES",15,2135.47
"Vienna, AT","Barcelona, ES",27,1369.6899999999998
"Vienna, AT","Thessaloniki, GR",7,984.9799999999999
"Vienna, AT","Zaventem, BE",26,924.88
"Vienna, AT","Spata-Artemida, GR",21,1278.89
"Vienna, AT","Paris (Roissy-en-France, Val-d'Oise), FR",48,1034.79
"Vienna, AT","Segrate (MI), IT",29,629.1099999999999
"Vienna, AT","Köln (Cologne), DE",29,745.99
"Vienna, AT","Stuttgart, DE",23,546.05
"Vienna, AT","Luxembourg, LU",16,775.44
"Vienna, AT","Palma de Mallorca, ES",17,1457.75
"Vienna, AT","Ferno (VA), IT",12,656.37
"Vienna, AT","Budapest, HU",15,202.5
"Vienna, AT","Amsterdam, NL",41,959.4800000000001
"Vienna, AT","Balice, PL",15,320.35
"Vienna, AT","Faro, PT",3,2342.7
"Vienna, AT","Otopeni, RO",23,830.08
"Vienna, AT","Steenokkerzeel, BE",7,924.7799999999999
"Vienna, AT","Hamburg, DE",31,766.63
"Vienna, AT","Hannover, DE",13,687.41
"Vienna, AT","Schkeuditz, DE",6,482.0299999999999
"Vienna, AT","Munich, DE",28,355.29
"Vienna, AT","Bratislava, SK",2,48.17
"Vienna, AT","Valencia, ES",2,1664.82
"Vienna, AT","Funchal, PT",3,3264.89
"Vienna, AT","Paris (Orly, Val-de-Marne), FR",5,1047.95
"Vienna, AT","Paphos, CY",5,1986.7900000000002
"Vienna, AT","Caselle Torinese (TO), IT",2,753.14
"Vienna, AT","Zgornji Brnik, SI",2,263.61
"Vienna, AT","Innsbruck, AT",22,402.35
"Vienna, AT","Valletta, MT",12,1374.37
"Vienna, AT","Orio al Serio (BG), IT",12,587.48
"Vienna, AT","Vilnius, LT",5,943.18
"Vienna, AT","Bremen, DE",4,775.78
"Vienna, AT","Vila Franca de Xira, PT",5,2290.99
"Vienna, AT","Stockholm, SE",11,1269.7400000000002
"Vienna, AT","Velika Gorica, HR",8,265.97
"Vienna, AT","Colombier-Saugnieu, Rhône, FR",6,910.29
"Vienna, AT","Rhodes, GR",1,1606.24
"Vienna, AT","Beauvais, FR",7,1068.04
"Vienna, AT","Charleroi, BE",4,915.25
"Vila Baleira, PT","Billund, DK",1,3196.12
"Vila Baleira, PT","Funchal, PT",14,57.59000000000001
"Vila do Porto, PT","Ponta Delgada, PT",3,97.46
"Vilnius, LT","Helsinki (Vantaa), FI",19,632.35
"Vilnius, LT","Zaventem, BE",3,1453.57
"Vilnius, LT","Budapest, HU",5,902.85
"Vilnius, LT","Tallinn, EE",15,532.1200000000001
"Vilnius, LT","Riga, LV",25,269.96
"Vilnius, LT","Stockholm, SE",12,699.43
"Vilnius, LT","Frankfurt am Main, DE",14,1242.7899999999997
"Vilnius, LT","Beauvais, FR",2,1676.88
"Vilnius, LT","Amsterdam, NL",12,1377.4399999999998
"Vilnius, LT","Copenhagen, DK",16,809.24
"Vilnius, LT","Eindhoven, NL",6,1372.2299999999998
"Vilnius, LT","Valletta, MT",4,2247.59
"Vilnius, LT","Palanga, LT",2,304.18
"Vilnius, LT","Paris (Roissy-en-France, Val-d'Oise), FR",3,1673.61
"Vilnius, LT","Munich, DE",7,1163.45
"Vilnius, LT","Balice, PL",4,629.09
"Vilnius, LT","Ferno (VA), IT",5,1540.86
"Vilnius, LT","Turku, FI",3,678.03
"Vilnius, LT","Funchal, PT",1,4076.88
"Vilnius, LT","Vienna, AT",7,943.1800000000001
"Vilnius, LT","Nuremberg, DE",3,1123.63
"Vilnius, LT","Dublin, IE",2,2047.33
"Vilnius, LT","Orio al Serio (BG), IT",4,1485.8
"Warsaw, PL","Nowy Dwór Mazowiecki, PL",3,32.42
"Weeze, DE","Thessaloniki, GR",6,1782.1199999999997
"Weeze, DE","Alicante, ES",7,1570.4400000000003
"Weeze, DE","Málaga, ES",8,1859.86
"Weeze, DE","Seville, ES",3,1837.96
"Weeze, DE","Velika Gorica, HR",1,976.09
"Weeze, DE","Palma de Mallorca, ES",5,1365.38
"Weeze, DE","Paphos, CY",2,2816.34
"Wels, AT","Scharnstein, AT",1,32.43
"Wevelgem, BE","Otopeni, RO",1,1839.42
"Wevelgem, BE","Colombier-Saugnieu, Rhône, FR",1,583.1
"Wevelgem, BE","Charleroi, BE",1,96.67
"Wevelgem, BE","Parma (PR), IT",1,850.07
"Wevelgem, BE","Hannover, DE",1,482.51
"Weßling, DE","Villanova d'Albenga (SV), IT",1,509.95
"Weßling, DE","Munich, DE",3,48.02
"Weßling, DE","Berlin, DE",2,501.39
"Weßling, DE","Segrate (MI), IT",3,330.56
"Wiener Neustadt, AT","Sečovlje, SI",2,330.83
"Wiener Neustadt, AT","Hundsheim, AT",4,59.06
"Wiener Neustadt, AT","Feldkirchen bei Graz, AT",3,112.02
"Wiener Neustadt, AT","Sármellék, HU",1,145.8
"Wiesbaden, DE","Jasionka, PL",2,976.14
"Wiesbaden, DE","Mainz, DE",2,15.68
"Wilhelmshaven, DE","Amsterdam, NL",3,257.35
"Wrocław, PL","Köln (Cologne), DE",4,681.77
"Wrocław, PL","Orio al Serio (BG), IT",11,802.82
"Wrocław, PL","Munich, DE",16,476.95
"Wrocław, PL","Vienna, AT",1,333.61
"Wrocław, PL","Eindhoven, NL",4,800.55
"Wrocław, PL","Málaga, ES",8,2331.24
"Wrocław, PL","Valencia, ES",2,1865.35
"Wrocław, PL","Poznań, PL",3,146.6
"Wrocław, PL","Frankfurt am Main, DE",19,599.64
"Wrocław, PL","Seville, ES",2,2350.26
"Wrocław, PL","Palermo, IT",4,1469.49
"Wrocław, PL","Lamezia Terme (CZ), IT",2,1357.21
"Wrocław, PL","Paphos, CY",3,2211.38
"Wrocław, PL","Caselle Torinese (TO), IT",1,947.31
"Wrocław, PL","Budapest, HU",4,433.2
"Wrocław, PL","Shannon, IE",4,1769.81
"Wrocław, PL","Gdańsk, PL",1,379.31
"Wrocław, PL","Dublin, IE",7,1588.77
"Wrocław, PL","Katowice, PL",1,169.57
"Wrocław, PL","Charleroi, BE",3,875.2199999999999
"Wrocław, PL","Valletta, MT",6,1707.28
"Wrocław, PL","Copenhagen, DK",6,574.73
"Wrocław, PL","Beauvais, FR",2,1063.51
"Wrocław, PL","Rome, IT",5,1088.75
"Wurster Nordseeküste, DE","Köln (Cologne), DE",1,338.71
"Wyk auf Föhr, DE","Oesterdeichstrich, DE",1,63.81
"Zagreb, HR","Amsterdam, NL",2,1085.12
"Zagreb, HR","Köln (Cologne), DE",1,856.9
"Zagreb, HR","Frankfurt am Main, DE",4,720.43
"Zagreb, HR","Varaždin, HR",1,71.71
"Zagreb, HR","Dublin, IE",2,1796.59
"Zagreb, HR","Göteborg, SE",2,1353.64
"Zagreb, HR","Paris (Roissy-en-France, Val-d'Oise), FR",4,1062.16
"Zagreb, HR","Charleroi, BE",2,992.17
"Zagreb, HR","Weeze, DE",1,962.32
"Zagreb, HR","Vienna, AT",1,266.26
"Zagreb, HR","Orio al Serio (BG), IT",1,476.75
"Zaragoza, ES","Palma de Mallorca, ES",8,396.32
"Zaragoza, ES","San Javier, ES",6,433.11999999999995
"Zaragoza, ES","Otopeni, RO",2,2216.3
"Zaragoza, ES","Bratislava, SK",1,1603.54
"Zaventem, BE","Toulouse/Blagnac, FR",6,842.0300000000001
"Zaventem, BE","Hamburg, DE",4,474.6
"Zaventem, BE","Saint-Tropez, FR",1,868.95
"Zaventem, BE","Dresden, DE",1,649.46
"Zaventem, BE","Luxembourg, LU",4,187.52
"Zaventem, BE","Innsbruck, AT",3,642.6
"Zgornji Brnik, SI","Paris (Roissy-en-France, Val-d'Oise), FR",6,943.25
"Zgornji Brnik, SI","Frankfurt am Main, DE",12,608.37
"Zgornji Brnik, SI","Zaventem, BE",2,898.31
"Zgornji Brnik, SI","Ferno (VA), IT",2,447.92
"Zgornji Brnik, SI","Munich, DE",9,310.93000000000006
"Zgornji Brnik, SI","Salzburg, AT",1,206.4
"Zgornji Brnik, SI","Amsterdam, NL",7,974.43
"Zgornji Brnik, SI","Köln (Cologne), DE",8,745.27
"Zgornji Brnik, SI","Feldkirchen bei Graz, AT",2,113.61
"Ängelholm, SE","Stockholm, SE",27,466.0299999999999
"Ålleberg, SE","Trollhättan, SE",1,76.38
"Örebro, SE","Copenhagen, DK",5,425.48999999999995
"Örebro, SE","Göteborg, SE",5,240.13999999999996
"Örebro, SE","Steenokkerzeel, BE",2,1139.44
"Łódź, PL","Málaga, ES",2,2514.49
"Łódź, PL","Orio al Serio (BG), IT",3,977.6
"Łódź, PL","Dublin, IE",2,1734.82
"Łódź, PL","Charleroi, BE",2,1050.76
"Łódź, PL","Nowy Dwór Mazowiecki, PL",2,117.95
"Aachen, DE","Freiburg im Breisgau, DE",1,333.34
"Aachen, DE","Dortmund, DE",1,125.93
"Aalborg, DK","Tenerife, ES",1,3809.56
"Aalborg, DK","Funchal, PT",1,3383.91
"Aalborg, DK","Bremen, DE",1,455.14
"Aalborg, DK","Sindal, DK",1,50.85
"Aarhus, DK","Bremen, DE",1,380.69
"Aarhus, DK","Roskilde, DK",1,123.47
"Aarhus, DK","Berlin, DE",1,476.4
"Aarhus, DK","Chabeuil, Drôme, FR",1,1325.76
"Agen, FR","Nîmes/Garons, FR",1,309.45
"Agen, FR","Bucharest, RO",1,2020.83
"Aix en Provence, FR","Le Castellet, Var, FR",2,44.07
"Aix en Provence, FR","Chabeuil, Drôme, FR",1,160.52
"Aix en Provence, FR","Marignane, Bouches-du-Rhône, FR",1,14.55
"Aix en Provence, FR","Tallard, Hautes-Alpes, FR",4,118.38
"Aix en Provence, FR","Saint-Tropez, FR",1,96.2
"Aix en Provence, FR","Torino (TO), IT",1,249.94
"Aix en Provence, FR","Saint-Crépin, Hautes-Alpes, FR",1,165.45
"Aix en Provence, FR","Roskilde, DK",1,1427.44
"Ajaccio, FR","Bastia, FR",2,89.64
"Ajaccio, FR","Figari, FR",2,52.87
"Ajaccio, FR","Toussus-le-Noble, Yvelines, FR",1,921.41
"Alava, ES","Ferno (VA), IT",1,960.88
"Alava, ES","Vila Franca de Xira, PT",1,691.59
"Albert, FR","Saint-Nazaire/Montoir, FR",1,462.66
"Albert, FR","Perugia (PG), IT",1,1069.95
"Albi, FR","Auch, FR",1,124.12
"Alghero, IT","Ferno (VA), IT",2,556.94
"Alghero, IT","Fano (PU), IT",1,527.07
"Alicante, ES","Antwerp, BE",4,1488.24
"Alicante, ES","Växjö, SE",2,2356.82
"Alicante, ES","Stockholm / Västerås, SE",2,2663.24
"Alicante, ES","Helsinki (Vantaa), FI",9,3030.03
"Alicante, ES","Łódź, PL",3,2153.47
"Alicante, ES","Wrocław, PL",5,1973.4599999999998
"Alicante, ES","Bremen, DE",4,1791.71
"Alicante, ES","Otopeni, RO",3,2318.26
"Alicante, ES","Kaunas, LT",4,2608.13
"Alicante, ES","Shannon, IE",4,1728.18
"Alicante, ES","Billund, DK",2,2071.6
"Alicante, ES","Hamburg, DE",3,1879.59
"Alicante, ES","Culleredo, ES",2,862.36
"Alicante, ES","Munich, DE",4,1496.75
"Alicante, ES","Salzburg, AT",2,1523.39
"Alicante, ES","Greven, DE",2,1667.65
"Alicante, ES","Pardubice, CZ",2,1834.33
"Almería, ES","Culleredo, ES",2,880.91
"Altenstadt, DE","Munich, DE",1,89.1
"Ammerbuch, DE","Stuttgart, DE",1,25.75
"Amsterdam, NL","Tenerife, ES",1,3197.08
"Amsterdam, NL","Köln (Cologne), DE",2,229.64
"Amsterdam, NL","Palanga, LT",2,1135.72
"Amsterdam, NL","Hoevenen, BE",1,114.44
"Amsterdam, NL","Lelystad, NL",1,53.43
"Amsterdam, NL","Shannon, IE",1,926.13
"Amsterdam, NL","Malmö, SE",1,667.72
"Amsterdam, NL","Montpellier/Méditerranée, FR",3,972.81
"Amsterdam, NL","Steenokkerzeel, BE",3,156.28
"Amsterdam, NL","Napoli, IT",6,1461.09
"Amsterdam, NL","Nannhausen, DE",2,321.65
"Amsterdam, NL","Paris, FR",2,406.63
"Amsterdam, NL","Caselle (VR), IT",2,889.06
"Amsterdam, NL","Feldkirchen bei Graz, AT",1,968.07
"Amsterdam, NL","Palermo, IT",2,1705.08
"Amsterdam, NL","Lamezia Terme (CZ), IT",1,1732.7
"Amsterdam, NL","Maastricht, NL",2,170.2
"Amsterdam, NL","Rijen, NL",1,83.22
"Amsterdam, NL","Arnhem, NL",1,80.49
"Amsterdam, NL","Larnaca, CY",4,2991.63
"Amsterdam, NL","Chambéry, FR",4,746.16
"Amygdaleonas, GR","Limnos Island, GR",3,139.69
"Andravida, GR","Elefsina, GR",1,198.98
"Andrézieux-Bouthéon, Loire, FR","Chassieu, Lyon, FR",1,54.49
"Andrézieux-Bouthéon, Loire, FR","Saint-Léger-sur-Roanne, FR",3,61.54999999999999
"Andrézieux-Bouthéon, Loire, FR","Chaspuzac, Haute-Loire, FR",1,66.0
"Andrézieux-Bouthéon, Loire, FR","Frontenas, Rhône, FR",1,49.55
"Angers, FR","Saint-Jacques-de-la-Lande, Ille-et-Vilaine, FR",1,120.37
"Angers, FR","Le Mans, Sarthe, FR",1,57.8
"Angoulême, FR","Périgueux/Bassillac, FR",2,75.06
"Annecy, FR","Toussus-le-Noble, Yvelines, FR",3,434.66
"Annecy, FR","Nice, Alpes-Maritimes, FR",1,267.41
"Annecy, FR","Paris, FR",4,435.33
"Annecy, FR","Balice, PL",1,1115.69
"Antwerp, BE","Alicante, ES",4,1488.24
"Antwerp, BE","Hoeven, NL",2,40.98
"Antwerp, BE","Zaventem, BE",1,32.2
"Antwerp, BE","Avignon, FR",1,810.54
"Antwerp, BE","Calais, FR",1,177.07
"Antwerp, BE","Oostende, BE",1,110.69
"Antwerp, BE","Genk, BE",1,76.76
"Antwerp, BE","Hasselt, BE",2,68.27
"Antwerp, BE","Trento (TN), IT",3,754.4
"Aquino, IT","Bologna, IT",1,391.84
"Arnhem, NL","Rijen, NL",4,84.82
"Arnhem, NL","Amsterdam, NL",1,80.49
"Arvidsjaur, SE","Frankfurt am Main, DE",2,1837.47
"Arvidsjaur, SE","Roskilde, DK",1,1177.22
"Arvidsjaur, SE","Stockholm, SE",2,680.52
"Asiago (VI), IT","Bolzano (BZ), IT",1,65.38
"Atting, DE","Hohenems, AT",1,268.51
"Atting, DE","Landshut, DE",2,55.85
"Atting, DE","Sankt Johann in Tirol, AT",1,153.61
"Atting, DE","Salzburg, AT",1,128.32
"Augsburg, DE","Memmingen, DE",2,70.74
"Augsburg, DE","Pisa (PI), IT",1,528.85
"Augsburg, DE","Győr, HU",1,518.55
"Augsburg, DE","Bolzano (BZ), IT",1,220.62
"Augsburg, DE","Dresden, DE",1,363.53
"Augsburg, DE","Kiel, DE",2,664.32
"Augsburg, DE","Sečovlje, SI",1,386.41
"Augsburg, DE","Egelsbach, DE",2,238.27
"Augsburg, DE","Mannheim, DE",1,211.5
"Augsburg, DE","Deventer, NL",1,547.68
"Aviano (PN), IT","Ramstein-Miesenbach, DE",1,531.72
"Aviano (PN), IT","Sigonella (CT), IT",1,978.74
"Aviano (PN), IT","Campoformido (UD), IT",4,45.22
"Avignon, FR","Le Castellet, Var, FR",3,101.8
"Avignon, FR","Chabeuil, Drôme, FR",3,112.91000000000001
"Avignon, FR","Nice, Alpes-Maritimes, FR",1,187.81
"Avignon, FR","Albi, FR",1,223.39
"Avignon, FR","Merville, Nord, FR",1,765.37
"Avignon, FR","Montpellier/Méditerranée, FR",1,83.93
"Avignon, FR","Charleroi, BE",1,729.61
"Avignon, FR","Nîmes/Garons, FR",2,42.36
"Avignon, FR","Saint-Tropez, FR",1,149.35
"Bad Vöslau, AT","Nové Zámky, SK",1,143.28
"Bad Vöslau, AT","Tulln an der Donau, AT",1,40.85
"Bad Vöslau, AT","Zgornji Brnik, SI",1,236.85
"Badajoz, ES","Larnaca, CY",1,3595.42
"Baden-Baden, DE","Seville, ES",1,1699.19
"Baden-Baden, DE","Stuttgart, DE",1,76.82
"Balen, BE","Grimbergen, BE",1,63.45
"Balice, PL","Caselle (VR), IT",3,843.94
"Balice, PL","Toulouse/Blagnac, FR",3,1567.86
"Balice, PL","Nice, Alpes-Maritimes, FR",2,1190.1
"Balice, PL","Vila Franca de Xira, PT",1,2579.97
"Balice, PL","Seville, ES",3,2477.23
"Balice, PL","Nowy Dwór Mazowiecki, PL",1,270.71
"Balice, PL","Lisbon, PT",4,2594.19
"Balice, PL","Osijek(Klisa), HR",1,518.32
"Ballum, NL","Groningen, NL",1,70.4
"Baltrum, DE","Helgoland, DE",1,62.3
"Bamberg, DE","Düsseldorf, DE",1,329.85
"Barby, FR","Le Versoud, Isère, FR",2,39.42
"Barcelona, ES","Genova (GE), IT",2,650.68
"Barcelona, ES","Timişoara, RO",2,1626.42
"Barcelona, ES","Palermo, IT",5,1012.93
"Barcelona, ES","Nuremberg, DE",3,1149.56
"Barcelona, ES","Wrocław, PL",4,1571.57
"Barcelona, ES","Maribor, SI",1,1231.06
"Barcelona, ES","Eindhoven, NL",4,1156.62
"Barcelona, ES","Toulouse/Blagnac, FR",1,265.85
"Barcelona, ES","Katowice, PL",4,1658.75
"Barcelona, ES","Zagreb, HR",1,1214.23
"Barcelona, ES","Zaragoza, ES",2,263.11
"Barcelona, ES","Capua, IT",4,1011.58
"Barcelona, ES","Marratxí, ES",2,196.08
"Barcelona, ES","Zgornji Brnik, SI",3,1133.28
"Barcelona, ES","Chambéry, FR",2,571.79
"Barcelona, ES","Cascais, PT",2,1014.01
"Barcelona, ES","Vigo, ES",1,893.34
"Barth, DE","Lübeck, DE",1,142.79
"Bastia, FR","Marignane, Bouches-du-Rhône, FR",2,361.01
"Beauvais, FR","Otopeni, RO",5,1888.9599999999998
"Beauvais, FR","Waterford, IE",1,713.45
"Beauvais, FR","Nice, Alpes-Maritimes, FR",1,752.99
"Beauvais, FR","Thessaloniki, GR",2,1908.15
"Beauvais, FR","Timişoara, RO",2,1491.86
"Beauvais, FR","Ferno (VA), IT",4,653.29
"Beauvais, FR","Paphos, CY",1,2963.22
"Beauvais, FR","Reggio Calabria, IT",2,1663.43
"Beja, PT","Catania, IT",2,2017.43
"Beja, PT","Vila Franca de Xira, PT",1,130.88
"Berck-sur-Mer, FR","Lesquin, FR",1,108.03
"Berlin, DE","Speyer, DE",1,491.08
"Berlin, DE","Strasbourg, FR",1,594.38
"Berlin, DE","Caselle Torinese (TO), IT",1,903.69
"Berlin, DE","Zagreb, HR",2,752.9
"Berlin, DE","Paphos, CY",2,2472.08
"Berlin, DE","Larnaca, CY",3,2513.08
"Berlin, DE","Innsbruck, AT",3,587.95
"Berlin, DE","Hamburg, DE",3,276.07
"Berlin, DE","Nice, Alpes-Maritimes, FR",5,1073.86
"Berlin, DE","Rome, IT",1,1177.03
"Berlin, DE","Pisa (PI), IT",2,992.01
"Berlin, DE","Caselle (VR), IT",1,797.78
"Berlin, DE","Lübeck, DE",1,245.57
"Berlin, DE","Weßling, DE",3,501.39000000000004
"Berlin, DE","Büren, DE",3,344.6499999999999
"Berlin, DE","Hannover, DE",4,259.12
"Berlin, DE","Wevelgem, BE",1,730.77
"Berlin, DE","Luckaitztal, DE",1,82.84
"Berlin, DE","Riga, LV",6,846.34
"Berlin, DE","Mannheim, DE",1,474.61
"Berlin, DE","Poznań, PL",1,225.44
"Berlin, DE","Salzburg, AT",3,509.23
"Berlin, DE","Saint-Jacques-de-la-Lande, Ille-et-Vilaine, FR",1,1181.61
"Berlin, DE","Reggio Calabria, IT",2,1597.74
"Billund, DK","Karup, DK",1,62.0
"Billund, DK","Malmö, SE",1,265.74
"Billund, DK","Vilnius, LT",2,1028.85
"Billund, DK","Alicante, ES",2,2071.6
"Billund, DK","Mošnov, CZ",1,901.58
"Billund, DK","Vienna, AT",1,987.79
"Blois, FR","Niort/Souché, FR",1,194.48
"Blois, FR","Grenoble, FR",1,406.96
"Bologna, IT","Valletta, MT",4,1003.57
"Bologna, IT","Rheinmünster, DE",4,531.53
"Bologna, IT","Memmingen, DE",1,392.31
"Bologna, IT","Wrocław, PL",4,840.76
"Bologna, IT","Sigonella (CT), IT",8,849.64
"Bologna, IT","Rome, IT",1,317.6
"Bologna, IT","Nice, Alpes-Maritimes, FR",3,339.5
"Bologna, IT","Fano (PU), IT",1,159.52
"Bologna, IT","Jönköping, SE",1,1482.66
"Bologna, IT","Zaventem, BE",3,871.08
"Bologna, IT","Spata-Artemida, GR",5,1285.4100000000003
"Bologna, IT","Trento (TN), IT",1,165.95
"Bolzano (BZ), IT","Trento (TN), IT",2,50.88
"Bolzano (BZ), IT","Düsseldorf, DE",3,631.9
"Bolzano (BZ), IT","Montichiari (BS), IT",1,138.02
"Bolzano (BZ), IT","Augsburg, DE",1,220.62
"Bolzano (BZ), IT","Brno, CZ",1,500.12
"Bolzano (BZ), IT","Stuttgart, DE",1,293.98
"Bolzano (BZ), IT","Frankfurt am Main, DE",1,446.43
"Bolzano (BZ), IT","Berlin, DE",5,674.86
"Bolzano (BZ), IT","Orio al Serio (BG), IT",1,152.58
"Bolzano (BZ), IT","Antwerp, BE",3,726.87
"Bolzano (BZ), IT","Dresden, DE",2,549.65
"Bolzano (BZ), IT","Hannover, DE",2,677.78
"Bordeaux, FR","San Bartolomé, ES",2,2099.67
"Bordeaux, FR","Málaga, ES",2,960.75
"Bordeaux, FR","Göteborg, SE",1,1680.8
"Bordeaux, FR","Schkeuditz, DE",3,1205.78
"Bordeaux, FR","Laval, Mayenne, FR",1,356.23
"Bordeaux, FR","Paris, FR",5,518.1699999999998
"Bordeaux, FR","Seville, ES",4,930.7
"Bordeaux, FR","Nîmes/Garons, FR",2,425.37
"Borkum, DE","Emden, DE",6,41.19
"Borlange, SE","Karlstad, SE",1,162.86
"Bourg/Ceyzériat, FR","Colmar, FR",1,263.58
"Bourg/Ceyzériat, FR","Chassieu, Lyon, FR",2,59.07
"Brandenburg an der Havel, DE","Berlin, DE",1,62.47
"Brasschaat, BE","Grimbergen, BE",2,44.5
"Bratislava, SK","Drásov, CZ",1,285.19
"Bratislava, SK","Poprad, SK",3,244.09
"Bratislava, SK","Palermo, IT",5,1160.71
"Bratislava, SK","Budapest, HU",3,161.13
"Bratislava, SK","Otopeni, RO",2,790.08
"Bratislava, SK","Napoli, IT",2,842.26
"Bratislava, SK","Malmö, SE",1,860.0
"Bratislava, SK","Hamburg, DE",1,789.52
"Bratislava, SK","Málaga, ES",7,2180.63
"Bratislava, SK","Salzburg, AT",1,315.98
"Bratislava, SK","Orio al Serio (BG), IT",1,633.76
"Braunschweig, DE","Stuttgart, DE",3,414.42
"Braunschweig, DE","Dortmund, DE",1,220.64
"Braunschweig, DE","Weßling, DE",1,474.05
"Braunschweig, DE","Barcelona, ES",1,1382.87
"Braunschweig, DE","Mnichovo Hradiště, CZ",1,366.41
"Braunschweig, DE","Flensburg, DE",1,283.74
"Braunschweig, DE","Caselle Torinese (TO), IT",1,819.52
"Bremen, DE","Málaga, ES",3,2092.57
"Bremen, DE","Wurster Nordseeküste, DE",1,80.62
"Bremen, DE","Alicante, ES",4,1791.71
"Bremen, DE","Aalborg, DK",1,455.14
"Bremen, DE","Aarhus, DK",1,380.69
"Bremen, DE","Palma de Mallorca, ES",6,1569.53
"Bremen, DE","Groningen, NL",2,147.93
"Bremen, DE","Niederstetten, DE",1,414.47
"Bremen, DE","Lübeck, DE",1,153.18
"Bremen, DE","Saint-Jacques-de-la-Lande, Ille-et-Vilaine, FR",1,925.31
"Bremen, DE","Saint-Tropez, FR",1,1107.48
"Bresso (MI), IT","Villanova d'Albenga (SV), IT",1,186.2
"Bresso (MI), IT","Valbrembo (BG), IT",5,36.35
"Bresso (MI), IT","Rimini (RN), IT",1,317.85
"Bresso (MI), IT","Montichiari (BS), IT",1,88.85
"Brest, FR","Quimper/Pluguffan, FR",2,55.93
"Brno, CZ","Málaga, ES",2,2201.18
"Brno, CZ","Uherské Hradiště, CZ",2,55.97
"Brno, CZ","Ferno (VA), IT",1,715.55
"Brno, CZ","Bremen, DE",1,700.96
"Brno, CZ","Rimini (RN), IT",1,650.04
"Brno, CZ","Salzburg, AT",1,311.06
"Bucharest, RO","Câmpia Turzii, RO",1,281.52
"Bucharest, RO","Wrocław, PL",2,1004.97
"Bucharest, RO","Wiener Neustadt, AT",1,844.35
"Bucharest, RO","Innsbruck, AT",1,1180.85
"Budapest, HU","Funchal, PT",3,3425.8799999999997
"Budapest, HU","Memmingen, DE",4,666.05
"Budapest, HU","Marignane, Bouches-du-Rhône, FR",4,1172.34
"Budapest, HU","Caselle Torinese (TO), IT",3,915.5
"Budapest, HU","Tallinn, EE",3,1377.39
"Budapest, HU","Maribor, SI",1,283.63
"Budapest, HU","Luxembourg, LU",5,977.79
"Budapest, HU","Seville, ES",3,2323.06
"Budapest, HU","Larnaca, CY",3,1848.88
"Budapest, HU","Nowy Dwór Mazowiecki, PL",1,562.3
"Budapest, HU","Busevec, HR",1,307.25
"Budapest, HU","Parma (PR), IT",1,740.73
"Budapest, HU","Paris, FR",2,1244.02
"Budapest, HU","Helsinki (Vantaa), FI",4,1475.43
"Budapest, HU","Napoli, IT",4,828.81
"Budapest, HU","Varna, BG",1,827.99
"Budapest, HU","Köln (Cologne), DE",1,946.6
"Budapest, HU","Bratislava, SK",3,161.13
"Budapest, HU","Palma de Mallorca, ES",3,1583.58
"Budapest, HU","Osijek(Klisa), HR",2,226.79
"Budapest, HU","Pisa (PI), IT",4,799.49
"Budapest, HU","Lisbon, PT",8,2471.31
"Budapest, HU","Zaragoza, ES",1,1716.88
"Budapest, HU","Zgornji Brnik, SI",2,381.37
"Buigny-Saint-Maclou, FR","Merville, Nord, FR",1,78.04
"Burbach, DE","Toussus-le-Noble, Yvelines, FR",1,481.3
"Burbach, DE","Hamburg, DE",1,343.17
"Burbach, DE","Mannheim, DE",1,140.69
"Burbach, DE","Langkampfen, AT",1,456.72
"Burbach, DE","Hohn, DE",1,412.7
"Burbach, DE","Egelsbach, DE",3,92.15000000000002
"Busevec, HR","Frankfurt am Main, DE",1,745.01
"Bydgoszcz, PL","Poznań, PL",1,107.93
"Bückeburg, DE","Büren, DE",1,80.61
"Bückeburg, DE","Faßberg, DE",3,103.12
"Büren, DE","Hamburg, DE",1,235.88
"Büren, DE","Greven, DE",1,86.18
"Büren, DE","Egelsbach, DE",1,183.76
"Cahors, FR","Angoulême, FR",1,182.14
"Calais, FR","Grenoble, FR",1,670.85
"Calais, FR","Antwerp, BE",1,177.07
"Calden, DE","Salzburg, AT",1,479.71
"Calden, DE","Mannheim, DE",1,225.05
"Calvi, FR","Marignane, Bouches-du-Rhône, FR",5,308.2099999999999
"Calvi, FR","Paris (Orly, Val-de-Marne), FR",2,849.58
"Campo di Pietra (TV), IT","Aviano (PN), IT",1,37.22
"Campo di Pietra (TV), IT","Vangadizza (VR), IT",1,116.28
"Campo di Pietra (TV), IT","Campoformido (UD), IT",1,61.72
"Campoformido (UD), IT","Ronchi dei Legionari/Trieste, IT",1,31.84
"Campoformido (UD), IT","Aviano (PN), IT",8,45.22
"Carcassonne, FR","Castres, FR",1,37.87
"Cascais, PT","Vila Real, PT",3,315.81
"Cascais, PT","Portimão, PT",2,187.81
"Cascais, PT","Genova (GE), IT",1,1636.01
"Cascais, PT","Leiria, PT",1,126.02
"Cascais, PT","Berlin, DE",1,2320.51
"Cascais, PT","Porto, PT",3,286.37
"Cascais, PT","Ibiza (Eivissa), ES",1,929.33
"Cascais, PT","Shannon, IE",1,1554.52
"Cascais, PT","Paris, FR",1,1476.35
"Cascais, PT","Maia, PT",1,292.66
"Cascais, PT","Vigo, ES",1,394.77
"Caselle (VR), IT","Balice, PL",3,843.94
"Caselle (VR), IT","Catania, IT",1,947.57
"Caselle (VR), IT","Frankfurt am Main (Lautzenhausen), DE",1,574.14
"Caselle (VR), IT","Köln (Cologne), DE",1,668.59
"Caselle (VR), IT","Paris (Roissy-en-France, Val-d'Oise), FR",5,746.23
"Caselle (VR), IT","Spata-Artemida, GR",1,1362.48
"Caselle (VR), IT","Amsterdam, NL",2,889.06
"Caselle (VR), IT","Dublin, IE",9,1522.4399999999998
"Caselle (VR), IT","Pavullo (MO), IT",1,119.36
"Caselle (VR), IT","Nantes, FR",1,979.15
"Caselle Torinese (TO), IT","Porto, PT",3,1391.4000000000003
"Caselle Torinese (TO), IT","Budapest, HU",3,915.5
"Caselle Torinese (TO), IT","Weßling, DE",2,423.62
"Caselle Torinese (TO), IT","Palma de Mallorca, ES",1,746.19
"Caselle Torinese (TO), IT","Bacău, RO",2,1494.93
"Caselle Torinese (TO), IT","Antwerp, BE",1,706.5
"Caselle Torinese (TO), IT","Jerez de la Frontera, ES",1,1482.68
"Caselle Torinese (TO), IT","Paris, FR",1,574.84
"Caselle Torinese (TO), IT","Valletta, MT",3,1189.09
"Caselle Torinese (TO), IT","Capannori (LU), IT",1,277.98
"Caselle Torinese (TO), IT","Vilnius, LT",3,1633.54
"Caselle Torinese (TO), IT","Napoli, IT",6,721.68
"Caselle Torinese (TO), IT","Copenhagen, DK",10,1210.65
"Caselle Torinese (TO), IT","Orio al Serio (BG), IT",1,168.91
"Celle, DE","Prague, CZ",2,414.09
"Celle, DE","Kiel, DE",3,199.02
"Chabeuil, Drôme, FR","Barcelona, ES",1,466.32
"Chabeuil, Drôme, FR","Perpignan/Rivesaltes, FR",1,295.24
"Chabeuil, Drôme, FR","Aix en Provence, FR",1,160.52
"Chabeuil, Drôme, FR","Nîmes/Garons, FR",1,136.73
"Chabeuil, Drôme, FR","Avignon, FR",2,112.91
"Chabeuil, Drôme, FR","Perugia (PG), IT",1,636.23
"Chabeuil, Drôme, FR","Grenoble, FR",5,56.59000000000001
"Chambéry, FR","Salzburg, AT",1,593.34
"Chambéry, FR","Rome, IT",1,676.74
"Chambéry, FR","Caselle (VR), IT",1,391.0
"Chambéry, FR","Bourg/Ceyzériat, FR",1,77.37
"Chambéry, FR","Lesquin, FR",1,585.44
"Chambéry, FR","Chassieu, Lyon, FR",1,73.41
"Chambéry, FR","Saint-Tropez, FR",2,274.69
"Charleroi, BE","Lisbon, PT",9,1681.1600000000003
"Charleroi, BE","Spata-Artemida, GR",4,2074.67
"Charleroi, BE","Girona, ES",3,960.4
"Charleroi, BE","Luxembourg, LU",1,155.83
"Charleroi, BE","Avignon, FR",1,729.61
"Charleroi, BE","Lorient/Lann/Bihoué, FR",1,648.25
"Charleroi, BE","Zaventem, BE",1,48.89
"Charleroi, BE","Reggio Calabria, IT",2,1636.87
"Charmeil, Allier, FR","Toulon-sur-Allier, FR",1,40.61
"Chassieu, Lyon, FR","Fauville, Eure, FR",1,461.76
"Chassieu, Lyon, FR","Dierre, Indre-et-Loire, FR",1,354.41
"Chassieu, Lyon, FR","Saint-Léger-sur-Roanne, FR",3,81.62
"Chassieu, Lyon, FR","Chambéry, FR",2,73.41
"Chassieu, Lyon, FR","Capannoli (PI), IT",1,513.04
"Chassieu, Lyon, FR","Den Helder, NL",1,800.18
"Chassieu, Lyon, FR","L'Hôpital-le-Mercier, Saône-et-Loire, FR",1,104.71
"Chassieu, Lyon, FR","Andrézieux-Bouthéon, Loire, FR",1,54.49
"Chassieu, Lyon, FR","Nice, Alpes-Maritimes, FR",1,291.88
"Chassieu, Lyon, FR","Velika Gorica, HR",1,862.71
"Chassieu, Lyon, FR","Bourg/Ceyzériat, FR",2,59.07
"Chassieu, Lyon, FR","Le Versoud, Isère, FR",2,90.48
"Chassieu, Lyon, FR","Segrate (MI), IT",2,338.59
"Chassieu, Lyon, FR","Köln (Cologne), DE",1,593.94
"Châlon sur Saône, FR","Dijon, FR",1,53.42
"Clermont-Ferrand, FR","Almería, ES",1,1096.05
"Clermont-Ferrand, FR","Paris, FR",3,357.39000000000004
"Clonbullogue, IE","Leixlip, IE",1,43.53
"Cognac/Châteaubernard, FR","Bergerac, FR",1,113.42
"Cognac/Châteaubernard, FR","Rochefort/Saint-Agnant, FR",2,57.58
"Colmar, FR","Speyer, DE",1,155.16
"Colmar, FR","Hamburg, DE",1,634.3
"Colombier-Saugnieu, Rhône, FR","Stuttgart, DE",1,453.77
"Colombier-Saugnieu, Rhône, FR","Segrate (MI), IT",1,327.25
"Colombier-Saugnieu, Rhône, FR","Faro, PT",2,1454.65
"Colombier-Saugnieu, Rhône, FR","Almería, ES",1,1166.7
"Colombier-Saugnieu, Rhône, FR","Biarritz, FR",11,580.45
"Colombier-Saugnieu, Rhône, FR","Marignane, Bouches-du-Rhône, FR",4,254.59
"Colombier-Saugnieu, Rhône, FR","Zaventem, BE",5,577.21
"Colombier-Saugnieu, Rhône, FR","Cork, IE",2,1202.2
"Colombier-Saugnieu, Rhône, FR","Paris (Orly, Val-de-Marne), FR",4,391.07
"Comiso, IT","Reggio Calabria, IT",1,150.83
"Constanța, RO","Poznań, PL",1,1240.02
"Copenhagen, DK","Tenerife, ES",1,3822.51
"Copenhagen, DK","Zagreb, HR",3,1117.95
"Copenhagen, DK","Caselle Torinese (TO), IT",7,1210.6499999999999
"Copenhagen, DK","Salzburg, AT",12,870.38
"Copenhagen, DK","Groningen, NL",1,481.64
"Cork, IE","Valencia, ES",1,1505.78
"Cork, IE","Stockholm, SE",1,1846.1
"Cork, IE","Colombier-Saugnieu, Rhône, FR",2,1202.2
"Cork, IE","Málaga, ES",9,1715.46
"Cormeilles-en-Vexin, Val-d'Oise, FR","Toussus-le-Noble, Yvelines, FR",4,38.62
"Culleredo, ES","Ferno (VA), IT",2,1379.08
"Culleredo, ES","Zaragoza, ES",1,628.2
"Culleredo, ES","Alicante, ES",2,862.36
"De Cocksdorp, NL","Lelystad, NL",1,86.78
"Deauville, FR","Toussus-le-Noble, Yvelines, FR",1,157.71
"Deauville, FR","Paris, FR",1,171.86
"Deauville, FR","Biarritz, FR",1,668.15
"Den Helder, NL","Ballum, NL",3,83.99
"Den Helder, NL","De Cocksdorp, NL",3,21.56
"Deventer, NL","Lelystad, NL",5,43.24
"Deventer, NL","Stadtlohn, DE",1,60.56
"Deventer, NL","Groningen, NL",3,103.73
"Deventer, NL","Augsburg, DE",1,547.68
"Dierre, Indre-et-Loire, FR","Montauban, FR",1,370.03
"Diest, BE","Calais, FR",1,217.74
"Dijon, FR","Châlon sur Saône, FR",3,53.419999999999995
"Dinard, FR","Paris, FR",1,333.53
"Dinard, FR","Paris (Roissy-en-France, Val-d'Oise), FR",2,342.59
"Dole, FR","L'Hôpital-le-Mercier, Saône-et-Loire, FR",3,128.2
"Dole, FR","Besançon, FR",1,52.99
"Dolní Benešov, CZ","Mošnov, CZ",3,25.92
"Dolní Benešov, CZ","Hradec Králové, CZ",1,163.16
"Dortmund, DE","Braunschweig, DE",1,220.64
"Dortmund, DE","Gdańsk, PL",3,792.61
"Dortmund, DE","Büren, DE",2,70.27
"Dortmund, DE","Ronneby, SE",1,727.36
"Dortmund, DE","Faro, PT",1,2025.76
"Dortmund, DE","Vilnius, LT",2,1226.63
"Dortmund, DE","Luxembourg, LU",1,232.39
"Dortmund, DE","Essen, DE",1,48.5
"Dortmund, DE","Mannheim, DE",1,236.19
"Dortmund, DE","Köln (Cologne), DE",1,79.58
"Dortmund, DE","Segrate (MI), IT",1,686.31
"Dortmund, DE","Lübeck, DE",1,329.45
"Dortmund, DE","Nuremberg, DE",1,332.35
"Dortmund, DE","Orio al Serio (BG), IT",1,668.32
"Dresden, DE","Vienna, AT",1,392.09
"Dresden, DE","Kubschütz, DE",5,52.84000000000001
"Dresden, DE","Wevelgem, BE",1,739.41
"Dresden, DE","Friedrichshafen, DE",1,492.89
"Dresden, DE","Mannheim, DE",1,416.21
"Dresden, DE","Augsburg, DE",1,363.53
"Dresden, DE","Dublin, IE",1,1381.44
"Dresden, DE","Salzburg, AT",1,375.55
"Dresden, DE","Antwerp, BE",1,648.43
"Drásov, CZ","Bratislava, SK",1,285.19
"Drásov, CZ","Letňany, CZ",1,54.93
"Drásov, CZ","Plzen, CZ",1,59.62
"Dublin, IE","Győr, HU",1,1808.64
"Dublin, IE","Tallinn, EE",2,2002.93
"Dublin, IE","Grâce-Hollogne, BE",3,857.5300000000001
"Dublin, IE","Leixlip, IE",1,17.39
"Dublin, IE","Lisbon, PT",27,1643.37
"Dublin, IE","Spata-Artemida, GR",4,2875.55
"Dublin, IE","Caselle (VR), IT",9,1522.4399999999998
"Dublin, IE","Paphos, CY",2,3661.34
"Dublin, IE","Riga, LV",4,1944.85
"Düsseldorf, DE","Memmingen, DE",1,444.02
"Düsseldorf, DE","Valletta, MT",4,1824.07
"Düsseldorf, DE","San Bartolomé, ES",2,3006.73
"Düsseldorf, DE","Otopeni, RO",3,1615.99
"Düsseldorf, DE","Sta Cruz de la Palma, La Palma Island, ES",3,3242.31
"Düsseldorf, DE","Tenerife, ES",2,3210.49
"Düsseldorf, DE","Trento (TN), IT",4,667.08
"Düsseldorf, DE","Greven, DE",3,113.33999999999999
"Düsseldorf, DE","Bamberg, DE",1,329.85
"Düsseldorf, DE","Spata-Artemida, GR",8,2003.42
"Düsseldorf, DE","Ibiza (Eivissa), ES",3,1443.1500000000003
"Düsseldorf, DE","Hünxe, DE",1,36.89
"Egelsbach, DE","Heppenheim, DE",2,37.61
"Egelsbach, DE","Weßling, DE",2,284.04
"Egelsbach, DE","Salzburg, AT",1,399.6
"Egelsbach, DE","Ober-Mörlen, DE",1,44.99
"Egelsbach, DE","Hamburg, DE",1,412.18
"Egelsbach, DE","Augsburg, DE",1,238.27
"Egelsbach, DE","Burbach, DE",2,92.15
"Eindhoven, NL","Zgornji Brnik, SI",1,881.84
"Eindhoven, NL","Salzburg, AT",5,683.1
"Eindhoven, NL","Les Hauts-de-Chée, FR",1,287.49
"Eindhoven, NL","Groningen, NL",1,202.82
"Eindhoven, NL","Katowice, PL",5,964.54
"Eindhoven, NL","Barcelona, ES",4,1156.62
"Eindhoven, NL","Sigonella (CT), IT",2,1732.97
"Eindhoven, NL","Köln (Cologne), DE",1,139.37
"Eindhoven, NL","Reutte, AT",3,585.72
"Eindhoven, NL","Munich, DE",2,573.59
"Eindhoven, NL","Spata-Artemida, GR",2,2088.99
"Eindhoven, NL","Palma de Mallorca, ES",5,1338.6600000000003
"El Matorral, ES","Düsseldorf, DE",1,3066.92
"El Matorral, ES","Sta Cruz de la Palma, La Palma Island, ES",1,380.64
"El Matorral, ES","Schkeuditz, DE",1,3351.06
"Elefsina, GR","Mytilene, GR",3,286.68
"Elefsina, GR","Kalamata, GR",1,174.5
"Elefsina, GR","Andravida, GR",2,198.98
"Emden, DE","Borkum, DE",24,41.19
"Emden, DE","Groningen, NL",5,52.760000000000005
"Emden, DE","Norderney, DE",1,35.12
"Emden, DE","Juist, DE",2,34.2
"Enschede, NL","Greven, DE",1,56.71
"Enschede, NL","Uden, NL",1,106.22
"Erfurt, DE","Hannover, DE",1,186.83
"Erfurt, DE","Stuttgart, DE",1,283.35
"Esbjerg, DK","Billund, DK",1,44.77
"Esbjerg, DK","Roskilde, DK",1,225.1
"Eskilstuna, SE","Växjö, SE",1,293.3
"Eslöv, SE","Kristianstad, SE",1,47.81
"Essen, DE","Stuttgart, DE",1,342.86
"Falconara Marittima (AN), IT","Vienna, AT",1,557.9
"Fano (PU), IT","Bologna, IT",2,159.52
"Fano (PU), IT","Alghero, IT",1,527.07
"Faro, PT","Helsinki (Vantaa), FI",2,3475.12
"Faro, PT","Köln (Cologne), DE",4,1950.62
"Faro, PT","Cascais, PT",1,225.56
"Faro, PT","Colombier-Saugnieu, Rhône, FR",2,1454.65
"Faro, PT","Baden-Baden, DE",2,1849.08
"Faro, PT","Málaga, ES",1,311.24
"Faro, PT","Dortmund, DE",1,2025.76
"Faro, PT","Nuremberg, DE",2,2064.32
"Faro, PT","Nantes, FR",2,1242.37
"Faro, PT","Stuttgart, DE",2,1902.12
"Faro, PT","Hamburg, DE",4,2299.18
"Faro, PT","Munich, DE",3,2038.41
"Faro, PT","Hannover, DE",2,2200.01
"Faro, PT","Weeze, DE",4,1965.13
"Faro, PT","Lisbon, PT",15,221.32000000000002
"Faro, PT","Stockholm, SE",3,3109.3000000000006
"Fauville, Eure, FR","Ramstein-Miesenbach, DE",1,465.35
"Faßberg, DE","Bückeburg, DE",3,103.12
"Feldkirchen bei Graz, AT","Velika Gorica, HR",1,146.95
"Feldkirchen bei Graz, AT","Campo di Pietra (TV), IT",2,264.68
"Feldkirchen bei Graz, AT","Wolfsberg, AT",2,50.48
"Feldkirchen bei Graz, AT","Rijeka(Omišalj), HR",1,208.39
"Feldkirchen bei Graz, AT","Zeltweg, AT",3,57.66
"Feldkirchen bei Graz, AT","Amsterdam, NL",2,968.07
"Feldkirchen bei Graz, AT","Sármellék, HU",1,135.1
"Feldkirchen bei Graz, AT","Vrsar, HR",1,248.51
"Feldkirchen bei Graz, AT","Laupheim, DE",1,436.39
"Ferno (VA), IT","Alghero, IT",2,556.94
"Ferno (VA), IT","San Damiano (PC), IT",1,111.33
"Ferno (VA), IT","Maastricht, NL",2,626.53
"Ferno (VA), IT","Culleredo, ES",2,1379.08
"Ferno (VA), IT","Riga, LV",4,1640.71
"Ferno (VA), IT","Weeze, DE",1,690.5
"Ferno (VA), IT","Farranfore, IE",1,1513.91
"Ferno (VA), IT","Sigonella (CT), IT",12,1049.5599999999997
"Ferno (VA), IT","Toussus-le-Noble, Yvelines, FR",1,608.61
"Ferno (VA), IT","Tallinn, EE",2,1869.76
"Ferno (VA), IT","Le Castellet, Var, FR",1,352.81
"Ferno (VA), IT","Chabeuil, Drôme, FR",1,304.42
"Ferno (VA), IT","Lisbon, PT",27,1651.71
"Ferno (VA), IT","Perugia (PG), IT",1,412.19
"Ferno (VA), IT","Beauvais, FR",3,653.29
"Ferno (VA), IT","Rimini (RN), IT",1,354.77
"Ferno (VA), IT","Fano (PU), IT",1,394.42
"Ferno (VA), IT","Orio al Serio (BG), IT",1,76.35
"Ferrara (FE), IT","Ravenna (RA), IT",1,67.01
"Figari, FR","Marignane, Bouches-du-Rhône, FR",11,384.47
"Figari, FR","Ajaccio, FR",2,52.87
"Firenze (FI), IT","Chassieu, Lyon, FR",1,538.03
"Firenze (FI), IT","Genova (GE), IT",1,200.16
"Firenze (FI), IT","Nowy Dwór Mazowiecki, PL",1,1187.55
"Flensburg, DE","Leck, DE",4,26.71
"Flensburg, DE","Sindal, DK",1,308.11
"Foligno (PG), IT","Pescara, IT",1,132.52
"Forlì (FC), IT","Pescara, IT",1,260.14
"Forlì (FC), IT","Rimini (RN), IT",1,47.44
"Forlì (FC), IT","Reggio Emilia (RE), IT",1,124.8
"Frankfurt am Main, DE","Seville, ES",4,1813.97
"Frankfurt am Main, DE","Lisbon, PT",24,1872.71
"Frankfurt am Main, DE","Arvidsjaur, SE",2,1837.47
"Frankfurt am Main, DE","Calden, DE",1,165.49
"Frankfurt am Main, DE","Larnaca, CY",8,2636.34
"Frankfurt am Main, DE","Spata-Artemida, GR",25,1815.79
"Frankfurt am Main, DE","Köln (Cologne), DE",1,136.94
"Frankfurt am Main, DE","Nantes, FR",4,812.46
"Frankfurt am Main, DE","San Bartolomé, ES",1,2994.87
"Frankfurt am Main, DE","Greven, DE",1,242.05
"Frankfurt am Main, DE","Paris, FR",3,457.56
"Frankfurt am Main, DE","Weßling, DE",1,293.58
"Frankfurt am Main, DE","Firenze (FI), IT",11,719.88
"Frankfurt am Main (Lautzenhausen), DE","Dublin, IE",2,1007.49
"Frankfurt am Main (Lautzenhausen), DE","Caselle (VR), IT",1,574.14
"Frankfurt am Main (Lautzenhausen), DE","Arvidsjaur, SE",1,1872.35
"Freiburg im Breisgau, DE","Essen, DE",1,381.25
"Freiburg im Breisgau, DE","Köln (Cologne), DE",1,320.05
"Freiburg im Breisgau, DE","Egelsbach, DE",1,223.38
"Friedrichshafen, DE","Feldkirchen bei Graz, AT",1,453.0
"Friedrichshafen, DE","Rotterdam, NL",2,599.39
"Friedrichshafen, DE","Weßling, DE",1,139.77
"Friedrichshafen, DE","Maribor, SI",1,485.84
"Friedrichshafen, DE","Hradec Králové, CZ",1,544.0
"Friedrichshafen, DE","Nuremberg, DE",2,233.58
"Funchal, PT","Paris (Orly, Val-de-Marne), FR",3,2390.9
"Funchal, PT","Budapest, HU",3,3425.8799999999997
"Funchal, PT","Stuttgart, DE",2,2798.14
"Funchal, PT","Sta Cruz de la Palma, La Palma Island, ES",1,462.32
"Funchal, PT","Paris (Roissy-en-France, Val-d'Oise), FR",2,2421.45
"Funchal, PT","Munich, DE",4,2947.9
"Funchal, PT","Aalborg, DK",1,3383.91
"Funchal, PT","Katowice, PL",5,3525.5199999999995
"Föhren, DE","Ramstein-Miesenbach, DE",1,75.35
"Gdańsk, PL","Katowice, PL",2,435.83
"Gdańsk, PL","Prouvy, FR",1,1111.33
"Gdańsk, PL","Riga, LV",3,451.02
"Gdańsk, PL","Larnaca, CY",1,2466.33
"Gdańsk, PL","Cork, IE",1,1809.87
"Gdańsk, PL","Valletta, MT",2,2083.27
"Gdańsk, PL","Vodochody, CZ",1,538.95
"Gdańsk, PL","Kiel, DE",1,538.57
"Gdańsk, PL","Rome, IT",1,1467.3
"Geilenkirchen, DE","Wiesbaden, DE",1,190.59
"Geilenkirchen, DE","Zaventem, BE",1,109.38
"Genk, BE","Maastricht, NL",1,20.59
"Genova (GE), IT","Rome, IT",6,410.84
"Genova (GE), IT","Barcelona, ES",2,650.68
"Genova (GE), IT","Levaldigi (CN), IT",2,97.77
"Genova (GE), IT","Segrate (MI), IT",2,119.89
"Genova (GE), IT","Pescara, IT",1,484.29
"Getafe, ES","San Javier, ES",5,376.38
"Getafe, ES","Shannon, IE",1,1435.03
"Ghyvelde, FR","Lesquin, FR",1,65.41
"Girona, ES","Pisa (PI), IT",4,653.03
"Girona, ES","Ferno (VA), IT",2,633.07
"Granada, ES","Barcelona, ES",1,680.14
"Grenoble, FR","Calais, FR",1,670.85
"Grenoble, FR","Chabeuil, Drôme, FR",4,56.59
"Grenoble, FR","Nîmes/Garons, FR",1,192.62
"Grenoble, FR","Avignon, FR",1,165.35
"Grenoble, FR","Saint-Jacques-de-la-Lande, Ille-et-Vilaine, FR",1,616.59
"Grenoble, FR","Strasbourg, FR",1,393.81
"Grenoble, FR","Blois, FR",1,406.96
"Grenoble, FR","Lanas, Ardèche, FR",1,118.14
"Greven, DE","Budapest, HU",1,967.5
"Greven, DE","Shannon, IE",1,1125.93
"Greven, DE","Arvidsjaur, SE",3,1631.95
"Greven, DE","Steenokkerzeel, BE",1,259.49
"Greven, DE","Caselle (VR), IT",1,784.95
"Greven, DE","Rimini (RN), IT",1,972.98
"Greven, DE","Stadtlohn, DE",1,59.96
"Greven, DE","Essen, DE",1,96.37
"Greven, DE","Stuttgart, DE",1,398.04
"Greven, DE","Palma de Mallorca, ES",5,1449.78
"Greven, DE","Diepholz, DE",1,67.04
"Greven, DE","Amsterdam, NL",2,200.15
"Greven, DE","Paris, FR",1,511.69
"Greven, DE","Alicante, ES",2,1667.65
"Grimbergen, BE","Brasschaat, BE",2,44.5
"Grimbergen, BE","Balen, BE",2,63.45
"Groningen, NL","Leeuwarden, NL",3,55.79999999999999
"Groningen, NL","Emden, DE",4,52.76
"Groningen, NL","Poznań, PL",1,693.02
"Groningen, NL","Salzburg, AT",1,746.17
"Groningen, NL","Bremen, DE",3,147.93
"Groningen, NL","Trebbin, DE",1,455.21
"Groningen, NL","Drachten, NL",1,30.05
"Groningen, NL","Hannover, DE",3,221.37
"Groningen, NL","Reutte, AT",1,692.42
"Groningen, NL","Wilhelmshaven, DE",1,106.82
"Groningen, NL","Deventer, NL",1,103.73
"Groningen, NL","Greven, DE",1,132.75
"Groningen, NL","Copenhagen, DK",1,481.64
"Groningen, NL","Hoeven, NL",1,221.73
"Grâce-Hollogne, BE","Copenhagen, DK",6,732.79
"Grâce-Hollogne, BE","Stuttgart, DE",4,347.62
"Grâce-Hollogne, BE","Köln (Cologne), DE",1,122.15
"Grâce-Hollogne, BE","Clermont-Ferrand, FR",1,565.15
"Grâce-Hollogne, BE","Munich, DE",6,523.53
"Grâce-Hollogne, BE","Steenokkerzeel, BE",3,73.64
"Grâce-Hollogne, BE","Hannover, DE",5,356.37
"Grâce-Hollogne, BE","Vienna, AT",3,852.16
"Grâce-Hollogne, BE","Dublin, IE",3,857.5300000000001
"Grâce-Hollogne, BE","Amsterdam, NL",2,191.58
"Grâce-Hollogne, BE","Firenze (FI), IT",1,874.54
"Grâce-Hollogne, BE","Cholet, FR",1,608.07
"Győr, HU","Landshut, DE",1,439.71
"Győr, HU","Pécs, HU",1,185.32
"Győr, HU","Dublin, IE",1,1808.64
"Győr, HU","Trento (TN), IT",1,538.42
"Göteborg, SE","Málaga, ES",9,2637.76
"Göteborg, SE","Valletta, MT",2,2438.72
"Göteborg, SE","Siljansnäs, SE",3,375.07
"Göteborg, SE","Roskilde, DK",1,237.22
"Göteborg, SE","Borlange, SE",1,359.07
"Göteborg, SE","Tenerife, ES",1,3952.96
"Göteborg, SE","Zaventem, BE",6,902.7400000000001
"Göteborg, SE","Thessaloniki, GR",2,2064.33
"Göteborg, SE","Bremen, DE",1,559.27
"Göteborg, SE","Porto, PT",2,2347.12
"Hamburg, DE","Trento (TN), IT",4,845.04
"Hamburg, DE","Málaga, ES",4,2184.46
"Hamburg, DE","Hannover, DE",6,125.65000000000002
"Hamburg, DE","Büren, DE",1,235.88
"Hamburg, DE","San Bartolomé, ES",1,3338.52
"Hamburg, DE","Mönchengladbach, DE",4,349.0
"Hamburg, DE","Lelystad, NL",1,319.77
"Hamburg, DE","Nice, Alpes-Maritimes, FR",1,1120.98
"Hamburg, DE","Berlin, DE",1,276.07
"Hamburg, DE","Stockholm, SE",8,820.4199999999998
"Hamburg, DE","Weert, NL",1,390.3
"Hamburg, DE","Weßling, DE",3,619.23
"Hamburg, DE","Oostende, BE",1,545.78
"Hamburg, DE","Faro, PT",4,2299.18
"Hamburg, DE","Capannoli (PI), IT",1,1112.39
"Hamburg, DE","Łódź, PL",1,671.93
"Hamburg, DE","Alicante, ES",3,1879.59
"Hamburg, DE","Schkeuditz, DE",1,287.16
"Hamburg, DE","Bremen, DE",2,95.47
"Hamburg, DE","Dortmund, DE",1,277.23
"Hamburg, DE","Antwerp, BE",1,455.31
"Hamburg, DE","Köln (Cologne), DE",4,356.1
"Hamburg, DE","Augsburg, DE",3,577.9
"Hamburg, DE","Cork, IE",1,1251.1
"Hamburg, DE","Mannheim, DE",1,467.08
"Hannover, DE","Steenokkerzeel, BE",2,397.14
"Hannover, DE","Zeven, DE",1,101.34
"Hannover, DE","Weeze, DE",1,260.57
"Hannover, DE","Tenerife, ES",1,3446.14
"Hannover, DE","Billund, DK",1,366.25
"Hannover, DE","Berlin, DE",4,259.12
"Hannover, DE","Osnabrück, DE",1,118.05
"Hannover, DE","Nuremberg, DE",3,343.52
"Hannover, DE","Malmö, SE",1,418.3
"Hannover, DE","Gdańsk, PL",3,619.18
"Hannover, DE","Zaventem, BE",1,398.17
"Hannover, DE","Faro, PT",2,2200.01
"Hannover, DE","Groningen, NL",2,221.37
"Hannover, DE","Stuttgart, DE",1,420.61
"Hannover, DE","Wurster Nordseeküste, DE",2,160.61
"Hannover, DE","Örebro, SE",1,822.26
"Hannover, DE","Trento (TN), IT",3,723.4
"Hannover, DE","Hamburg, DE",2,125.65
"Hannut, BE","Mont-de-l'Enclus, BE",1,111.48
"Harlesiel, DE","Wilhelmshaven, DE",1,27.4
"Harlesiel, DE","Wangerooge, DE",1,10.67
"Hasselt, BE","Wevelgem, BE",1,152.82
"Hasselt, BE","Antwerp, BE",2,68.27
"Helsinki (Vantaa), FI","Faro, PT",2,3475.12
"Helsinki (Vantaa), FI","Alicante, ES",9,3030.03
"Helsinki (Vantaa), FI","Roskilde, DK",4,919.59
"Helsinki (Vantaa), FI","Vila Franca de Xira, PT",2,3349.43
"Helsinki (Vantaa), FI","Mariehamn, FI",4,280.51
"Helsinki (Vantaa), FI","Malmö, SE",5,864.53
"Helsinki (Vantaa), FI","Paris, FR",1,1905.26
"Helsinki (Vantaa), FI","Luxembourg, LU",1,1675.55
"Helsinki (Vantaa), FI","Kajaani, FI",1,463.02
"Helsinki (Vantaa), FI","Tampere / Pirkkala, FI",3,142.32
"Heppenheim, DE","Wiesbaden, DE",1,52.19
"Hoeven, NL","Antwerp, BE",2,40.98
"Hoeven, NL","Rotterdam, NL",3,45.41
"Hoeven, NL","Groningen, NL",1,221.73
"Hoeven, NL","Stadtlohn, DE",1,164.84
"Hofkirchen, AT","Wiener Neustadt, AT",1,145.62
"Hofkirchen, AT","Wels, AT",1,22.52
"Hohenems, AT","Svatobořice, CZ",1,578.09
"Hohn, DE","Dreschvitz, DE",4,245.56
"Holovousy, CZ","Hradec Králové, CZ",5,22.309999999999995
"Hoogerheide, NL","Rotterdam, NL",2,56.84
"Hradec Králové, CZ","Benešov, CZ",1,103.0
"Hradec Králové, CZ","Uherské Hradiště, CZ",1,178.04
"Hradec Králové, CZ","Bratislava, SK",1,252.01
"Hradec Králové, CZ","Holovousy, CZ",5,22.309999999999995
"Hradec Králové, CZ","Nové Město nad Metují, CZ",1,22.71
"Hradec Králové, CZ","Mošnov, CZ",1,173.46
"Hranice, CZ","Přerov, CZ",6,25.45
"Hörselberg-Hainich, DE","Landsberg, DE",1,126.0
"Hörselberg-Hainich, DE","Osthausen-Wülfershausen, DE",1,44.6
"Hünxe, DE","Poznań, PL",1,687.0
"Hünxe, DE","Düsseldorf, DE",1,36.89
"Ibiza (Eivissa), ES","Reus, ES",1,253.53
"Ibiza (Eivissa), ES","Zaventem, BE",2,1359.46
"Ibiza (Eivissa), ES","Paris (Orly, Val-de-Marne), FR",3,1098.26
"Ibiza (Eivissa), ES","Cascais, PT",1,929.33
"Ibiza (Eivissa), ES","Marratxí, ES",1,140.11
"Ibiza (Eivissa), ES","Düsseldorf, DE",3,1443.1500000000003
"Ibiza (Eivissa), ES","Tours, Indre-et-Loire, FR",1,953.18
"Inis Oírr, IE","Shannon, IE",1,56.33
"Innsbruck, AT","Berlin, DE",2,587.95
"Innsbruck, AT","Groningen, NL",1,734.16
"Innsbruck, AT","Hradec Králové, CZ",1,468.49
"Innsbruck, AT","Roskilde, DK",1,927.33
"Innsbruck, AT","Göteborg, SE",1,1163.97
"Innsbruck, AT","Salzburg, AT",1,138.03
"Innsbruck, AT","Langkampfen, AT",3,67.99
"Jasionka, PL","Eindhoven, NL",1,1177.46
"Jasionka, PL","Katowice, PL",3,213.01
"Jasionka, PL","Roskilde, DK",1,899.61
"Jasionka, PL","Hamburg, DE",1,915.74
"Jasionka, PL","Salzburg, AT",1,706.65
"Jyväskylän Maalaiskunta, FI","Kuopio / Siilinjärvi, FI",1,127.45
"Jönköping, SE","Katowice, PL",1,872.51
"Jönköping, SE","Helsinki (Vantaa), FI",4,684.14
"Karlskoga, SE","Örebro, SE",1,33.65
"Karup, DK","Billund, DK",3,62.0
"Karup, DK","Vojens, DK",3,120.08999999999999
"Katowice, PL","Munich, DE",1,577.73
"Katowice, PL","Larnaca, CY",2,2094.85
"Katowice, PL","Reggio Calabria, IT",2,1405.71
"Katowice, PL","Eindhoven, NL",5,964.54
"Katowice, PL","Paris (Roissy-en-France, Val-d'Oise), FR",3,1196.15
"Katowice, PL","Vienna, AT",1,319.89
"Katowice, PL","Funchal, PT",5,3525.5199999999995
"Katowice, PL","Lappeenranta, FI",1,1302.05
"Katowice, PL","Szymany, PL",1,357.59
"Katowice, PL","Porto, PT",2,2363.39
"Katowice, PL","Rome, IT",1,1091.39
"Kaunas, LT","Orio al Serio (BG), IT",3,1439.3
"Kaunas, LT","Vilnius, LT",1,89.43
"Kaunas, LT","Alicante, ES",4,2608.13
"Kaunas, LT","Paphos, CY",2,2340.46
"Kaunas, LT","Paris (Roissy-en-France, Val-d'Oise), FR",1,1600.29
"Kavala, GR","Spata-Artemida, GR",6,336.05
"Kecskemét, HU","Budapest, HU",3,79.55
"Kecskemét, HU","Vila Franca de Xira, PT",1,2491.38
"Kefallinia Island, GR","Zakynthos, GR",1,53.09
"Kefallinia Island, GR","Spata-Artemida, GR",2,302.33
"Kiel, DE","Celle, DE",3,199.02
"Kiel, DE","Bremen, DE",1,172.98
"Kirchheim im Innkreis, AT","Salzburg, AT",2,53.06
"Kiruna, SE","Stockholm, SE",1,932.58
"Kittilä, FI","Copenhagen, DK",2,1483.48
"Kittilä, FI","Helsinki (Vantaa), FI",1,820.93
"Kittilä, FI","Frankfurt am Main, DE",1,2161.19
"Kittilä, FI","Ferno (VA), IT",1,2625.32
"Kittilä, FI","Düsseldorf, DE",3,2072.77
"Kittilä, FI","Paris (Roissy-en-France, Val-d'Oise), FR",1,2421.19
"Kladno, CZ","Prague, CZ",1,23.36
"Kos Island, GR","Rhodes, GR",2,98.8
"Košice, SK","Salzburg, AT",1,617.44
"Krems an der Donau, AT","Ober-Grafendorf, AT",1,32.01
"Krems an der Donau, AT","Wels, AT",1,121.59
"Krems an der Donau, AT","Bad Vöslau, AT",1,70.76
"Krems an der Donau, AT","Dobersberg, AT",1,58.46
"Kubschütz, DE","Dresden, DE",3,52.84
"Kuopio / Siilinjärvi, FI","Pori, FI",1,354.85
"Kuopio / Siilinjärvi, FI","Montichiari (BS), IT",1,2243.83
"Köln (Cologne), DE","Greven, DE",1,145.96
"Köln (Cologne), DE","Faro, PT",5,1950.6199999999997
"Köln (Cologne), DE","Aachen, DE",1,67.32
"Köln (Cologne), DE","Kiruna, SE",1,2018.29
"Köln (Cologne), DE","Málaga, ES",7,1829.08
"Köln (Cologne), DE","San Bartolomé, ES",1,2989.9
"Köln (Cologne), DE","Lisbon, PT",6,1850.45
"Köln (Cologne), DE","Weeze, DE",1,107.47
"Köln (Cologne), DE","Paphos, CY",4,2714.12
"Köln (Cologne), DE","Amsterdam, NL",3,229.64
"Köln (Cologne), DE","Levaldigi (CN), IT",1,703.49
"Köln (Cologne), DE","Alava, ES",4,1160.07
"Köln (Cologne), DE","Riga, LV",2,1291.34
"Köln (Cologne), DE","Umeå, SE",1,1632.19
"Köln (Cologne), DE","Spata-Artemida, GR",1,1952.69
"Köln (Cologne), DE","Eindhoven, NL",1,139.37
"Köln (Cologne), DE","Poznań, PL",1,689.43
"Köln (Cologne), DE","Burbach, DE",1,68.4
"Köln (Cologne), DE","Nörvenich, DE",1,34.24
"Köln (Cologne), DE","Budapest, HU",4,946.6
"Köln (Cologne), DE","Braunschweig, DE",2,285.81
"Köln (Cologne), DE","Hamburg, DE",5,356.1
"Köln (Cologne), DE","Chassieu, Lyon, FR",1,593.94
"Köln (Cologne), DE","Memmingen, DE",1,390.46
"L'Hôpital-le-Mercier, Saône-et-Loire, FR","Avignon, FR",1,287.29
"L'Hôpital-le-Mercier, Saône-et-Loire, FR","Chabeuil, Drôme, FR",2,181.8
"La Baule-Escoublac, FR","Brest, FR",2,201.2
"La Roche-sur-Yon, FR","Chabeuil, Drôme, FR",1,530.17
"La Virgen Del Camino, ES","Valencia, ES",1,554.01
"Laage, DE","Trollenhagen, DE",3,76.15
"Laage, DE","Roskilde, DK",1,185.65
"Laage, DE","Braunschweig, DE",2,211.7
"Laage, DE","Egelsbach, DE",1,505.63
"Laakirchen, AT","Pupping, AT",1,43.94
"Lahr/Schwarzwald, DE","Rheinmünster, DE",3,49.25
"Lahr/Schwarzwald, DE","Chambéry, FR",1,337.67
"Lahr/Schwarzwald, DE","Kolín, CZ",1,563.6
"Lahr/Schwarzwald, DE","Nuremberg, DE",1,268.56
"Lamezia Terme (CZ), IT","Memmingen, DE",2,1119.43
"Landsberg, DE","Hörselberg-Hainich, DE",2,126.0
"Landshut, DE","Manching, DE",3,43.23
"Landshut, DE","Augsburg, DE",1,81.9
"Landshut, DE","Atting, DE",2,55.85
"Landshut, DE","Wiesbaden, DE",1,318.76
"Langenlonsheim, DE","Wiesbaden, DE",1,33.75
"Langkampfen, AT","Innsbruck, AT",2,67.99
"Larnaca, CY","Katowice, PL",1,2094.85
"Larnaca, CY","Piastów, PL",1,2100.05
"Larnaca, CY","Budapest, HU",4,1848.88
"Larnaca, CY","Berlin, DE",5,2513.08
"Larnaca, CY","Frankfurt am Main, DE",6,2636.34
"Larnaca, CY","Málaga, ES",1,3422.54
"Larnaca, CY","Amsterdam, NL",4,2991.63
"Larnaca, CY","Grâce-Hollogne, BE",1,2863.03
"Laval, Mayenne, FR","Toussus-le-Noble, Yvelines, FR",2,225.13
"Le Castellet, Var, FR","Marignane, Bouches-du-Rhône, FR",1,50.7
"Le Castellet, Var, FR","Chabeuil, Drôme, FR",2,196.68
"Le Castellet, Var, FR","Le Versoud, Isère, FR",1,218.62
"Le Castellet, Var, FR","Aix en Provence, FR",1,44.07
"Le Havre, FR","Nantes, FR",1,292.99
"Le Havre, FR","Toussus-le-Noble, Yvelines, FR",1,170.6
"Le Touquet-Paris-Plage, FR","Saint-Jacques-de-la-Lande, Ille-et-Vilaine, FR",1,365.15
"Le Versoud, Isère, FR","Chassieu, Lyon, FR",2,90.48
"Leck, DE","Jagel, DE",1,51.25
"Leck, DE","Sylt, DE",3,42.13
"Leeuwarden, NL","Lelystad, NL",1,87.79
"Leeuwarden, NL","Ballum, NL",1,25.61
"Lelystad, NL","Deventer, NL",8,43.24
"Lelystad, NL","Augsburg, DE",1,589.39
"Lelystad, NL","Leeuwarden, NL",1,87.79
"Lelystad, NL","Rotterdam, NL",3,91.83999999999999
"Lelystad, NL","Hoeven, NL",2,119.62
"Lelystad, NL","De Cocksdorp, NL",1,86.78
"Lelystad, NL","Den Helder, NL",1,71.98
"Lesquin, FR","Le Touquet-Paris-Plage, FR",1,104.77
"Lesquin, FR","Avignon, FR",1,752.77
"Lesquin, FR","Frankfurt am Main, DE",1,392.08
"Lesquin, FR","Chambéry, FR",1,585.44
"Lesquin, FR","Saint Ghislain, BE",1,52.22
"Lesquin, FR","Cannes, FR",1,832.92
"Letňany, CZ","Drásov, CZ",1,54.93
"Levaldigi (CN), IT","Genova (GE), IT",2,97.77
"Levaldigi (CN), IT","Köln (Cologne), DE",1,703.49
"Levaldigi (CN), IT","Reggio Emilia (RE), IT",1,241.31
"Lielvarde, LV","Ādaži, LV",2,50.37
"Limnos Island, GR","Elefsina, GR",1,252.09
"Limnos Island, GR","Amygdaleonas, GR",2,139.69
"Linköping, SE","Piteå, SE",1,831.75
"Linköping, SE","Stockholm, SE",1,181.22
"Linz, AT","Pupping, AT",1,21.87
"Lisbon, PT","Hannover, DE",1,2098.62
"Lisbon, PT","Seville, ES",15,321.68000000000006
"Lisbon, PT","Balice, PL",4,2594.19
"Lisbon, PT","Otopeni, RO",3,2972.26
"Lisbon, PT","Hamburg, DE",8,2190.41
"Lisbon, PT","Capannori (LU), IT",1,1734.61
"Lisbon, PT","Vila Baleira, PT",1,907.57
"Lisbon, PT","Cascais, PT",3,20.02
"Lisbon, PT","Kecskemét, HU",1,2505.04
"Lisbon, PT","Nowy Dwór Mazowiecki, PL",1,2740.5
"Lisbon, PT","Spata-Artemida, GR",4,2870.1
"Lognes, Seine-et-Marne, FR","Buigny-Saint-Maclou, FR",1,157.84
"Lognes, Seine-et-Marne, FR","Toussus-le-Noble, Yvelines, FR",2,38.85
"Lorient/Lann/Bihoué, FR","Charleroi, BE",1,648.25
"Lublin, PL","Gdańsk, PL",2,450.62
"Lublin, PL","Dublin, IE",1,1969.89
"Lugo, IT","Maribor, SI",1,378.05
"Lugo, IT","Cervia (RA), IT",1,40.83
"Lugo, IT","Carpi (MO), IT",1,91.7
"Luleå, SE","Göteborg, SE",2,1016.54
"Luleå, SE","Bordeaux, FR",1,2687.59
"Luleå, SE","Arvidsjaur, SE",1,130.72
"Luxembourg, LU","Palma de Mallorca, ES",6,1153.24
"Luxembourg, LU","Budapest, HU",3,977.79
"Luxembourg, LU","Paris, FR",4,283.56
"Luxembourg, LU","Nice, Alpes-Maritimes, FR",8,668.05
"Luxembourg, LU","Salzburg, AT",1,538.21
"Luxembourg, LU","Montpellier/Méditerranée, FR",1,694.31
"Luxembourg, LU","Valletta, MT",5,1672.4599999999998
"Luxembourg, LU","Billund, DK",1,708.01
"Luxembourg, LU","Mannheim, DE",1,166.94
"Luxembourg, LU","Pescara, IT",1,1008.2
"Luxembourg, LU","Dresden, DE",1,561.06
"Luxembourg, LU","Charleroi, BE",2,155.83
"Luxembourg, LU","Reutte, AT",1,407.53
"Luxembourg, LU","Mošnov, CZ",1,855.59
"Lycksele, SE","Storuman, SE",1,66.65
"Læsø, DK","Aalborg, DK",2,72.21
"Lübeck, DE","Palma de Mallorca, ES",2,1695.28
"Lübeck, DE","Málaga, ES",2,2236.25
"Lübeck, DE","Köln (Cologne), DE",1,407.18
"Lübeck, DE","Grube, DE",1,52.74
"Lübeck, DE","Malmö, SE",1,257.27
"Lübeck, DE","Kiel, DE",1,74.01
"Maastricht, NL","Zaragoza, ES",1,1152.36
"Maastricht, NL","Ferno (VA), IT",3,626.53
"Maastricht, NL","Malmö, SE",1,720.93
"Maastricht, NL","Genk, BE",2,20.59
"Maastricht, NL","Zagreb, HR",1,937.96
"Maastricht, NL","Hamburg, DE",1,409.5
"Maastricht, NL","Amsterdam, NL",2,170.2
"Madrid, ES","Marratxí, ES",1,545.24
"Madrid, ES","Palma de Mallorca, ES",1,549.37
"Maia, PT","Cascais, PT",1,292.66
"Mainz, DE","Föhren, DE",1,98.03
"Malmö, SE","Göteborg, SE",3,255.46
"Malmö, SE","Roskilde, DK",2,78.48
"Malmö, SE","Maastricht, NL",1,720.93
"Malmö, SE","Berlin, DE",1,353.01
"Malmö, SE","Oulu / Oulunsalo, FI",1,1231.81
"Malmö, SE","Málaga, ES",1,2493.25
"Malmö, SE","Nowy Dwór Mazowiecki, PL",1,585.88
"Malmö, SE","Helsinki (Vantaa), FI",4,864.53
"Malmö, SE","Lübeck, DE",1,257.27
"Malmö, SE","Trollhättan, SE",2,315.66
"Malmö, SE","Ängelholm, SE",1,90.77
"Manching, DE","Atting, DE",1,74.85
"Manching, DE","Augsburg, DE",1,54.84
"Mannheim, DE","Speyer, DE",1,19.26
"Mannheim, DE","Vienna, AT",2,608.92
"Mannheim, DE","Wiesbaden, DE",1,65.55
"Mannheim, DE","Mönchengladbach, DE",1,241.87
"Mannheim, DE","Luxembourg, LU",1,166.94
"Mannheim, DE","Dresden, DE",1,416.21
"Mannheim, DE","Braunschweig, DE",1,347.33
"Mannheim, DE","Köln (Cologne), DE",2,183.1
"Mannheim, DE","Wiener Neustadt, AT",1,595.57
"Mannheim, DE","Calden, DE",1,225.05
"Mannheim, DE","Nuremberg, DE",1,185.22
"Mannheim, DE","Manching, DE",1,235.43
"Maribor, SI","Valbrembo (BG), IT",1,477.14
"Maribor, SI","Budapest, HU",1,283.63
"Maribor, SI","Bresso (MI), IT",1,511.33
"Maribor, SI","Košice, SK",1,482.11
"Mariehamn, FI","Helsinki (Vantaa), FI",4,280.51
"Marignane, Bouches-du-Rhône, FR","Paris, FR",2,650.24
"Marignane, Bouches-du-Rhône, FR","Budapest, HU",4,1172.34
"Marignane, Bouches-du-Rhône, FR","Andrézieux-Bouthéon, Loire, FR",1,244.82
"Marignane, Bouches-du-Rhône, FR","Bologna, IT",4,501.07
"Marignane, Bouches-du-Rhône, FR","Figari, FR",10,384.46999999999997
"Marignane, Bouches-du-Rhône, FR","Colombier-Saugnieu, Rhône, FR",3,254.59
"Marignane, Bouches-du-Rhône, FR","Cannes, FR",2,141.1
"Marignane, Bouches-du-Rhône, FR","Vienna, AT",5,1021.11
"Marignane, Bouches-du-Rhône, FR","Bremen, DE",1,1100.42
"Marignane, Bouches-du-Rhône, FR","Memmingen, DE",1,638.63
"Marignane, Bouches-du-Rhône, FR","Le Castellet, Var, FR",1,50.7
"Marratxí, ES","Madrid, ES",1,545.24
"Marratxí, ES","Ibiza (Eivissa), ES",1,140.11
"Melilla, ES","Málaga, ES",20,208.17
"Melilla, ES","Almería, ES",4,181.72
"Memmingen, DE","Larnaca, CY",1,2418.38
"Memmingen, DE","Lamezia Terme (CZ), IT",2,1119.43
"Memmingen, DE","Düsseldorf, DE",1,444.02
"Memmingen, DE","Porto, PT",5,1668.4900000000002
"Memmingen, DE","Budapest, HU",3,666.05
"Memmingen, DE","Orio al Serio (BG), IT",1,260.96
"Memmingen, DE","Mönchengladbach, DE",2,449.71
"Memmingen, DE","Mainz, DE",1,267.81
"Memmingen, DE","Augsburg, DE",3,70.74
"Memmingen, DE","Hamburg, DE",1,622.53
"Memmingen, DE","Köln (Cologne), DE",1,390.46
"Merville, Nord, FR","Namur, BE",1,150.97
"Merville, Nord, FR","Buigny-Saint-Maclou, FR",1,78.04
"Merville, Nord, FR","Avignon, FR",1,765.37
"Mladá Boleslav, CZ","Wiener Neustadt, AT",1,300.76
"Mladá Boleslav, CZ","Skuteč, CZ",2,101.29
"Mladá Boleslav, CZ","Aarhus, DK",1,715.09
"Mnichovo Hradiště, CZ","Braunschweig, DE",1,366.41
"Monchy-Lagache, Somme, FR","Charleville-Mézières, FR",1,116.41
"Mont-de-l'Enclus, BE","Hannut, BE",1,111.48
"Montauban, FR","Gaillac, FR",1,42.83
"Montichiari (BS), IT","Steenokkerzeel, BE",1,747.45
"Montichiari (BS), IT","Lamezia Terme (CZ), IT",3,873.35
"Montichiari (BS), IT","Bresso (MI), IT",1,88.85
"Montichiari (BS), IT","Rome, IT",1,437.07
"Montpellier/Méditerranée, FR","Hamburg, DE",1,1194.62
"Montpellier/Méditerranée, FR","Amsterdam, NL",4,972.81
"Montpellier/Méditerranée, FR","Chassieu, Lyon, FR",2,251.53
"Montpellier/Méditerranée, FR","Chambéry, FR",1,274.94
"Mošnov, CZ","Balice, PL",1,127.18
"Mošnov, CZ","Prague, CZ",3,268.37
"Mošnov, CZ","Brno, CZ",4,119.07
"Mošnov, CZ","Málaga, ES",2,2320.25
"Mošnov, CZ","Helsinki (Vantaa), FI",1,1257.74
"Mošnov, CZ","Nice, Alpes-Maritimes, FR",2,1066.66
"Mošnov, CZ","Luxembourg, LU",1,855.59
"Mošnov, CZ","Bucharest, RO",1,835.43
"Mošnov, CZ","Hranice, CZ",1,33.72
"Munich, DE","Memmingen, DE",1,121.77
"Munich, DE","Groningen, NL",1,643.93
"Munich, DE","Nuremberg, DE",2,137.41
"Munich, DE","Funchal, PT",4,2947.9
"Munich, DE","Capannoli (PI), IT",3,536.11
"Munich, DE","Arad, RO",1,754.48
"Munich, DE","Cormeilles-en-Vexin, Val-d'Oise, FR",1,719.46
"Munich, DE","San Bartolomé, ES",1,3058.01
"Munich, DE","Timişoara, RO",5,775.93
"Munich, DE","Dortmund, DE",2,461.42
"Munich, DE","Altenstadt, DE",1,89.1
"Munich, DE","Faro, PT",3,2038.41
"Munich, DE","Alicante, ES",4,1496.75
"Munich, DE","Nowa Wieś, PL",4,769.4
"Málaga, ES","Nowy Dwór Mazowiecki, PL",2,2630.14
"Málaga, ES","Nuremberg, DE",3,1898.58
"Málaga, ES","Hamburg, DE",4,2184.46
"Málaga, ES","Bremen, DE",3,2092.57
"Málaga, ES","Aarhus, DK",3,2458.03
"Málaga, ES","Riga, LV",5,3086.5
"Málaga, ES","Poznań, PL",4,2415.39
"Málaga, ES","Tampere / Pirkkala, FI",2,3374.49
"Málaga, ES","Cascais, PT",2,484.16
"Málaga, ES","Brno, CZ",2,2201.18
"Málaga, ES","Zagreb, HR",2,1971.1
"Málaga, ES","Bordeaux, FR",2,960.75
"Málaga, ES","Braunschweig, DE",1,2100.77
"Málaga, ES","Köln (Cologne), DE",7,1829.08
"Málaga, ES","Mošnov, CZ",2,2320.25
"Málaga, ES","Kiruna, SE",1,3794.23
"Málaga, ES","Porto, PT",4,623.79
"Málaga, ES","Tallinn, EE",3,3285.3799999999997
"Málaga, ES","Cork, IE",9,1715.46
"Málaga, ES","Lisbon, PT",12,470.18
"Málaga, ES","Lübeck, DE",2,2236.25
"Málaga, ES","Pardubice, CZ",2,2195.7
"Málaga, ES","Bratislava, SK",7,2180.63
"Málaga, ES","Seville, ES",1,148.77
"Málaga, ES","Stuttgart, DE",3,1738.88
"Málaga, ES","Rheinmünster, DE",1,1688.63
"Málaga, ES","Kaunas, LT",3,2961.0399999999995
"Málaga, ES","Nannhausen, DE",2,1762.72
"Mönchengladbach, DE","Berlin, DE",1,497.2
"Mönchengladbach, DE","Hamburg, DE",3,349.0
"Mönchengladbach, DE","Augsburg, DE",1,444.97
"Mönchengladbach, DE","Hünxe, DE",1,49.52
"Mönchengladbach, DE","Antwerp, BE",1,142.26
"Mönchengladbach, DE","Munich, DE",2,495.81
"Mönchengladbach, DE","Laage, DE",1,491.24
"Mönchengladbach, DE","Essen, DE",2,35.65
"Mönchengladbach, DE","Schkeuditz, DE",1,398.49
"Mönchengladbach, DE","Spa, BE",1,92.97
"Mönchengladbach, DE","Parma (PR), IT",1,765.64
"Mönchengladbach, DE","Mannheim, DE",1,241.87
"Nantes, FR","Napoli, IT",1,1446.09
"Nantes, FR","Le Havre, FR",1,292.99
"Nantes, FR","Lisbon, PT",8,1113.04
"Nantes, FR","Frankfurt am Main, DE",4,812.46
"Nantes, FR","Faro, PT",2,1242.37
"Niederstetten, DE","Innsbruck, AT",1,258.23
"Niederstetten, DE","Roitzschjora, DE",1,302.17
"Norddeich, DE","Juist, DE",4,10.33
"Norddeich, DE","Bremen, DE",1,124.58
"Norderney, DE","Wilhelmshaven, DE",1,58.83
"Norrköping, SE","Karup, DK",1,497.29
"Norrköping, SE","Linköping, SE",1,42.86
"Nové Zámky, SK","Bad Vöslau, AT",1,143.28
"Nowe Kramsko, PL","Salzburg, AT",1,522.77
"Nowy Dwór Mazowiecki, PL","Alajero, La Gomera Island, ES",1,4128.76
"Nowy Dwór Mazowiecki, PL","Weßling, DE",1,823.28
"Nowy Dwór Mazowiecki, PL","Maribor, SI",1,754.31
"Nowy Dwór Mazowiecki, PL","Budapest, HU",1,562.3
"Nowy Dwór Mazowiecki, PL","Málaga, ES",2,2630.14
"Nowy Dwór Mazowiecki, PL","Balice, PL",1,270.71
"Nowy Dwór Mazowiecki, PL","Łódź, PL",2,117.95
"Nowy Dwór Mazowiecki, PL","Katowice, PL",1,245.09
"Nowy Dwór Mazowiecki, PL","Vila Franca de Xira, PT",1,2726.05
"Nuremberg, DE","Málaga, ES",4,1898.58
"Nuremberg, DE","Braunschweig, DE",1,315.75
"Nuremberg, DE","Barcelona, ES",2,1149.56
"Nuremberg, DE","Munich, DE",1,137.41
"Nuremberg, DE","Wiener Neustadt, AT",1,421.48
"Nuremberg, DE","Schkeuditz, DE",2,228.8
"Nuremberg, DE","Hannover, DE",3,343.52
"Nuremberg, DE","Faro, PT",3,2064.32
"Nuremberg, DE","Dublin, IE",1,1274.36
"Nuremberg, DE","Düsseldorf, DE",1,364.67
"Nuremberg, DE","Hohenfels, DE",1,63.23
"Nuremberg, DE","Strausberg, DE",1,395.94
"Nuremberg, DE","Friedrichshafen, DE",1,233.58
"Nuremberg, DE","Mannheim, DE",2,185.22
"Nuremberg, DE","Orio al Serio (BG), IT",1,437.99
"Nyköping, SE","Trollhättan, SE",1,269.98
"Nîmes/Garons, FR","Toulouse/Blagnac, FR",1,245.82
"Nîmes/Garons, FR","Chabeuil, Drôme, FR",1,136.73
"Nîmes/Garons, FR","Málaga, ES",1,1091.1
"Nîmes/Garons, FR","Saint-Jacques-de-la-Lande, Ille-et-Vilaine, FR",1,675.13
"Nîmes/Garons, FR","Paris, FR",2,598.31
"Nîmes/Garons, FR","Le Castellet, Var, FR",1,123.85
"Nîmes/Garons, FR","Grenoble, FR",1,192.62
"Nörvenich, DE","Niederstetten, DE",1,284.48
"Nörvenich, DE","Aachen, DE",1,33.15
"Ober-Grafendorf, AT","Tulln an der Donau, AT",3,42.87
"Ober-Mörlen, DE","Egelsbach, DE",1,44.99
"Odense, DK","Roskilde, DK",1,114.2
"Odense, DK","Segrate (MI), IT",1,1117.75
"Oostende, BE","Frankfurt am Main (Lautzenhausen), DE",1,339.65
"Oostende, BE","Luxembourg, LU",1,294.09
"Oostende, BE","Orio al Serio (BG), IT",1,794.52
"Oostende, BE","Antwerp, BE",2,110.69
"Oostende, BE","Eu, FR",1,162.14
"Oostende, BE","Tallinn, EE",1,1650.92
"Orio al Serio (BG), IT","Rome, IT",2,482.14
"Orio al Serio (BG), IT","Lisbon, PT",9,1724.6600000000003
"Orio al Serio (BG), IT","Napoli, IT",8,648.2
"Orio al Serio (BG), IT","Bacău, RO",2,1327.13
"Orio al Serio (BG), IT","Segrate (MI), IT",2,41.88
"Orio al Serio (BG), IT","Catania, IT",2,1014.57
"Orio al Serio (BG), IT","Kaunas, LT",2,1439.3
"Orio al Serio (BG), IT","Memmingen, DE",1,260.96
"Orio al Serio (BG), IT","Caselle (VR), IT",3,96.73
"Orio al Serio (BG), IT","Zgornji Brnik, SI",1,372.24
"Orio al Serio (BG), IT","Cameri (NO), IT",1,82.36
"Orio al Serio (BG), IT","Colombier-Saugnieu, Rhône, FR",1,358.71
"Orio al Serio (BG), IT","Ferno (VA), IT",2,76.35
"Orio al Serio (BG), IT","Oostende, BE",1,794.52
"Orio al Serio (BG), IT","Pavullo (MO), IT",1,173.87
"Orio al Serio (BG), IT","Paris, FR",1,658.81
"Orio al Serio (BG), IT","Le Mans, Sarthe, FR",2,766.03
"Orio al Serio (BG), IT","Nuremberg, DE",2,437.99
"Osijek(Klisa), HR","Rotterdam, NL",1,1274.67
"Osijek(Klisa), HR","Orio al Serio (BG), IT",1,708.58
"Osijek(Klisa), HR","Budapest, HU",2,226.79
"Osnabrück, DE","Sylt, DE",1,293.11
"Osnabrück, DE","Braunschweig, DE",1,175.89
"Otopeni, RO","Porto, PT",2,2835.16
"Otopeni, RO","Beauvais, FR",6,1888.96
"Otopeni, RO","Düsseldorf, DE",4,1615.99
"Otopeni, RO","Dresden, DE",1,1171.97
"Otopeni, RO","Alicante, ES",3,2318.26
"Otopeni, RO","Paris, FR",1,1859.03
"Otopeni, RO","Seville, ES",3,2780.5500000000006
"Otopeni, RO","Bucharest, RO",1,7.63
"Otopeni, RO","Stuttgart, DE",4,1364.46
"Otopeni, RO","Constanța, RO",2,190.68
"Otopeni, RO","Vila Franca de Xira, PT",1,2959.29
"Otopeni, RO","Bratislava, SK",2,790.08
"Otopeni, RO","Brno, CZ",2,877.09
"Otopeni, RO","Cluj-Napoca, RO",2,309.64
"Otopeni, RO","Segrate (MI), IT",1,1323.95
"Otopeni, RO","Spata-Artemida, GR",10,759.49
"Otopeni, RO","Poznań, PL",1,1106.95
"Palanga, LT","Amsterdam, NL",2,1135.72
"Palma de Mallorca, ES","Luxembourg, LU",6,1153.24
"Palma de Mallorca, ES","Dresden, DE",3,1546.03
"Palma de Mallorca, ES","Sta Cruz de la Palma, La Palma Island, ES",1,2236.05
"Palma de Mallorca, ES","Getafe, ES",1,557.13
"Palma de Mallorca, ES","Culleredo, ES",1,1015.21
"Palma de Mallorca, ES","Bremen, DE",5,1569.53
"Palma de Mallorca, ES","Lübeck, DE",3,1695.28
"Palma de Mallorca, ES","Schkeuditz, DE",4,1510.25
"Palma de Mallorca, ES","Wevelgem, BE",1,1253.39
"Palma de Mallorca, ES","Caselle Torinese (TO), IT",1,746.19
"Palma de Mallorca, ES","Valletta, MT",3,1112.0
"Palma de Mallorca, ES","Eindhoven, NL",5,1338.6600000000003
"Palma de Mallorca, ES","Rome, IT",1,853.63
"Pamplona, ES","Capannoli (PI), IT",1,1004.01
"Pardubice, CZ","Málaga, ES",2,2195.7
"Pardubice, CZ","Alicante, ES",2,1834.33
"Paris, FR","Marignane, Bouches-du-Rhône, FR",3,650.24
"Paris, FR","Luxembourg, LU",3,283.56
"Paris, FR","Caselle (VR), IT",2,751.21
"Paris, FR","Zaragoza, ES",1,855.41
"Paris, FR","Berlin, DE",5,865.53
"Paris, FR","Rome, IT",7,1112.82
"Paris, FR","Hannover, DE",2,641.25
"Paris, FR","Zaventem, BE",2,260.7
"Paris, FR","Saint-Denis-de-l'Hôtel, Loiret, FR",1,120.06
"Paris, FR","Mannheim, DE",4,444.94
"Paris, FR","Charmeil, Allier, FR",3,318.88
"Paris, FR","Nîmes/Garons, FR",4,598.31
"Paris, FR","Trento (TN), IT",4,729.42
"Paris, FR","Chambéry, FR",19,451.62000000000006
"Paris, FR","Vilnius, LT",1,1683.64
"Paris, FR","Caselle Torinese (TO), IT",1,574.84
"Paris, FR","Nantes, FR",2,361.78
"Paris, FR","Arvidsjaur, SE",1,2092.62
"Paris, FR","Strasbourg, FR",1,383.46
"Paris, FR","Annecy, FR",7,435.33
"Paris, FR","Saarbrücken, DE",2,341.56
"Paris, FR","Gdańsk, PL",1,1254.75
"Paris, FR","Porto, PT",1,1221.19
"Paris, FR","Nuremberg, DE",1,629.96
"Paris (Orly, Val-de-Marne), FR","Funchal, PT",3,2390.9
"Paris (Orly, Val-de-Marne), FR","Firenze (FI), IT",4,870.06
"Paris (Orly, Val-de-Marne), FR","Lisbon, PT",54,1438.1100000000001
"Paris (Orly, Val-de-Marne), FR","Caselle (VR), IT",5,742.56
"Paris (Orly, Val-de-Marne), FR","Falconara Marittima (AN), IT",2,1017.15
"Paris (Orly, Val-de-Marne), FR","Napoli, IT",7,1278.8799999999999
"Paris (Orly, Val-de-Marne), FR","Figari, FR",6,959.71
"Paris (Orly, Val-de-Marne), FR","Ibiza (Eivissa), ES",3,1098.26
"Paris (Orly, Val-de-Marne), FR","Nantes, FR",1,344.66
"Paris (Orly, Val-de-Marne), FR","Tenerife, ES",1,2787.53
"Paris (Orly, Val-de-Marne), FR","Paris (Roissy-en-France, Val-d'Oise), FR",7,34.23
"Paris (Orly, Val-de-Marne), FR","Luleå, SE",2,2196.35
"Paris (Orly, Val-de-Marne), FR","Montichiari (BS), IT",1,704.26
"Paris (Orly, Val-de-Marne), FR","Pisa (PI), IT",2,832.42
"Paris (Orly, Val-de-Marne), FR","Capannori (LU), IT",4,832.0
"Paris (Orly, Val-de-Marne), FR","Auch, FR",1,576.84
"Paris (Orly, Val-de-Marne), FR","Zaventem, BE",1,285.4
"Paris (Roissy-en-France, Val-d'Oise), FR","Rhodes, GR",1,2494.07
"Paris (Roissy-en-France, Val-d'Oise), FR","Paris (Orly, Val-de-Marne), FR",8,34.23
"Paris (Roissy-en-France, Val-d'Oise), FR","Valletta, MT",6,1756.66
"Paris (Roissy-en-France, Val-d'Oise), FR","Spata-Artemida, GR",18,2108.19
"Paris (Roissy-en-France, Val-d'Oise), FR","Funchal, PT",2,2421.45
"Paris (Roissy-en-France, Val-d'Oise), FR","Grâce-Hollogne, BE",6,275.3
"Paris (Roissy-en-France, Val-d'Oise), FR","Firenze (FI), IT",8,878.83
"Paris (Roissy-en-France, Val-d'Oise), FR","Napoli, IT",4,1289.1
"Paris (Roissy-en-France, Val-d'Oise), FR","Alava, ES",2,793.64
"Paris (Roissy-en-France, Val-d'Oise), FR","Katowice, PL",6,1196.15
"Paris (Roissy-en-France, Val-d'Oise), FR","Caselle (VR), IT",5,746.23
"Paris (Roissy-en-France, Val-d'Oise), FR","Dinard, FR",2,342.59
"Paris (Roissy-en-France, Val-d'Oise), FR","Cannes, FR",14,694.79
"Paris (Roissy-en-France, Val-d'Oise), FR","Paris, FR",1,10.03
"Paris (Roissy-en-France, Val-d'Oise), FR","Zagreb, HR",5,1062.16
"Parma (PR), IT","Perugia (PG), IT",1,261.68
"Parma (PR), IT","San Damiano (PC), IT",1,46.34
"Pavullo (MO), IT","Carpi (MO), IT",1,56.91
"Pavullo (MO), IT","Orio al Serio (BG), IT",1,173.87
"Pavullo (MO), IT","Falconara Marittima (AN), IT",1,217.19
"Pavullo (MO), IT","Bolzano (BZ), IT",1,240.74
"Perugia (PG), IT","Chabeuil, Drôme, FR",1,636.23
"Pescara, IT","L'Aquila, IT",1,71.97
"Pescara, IT","Düsseldorf, DE",1,1133.65
"Pescara, IT","Genova (GE), IT",1,484.29
"Pinkafeld, AT","Feldkirchen bei Graz, AT",1,67.24
"Pinkafeld, AT","Fürstenfeld, AT",2,36.18
"Pinnow, DE","Werneuchen, DE",1,183.36
"Pisa (PI), IT","Bacău, RO",1,1331.53
"Pisa (PI), IT","Berlin, DE",3,992.0099999999999
"Pisa (PI), IT","Rome, IT",3,267.02
"Pisa (PI), IT","Copenhagen, DK",3,1336.78
"Pisa (PI), IT","Chambéry, FR",1,417.74
"Pisa (PI), IT","Innsbruck, AT",1,404.52
"Plzen, CZ","Drásov, CZ",1,59.62
"Pommeuse, Seine-et-Marne, FR","Toussus-le-Noble, Yvelines, FR",1,66.82
"Ponta Delgada, PT","Lisbon, PT",10,1448.65
"Ponta Delgada, PT","Paris (Roissy-en-France, Val-d'Oise), FR",2,2582.99
"Poprad, SK","Bratislava, SK",2,244.09
"Pori, FI","Friedrichshafen, DE",1,1719.39
"Pori, FI","Tampere / Pirkkala, FI",1,96.07
"Portimão, PT","Cascais, PT",2,187.81
"Porto, PT","Caselle Torinese (TO), IT",3,1391.4000000000003
"Porto, PT","Wrocław, PL",4,2236.27
"Porto, PT","Memmingen, DE",5,1668.4900000000002
"Porto, PT","Strasbourg, FR",2,1514.37
"Porto, PT","Vienna, AT",5,2125.41
"Porto, PT","Steenokkerzeel, BE",2,1474.63
"Porto, PT","Cascais, PT",4,286.37
"Porto, PT","Málaga, ES",5,623.79
"Porto, PT","Katowice, PL",2,2363.39
"Porto, PT","Weeze, DE",4,1611.56
"Porto, PT","Ponta Delgada, PT",2,1508.54
"Porto, PT","Göteborg, SE",2,2347.12
"Porto, PT","Jerez de la Frontera, ES",1,549.55
"Porto, PT","Paris, FR",1,1221.19
"Porto, PT","Valletta, MT",2,2095.62
"Poznań, PL","Wiesbaden, DE",2,647.24
"Poznań, PL","Málaga, ES",4,2415.39
"Poznań, PL","Rome, IT",5,1226.33
"Poznań, PL","Valletta, MT",5,1852.25
"Poznań, PL","Nice, Alpes-Maritimes, FR",1,1205.96
"Poznań, PL","Hünxe, DE",1,687.0
"Poznań, PL","Nowa Wieś, PL",1,445.37
"Poznań, PL","Tampere / Pirkkala, FI",1,1079.95
"Poznań, PL","Köln (Cologne), DE",1,689.43
"Poznań, PL","Berlin, DE",1,225.44
"Prague, CZ","Mošnov, CZ",3,268.37
"Prague, CZ","Celle, DE",2,414.09
"Prouvy, FR","Vienna, AT",1,982.04
"Prouvy, FR","Gdańsk, PL",2,1111.33
"Prouvy, FR","Saint-Jacques-de-la-Lande, Ille-et-Vilaine, FR",1,453.25
"Pula, HR","Ronchi dei Legionari/Trieste, IT",2,109.65
"Punitz, AT","Maribor, SI",1,88.33
"Pupping, AT","Linz, AT",1,21.87
"Přerov, CZ","Hranice, CZ",4,25.45
"Přerov, CZ","Kroměříž, CZ",1,15.61
"Radom, PL","Larnaca, CY",2,2087.74
"Ramstein-Miesenbach, DE","Wiesbaden, DE",2,85.79
"Ramstein-Miesenbach, DE","Mannheim, DE",1,66.18
"Ramstein-Miesenbach, DE","Nuremberg, DE",1,251.39
"Ramstein-Miesenbach, DE","Tallinn, EE",1,1563.82
"Ramstein-Miesenbach, DE","Aviano (PN), IT",1,531.72
"Ramstein-Miesenbach, DE","Fauville, Eure, FR",1,465.35
"Ranón, ES","Amsterdam, NL",2,1259.26
"Ranón, ES","Seville, ES",5,683.46
"Ranón, ES","Granada, ES",2,734.11
"Ranón, ES","Orio al Serio (BG), IT",3,1265.75
"Ranón, ES","Lisbon, PT",3,591.63
"Ranón, ES","Valencia, ES",2,647.01
"Ranón, ES","Santiago de Compostela, ES",1,206.64
"Ravenna (RA), IT","Mönchengladbach, DE",1,874.28
"Ravenna (RA), IT","Ferrara (FE), IT",1,67.01
"Ravenna (RA), IT","Treviso (TV), IT",2,142.81
"Ravenna (RA), IT","Bologna, IT",3,76.72
"Recea, RO","Budapest, HU",2,417.27
"Reggio Calabria, IT","Katowice, PL",2,1405.71
"Reggio Calabria, IT","Valletta, MT",1,268.04
"Reggio Calabria, IT","Charleroi, BE",2,1636.87
"Reggio Calabria, IT","Beauvais, FR",2,1663.43
"Reggio Calabria, IT","Berlin, DE",2,1597.74
"Reggio Emilia (RE), IT","Venegono Superiore (VA), IT",1,181.22
"Reggio Emilia (RE), IT","Bologna, IT",5,52.58
"Reutte, AT","Innsbruck, AT",1,54.45
"Rheinmünster, DE","Berlin, DE",2,552.24
"Rheinmünster, DE","Faro, PT",2,1842.22
"Rheinmünster, DE","Mannheim, DE",1,83.34
"Rheinmünster, DE","Gdańsk, PL",1,948.32
"Rheinmünster, DE","Tenerife, ES",1,3096.97
"Rheinmünster, DE","Lahr/Schwarzwald, DE",3,49.25
"Rheinmünster, DE","Frankfurt am Main, DE",1,142.94
"Rheinmünster, DE","Valencia, ES",1,1236.79
"Rhodes, GR","Kos Island, GR",3,98.8
"Riga, LV","Málaga, ES",5,3086.5
"Riga, LV","Schkeuditz, DE",3,981.23
"Riga, LV","Roskilde, DK",1,748.83
"Riga, LV","Larnaca, CY",2,2559.4
"Riga, LV","Ferno (VA), IT",4,1640.71
"Riga, LV","Valletta, MT",4,2453.0
"Riga, LV","Kaunas, LT",4,226.19
"Riga, LV","Poznań, PL",1,683.64
"Riga, LV","Dublin, IE",4,1944.85
"Riga, LV","Paphos, CY",1,2553.65
"Rijen, NL","Arnhem, NL",6,84.82
"Rijen, NL","Eindhoven, NL",7,33.3
"Rijen, NL","Amsterdam, NL",1,83.22
"Rimini (RN), IT","Orio al Serio (BG), IT",1,293.27
"Rimini (RN), IT","Cervia (RA), IT",2,33.29
"Rimini (RN), IT","Fano (PU), IT",1,39.66
"Rimini (RN), IT","Rome, IT",2,247.15
"Rimini (RN), IT","Greven, DE",1,972.98
"Rimini (RN), IT","Segrate (MI), IT",1,307.42
"Roitzschjora, DE","Niederstetten, DE",1,302.17
"Rome, IT","Palermo, IT",1,411.87
"Rome, IT","Orio al Serio (BG), IT",3,482.14000000000004
"Rome, IT","Aquino, IT",1,113.03
"Rome, IT","Luxembourg, LU",1,994.02
"Rome, IT","Poznań, PL",5,1226.33
"Rome, IT","Berlin, DE",2,1177.03
"Rome, IT","Genova (GE), IT",5,410.84
"Rome, IT","Stuttgart, DE",2,805.71
"Rome, IT","Vilnius, LT",3,1709.95
"Rome, IT","Rimini (RN), IT",3,247.15
"Rome, IT","Shannon, IE",1,2003.45
"Rome, IT","Paris, FR",7,1112.82
"Rome, IT","Copenhagen, DK",1,1536.39
"Rome, IT","Avignon, FR",1,656.02
"Rome, IT","Ferno (VA), IT",2,518.99
"Rome, IT","Chambéry, FR",1,676.74
"Rome, IT","Montichiari (BS), IT",1,437.07
"Ronchi dei Legionari/Trieste, IT","Seville, ES",2,1854.42
"Ronchi dei Legionari/Trieste, IT","Valletta, MT",2,1113.18
"Ronchi dei Legionari/Trieste, IT","Caselle Torinese (TO), IT",1,458.9
"Ronchi dei Legionari/Trieste, IT","Bologna, IT",1,223.44
"Ronneby, SE","Orio al Serio (BG), IT",1,1239.94
"Roskilde, DK","Steenokkerzeel, BE",1,726.04
"Roskilde, DK","Laage, DE",1,185.65
"Roskilde, DK","Odense, DK",1,114.2
"Roskilde, DK","Jasionka, PL",1,899.61
"Roskilde, DK","Dublin, IE",1,1207.67
"Roskilde, DK","Aix en Provence, FR",1,1427.44
"Rotterdam, NL","Reutte, AT",2,671.09
"Rotterdam, NL","Vila Franca de Xira, PT",1,1787.7
"Rotterdam, NL","Segrate (MI), IT",1,806.05
"Rotterdam, NL","Hoevenen, BE",1,72.45
"Rotterdam, NL","Hoogerheide, NL",2,56.84
"Rotterdam, NL","Gdańsk, PL",1,971.26
"Rotterdam, NL","Hoeven, NL",2,45.41
"Rotterdam, NL","Trento (TN), IT",1,819.89
"Rotterdam, NL","Groningen, NL",2,194.04
"Rotterdam, NL","Nice, Alpes-Maritimes, FR",1,945.61
"Rotterdam, NL","Grâce-Hollogne, BE",1,162.44
"Rotterdam, NL","Weert, NL",1,112.02
"Rotterdam, NL","Friedrichshafen, DE",2,599.39
"Royan/Médis, FR","Angoulême, FR",1,93.44
"Saint-Denis-de-l'Hôtel, Loiret, FR","Prouvy, FR",1,286.2
"Saint-Denis-de-l'Hôtel, Loiret, FR","Chassieu, Lyon, FR",1,320.82
"Saint-Denis-de-l'Hôtel, Loiret, FR","Saint-Tropez, FR",1,620.46
"Saint-Jacques-de-la-Lande, Ille-et-Vilaine, FR","La Baule-Escoublac, FR",1,98.09
"Saint-Jacques-de-la-Lande, Ille-et-Vilaine, FR","Bordeaux, FR",2,368.72
"Saint-Jacques-de-la-Lande, Ille-et-Vilaine, FR","Angers, FR",1,120.37
"Saint-Jacques-de-la-Lande, Ille-et-Vilaine, FR","Barcelona, ES",3,810.89
"Saint-Jacques-de-la-Lande, Ille-et-Vilaine, FR","Nîmes/Garons, FR",1,675.13
"Saint-Jacques-de-la-Lande, Ille-et-Vilaine, FR","Prouvy, FR",1,453.25
"Saint-Jacques-de-la-Lande, Ille-et-Vilaine, FR","Berck-sur-Mer, FR",1,356.03
"Saint-Léger-sur-Roanne, FR","Andrézieux-Bouthéon, Loire, FR",2,61.55
"Saint-Nazaire/Montoir, FR","Albert, FR",1,462.66
"Saint-Tropez, FR","Paris, FR",3,711.87
"Saint-Tropez, FR","Düsseldorf, DE",1,899.17
"Salzburg, AT","Chambéry, FR",1,593.34
"Salzburg, AT","Egelsbach, DE",2,399.6
"Salzburg, AT","Eindhoven, NL",5,683.1
"Salzburg, AT","Greven, DE",1,614.08
"Salzburg, AT","Katowice, PL",1,533.04
"Salzburg, AT","Nice, Alpes-Maritimes, FR",3,642.52
"Salzburg, AT","Dresden, DE",1,375.55
"Salzburg, AT","Vienna, AT",2,267.83
"Salzburg, AT","Valletta, MT",1,1334.12
"Salzburg, AT","Bucharest, RO",1,1071.7
"Salzburg, AT","Stuttgart, DE",1,297.27
"Salzburg, AT","Atting, DE",1,128.32
"Salzburg, AT","Braunschweig, DE",1,532.66
"Salzburg, AT","Sečovlje, SI",1,262.3
"Salzburg, AT","Bratislava, SK",1,315.98
"Salzburg, AT","Brno, CZ",1,311.06
"Salzburg, AT","Stockholm, SE",4,1340.93
"Salzburg, AT","Copenhagen, DK",13,870.38
"Salzburg, AT","Luxembourg, LU",2,538.21
"Salzburg, AT","Alicante, ES",2,1523.39
"Salzburg, AT","Berlin, DE",3,509.23
"Salzburg, AT","Innsbruck, AT",3,138.03
"Samos Island, GR","Spata-Artemida, GR",6,262.08
"San Bartolomé, ES","Sta Cruz de la Palma, La Palma Island, ES",2,406.0
"San Bartolomé, ES","El Matorral, ES",1,60.32
"San Javier, ES","Zaragoza, ES",6,433.11999999999995
"Sankt Peter-Ording, DE","Neumünster, DE",1,85.5
"Santiago de Compostela, ES","Culleredo, ES",1,45.23
"Savonlinna, FI","Dresden, DE",1,1512.19
"Scharnstein, AT","Bad Vöslau, AT",1,173.04
"Scharnstein, AT","Laakirchen, AT",1,7.97
"Schkeuditz, DE","Köln (Cologne), DE",15,360.32
"Schkeuditz, DE","Katowice, PL",7,490.9
"Schkeuditz, DE","Budapest, HU",7,661.86
"Schkeuditz, DE","Vilnius, LT",3,941.46
"Schkeuditz, DE","Alava, ES",4,1471.74
"Schkeuditz, DE","Zaventem, BE",14,543.14
"Schkeuditz, DE","Hannover, DE",1,209.46
"Schkeuditz, DE","Ferno (VA), IT",14,693.42
"Schkeuditz, DE","Paris (Roissy-en-France, Val-d'Oise), FR",11,738.35
"Schkeuditz, DE","Mošnov, CZ",4,457.21
"Schkeuditz, DE","Copenhagen, DK",11,467.55
"Schkeuditz, DE","Stuttgart, DE",6,371.95
"Schkeuditz, DE","Pisa (PI), IT",2,871.22
"Schkeuditz, DE","Munich, DE",7,342.50999999999993
"Schkeuditz, DE","Montichiari (BS), IT",4,680.81
"Schkeuditz, DE","Dublin, IE",5,1270.04
"Schkeuditz, DE","Avignon, FR",1,998.57
"Schkeuditz, DE","Palma de Mallorca, ES",4,1510.25
"Schkeuditz, DE","Mönchengladbach, DE",1,398.49
"Schkeuditz, DE","Paris, FR",1,748.32
"Segrate (MI), IT","Steenokkerzeel, BE",7,703.66
"Segrate (MI), IT","Chambéry, FR",5,265.37
"Segrate (MI), IT","Caselle Torinese (TO), IT",4,130.08
"Segrate (MI), IT","Napoli, IT",7,649.62
"Segrate (MI), IT","Dortmund, DE",1,686.31
"Segrate (MI), IT","Palma de Mallorca, ES",6,845.9900000000001
"Segrate (MI), IT","Strasbourg, FR",1,365.95
"Segrate (MI), IT","Shannon, IE",2,1545.59
"Segrate (MI), IT","Pavullo (MO), IT",1,174.91
"Segrate (MI), IT","Rimini (RN), IT",1,307.42
"Segrate (MI), IT","Spata-Artemida, GR",2,1472.98
"Segrate (MI), IT","Larnaca, CY",1,2365.89
"Segrate (MI), IT","Bratislava, SK",4,675.28
"Segrate (MI), IT","Ferno (VA), IT",2,47.45
"Segrate (MI), IT","Bologna, IT",3,187.78
"Segrate (MI), IT","Genova (GE), IT",1,119.89
"Segrate (MI), IT","Torino (TO), IT",1,136.99
"Segrate (MI), IT","Grenoble, FR",2,308.28
"Segrate (MI), IT","Salzburg, AT",2,386.21
"Segrate (MI), IT","Chassieu, Lyon, FR",1,338.59
"Seville, ES","Frankfurt am Main, DE",4,1813.97
"Seville, ES","Vienna, AT",2,2172.86
"Seville, ES","Ronchi dei Legionari/Trieste, IT",2,1854.42
"Seville, ES","Budapest, HU",3,2323.06
"Seville, ES","Lisbon, PT",13,321.68
"Seville, ES","Otopeni, RO",3,2780.5500000000006
"Seville, ES","Balice, PL",3,2477.23
"Seville, ES","Bordeaux, FR",4,930.7
"Seville, ES","Valletta, MT",4,1823.77
"Seville, ES","Rheinmünster, DE",1,1692.6
"Sečovlje, SI","Feldkirchen bei Graz, AT",3,219.55000000000004
"Sečovlje, SI","Varaždin, HR",1,232.9
"Sečovlje, SI","Wolfsberg, AT",1,176.3
"Sečovlje, SI","Micheldorf, AT",1,220.27
"Sečovlje, SI","Pescara, IT",1,341.17
"Shannon, IE","Köln (Cologne), DE",1,1121.48
"Shannon, IE","Abbeyshrule, IE",1,130.72
"Shannon, IE","Amsterdam, NL",1,926.13
"Shannon, IE","Inis Mór, IE",1,66.44
"Shannon, IE","Inverin, IE",1,69.09
"Shannon, IE","Alicante, ES",4,1728.18
"Shannon, IE","Farranfore, IE",1,70.75
"Sigonella (CT), IT","Barcelona, ES",4,1184.84
"Sigonella (CT), IT","Napoli, IT",6,391.24
"Sigonella (CT), IT","Vilnius, LT",1,2071.38
"Sigonella (CT), IT","Frankfurt am Main, DE",2,1492.74
"Sigonella (CT), IT","Ampugnano (SI), IT",1,721.23
"Sigonella (CT), IT","Seville, ES",3,1834.7300000000002
"Sigonella (CT), IT","Beauvais, FR",2,1688.04
"Skellefteå, SE","Jyväskylän Maalaiskunta, FI",1,336.45
"Skiros Island, GR","Thessaloniki, GR",2,215.85
"Skuteč, CZ","Mladá Boleslav, CZ",2,101.29
"Spa, BE","Mönchengladbach, DE",1,92.97
"Spata-Artemida, GR","Helsinki (Vantaa), FI",2,2489.79
"Spata-Artemida, GR","Rome, IT",2,1071.91
"Spata-Artemida, GR","Samos Island, GR",1,262.08
"Spata-Artemida, GR","Kozani, GR",2,318.11
"Spata-Artemida, GR","Luxembourg, LU",2,1918.88
"Spata-Artemida, GR","Skiros Island, GR",4,124.02
"Spata-Artemida, GR","Charleroi, BE",5,2074.67
"Spata-Artemida, GR","Riga, LV",2,2114.88
"Spata-Artemida, GR","Zakynthos, GR",7,269.49
"Spata-Artemida, GR","Paris, FR",2,2113.39
"Speyer, DE","Berlin, DE",2,491.08
"Speyer, DE","Baden-Baden, DE",1,60.21
"Speyer, DE","Colmar, FR",2,155.16
"Speyer, DE","Palma de Mallorca, ES",1,1174.68
"Sta Cruz de la Palma, La Palma Island, ES","Düsseldorf, DE",3,3242.31
"Sta Cruz de la Palma, La Palma Island, ES","Tenerife, ES",1,133.21
"Sta Cruz de la Palma, La Palma Island, ES","San Bartolomé, ES",1,406.0
"Stadtlohn, DE","Deventer, NL",1,60.56
"Stadtlohn, DE","Essen, DE",1,66.33
"Stadtlohn, DE","Groningen, NL",1,126.16
"Steenokkerzeel, BE","Hannover, DE",3,397.14000000000004
"Steenokkerzeel, BE","Bratislava, SK",2,965.81
"Steenokkerzeel, BE","Alava, ES",3,1046.68
"Steenokkerzeel, BE","Prague, CZ",1,707.38
"Steenokkerzeel, BE","Aalborg, DK",1,770.86
"Steenokkerzeel, BE","Zagreb, HR",3,1014.29
"Stockerau, AT","Krems an der Donau, AT",1,41.23
"Stockholm, SE","Roskilde, DK",3,555.95
"Stockholm, SE","Örebro, SE",6,167.04
"Stockholm, SE","Thessaloniki, GR",2,2139.69
"Stockholm, SE","Hamburg, DE",6,820.42
"Stockholm, SE","Valletta, MT",3,2642.14
"Stockholm, SE","Cork, IE",1,1846.1
"Stockholm, SE","Nice, Alpes-Maritimes, FR",2,1905.48
"Stockholm, SE","Smålandsstenar, SE",1,368.82
"Stockholm, SE","Tenerife, ES",1,4339.3
"Stockholm, SE","Rome, IT",1,2004.46
"Stockholm, SE","Spata-Artemida, GR",3,2435.76
"Stockholm, SE","Salzburg, AT",9,1340.93
"Stockholm, SE","Linköping, SE",1,181.22
"Stockholm, SE","Lisbon, PT",7,2988.64
"Stockholm, SE","Faro, PT",3,3109.3000000000006
"Stockholm / Västerås, SE","Alicante, ES",2,2663.24
"Stockholm / Västerås, SE","Västervik, SE",1,201.3
"Storuman, SE","Lycksele, SE",1,66.65
"Strasbourg, FR","Porto, PT",2,1514.37
"Strasbourg, FR","Lorient/Lann/Bihoué, FR",1,824.94
"Strasbourg, FR","Grenoble, FR",1,393.81
"Strasbourg, FR","Aix en Provence, FR",1,586.08
"Stuttgart, DE","Freiburg im Breisgau, DE",2,126.66
"Stuttgart, DE","Funchal, PT",2,2798.14
"Stuttgart, DE","Steenokkerzeel, BE",1,419.88
"Stuttgart, DE","Baden-Baden, DE",1,76.82
"Stuttgart, DE","Ammerbuch, DE",1,25.75
"Stuttgart, DE","Brno, CZ",1,548.13
"Stuttgart, DE","Hannover, DE",2,420.61
"Stuttgart, DE","Otopeni, RO",4,1364.46
"Stuttgart, DE","Rotterdam, NL",2,497.14
"Stuttgart, DE","Paris, FR",2,497.48
"Stuttgart, DE","Zaventem, BE",1,419.51
"Stuttgart, DE","Faro, PT",2,1902.12
"Stuttgart, DE","Braunschweig, DE",2,414.42
"Stuttgart, DE","Málaga, ES",3,1738.88
"Stuttgart, DE","Vila Franca de Xira, PT",1,1818.61
"Stuttgart, DE","Spata-Artemida, GR",2,1682.16
"Stuttgart, DE","Trebbin, DE",1,479.92
"Suben, AT","Wels, AT",2,50.14
"Sylt, DE","Hannover, DE",2,286.66
"Sylt, DE","Mannheim, DE",1,605.03
"Sylt, DE","Flensburg, DE",3,68.28
"Szymany, PL","Dortmund, DE",2,926.56
"Sármellék, HU","Wiener Neustadt, AT",1,145.8
"Sønderborg, DK","Hamburg, DE",1,153.82
"Tallard, Hautes-Alpes, FR","Aix en Provence, FR",6,118.38
"Tallinn, EE","Budapest, HU",3,1377.39
"Tallinn, EE","Dublin, IE",2,2002.93
"Tallinn, EE","Rakvere, EE",1,86.58
"Tallinn, EE","Ferno (VA), IT",2,1869.76
"Tallinn, EE","Segrate (MI), IT",1,1867.34
"Tallinn, EE","Málaga, ES",4,3285.38
"Tallinn, EE","Ramstein-Miesenbach, DE",1,1563.82
"Tallinn, EE","Zaventem, BE",3,1591.53
"Tampere / Pirkkala, FI","Málaga, ES",2,3374.49
"Tampere / Pirkkala, FI","Helsinki (Vantaa), FI",2,142.32
"Tarbes/Lourdes/Pyrénées, FR","Dierre, Indre-et-Loire, FR",1,468.64
"Thessaloniki, GR","Ferno (VA), IT",2,1286.36
"Thessaloniki, GR","Budapest, HU",5,833.86
"Thessaloniki, GR","Barcelona, ES",2,1753.55
"Thessaloniki, GR","Skiros Island, GR",2,215.85
"Thessaloniki, GR","Beauvais, FR",2,1908.15
"Thessaloniki, GR","Göteborg, SE",2,2064.33
"Timmersdorf, AT","Feldkirchen bei Graz, AT",1,56.2
"Torino (TO), IT","Bologna, IT",1,297.06
"Torino (TO), IT","Aix en Provence, FR",1,249.94
"Toulouse/Blagnac, FR","Chassieu, Lyon, FR",2,366.81
"Toulouse/Blagnac, FR","Paris, FR",3,598.7
"Toulouse/Blagnac, FR","Saint-Nazaire/Montoir, FR",6,492.67
"Toulouse/Blagnac, FR","Balice, PL",3,1567.86
"Toulouse/Blagnac, FR","Rochefort/Saint-Agnant, FR",1,312.08
"Toulouse/Blagnac, FR","Cork, IE",1,1171.31
"Toulouse/Blagnac, FR","Palma de Mallorca, ES",1,467.56
"Tours, Indre-et-Loire, FR","Pau/Pyrénées (Uzein), FR",1,459.37
"Tours, Indre-et-Loire, FR","Saint-Jacques-de-la-Lande, Ille-et-Vilaine, FR",1,197.25
"Toussus-le-Noble, Yvelines, FR","Le Havre, FR",2,170.6
"Toussus-le-Noble, Yvelines, FR","Annecy, FR",2,434.66
"Toussus-le-Noble, Yvelines, FR","Cormeilles-en-Vexin, Val-d'Oise, FR",4,38.62
"Toussus-le-Noble, Yvelines, FR","Pommeuse, Seine-et-Marne, FR",1,66.82
"Toussus-le-Noble, Yvelines, FR","Ferno (VA), IT",1,608.61
"Toussus-le-Noble, Yvelines, FR","Lognes, Seine-et-Marne, FR",2,38.85
"Toussus-le-Noble, Yvelines, FR","Augsburg, DE",1,649.77
"Toussus-le-Noble, Yvelines, FR","Fauville, Eure, FR",1,71.74
"Toussus-le-Noble, Yvelines, FR","Ajaccio, FR",1,921.41
"Toussus-le-Noble, Yvelines, FR","Chambéry, FR",2,448.43
"Toussus-le-Noble, Yvelines, FR","Tarbes/Lourdes/Pyrénées, FR",1,640.79
"Toussus-le-Noble, Yvelines, FR","Groningen, NL",1,577.67
"Trebbin, DE","Egelsbach, DE",1,402.15
"Trebbin, DE","Lelystad, NL",1,520.0
"Treviso (TV), IT","Rijeka(Omišalj), HR",1,191.55
"Treviso (TV), IT","Berlin, DE",3,752.5300000000001
"Treviso (TV), IT","Levaldigi (CN), IT",1,379.06
"Treviso (TV), IT","Innsbruck, AT",1,190.69
"Treviso (TV), IT","Santiago de Compostela, ES",1,1664.34
"Trier, DE","Wiesbaden, DE",1,116.54
"Trollenhagen, DE","Laage, DE",3,76.15
"Trollenhagen, DE","Trebbin, DE",1,155.71
"Trollhättan, SE","Nyköping, SE",1,269.98
"Trollhättan, SE","Tidaholm, SE",1,97.72
"Trollhättan, SE","Malmö, SE",1,315.66
"Tulln an der Donau, AT","Timmersdorf, AT",1,135.2
"Tulln an der Donau, AT","Bad Vöslau, AT",1,40.85
"Turku, FI","Stockholm, SE",8,265.53
"Turku, FI","Strausberg, DE",1,1018.0
"Uden, NL","Rijen, NL",2,54.5
"Uden, NL","Stadtlohn, DE",1,86.47
"Uherské Hradiště, CZ","Hohenems, AT",1,601.7
"Uherské Hradiště, CZ","Innsbruck, AT",1,493.02
"Uppsala, SE","Karlskoga, SE",1,184.38
"Uppsala, SE","Borlange, SE",1,128.7
"Valbrembo (BG), IT","Forlì (FC), IT",1,258.28
"Valencia, ES","Pisa (PI), IT",3,1016.41
"Valencia, ES","Cork, IE",1,1505.78
"Valencia, ES","Melilla, ES",1,516.57
"Valencia, ES","Lisbon, PT",3,750.33
"Valencia, ES","Marratxí, ES",1,273.25
"Valencia, ES","Alicante, ES",2,134.37
"Valencia, ES","Toulouse/Blagnac, FR",1,485.22
"Valencia, ES","Nice, Alpes-Maritimes, FR",1,789.92
"Valencia, ES","Valletta, MT",1,1376.78
"Valencia, ES","Ranón, ES",1,647.01
"Valencia, ES","Sant Lluis, ES",1,407.11
"Valencia, ES","La Virgen Del Camino, ES",1,554.01
"Valencia, ES","Rheinmünster, DE",1,1236.79
"Valladolid, ES","Paris, FR",1,986.71
"Valletta, MT","Paris (Roissy-en-France, Val-d'Oise), FR",7,1756.66
"Valletta, MT","Ronchi dei Legionari/Trieste, IT",2,1113.18
"Valletta, MT","Düsseldorf, DE",4,1824.07
"Valletta, MT","Salzburg, AT",5,1334.12
"Valletta, MT","Napoli, IT",3,560.7
"Valletta, MT","Bologna, IT",5,1003.57
"Valletta, MT","Göteborg, SE",2,2438.72
"Valletta, MT","Poznań, PL",5,1852.25
"Valletta, MT","Riga, LV",4,2453.0
"Valletta, MT","Nice, Alpes-Maritimes, FR",1,1067.46
"Valletta, MT","Stockholm, SE",3,2642.14
"Valletta, MT","Montichiari (BS), IT",2,1121.51
"Valletta, MT","Luxembourg, LU",5,1672.4599999999998
"Valletta, MT","Seville, ES",4,1823.77
"Valletta, MT","Gdańsk, PL",1,2083.27
"Valletta, MT","Schkeuditz, DE",1,1741.13
"Valletta, MT","Rome, IT",2,685.98
"Valletta, MT","Comiso, IT",3,128.29
"Valletta, MT","Berlin, DE",3,1838.13
"Valletta, MT","Beauvais, FR",2,1815.41
"Valletta, MT","Caselle Torinese (TO), IT",3,1189.09
"Valletta, MT","Lisbon, PT",3,2108.82
"Valletta, MT","Lamezia Terme (CZ), IT",1,373.92
"Valletta, MT","Palma de Mallorca, ES",3,1112.0
"Valletta, MT","Spata-Artemida, GR",6,871.75
"Valletta, MT","Porto, PT",2,2095.62
"Varaždin, HR","Sečovlje, SI",1,232.9
"Velika Gorica, HR","Zgornji Brnik, SI",1,135.48
"Velika Gorica, HR","Amsterdam, NL",15,1098.85
"Velika Gorica, HR","Zagreb, HR",3,17.2
"Velika Gorica, HR","Málaga, ES",5,1985.64
"Velika Gorica, HR","Berlin, DE",3,759.2400000000001
"Velika Gorica, HR","Düsseldorf, DE",1,920.58
"Velika Gorica, HR","Antwerp, BE",1,1046.44
"Velika Gorica, HR","Feldkirchen bei Graz, AT",1,146.95
"Velika Gorica, HR","Zaventem, BE",6,1029.02
"Velika Gorica, HR","Charleroi, BE",4,1007.52
"Velika Gorica, HR","Dublin, IE",4,1811.86
"Venegono Superiore (VA), IT","Loreo (RO), IT",1,265.69
"Venegono Superiore (VA), IT","Orio al Serio (BG), IT",2,64.24
"Venezia (VE), IT","Balice, PL",1,752.21
"Venezia (VE), IT","Ferno (VA), IT",4,282.41
"Venezia (VE), IT","Caselle (VR), IT",4,114.9
"Venezia (VE), IT","Napoli, IT",4,537.11
"Venezia (VE), IT","Nuremberg, DE",3,454.22
"Venezia (VE), IT","Larnaca, CY",2,2148.76
"Venezia (VE), IT","Zgornji Brnik, SI",4,181.56
"Venezia (VE), IT","Hamburg, DE",2,915.13
"Venezia (VE), IT","Stuttgart, DE",1,425.98
"Venezia (VE), IT","Tallinn, EE",2,1756.0
"Verviers, BE","Spa, BE",1,8.76
"Vienna, AT","Weßling, DE",1,392.55
"Vienna, AT","Nuremberg, DE",2,430.67
"Vienna, AT","Seville, ES",2,2172.86
"Vienna, AT","Prouvy, FR",1,982.04
"Vienna, AT","Dresden, DE",1,392.09
"Vienna, AT","Rome, IT",1,773.35
"Vienna, AT","Paris, FR",2,1043.36
"Vienna, AT","Salzburg, AT",3,267.83
"Vienna, AT","Feldkirchen bei Graz, AT",7,150.59999999999997
"Vienna, AT","Marignane, Bouches-du-Rhône, FR",6,1021.11
"Vienna, AT","Porto, PT",5,2125.41
"Vienna, AT","Grâce-Hollogne, BE",3,852.16
"Vienna, AT","Tallinn, EE",2,1366.74
"Vienna, AT","Cormeilles-en-Vexin, Val-d'Oise, FR",1,1072.63
"Vienna, AT","Wolfsberg, AT",6,194.52
"Vienna, AT","Lisbon, PT",10,2305.01
"Vienna, AT","Billund, DK",1,987.79
"Vigo, ES","Palma de Mallorca, ES",1,999.85
"Vigo, ES","Barcelona, ES",5,893.3399999999999
"Vigo, ES","Thessaloniki, GR",1,2628.19
"Vila Franca de Xira, PT","Napoli, IT",1,1996.28
"Vila Franca de Xira, PT","Barcelona, ES",14,981.55
"Vila Franca de Xira, PT","Charleroi, BE",5,1666.61
"Vila Franca de Xira, PT","Paris (Orly, Val-de-Marne), FR",16,1423.55
"Vila Franca de Xira, PT","Valencia, ES",1,739.61
"Vila Franca de Xira, PT","Orio al Serio (BG), IT",5,1710.85
"Vila Franca de Xira, PT","Köln (Cologne), DE",3,1835.87
"Vila Franca de Xira, PT","Rotterdam, NL",2,1787.7
"Vila Franca de Xira, PT","Nantes, FR",1,1098.6
"Vila Franca de Xira, PT","Wrocław, PL",2,2428.94
"Vila Real, PT","Cascais, PT",3,315.81
"Villanova d'Albenga (SV), IT","Bresso (MI), IT",1,186.2
"Vilnius, LT","Schkeuditz, DE",2,941.46
"Vilnius, LT","Dortmund, DE",3,1226.63
"Vilnius, LT","Billund, DK",1,1028.85
"Vilnius, LT","Bordeaux, FR",1,2145.24
"Vilnius, LT","Caselle Torinese (TO), IT",3,1633.54
"Vilnius, LT","Barcelona, ES",6,2258.08
"Vilnius, LT","Győr, HU",1,936.59
"Vodochody, CZ","Drásov, CZ",1,59.11
"Vojens, DK","Aalborg, DK",1,211.45
"Vojens, DK","Norrköping, SE",1,565.02
"Västervik, SE","Stockholm / Västerås, SE",1,201.3
"Växjö, SE","Alicante, ES",2,2356.82
"Växjö, SE","Innsbruck, AT",1,1099.36
"Wangerooge, DE","Neumünster, DE",1,136.41
"Wangerooge, DE","Harlesiel, DE",1,10.67
"Waterford, IE","Beauvais, FR",1,713.45
"Weert, NL","Hamburg, DE",1,390.3
"Weeze, DE","Köln (Cologne), DE",2,107.47
"Weeze, DE","Hamburg, DE",2,336.7
"Weeze, DE","Beauvais, FR",1,371.5
"Weeze, DE","Faro, PT",4,1965.13
"Weeze, DE","Porto, PT",4,1611.56
"Wels, AT","Krems an der Donau, AT",1,121.59
"Wels, AT","Pupping, AT",1,17.83
"Wels, AT","Seitenstetten, AT",1,48.5
"Wels, AT","Hofkirchen, AT",1,22.52
"Werneuchen, DE","Brandenburg an der Havel, DE",1,82.48
"Wevelgem, BE","Antwerp, BE",3,96.96999999999998
"Wevelgem, BE","Paris, FR",1,213.74
"Wevelgem, BE","Annecy, FR",2,584.0
"Wevelgem, BE","Berlin, DE",1,730.77
"Weßling, DE","Hannover, DE",2,500.03
"Weßling, DE","Lisbon, PT",1,1937.1
"Weßling, DE","Köln (Cologne), DE",2,430.41
"Weßling, DE","Valletta, MT",1,1385.81
"Weßling, DE","Dortmund, DE",2,464.05
"Weßling, DE","Egelsbach, DE",2,284.04
"Weßling, DE","Nobitz, DE",1,334.38
"Weßling, DE","Antwerp, BE",1,600.23
"Weßling, DE","Hamburg, DE",3,619.23
"Wiener Neustadt, AT","Mladá Boleslav, CZ",2,300.76
"Wiener Neustadt, AT","Treviso (TV), IT",1,392.93
"Wiener Neustadt, AT","Zagreb, HR",1,232.47
"Wiener Neustadt, AT","Pinkafeld, AT",1,51.33
"Wiener Neustadt, AT","Ober-Grafendorf, AT",1,60.29
"Wiener Neustadt, AT","Mannheim, DE",1,595.57
"Wiener Neustadt, AT","Hofkirchen, AT",1,145.62
"Wiener Neustadt, AT","Timmersdorf, AT",1,108.56
"Wiesbaden, DE","Constanța, RO",1,1642.69
"Wiesbaden, DE","Stuttgart, DE",2,164.56
"Wiesbaden, DE","Ramstein-Miesenbach, DE",5,85.79
"Wiesbaden, DE","Wehrheim, DE",1,30.4
"Wiesbaden, DE","Heppenheim, DE",1,52.19
"Wiesbaden, DE","Frankfurt am Main, DE",1,16.83
"Wiesbaden, DE","Geilenkirchen, DE",1,190.59
"Wiesbaden, DE","Bitburg, DE",1,126.36
"Wilhelmshaven, DE","Norddeich, DE",1,58.75
"Wilhelmshaven, DE","Groningen, NL",1,106.82
"Wilhelmshaven, DE","Harlesiel, DE",1,27.4
"Wrocław, PL","Bucharest, RO",2,1004.97
"Wrocław, PL","Amsterdam, NL",9,844.6699999999998
"Wrocław, PL","Alicante, ES",5,1973.4599999999998
"Wrocław, PL","Porto, PT",4,2236.27
"Wrocław, PL","Barcelona, ES",4,1571.57
"Wrocław, PL","Bologna, IT",5,840.7599999999999
"Wrocław, PL","Lisbon, PT",2,2443.36
"Wurster Nordseeküste, DE","Hamburg, DE",2,85.03
"Wyk auf Föhr, DE","Flensburg, DE",2,55.5
"Zagreb, HR","Bratislava, SK",1,286.56
"Zagreb, HR","Barcelona, ES",1,1214.23
"Zagreb, HR","Paris, FR",1,1069.15
"Zakynthos, GR","Spata-Artemida, GR",6,269.49
"Zakynthos, GR","Kefallinia Island, GR",2,53.09
"Zakynthos, GR","Lamezia Terme (CZ), IT",1,424.44
"Zaragoza, ES","Steenokkerzeel, BE",1,1111.86
"Zaragoza, ES","Valencia, ES",1,246.66
"Zaragoza, ES","Monflorite/Alcalá del Obispo, ES",3,75.36
"Zaragoza, ES","Culleredo, ES",1,628.2
"Zaragoza, ES","Getafe, ES",1,271.96
"Zaventem, BE","Bordeaux, FR",4,778.28
"Zaventem, BE","Zaragoza, ES",1,1110.46
"Zaventem, BE","Stuttgart, DE",1,419.51
"Zaventem, BE","Ibiza (Eivissa), ES",1,1359.46
"Zaventem, BE","Schkeuditz, DE",15,543.14
"Zaventem, BE","Valencia, ES",3,1326.51
"Zaventem, BE","Barcelona, ES",16,1083.78
"Zaventem, BE","Alicante, ES",8,1458.01
"Zaventem, BE","Göteborg, SE",4,902.74
"Zaventem, BE","Berlin, DE",9,642.7800000000001
"Zaventem, BE","Marignane, Bouches-du-Rhône, FR",6,831.6900000000002
"Zaventem, BE","Dublin, IE",9,784.05
"Zaventem, BE","Ferno (VA), IT",9,664.69
"Zaventem, BE","Köln (Cologne), DE",5,186.52000000000004
"Zaventem, BE","Spata-Artemida, GR",6,2101.43
"Zaventem, BE","Segrate (MI), IT",15,702.77
"Zaventem, BE","Stockholm, SE",8,1277.08
"Zaventem, BE","Vienna, AT",13,924.88
"Zaventem, BE","Copenhagen, DK",15,754.38
"Zaventem, BE","Amsterdam, NL",9,157.66
"Zaventem, BE","Frankfurt am Main, DE",18,304.27
"Zaventem, BE","Wevelgem, BE",1,89.95
"Zaventem, BE","Málaga, ES",7,1735.48
"Zaventem, BE","Nice, Alpes-Maritimes, FR",2,831.17
"Zaventem, BE","Paris (Roissy-en-France, Val-d'Oise), FR",4,251.68
"Zaventem, BE","Helsinki (Vantaa), FI",6,1646.58
"Zaventem, BE","Palma de Mallorca, ES",1,1269.31
"Zaventem, BE","Munich, DE",17,596.9800000000001
"Zaventem, BE","Vila Franca de Xira, PT",2,1702.94
"Zaventem, BE","Riga, LV",3,1438.4399999999998
"Zaventem, BE","Zagreb, HR",3,1014.0300000000001
"Zaventem, BE","Paris, FR",2,260.7
"Zaventem, BE","Colombier-Saugnieu, Rhône, FR",5,577.21
"Zaventem, BE","Larnaca, CY",1,2936.46
"Zaventem, BE","Jönköping, SE",2,981.67
"Zaventem, BE","Paris (Orly, Val-de-Marne), FR",1,285.4
"Zaventem, BE","Porto, PT",3,1473.4000000000003
"Zaventem, BE","Chambéry, FR",1,594.27
"Zaventem, BE","Budapest, HU",3,1126.71
"Zaventem, BE","Geilenkirchen, DE",1,109.38
"Zaventem, BE","Tallinn, EE",2,1591.53
"Zaventem, BE","Capannoli (PI), IT",4,937.53
"Zaventem, BE","Bologna, IT",2,871.08
"Zaventem, BE","Valletta, MT",3,1855.29
"Zaventem, BE","Lisbon, PT",6,1717.47
"Zaventem, BE","Zgornji Brnik, SI",1,898.31
"Zell am See, AT","Charleroi, BE",1,703.31
"Zell am See, AT","Innsbruck, AT",1,109.19
"Zell am See, AT","Mauterndorf, AT",1,70.64
"Zeltweg, AT","Timmersdorf, AT",4,25.72
"Zeltweg, AT","Tulln an der Donau, AT",1,160.91
"Zeltweg, AT","Sečovlje, SI",1,211.04
"Zeltweg, AT","Feldkirchen bei Graz, AT",1,57.66
"Zgornji Brnik, SI","Eindhoven, NL",1,881.84
"Zgornji Brnik, SI","Innsbruck, AT",1,263.74
"Zgornji Brnik, SI","Treviso (TV), IT",1,186.33
"Zgornji Brnik, SI","Spata-Artemida, GR",1,1207.42
"Zgornji Brnik, SI","Barcelona, ES",3,1133.28
"Zgornji Brnik, SI","Nuremberg, DE",1,442.82
"Zgornji Brnik, SI","Bad Vöslau, AT",1,236.85
"Zgornji Brnik, SI","Sečovlje, SI",1,106.0
"Zvekovac, HR","Velika Gorica, HR",1,34.6
"Zweibrücken, DE","Frankfurt am Main, DE",1,123.35
"Zweibrücken, DE","Zaragoza, ES",1,1065.09
"Zweibrücken, DE","Egelsbach, DE",1,122.43
"Ängelholm, SE","Malmö, SE",1,90.77
"Épinal, FR","Strasbourg, FR",1,117.39
"Örebro, SE","Karlskoga, SE",1,33.65
"Örebro, SE","Zaventem, BE",2,1140.82
"Ādaži, LV","Lielvarde, LV",2,50.37
"Łódź, PL","Alicante, ES",3,2153.47
"Łódź, PL","Nowa Wieś, PL",2,258.52
"Šiauliai, LT","Zaragoza, ES",1,2366.49
"Aachen, DE","Hünxe, DE",1,99.92
"Aalborg, DK","Göteborg, SE",1,150.25
"Aalborg, DK","Stockholm, SE",1,542.46
"Aarhus, DK","Köln (Cologne), DE",1,646.47
"Aarhus, DK","Funchal, PT",1,3361.89
"Ajaccio, FR","Palma de Mallorca, ES",1,574.78
"Ajaccio, FR","Grenoble, FR",2,473.58
"Ajaccio, FR","Le Versoud, Isère, FR",2,436.8
"Ajaccio, FR","Calvi, FR",1,67.48
"Ajaccio, FR","Toulouse/Blagnac, FR",2,635.83
"Alava, ES","Lisbon, PT",1,706.0
"Alava, ES","Zaventem, BE",1,1045.32
"Alava, ES","Porto, PT",1,524.11
"Albacete, ES","Madrid, ES",1,223.8
"Alghero, IT","Rome, IT",1,369.29
"Alghero, IT","Luxembourg, LU",1,1013.27
"Alghero, IT","Genova (GE), IT",1,422.72
"Alghero, IT","Napoli, IT",1,506.05
"Alghero, IT","Pisa (PI), IT",2,380.98
"Alicante, ES","Gdańsk, PL",1,2294.78
"Alicante, ES","Colombier-Saugnieu, Rhône, FR",2,949.63
"Alicante, ES","Alava, ES",1,543.24
"Alicante, ES","Faro, PT",1,667.44
"Alicante, ES","Memmingen, DE",3,1387.2699999999998
"Alicante, ES","Bydgoszcz, PL",2,2174.55
"Alicante, ES","Rheinmünster, DE",2,1357.19
"Alicante, ES","Vigo, ES",1,812.88
"Alicante, ES","Lisbon, PT",2,747.91
"Alicante, ES","Napoli, IT",1,1303.29
"Alicante, ES","Toulouse/Blagnac, FR",2,616.02
"Alicante, ES","Frankfurt am Main, DE",2,1492.24
"Alicante, ES","Almería, ES",1,226.01
"Alingsås, SE","Lübeck, DE",1,475.02
"Allendorf (Eder), DE","Trebbin, DE",1,335.34
"Allstedt, DE","Erfurt, DE",1,56.11
"Almería, ES","Clermont-Ferrand, FR",1,1096.05
"Almería, ES","Antwerp, BE",1,1684.45
"Amsterdam, NL","Greven, DE",1,200.15
"Amsterdam, NL","Melilla, ES",1,1989.58
"Amsterdam, NL","Cascais, PT",2,1861.47
"Amsterdam, NL","Campo di Pietra (TV), IT",1,927.4
"Amsterdam, NL","Avignon, FR",1,934.24
"Amsterdam, NL","Baden-Baden, DE",3,459.62000000000006
"Amsterdam, NL","Friedrichshafen, DE",4,617.02
"Amsterdam, NL","Memmingen, DE",1,618.47
"Amsterdam, NL","Sta Cruz de la Palma, La Palma Island, ES",1,3221.41
"Amsterdam, NL","Weeze, DE",1,122.85
"Amsterdam, NL","Cannes, FR",1,987.6
"Andrézieux-Bouthéon, Loire, FR","Nice, Alpes-Maritimes, FR",1,311.78
"Andrézieux-Bouthéon, Loire, FR","Chabeuil, Drôme, FR",1,86.71
"Angers, FR","Palma de Mallorca, ES",1,923.63
"Angoulême, FR","Frontenas, Rhône, FR",1,342.61
"Angoulême, FR","Limoges/Bellegarde, FR",1,75.74
"Angoulême, FR","La Roche-sur-Yon, FR",1,163.87
"Angoulême, FR","Niort/Souché, FR",1,80.52
"Annecy, FR","Chassieu, Lyon, FR",1,92.22
"Annecy, FR","Wevelgem, BE",1,584.0
"Annecy, FR","Charleroi, BE",2,518.45
"Antwerp, BE","Dresden, DE",1,648.43
"Antwerp, BE","Segrate (MI), IT",2,730.96
"Antwerp, BE","Nice, Alpes-Maritimes, FR",1,862.61
"Antwerp, BE","Campo di Pietra (TV), IT",1,852.3
"Antwerp, BE","Ängelholm, SE",1,790.3
"Antwerp, BE","Rotterdam, NL",1,85.22
"Antwerp, BE","Wevelgem, BE",1,96.97
"Antwerp, BE","Braunschweig, DE",1,437.61
"Antwerp, BE","Frankfurt am Main, DE",2,316.58
"Antwerp, BE","Göteborg, SE",2,875.78
"Antwerp, BE","Weßling, DE",1,600.23
"Antwerp, BE","Köln (Cologne), DE",1,190.83
"Antwerp, BE","Cannes, FR",1,870.16
"Arvidsjaur, SE","Vienna, AT",1,1950.23
"Arvidsjaur, SE","Greven, DE",2,1631.95
"Arvidsjaur, SE","Paris, FR",1,2092.62
"Arvidsjaur, SE","Nannhausen, DE",1,1865.28
"Atting, DE","Laage, DE",1,558.15
"Atting, DE","Piešťany, SK",1,390.46
"Atting, DE","České Budějovice, CZ",1,139.76
"Augsburg, DE","Graben, DE",1,27.17
"Augsburg, DE","Altenstadt, DE",1,65.73
"Augsburg, DE","Nice, Alpes-Maritimes, FR",1,602.49
"Augsburg, DE","Segrate (MI), IT",1,354.38
"Augsburg, DE","Braunschweig, DE",1,433.8
"Aurillac, FR","Paris (Orly, Val-de-Marne), FR",1,426.1
"Avignon, FR","Istres, Bouches-du-Rhône, FR",1,42.8
"Avignon, FR","Rotterdam, NL",2,895.74
"Avignon, FR","Segrate (MI), IT",1,385.8
"Avignon, FR","Paris, FR",1,592.9
"Avignon, FR","Barcelona, ES",1,370.95
"Bacău, RO","Genova (GE), IT",1,1425.26
"Bad Vöslau, AT","Timmersdorf, AT",1,116.84
"Baden-Baden, DE","Zagreb, HR",1,668.42
"Balice, PL","Tallinn, EE",3,1086.68
"Balice, PL","Spišská Nová Ves, SK",1,137.5
"Balice, PL","Pisa (PI), IT",1,1006.02
"Balice, PL","Paris, FR",1,1255.56
"Balice, PL","Genova (GE), IT",2,1037.19
"Balice, PL","Faro, PT",1,2643.13
"Balice, PL","Riga, LV",2,814.14
"Bamberg, DE","Celle, DE",1,303.39
"Barcelona, ES","Faro, PT",1,987.73
"Barcelona, ES","Reggio Calabria, IT",2,1214.11
"Barcelona, ES","Nice, Alpes-Maritimes, FR",9,496.29999999999995
"Barcelona, ES","Brest, FR",2,944.91
"Barcelona, ES","Lesquin, FR",2,1033.73
"Barcelona, ES","Saint-Jacques-de-la-Lande, Ille-et-Vilaine, FR",2,810.89
"Barcelona, ES","Campo di Pietra (TV), IT",1,974.6
"Barcelona, ES","Catania, IT",1,1193.27
"Barcelona, ES","Firenze (FI), IT",2,797.33
"Barcelona, ES","Creil, FR",1,885.38
"Bastia, FR","Nice, Alpes-Maritimes, FR",1,221.38
"Beauvais, FR","Weeze, DE",1,371.5
"Beauvais, FR","Lisbon, PT",4,1484.8
"Beauvais, FR","Valletta, MT",2,1815.41
"Beauvais, FR","Albert, FR",1,70.95
"Beauvais, FR","Cork, IE",2,792.48
"Beauvais, FR","Larnaca, CY",1,3028.16
"Benešov, CZ","Sazená, CZ",1,70.53
"Benešov, CZ","Vodochody, CZ",2,55.82
"Benešov, CZ","Tábor, CZ",1,39.15
"Benešov, CZ","Mnichovo Hradiště, CZ",1,92.55
"Benešov, CZ","Plasy, CZ",1,93.1
"Berlin, DE","Trento (TN), IT",3,725.56
"Berlin, DE","Nuremberg, DE",1,360.8
"Berlin, DE","Lisbon, PT",13,2303.19
"Berlin, DE","Catania, IT",1,1660.71
"Berlin, DE","Feldkirchen bei Graz, AT",4,613.18
"Berlin, DE","Nantes, FR",1,1227.13
"Berlin, DE","Balice, PL",1,505.66
"Berlin, DE","Vilnius, LT",2,818.19
"Berlin, DE","Colombier-Saugnieu, Rhône, FR",2,958.07
"Berlin, DE","Bratislava, SK",1,535.35
"Berlin, DE","Sønderborg, DK",1,378.74
"Berlin, DE","Göteborg, SE",2,602.54
"Besançon, FR","Paris (Roissy-en-France, Val-d'Oise), FR",1,329.82
"Besançon, FR","Segrate (MI), IT",1,313.8
"Biarritz, FR","Deauville, FR",1,668.15
"Białystok, PL","Nowy Dwór Mazowiecki, PL",1,184.2
"Bielefeld, DE","Wilhelmshaven, DE",1,174.14
"Bielefeld, DE","Osnabrück, DE",2,53.09
"Billund, DK","Ängelholm, SE",1,237.49
"Billund, DK","Gdańsk, PL",1,611.39
"Billund, DK","Rhodes, GR",1,2580.34
"Billund, DK","Lycksele, SE",1,1110.48
"Billund, DK","Odense, DK",1,79.18
"Billund, DK","Skjern, DK",1,57.29
"Billund, DK","Esbjerg, DK",1,44.77
"Billund, DK","Lisbon, PT",1,2321.62
"Billund, DK","Aarhus, DK",1,110.29
"Bindlach, DE","Trebbin, DE",1,268.64
"Birr, IE","Abbeyshrule, IE",1,60.32
"Bitburg, DE","Luxembourg, LU",1,43.54
"Blois, FR","Cannes, FR",1,640.53
"Bohuňovice, CZ","Přerov, CZ",1,28.35
"Bologna, IT","Segrate (MI), IT",4,187.78
"Bologna, IT","Capannoli (PI), IT",1,115.07
"Bologna, IT","Capannori (LU), IT",1,97.15
"Bologna, IT","Creil, FR",2,847.16
"Bologna, IT","Paris, FR",1,834.1
"Bologna, IT","Lisbon, PT",5,1807.4299999999998
"Bologna, IT","Isola di Capo Rizzuto (KR), IT",1,780.55
"Bologna, IT","Katowice, PL",2,881.6
"Bologna, IT","Palma de Mallorca, ES",2,896.7
"Bologna, IT","Ajaccio, FR",1,353.38
"Bolzano (BZ), IT","Chambéry, FR",1,429.99
"Bolzano (BZ), IT","Hamburg, DE",3,798.48
"Bolzano (BZ), IT","Palermo, IT",2,937.1
"Bolzano (BZ), IT","Paris, FR",4,720.44
"Bolzano (BZ), IT","Prouvy, FR",1,722.05
"Bordeaux, FR","Avignon, FR",1,458.0
"Bordeaux, FR","Budapest, HU",2,1551.58
"Bordeaux, FR","Otopeni, RO",1,2110.18
"Bordeaux, FR","Lisbon, PT",6,968.18
"Bordeaux, FR","Cannes, FR",1,627.69
"Bordeaux, FR","Istres, Bouches-du-Rhône, FR",1,472.47
"Bordeaux, FR","Nice, Alpes-Maritimes, FR",6,644.7600000000001
"Bordeaux, FR","Capannoli (PI), IT",2,919.08
"Bordeaux, FR","Charleroi, BE",2,736.24
"Bordeaux, FR","Tarbes/Lourdes/Pyrénées, FR",1,192.03
"Bordeaux, FR","Fauville, Eure, FR",1,489.55
"Bordeaux, FR","Düsseldorf, DE",1,907.49
"Bordeaux, FR","Madrid, ES",1,541.06
"Bordeaux, FR","Luxembourg, LU",1,746.59
"Bordeaux, FR","Agen, FR",1,126.74
"Bratislava, SK","Bucharest, RO",1,794.31
"Bratislava, SK","Hradec Králové, CZ",1,252.01
"Bratislava, SK","Innsbruck, AT",1,450.45
"Bratislava, SK","Düsseldorf, DE",1,826.07
"Bratislava, SK","Mannheim, DE",1,652.7
"Bratislava, SK","Segrate (MI), IT",4,675.28
"Bratislava, SK","Paris, FR",2,1089.11
"Bratislava, SK","Frankfurt am Main (Lautzenhausen), DE",1,750.85
"Braunschweig, DE","Mannheim, DE",1,347.33
"Braunschweig, DE","Salzburg, AT",1,532.66
"Braunschweig, DE","Hannover, DE",2,61.18
"Braunschweig, DE","Vienna, AT",1,633.71
"Braunschweig, DE","Barby, FR",1,822.16
"Braunschweig, DE","Trebbin, DE",1,177.63
"Braunschweig, DE","Kiel, DE",1,230.72
"Braunschweig, DE","Saarbrücken, DE",1,421.35
"Bremen, DE","Trebbin, DE",1,309.43
"Bremen, DE","Hannover, DE",1,88.74
"Bremen, DE","Stuttgart, DE",2,485.41
"Bremen, DE","Landsberg, DE",1,277.26
"Bremen, DE","Berlin, DE",2,326.49
"Bremen, DE","Faro, PT",1,2204.64
"Bremen, DE","Wilhelmshaven, DE",1,70.47
"Bremen, DE","Dortmund, DE",1,187.87
"Bresso (MI), IT","Nowy Dwór Mazowiecki, PL",1,1132.5
"Bresso (MI), IT","Terni, IT",1,426.49
"Bresso (MI), IT","Bologna, IT",1,198.46
"Brest, FR","Barcelona, ES",2,944.91
"Brest, FR","Strasbourg, FR",2,886.86
"Brest, FR","Paris, FR",2,506.1
"Brest, FR","Zgornji Brnik, SI",1,1439.95
"Brest, FR","Paris (Orly, Val-de-Marne), FR",1,500.8
"Brest, FR","Le Castellet, Var, FR",1,977.58
"Brest, FR","Nice, Alpes-Maritimes, FR",1,1042.24
"Brest, FR","Montpellier/Méditerranée, FR",1,843.18
"Brno, CZ","Vienna, AT",5,116.10999999999999
"Brno, CZ","Weßling, DE",1,415.06
"Brno, CZ","Otopeni, RO",1,877.09
"Brno, CZ","Plzen, CZ",2,254.11
"Brno, CZ","Hradec Králové, CZ",1,136.89
"Bucharest, RO","Nice, Alpes-Maritimes, FR",2,1508.21
"Bucharest, RO","Frankfurt am Main (Lautzenhausen), DE",2,1540.77
"Bucharest, RO","Agen, FR",1,2020.83
"Bucharest, RO","Rheinmünster, DE",1,1451.56
"Bucharest, RO","Otopeni, RO",1,7.63
"Bucharest, RO","Constanța, RO",2,190.04
"Bucharest, RO","Chambéry, FR",1,1588.85
"Bucharest, RO","Paris (Orly, Val-de-Marne), FR",1,1863.43
"Budapest, HU","Bordeaux, FR",2,1551.58
"Budapest, HU","Riga, LV",2,1103.49
"Budapest, HU","Segrate (MI), IT",1,786.76
"Budapest, HU","Ramstein-Miesenbach, DE",1,875.5
"Budapest, HU","Grâce-Hollogne, BE",1,1054.16
"Budapest, HU","Pécs, HU",1,179.89
"Budapest, HU","Balice, PL",1,291.74
"Budapest, HU","Kecskemét, HU",2,79.55
"Budapest, HU","Hannover, DE",1,870.92
"Budapest, HU","Győr, HU",1,99.83
"Budapest, HU","Katowice, PL",3,331.95
"Budapest, HU","Cluj-Napoca, RO",1,354.11
"Burbach, DE","Rotterdam, NL",1,288.83
"Burgos, ES","Santander, ES",1,120.03
"Burgos, ES","Reus, ES",1,419.37
"Busevec, HR","Valletta, MT",2,1098.46
"Busevec, HR","Alicante, ES",1,1599.44
"Busevec, HR","Thessaloniki, GR",2,795.82
"Busevec, HR","Köln (Cologne), DE",1,881.41
"Bydgoszcz, PL","Toruń, PL",1,39.36
"Béziers, FR","Nîmes/Garons, FR",1,98.29
"Bückeburg, DE","Fritzlar, DE",1,130.18
"Büren, DE","Köln (Cologne), DE",3,132.03
"Büren, DE","Budapest, HU",1,884.2
"Büren, DE","Düsseldorf, DE",1,133.17
"Büren, DE","Schkeuditz, DE",1,251.04
"Büren, DE","Palma de Mallorca, ES",1,1415.83
"Büren, DE","Laval, Mayenne, FR",1,779.85
"Büren, DE","Stuttgart, DE",1,327.82
"Büren, DE","Memmingen, DE",1,419.44
"Caen, FR","Toussus-le-Noble, Yvelines, FR",1,192.83
"Calais, FR","Saint-Jacques-de-la-Lande, Ille-et-Vilaine, FR",1,417.5
"Calais, FR","Lesquin, FR",1,91.92
"Calden, DE","Hamburg, DE",1,243.24
"Calden, DE","Werneuchen, DE",1,328.28
"Calden, DE","Braunschweig, DE",1,128.16
"Calden, DE","Dortmund, DE",1,123.75
"Calden, DE","Egelsbach, DE",1,170.52
"Calden, DE","Laage, DE",1,339.28
"Calvi, FR","Nice, Alpes-Maritimes, FR",1,179.24
"Cameri (NO), IT","Bresso (MI), IT",1,41.54
"Campo nell'Elba (LI), IT","Capannoli (PI), IT",1,99.57
"Cannes, FR","Nice, Alpes-Maritimes, FR",2,24.32
"Cannes, FR","Antwerp, BE",2,870.16
"Cannes, FR","Palma de Mallorca, ES",1,566.02
"Cannes, FR","Bastia, FR",1,233.36
"Cannes, FR","Colmar, FR",1,508.22
"Capannori (LU), IT","Belluno (BL), IT",1,291.6
"Carpi (MO), IT","Trento (TN), IT",1,133.81
"Cascais, PT","Rome, IT",2,1874.06
"Cascais, PT","Faro, PT",1,225.56
"Cascais, PT","Hamburg, DE",1,2206.48
"Cascais, PT","Lisbon, PT",2,20.02
"Caselle (VR), IT","Hannover, DE",1,790.58
"Caselle (VR), IT","Stockholm, SE",1,1637.48
"Caselle (VR), IT","Seville, ES",2,1651.86
"Caselle (VR), IT","Pescara, IT",1,422.19
"Caselle (VR), IT","Hamburg, DE",1,913.15
"Caselle (VR), IT","Orio al Serio (BG), IT",1,96.73
"Caselle (VR), IT","Otopeni, RO",2,1198.43
"Caselle (VR), IT","Augsburg, DE",1,336.97
"Caselle Torinese (TO), IT","Forlì (FC), IT",1,366.81
"Caselle Torinese (TO), IT","Paris (Orly, Val-de-Marne), FR",2,559.55
"Caselle Torinese (TO), IT","Stockholm, SE",3,1732.1899999999998
"Castelo Branco, PT","Ponte de Sor, PT",4,88.1
"Catania, IT","Spata-Artemida, GR",1,782.52
"Catania, IT","Frankfurt am Main, DE",1,1489.81
"Celle, DE","Erfurt, DE",2,190.61
"Chabeuil, Drôme, FR","Le Castellet, Var, FR",2,196.68
"Chabeuil, Drôme, FR","Andrézieux-Bouthéon, Loire, FR",1,86.71
"Chambéry, FR","Zaragoza, ES",1,710.31
"Chambéry, FR","Lahr/Schwarzwald, DE",1,337.67
"Chambéry, FR","Grenoble, FR",1,52.72
"Chambéry, FR","Bucharest, RO",1,1588.85
"Chambéry, FR","Munich, DE",2,539.95
"Chambéry, FR","Wevelgem, BE",1,608.99
"Chambéry, FR","Dublin, IE",2,1229.04
"Chambéry, FR","Frankfurt am Main, DE",1,527.26
"Chambéry, FR","Helsinki (Vantaa), FI",1,2057.01
"Chambéry, FR","Colombier-Saugnieu, Rhône, FR",3,62.15
"Charleroi, BE","Nantes, FR",3,576.72
"Charleroi, BE","Nowy Dwór Mazowiecki, PL",2,1140.94
"Charleroi, BE","Bordeaux, FR",2,736.24
"Charleroi, BE","Catania, IT",1,1672.1
"Charleroi, BE","Ronchi dei Legionari/Trieste, IT",2,843.24
"Charleroi, BE","Antwerp, BE",2,81.03
"Charleroi, BE","Fano (PU), IT",2,980.83
"Charleroi, BE","Zaragoza, ES",2,1065.43
"Charleroi, BE","Perpignan/Rivesaltes, FR",2,867.08
"Charleroi, BE","Alava, ES",2,1004.28
"Charleroi, BE","Grenoble, FR",2,570.67
"Charleroi, BE","Annecy, FR",2,518.45
"Charlestown, IE","Málaga, ES",2,1945.13
"Chaspuzac, Haute-Loire, FR","Châlon sur Saône, FR",2,210.48
"Chassieu, Lyon, FR","Stuttgart, DE",1,461.27
"Chassieu, Lyon, FR","Annecy, FR",4,92.22
"Chassieu, Lyon, FR","Toulouse/Blagnac, FR",1,366.81
"Chassieu, Lyon, FR","Grenoble, FR",2,50.48
"Cherbourg, FR","La Hague, FR",1,26.13
"Châlon sur Saône, FR","Chaspuzac, Haute-Loire, FR",2,210.48
"Clermont-Ferrand, FR","Lépaud, Creuse, FR",1,78.85
"Clermont-Ferrand, FR","Porto, PT",2,1079.11
"Clermont-Ferrand, FR","Istres, Bouches-du-Rhône, FR",1,287.45
"Clermont-Ferrand, FR","Nîmes/Garons, FR",1,246.18
"Clos-Fontaine, FR","Toussus-le-Noble, Yvelines, FR",1,68.36
"Clos-Fontaine, FR","Lognes, Seine-et-Marne, FR",1,37.49
"Cluj-Napoca, RO","Otopeni, RO",2,309.64
"Cognac/Châteaubernard, FR","Niort/Souché, FR",1,73.1
"Coimbra, PT","Cascais, PT",1,176.59
"Colmar, FR","Goin, FR",1,126.7
"Colmar, FR","Namur, BE",1,324.42
"Colmar, FR","Cannes, FR",1,508.22
"Colombier-Saugnieu, Rhône, FR","Otopeni, RO",2,1648.12
"Colombier-Saugnieu, Rhône, FR","Spata-Artemida, GR",4,1779.85
"Colombier-Saugnieu, Rhône, FR","Alicante, ES",2,949.63
"Colombier-Saugnieu, Rhône, FR","Lisbon, PT",11,1399.35
"Colombier-Saugnieu, Rhône, FR","Chambéry, FR",3,62.15
"Colombier-Saugnieu, Rhône, FR","Valletta, MT",2,1351.97
"Colombier-Saugnieu, Rhône, FR","Venezia (VE), IT",3,565.14
"Colombier-Saugnieu, Rhône, FR","Berlin, DE",2,958.07
"Colombier-Saugnieu, Rhône, FR","Firenze (FI), IT",1,527.38
"Comiso, IT","Valletta, MT",2,128.29
"Comiso, IT","Rome, IT",1,566.35
"Copenhagen, DK","Pisa (PI), IT",2,1336.78
"Copenhagen, DK","Lisbon, PT",11,2471.8
"Copenhagen, DK","Rønne, DK",3,146.62
"Copenhagen, DK","Turku, FI",2,783.22
"Copenhagen, DK","Köln (Cologne), DE",1,642.84
"Cork, IE","Poznań, PL",2,1720.25
"Cork, IE","Beauvais, FR",2,792.48
"Culleredo, ES","Seville, ES",1,687.21
"Culleredo, ES","Pamplona, ES",1,550.09
"Culleredo, ES","Almería, ES",1,880.91
"Dessau-Roßlau, DE","Magdeburg, DE",1,46.73
"Dortmund, DE","Weßling, DE",3,464.05
"Dortmund, DE","Varna, BG",1,1770.36
"Dortmund, DE","Groningen, NL",1,191.38
"Dortmund, DE","Paris, FR",1,464.85
"Dortmund, DE","Schkeuditz, DE",1,320.18
"Dortmund, DE","Calden, DE",1,123.75
"Dortmund, DE","Cluj-Napoca, RO",1,1278.43
"Drachten, NL","Groningen, NL",1,30.05
"Dresden, DE","Laage, DE",1,325.54
"Dresden, DE","Feldkirchen bei Graz, AT",1,476.48
"Dresden, DE","Palma de Mallorca, ES",2,1546.03
"Dresden, DE","Nuremberg, DE",1,263.68
"Dresden, DE","Rotterdam, NL",1,651.21
"Dresden, DE","Rheinmünster, DE",1,483.63
"Dresden, DE","Karlovy Vary, CZ",1,119.72
"Dresden, DE","Großenhain, DE",1,24.34
"Dresden, DE","Finsterwalde, DE",1,56.03
"Dresden, DE","Rome, IT",1,1042.77
"Drásov, CZ","Munich, DE",1,227.02
"Drásov, CZ","Salzburg, AT",2,228.82
"Drásov, CZ","Medlánky, CZ",1,185.28
"Drásov, CZ","Vlašim, CZ",1,55.96
"Dublin, IE","Campo di Pietra (TV), IT",1,1598.2
"Dublin, IE","Szczecin, PL",3,1380.0
"Dublin, IE","Toulouse/Blagnac, FR",2,1224.23
"Dublin, IE","Ronchi dei Legionari/Trieste, IT",2,1645.56
"Dublin, IE","Nice, Alpes-Maritimes, FR",1,1466.5
"Dublin, IE","Chambéry, FR",1,1229.04
"Dublin, IE","Košice, SK",2,1980.55
"Dublin, IE","Bacău, RO",1,2467.54
"Dublin, IE","Jasionka, PL",1,1967.45
"Düsseldorf, DE","Porto, PT",2,1623.82
"Düsseldorf, DE","Hannover, DE",2,238.94
"Düsseldorf, DE","Lisbon, PT",11,1861.7299999999998
"Düsseldorf, DE","Weßling, DE",1,482.33
"Düsseldorf, DE","Nuremberg, DE",2,364.67
"Düsseldorf, DE","Deauville, FR",1,515.61
"Düsseldorf, DE","Caselle (VR), IT",1,722.45
"Düsseldorf, DE","Innsbruck, AT",2,557.44
"Düsseldorf, DE","Giebelstadt, DE",1,290.81
"Eberswalde, DE","Berlin, DE",1,53.38
"Egelsbach, DE","Palma de Mallorca, ES",3,1246.73
"Egelsbach, DE","Büren, DE",1,183.76
"Egelsbach, DE","Mannheim, DE",2,54.93
"Egelsbach, DE","Cannes, FR",1,724.43
"Egelsbach, DE","Giebelstadt, DE",1,101.11
"Egelsbach, DE","Sylt, DE",1,551.15
"Egelsbach, DE","Pisa (PI), IT",1,710.4
"Egelsbach, DE","Zaventem, BE",1,312.56
"Egelsbach, DE","Hörselberg-Hainich, DE",1,173.34
"Eindhoven, NL","Lisbon, PT",5,1804.4599999999998
"Eindhoven, NL","Vienna, AT",3,884.25
"Eindhoven, NL","Zaventem, BE",2,87.02
"Eindhoven, NL","Maastricht, NL",1,65.95
"Elefsina, GR","Thessaloniki, GR",2,277.65
"Emden, DE","Wittmund, DE",2,33.93
"Emden, DE","Oesterdeichstrich, DE",1,138.87
"Erfurt, DE","Laage, DE",4,338.86
"Erfurt, DE","Schöngleina, DE",1,53.25
"Erfurt, DE","Landsberg, DE",2,99.29
"Esbjerg, DK","Skjern, DK",1,53.1
"Esbjerg, DK","Odense, DK",1,111.85
"Eskilstuna, SE","Tidaholm, SE",1,202.51
"Eskilstuna, SE","Stockholm / Västerås, SE",1,26.83
"Eskilstuna, SE","Eslöv, SE",1,438.24
"Eslöv, SE","Härslöv, SE",1,30.64
"Essen, DE","Köln (Cologne), DE",1,61.34
"Essen, DE","Salzburg, AT",1,593.13
"Falconara Marittima (AN), IT","Bratislava, SK",1,587.36
"Falconara Marittima (AN), IT","Catania, IT",1,698.74
"Faro, PT","Memmingen, DE",2,1919.45
"Faro, PT","Portimão, PT",1,56.37
"Faro, PT","Frankfurt am Main, DE",3,1958.32
"Faro, PT","Frankfurt am Main (Lautzenhausen), DE",2,1884.08
"Faro, PT","Segrate (MI), IT",1,1714.53
"Faro, PT","Shannon, IE",1,1745.79
"Feldkirchen bei Graz, AT","Toussus-le-Noble, Yvelines, FR",1,1012.22
"Feldkirchen bei Graz, AT","Innsbruck, AT",1,311.26
"Feldkirchen bei Graz, AT","Sečovlje, SI",1,219.55
"Feldkirchen bei Graz, AT","Stuttgart, DE",1,500.83
"Feldkirchen bei Graz, AT","Hamburg, DE",2,830.96
"Ferno (VA), IT","Zgornji Brnik, SI",1,447.92
"Ferno (VA), IT","Bologna, IT",1,235.03
"Ferno (VA), IT","Alava, ES",2,960.88
"Ferno (VA), IT","Catania, IT",3,1049.07
"Ferno (VA), IT","Nuremberg, DE",2,464.79
"Ferno (VA), IT","Velika Gorica, HR",1,570.15
"Ferno (VA), IT","Prague, CZ",2,650.27
"Ferno (VA), IT","Rome, IT",3,518.99
"Ferno (VA), IT","Creil, FR",1,616.34
"Ferno (VA), IT","Friedrichshafen, DE",1,234.66
"Firenze (FI), IT","Palermo, IT",2,651.58
"Firenze (FI), IT","Bordeaux, FR",2,954.05
"Firenze (FI), IT","Nantes, FR",2,1064.44
"Firenze (FI), IT","Segrate (MI), IT",1,237.36
"Firenze (FI), IT","Marignane, Bouches-du-Rhône, FR",1,483.83
"Firenze (FI), IT","Colombier-Saugnieu, Rhône, FR",1,527.38
"Foligno (PG), IT","Fubara, IT",1,119.08
"Forlì (FC), IT","Campo di Pietra (TV), IT",1,171.37
"Frankfurt am Main, DE","Campo di Pietra (TV), IT",3,565.42
"Frankfurt am Main, DE","Aarhus, DK",1,711.22
"Frankfurt am Main, DE","Kaunas, LT",1,1174.58
"Frankfurt am Main, DE","Genova (GE), IT",2,624.69
"Frankfurt am Main, DE","Faro, PT",3,1958.32
"Frankfurt am Main, DE","Saint-Jacques-de-la-Lande, Ille-et-Vilaine, FR",1,780.37
"Frankfurt am Main, DE","Kittilä, FI",1,2161.19
"Frankfurt am Main, DE","Groningen, NL",1,370.07
"Frankfurt am Main, DE","Laage, DE",1,502.01
"Frankfurt am Main, DE","Alicante, ES",2,1492.24
"Frankfurt am Main (Lautzenhausen), DE","Billund, DK",1,656.65
"Frankfurt am Main (Lautzenhausen), DE","Bucharest, RO",2,1540.77
"Frankfurt am Main (Lautzenhausen), DE","Palma de Mallorca, ES",3,1209.18
"Frankfurt am Main (Lautzenhausen), DE","Thessaloniki, GR",2,1610.35
"Frankfurt am Main (Lautzenhausen), DE","Zagreb, HR",1,790.75
"Frankfurt am Main (Lautzenhausen), DE","Faro, PT",2,1884.08
"Frankfurt am Main (Lautzenhausen), DE","Orio al Serio (BG), IT",2,509.41
"Frankfurt am Main (Lautzenhausen), DE","Timişoara, RO",1,1143.83
"Freiburg im Breisgau, DE","Hamburg, DE",1,635.21
"Friedrichshafen, DE","Wevelgem, BE",1,575.66
"Friedrichshafen, DE","Antwerp, BE",5,534.94
"Friedrichshafen, DE","Memmingen, DE",1,64.68
"Friedrichshafen, DE","Hannover, DE",1,532.75
"Friedrichshafen, DE","Frankfurt am Main, DE",1,271.03
"Funchal, PT","Hamburg, DE",2,3138.7
"Funchal, PT","Köln (Cologne), DE",2,2806.42
"Funchal, PT","Marignane, Bouches-du-Rhône, FR",1,2254.5
"Funchal, PT","Aarhus, DK",1,3361.89
"Gdańsk, PL","Paris (Roissy-en-France, Val-d'Oise), FR",1,1244.74
"Gdańsk, PL","Poprad, SK",1,602.55
"Gdańsk, PL","Billund, DK",1,611.39
"Gdańsk, PL","Ferno (VA), IT",1,1193.62
"Gdańsk, PL","Łódź, PL",1,301.79
"Gdańsk, PL","Vienna, AT",1,709.22
"Gdańsk, PL","Otopeni, RO",1,1220.37
"Gdańsk, PL","Beauvais, FR",1,1244.14
"Geilenkirchen, DE","Augsburg, DE",1,450.58
"Genk, BE","Namur, BE",1,79.06
"Genova (GE), IT","Ibiza (Eivissa), ES",1,873.6
"Genova (GE), IT","Villanova d'Albenga (SV), IT",2,69.61
"Genova (GE), IT","Frankfurt am Main, DE",1,624.69
"Genova (GE), IT","Balice, PL",2,1037.19
"Genova (GE), IT","Poznań, PL",1,1066.41
"Genova (GE), IT","Nice, Alpes-Maritimes, FR",1,154.57
"Gera, DE","Zwickau, DE",1,30.01
"Getafe, ES","Steenokkerzeel, BE",1,1340.72
"Giebelstadt, DE","Albacete, ES",1,1513.39
"Girona, ES","Nîmes/Garons, FR",1,246.26
"Girona, ES","Mošnov, CZ",2,1467.31
"Girona, ES","Weeze, DE",2,1108.22
"Girona, ES","Amsterdam, NL",1,1166.63
"Graben, DE","Augsburg, DE",1,27.17
"Graben, DE","Hohn, DE",1,687.42
"Grafenwöhr, DE","Wiesbaden, DE",1,261.94
"Grenoble, FR","Ibiza (Eivissa), ES",1,791.74
"Grenoble, FR","Chassieu, Lyon, FR",4,50.48
"Grenoble, FR","Ajaccio, FR",1,473.58
"Grenoble, FR","Chambéry, FR",3,52.72
"Grenoble, FR","Cascais, PT",1,1416.31
"Grenoble, FR","Steenokkerzeel, BE",2,620.31
"Greven, DE","Vienna, AT",1,774.42
"Greven, DE","Weßling, DE",1,518.27
"Greven, DE","Ibiza (Eivissa), ES",1,1553.04
"Greven, DE","Trebbin, DE",1,373.12
"Greven, DE","Laage, DE",1,365.39
"Greven, DE","Kiel, DE",1,298.4
"Greven, DE","Perpignan/Rivesaltes, FR",1,1104.94
"Greven, DE","Mannheim, DE",1,301.49
"Greven, DE","Dortmund, DE",1,68.64
"Grimbergen, BE","Wevelgem, BE",1,84.18
"Groningen, NL","Maastricht, NL",1,251.67
"Groningen, NL","Frankfurt am Main, DE",1,370.07
"Großenhain, DE","Dresden, DE",1,24.34
"Großenhain, DE","Magdeburg, DE",1,157.88
"Grâce-Hollogne, BE","Shannon, IE",1,1015.24
"Grâce-Hollogne, BE","Wrocław, PL",1,803.49
"Grâce-Hollogne, BE","Chambéry, FR",2,556.97
"Grâce-Hollogne, BE","Paris (Orly, Val-de-Marne), FR",1,306.49
"Győr, HU","Munich, DE",1,454.96
"Győr, HU","Augsburg, DE",1,518.55
"Győr, HU","Budapest, HU",1,99.83
"Göteborg, SE","Zagreb, HR",1,1353.64
"Göteborg, SE","Hamburg, DE",1,479.44
"Göteborg, SE","Aalborg, DK",1,150.25
"Göteborg, SE","Caselle (VR), IT",1,1372.75
"Göteborg, SE","Bordeaux, FR",1,1680.8
"Göteborg, SE","Weeze, DE",1,779.3
"Göteborg, SE","Turku, FI",1,658.36
"Göteborg, SE","Odense, DK",1,271.42
"Göteborg, SE","Berlin, DE",2,602.54
"Halmstad, SE","Jasionka, PL",1,951.17
"Halmstad, SE","Roskilde, DK",1,130.12
"Hamburg, DE","Freiburg im Breisgau, DE",2,635.21
"Hamburg, DE","Lisbon, PT",9,2190.41
"Hamburg, DE","Funchal, PT",2,3138.7
"Hamburg, DE","Vilnius, LT",2,1006.94
"Hamburg, DE","Otopeni, RO",2,1541.17
"Hamburg, DE","Braunschweig, DE",1,146.99
"Hamburg, DE","Memmingen, DE",2,622.53
"Hamburg, DE","Erfurt, DE",1,298.26
"Hamburg, DE","Bratislava, SK",1,789.52
"Hamburg, DE","Feldkirchen bei Graz, AT",2,830.96
"Hannover, DE","Saint-Jacques-de-la-Lande, Ille-et-Vilaine, FR",1,945.69
"Hannover, DE","Laage, DE",1,236.83
"Hannover, DE","Balice, PL",1,750.17
"Hannover, DE","Emden, DE",1,194.49
"Hannover, DE","Mannheim, DE",1,342.21
"Hannover, DE","Friedrichshafen, DE",1,532.75
"Hannover, DE","Lesquin, FR",1,501.62
"Hannover, DE","Kuchyňa, SK",1,692.87
"Hannover, DE","Feldkirchen bei Graz, AT",1,735.05
"Havlíčkův Brod, CZ","Toužim, CZ",1,193.96
"Heist, DE","Kiel, DE",1,86.58
"Helgoland, DE","Sankt Peter-Ording, DE",1,51.95
"Helgoland, DE","Emden, DE",2,99.21
"Helsinki (Vantaa), FI","Segrate (MI), IT",1,1949.31
"Helsinki (Vantaa), FI","Tartu, EE",2,245.82
"Helsinki (Vantaa), FI","Nice, Alpes-Maritimes, FR",2,2199.91
"Helsinki (Vantaa), FI","Hyvinkää, FI",1,37.64
"Helsinki (Vantaa), FI","Arvidsjaur, SE",1,652.21
"Heppenheim, DE","Egelsbach, DE",1,37.61
"Hof, DE","Salzburg, AT",1,289.86
"Hof, DE","Dresden, DE",1,164.37
"Hohenems, AT","Strausberg, DE",1,651.45
"Hohn, DE","Graben, DE",2,687.42
"Hohn, DE","Stralsund, DE",2,227.3
"Holzdorf, DE","Laage, DE",1,246.46
"Hradec Králové, CZ","Pardubice, CZ",1,27.53
"Hradec Králové, CZ","Letňany, CZ",1,94.91
"Hradec Králové, CZ","Mnichovo Hradiště, CZ",1,67.47
"Hradec Králové, CZ","Brno, CZ",1,136.89
"Hörselberg-Hainich, DE","Erfurt, DE",2,33.7
"Hörselberg-Hainich, DE","Egelsbach, DE",1,173.34
"Hörselberg-Hainich, DE","Strausberg, DE",1,295.09
"Hünxe, DE","Aachen, DE",1,99.92
"Hünxe, DE","Dortmund, DE",1,53.03
"Ibiza (Eivissa), ES","Segrate (MI), IT",2,978.04
"Ibiza (Eivissa), ES","Nice, Alpes-Maritimes, FR",1,721.86
"Ibiza (Eivissa), ES","Hamburg, DE",3,1759.62
"Ibiza (Eivissa), ES","Girona, ES",1,357.03
"Ibiza (Eivissa), ES","Salzburg, AT",1,1364.13
"Innsbruck, AT","Feldkirchen bei Graz, AT",1,311.26
"Innsbruck, AT","Friedrichshafen, DE",1,145.13
"Innsbruck, AT","Düsseldorf, DE",3,557.44
"Istres, Bouches-du-Rhône, FR","Bordeaux, FR",1,472.47
"Jagel, DE","Oesterdeichstrich, DE",1,52.42
"Jagel, DE","Laage, DE",1,189.49
"Jaroměř, CZ","Prievidza, SK",1,257.6
"Jasionka, PL","Halmstad, SE",1,951.17
"Jasionka, PL","Colombier-Saugnieu, Rhône, FR",1,1349.12
"Jasionka, PL","Frankfurt am Main (Lautzenhausen), DE",1,1052.96
"Jasionka, PL","Szczecin(Glewice), PL",1,622.91
"Jasionka, PL","Grâce-Hollogne, BE",1,1174.83
"Jasionka, PL","Nice, Alpes-Maritimes, FR",1,1330.97
"Jasionka, PL","Frankfurt am Main, DE",1,959.84
"Jerez de la Frontera, ES","Zaragoza, ES",1,697.2
"Jönköping, SE","Trollhättan, SE",1,119.07
"Kajaani, FI","Helsinki (Vantaa), FI",2,463.02
"Kalmar, SE","Stockholm, SE",3,327.72
"Kamień Śląski, PL","Warsaw, PL",1,272.97
"Karup, DK","Holzdorf, DE",1,569.04
"Karup, DK","Roskilde, DK",1,204.42
"Katowice, PL","Poznań, PL",1,266.94
"Katowice, PL","Paphos, CY",2,2060.27
"Katowice, PL","Málaga, ES",3,2423.61
"Katowice, PL","Catania, IT",1,1481.22
"Katowice, PL","Budapest, HU",2,331.95
"Katowice, PL","Grenoble, FR",1,1169.33
"Katowice, PL","Nice, Alpes-Maritimes, FR",1,1173.21
"Kaunas, LT","Frankfurt am Main, DE",1,1174.58
"Kaunas, LT","Shannon, IE",2,2154.34
"Kaunas, LT","Munich, DE",1,1111.68
"Keila, EE","Pisa (PI), IT",1,1969.69
"Kiel, DE","Augsburg, DE",1,664.32
"Kiel, DE","Hannover, DE",1,215.49
"Kiel, DE","Heist, DE",1,86.58
"Kiel, DE","Braunschweig, DE",1,230.72
"Kiel, DE","Greven, DE",2,298.4
"Kladno, CZ","Toužim, CZ",1,81.14
"Klagenfurt am Wörthersee, AT","Frankfurt am Main, DE",1,569.01
"Kolín, CZ","Mladá Boleslav, CZ",1,48.23
"Kolín, CZ","Roudnice nad Labem, CZ",1,81.21
"Kos Island, GR","Thessaloniki, GR",3,547.21
"Košice, SK","Frankfurt am Main, DE",1,930.04
"Krems an der Donau, AT","Ottenschlag, AT",1,31.12
"Kubschütz, DE","Riesa, DE",1,81.76
"Kubschütz, DE","Liberec, CZ",2,59.09
"Kubschütz, DE","Osthausen-Wülfershausen, DE",1,244.44
"Kubschütz, DE","Pirna, DE",1,48.88
"Kubschütz, DE","Rothenburg/Oberlausitz, DE",1,35.38
"Kuchyňa, SK","Hannover, DE",1,692.87
"Kuchyňa, SK","Prešov, SK",1,315.7
"Kuopio / Siilinjärvi, FI","Mikkeli, FI",1,150.02
"Kuressaare, EE","Tallinn, EE",4,187.59
"Köln (Cologne), DE","Frankfurt am Main (Lautzenhausen), DE",2,102.6
"Köln (Cologne), DE","Funchal, PT",2,2806.42
"Köln (Cologne), DE","Otopeni, RO",2,1575.52
"Köln (Cologne), DE","Arvidsjaur, SE",1,1777.6
"Köln (Cologne), DE","Cluj-Napoca, RO",1,1289.79
"Köln (Cologne), DE","Segrate (MI), IT",1,623.13
"Köthen (Anhalt), DE","Landsberg, DE",1,20.4
"L'Hôpital-le-Mercier, Saône-et-Loire, FR","Lesquin, FR",1,466.59
"L'Hôpital-le-Mercier, Saône-et-Loire, FR","Clermont-Ferrand, FR",1,95.45
"L'Hôpital-le-Mercier, Saône-et-Loire, FR","Lépaud, Creuse, FR",1,128.5
"L'Hôpital-le-Mercier, Saône-et-Loire, FR","Montpellier/Méditerranée, FR",1,315.58
"La Baule-Escoublac, FR","Les Sables-d'Olonne, FR",1,102.02
"La Baule-Escoublac, FR","Toussus-le-Noble, Yvelines, FR",1,368.85
"La Baule-Escoublac, FR","Bangor, FR",1,64.58
"La Roche-sur-Yon, FR","Angoulême, FR",1,163.87
"La Roche-sur-Yon, FR","Angers, FR",1,124.97
"La Virgen Del Camino, ES","Palma de Mallorca, ES",1,779.97
"La Virgen Del Camino, ES","Porto, PT",2,291.61
"La Virgen Del Camino, ES","Toulouse/Blagnac, FR",1,581.03
"Laage, DE","Dresden, DE",1,325.54
"Laage, DE","Landsberg, DE",1,263.52
"Laage, DE","Weßling, DE",1,652.73
"Laage, DE","Erfurt, DE",4,338.86
"Laage, DE","Greven, DE",1,365.39
"Laage, DE","Hannover, DE",1,236.83
"Laage, DE","Lübeck, DE",2,103.0
"Laage, DE","Atting, DE",1,558.15
"Laage, DE","Memmingen, DE",1,674.63
"Laage, DE","Jagel, DE",1,189.49
"Lamezia Terme (CZ), IT","Valletta, MT",1,373.92
"Lamezia Terme (CZ), IT","Ronchi dei Legionari/Trieste, IT",3,802.5
"Lamezia Terme (CZ), IT","Otopeni, RO",2,1031.13
"Lamezia Terme (CZ), IT","Balice, PL",2,1273.14
"Landivisiau, FR","Brest, FR",1,21.7
"Landsberg, DE","Dresden, DE",1,127.8
"Landsberg, DE","Allstedt, DE",6,46.19
"Landsberg, DE","Magdeburg, DE",1,65.0
"Landsberg, DE","Bremen, DE",1,277.26
"Landsberg, DE","Nordhausen, DE",1,84.4
"Larnaca, CY","Velika Gorica, HR",1,1909.99
"Larnaca, CY","Segrate (MI), IT",2,2365.89
"Larnaca, CY","Riga, LV",2,2559.4
"Larnaca, CY","Jasionka, PL",1,1937.57
"Larnaca, CY","Nice, Alpes-Maritimes, FR",2,2460.72
"Larnaca, CY","Soboli, HR",1,1993.42
"Larnaca, CY","Rotterdam, NL",1,2992.63
"Larnaca, CY","Rome, IT",1,1996.32
"Larnaca, CY","Rhodes, GR",1,528.55
"Larnaca, CY","Akrotiri, CY",1,66.26
"Laval, Mayenne, FR","Büren, DE",1,779.85
"Laval, Mayenne, FR","Lorient/Lann/Bihoué, FR",1,203.24
"Le Castellet, Var, FR","Avignon, FR",1,101.8
"Le Castellet, Var, FR","Steenokkerzeel, BE",1,857.44
"Le Castellet, Var, FR","Ferno (VA), IT",1,352.81
"Le Castellet, Var, FR","Campo nell'Elba (LI), IT",1,366.28
"Le Castellet, Var, FR","Nantes, FR",1,723.28
"Le Mans, Sarthe, FR","Orio al Serio (BG), IT",1,766.03
"Leck, DE","Flensburg, DE",2,26.71
"Leeuwarden, NL","Groningen, NL",2,55.8
"Leixlip, IE","Clonbullogue, IE",1,43.53
"Leixlip, IE","Abbeyshrule, IE",1,80.81
"Lelystad, NL","Wilhelmshaven, DE",1,206.07
"Lelystad, NL","Salzburg, AT",1,743.31
"Lelystad, NL","Sylt, DE",1,330.78
"Lesquin, FR","Annecy, FR",1,561.26
"Lesquin, FR","Hannover, DE",1,501.62
"Lesquin, FR","Barcelona, ES",2,1033.73
"Lesquin, FR","Perpignan/Rivesaltes, FR",2,870.41
"Lesquin, FR","Toussus-le-Noble, Yvelines, FR",2,214.14
"Lesquin, FR","Paris, FR",2,184.69
"Lesquin, FR","Charmeil, Allier, FR",1,489.41
"Lesquin, FR","Saint-Jacques-de-la-Lande, Ille-et-Vilaine, FR",1,447.09
"Letňany, CZ","Roudnice nad Labem, CZ",2,37.56
"Letňany, CZ","Hradec Králové, CZ",1,94.91
"Letňany, CZ","Nový Malín, CZ",1,178.96
"Letňany, CZ","Vodochody, CZ",1,13.24
"Levaldigi (CN), IT","Chassieu, Lyon, FR",1,247.75
"Levaldigi (CN), IT","Pisa (PI), IT",1,241.04
"Liberec, CZ","Mladá Boleslav, CZ",1,41.94
"Limoges/Bellegarde, FR","Paris (Orly, Val-de-Marne), FR",1,330.69
"Linköping, SE","Tampere / Pirkkala, FI",1,557.24
"Linz, AT","Krems an der Donau, AT",1,103.45
"Lisbon, PT","Firenze (FI), IT",1,1783.32
"Lisbon, PT","Alicante, ES",2,747.91
"Lognes, Seine-et-Marne, FR","Pommeuse, Seine-et-Marne, FR",2,28.09
"Lognes, Seine-et-Marne, FR","Clos-Fontaine, FR",1,37.49
"Loreo (RO), IT","Bologna, IT",1,92.14
"Lorient/Lann/Bihoué, FR","Rota, ES",1,1258.75
"Lorient/Lann/Bihoué, FR","Biarritz, FR",1,499.97
"Lorient/Lann/Bihoué, FR","Laval, Mayenne, FR",1,203.24
"Luleå, SE","Amsterdam, NL",1,1764.05
"Luleå, SE","Grâce-Hollogne, BE",1,1911.93
"Luxembourg, LU","Zgornji Brnik, SI",2,720.96
"Luxembourg, LU","Bordeaux, FR",1,746.59
"Luxembourg, LU","Toulouse/Blagnac, FR",2,762.4
"Luxembourg, LU","Stockholm, SE",2,1328.8
"Luxembourg, LU","Frankfurt am Main (Lautzenhausen), DE",1,83.31
"Lycksele, SE","Billund, DK",1,1110.48
"Lübeck, DE","Salzburg, AT",1,687.44
"Lübeck, DE","Schkeuditz, DE",1,284.16
"Lübeck, DE","Ibiza (Eivissa), ES",1,1805.16
"Lübeck, DE","Laage, DE",1,103.0
"Lübeck, DE","Trollenhagen, DE",1,171.75
"Lübeck, DE","Lelystad, NL",1,378.28
"Lübeck, DE","Calden, DE",1,280.14
"Lübeck, DE","Braunschweig, DE",1,165.62
"Lübeck, DE","Niederstetten, DE",1,493.6
"Maastricht, NL","Eindhoven, NL",2,65.95
"Maastricht, NL","Arvidsjaur, SE",1,1804.71
"Maastricht, NL","Frankfurt am Main, DE",1,220.51
"Madrid, ES","Seville, ES",3,390.98
"Madrid, ES","Rota, ES",1,485.76
"Madrid, ES","Valencia, ES",1,286.85
"Madrid, ES","Morón, ES",2,403.75
"Madrid, ES","Barcelona, ES",1,486.93
"Madrid, ES","Albacete, ES",1,223.8
"Madrid, ES","Biarritz, FR",1,377.09
"Madrid, ES","Zaragoza, ES",1,253.86
"Magdeburg, DE","Landsberg, DE",2,65.0
"Magdeburg, DE","Dessau-Roßlau, DE",1,46.73
"Magdeburg, DE","Großenhain, DE",1,157.88
"Mahón (Maó), ES","Culleredo, ES",1,1113.91
"Maia, PT","Braga, PT",1,34.94
"Maia, PT","Viseu, PT",6,80.84
"Maia, PT","Vila Real, PT",5,66.5
"Maia, PT","Chaves, PT",1,100.7
"Malmö, SE","Oesterdeichstrich, DE",1,325.03
"Malmö, SE","Härslöv, SE",1,55.58
"Malmö, SE","Nyköping, SE",1,419.82
"Malmö, SE","Luleå, SE",2,1208.65
"Malmö, SE","Weeze, DE",1,647.19
"Manching, DE","Vienna, AT",1,377.64
"Manching, DE","Salzburg, AT",1,149.56
"Manching, DE","Wiener Neustadt, AT",1,361.61
"Mannheim, DE","Munich, DE",1,269.52
"Mannheim, DE","Hamburg, DE",1,467.08
"Mannheim, DE","Berlin, DE",1,474.61
"Mannheim, DE","Palma de Mallorca, ES",1,1193.58
"Mannheim, DE","Groningen, NL",1,427.15
"Mannheim, DE","Egelsbach, DE",3,54.93
"Maribor, SI","Friedrichshafen, DE",1,485.84
"Marignane, Bouches-du-Rhône, FR","Avignon, FR",1,57.85
"Marignane, Bouches-du-Rhône, FR","Campo di Pietra (TV), IT",1,632.48
"Marignane, Bouches-du-Rhône, FR","Lisbon, PT",12,1306.64
"Marignane, Bouches-du-Rhône, FR","Wevelgem, BE",1,834.49
"Marignane, Bouches-du-Rhône, FR","Gdańsk, PL",1,1549.67
"Marignane, Bouches-du-Rhône, FR","Wrocław, PL",2,1222.74
"Marignane, Bouches-du-Rhône, FR","Funchal, PT",1,2254.5
"Marignane, Bouches-du-Rhône, FR","Steenokkerzeel, BE",5,832.9900000000001
"Marignane, Bouches-du-Rhône, FR","Büren, DE",1,943.95
"Marignane, Bouches-du-Rhône, FR","Spata-Artemida, GR",1,1689.13
"Marratxí, ES","Augsburg, DE",2,1180.12
"Medlánky, CZ","Drásov, CZ",1,185.28
"Memmingen, DE","Faro, PT",2,1919.45
"Memmingen, DE","Egelsbach, DE",1,248.25
"Memmingen, DE","Alicante, ES",3,1387.2699999999998
"Memmingen, DE","Valletta, MT",2,1394.68
"Memmingen, DE","Thessaloniki, GR",1,1307.77
"Memmingen, DE","Zagreb, HR",1,492.7
"Memmingen, DE","Frankfurt am Main, DE",1,257.66
"Memmingen, DE","Nuremberg, DE",1,178.9
"Memmingen, DE","Innsbruck, AT",1,115.84
"Mladá Boleslav, CZ","Liberec, CZ",1,41.94
"Mladá Boleslav, CZ","Česká Lípa, CZ",2,41.78
"Mladá Boleslav, CZ","Kolín, CZ",1,48.23
"Mladá Boleslav, CZ","Raná, CZ",1,81.25
"Mnichovo Hradiště, CZ","Hradec Králové, CZ",1,67.47
"Mnichovo Hradiště, CZ","Benešov, CZ",1,92.55
"Monflorite/Alcalá del Obispo, ES","Zaragoza, ES",2,75.36
"Montichiari (BS), IT","Valbrembo (BG), IT",1,65.83
"Montpellier/Méditerranée, FR","Friedrichshafen, DE",1,627.0
"Montpellier/Méditerranée, FR","Seville, ES",2,1077.31
"Montpellier/Méditerranée, FR","Chabeuil, Drôme, FR",1,169.74
"Montpellier/Méditerranée, FR","L'Hôpital-le-Mercier, Saône-et-Loire, FR",1,315.58
"Montpellier/Méditerranée, FR","Toulouse/Blagnac, FR",1,209.36
"Mora, PT","Ponte de Sor, PT",1,25.31
"Mostkovice, CZ","Přerov, CZ",1,26.35
"Mošnov, CZ","Dolní Benešov, CZ",1,25.92
"Mošnov, CZ","Frýdlant, CZ",1,22.67
"Munich, DE","Cluj-Napoca, RO",2,908.61
"Munich, DE","Chambéry, FR",1,539.95
"Munich, DE","Soboli, HR",2,389.9
"Munich, DE","Wiesbaden, DE",1,314.25
"Munich, DE","Venezia (VE), IT",7,319.64
"Munich, DE","Geilenkirchen, DE",1,504.71
"Munich, DE","Cannes, FR",1,651.66
"Munich, DE","Drásov, CZ",1,227.02
"Munich, DE","Weßling, DE",1,48.02
"Munich, DE","Chassieu, Lyon, FR",1,594.72
"Munich, DE","Palermo, IT",3,1140.78
"Munich, DE","Bratislava, SK",1,402.14
"Mytilene, GR","Elefsina, GR",2,286.68
"Málaga, ES","Vilnius, LT",2,3017.03
"Málaga, ES","Roskilde, DK",1,2448.33
"Málaga, ES","Wevelgem, BE",1,1688.0
"Málaga, ES","Katowice, PL",2,2423.61
"Málaga, ES","Velika Gorica, HR",2,1985.64
"Málaga, ES","Charlestown, IE",2,1945.13
"Málaga, ES","Vigo, ES",1,712.09
"Málaga, ES","Chambéry, FR",1,1320.02
"Málaga, ES","Pisa (PI), IT",2,1482.56
"Málaga, ES","Grenoble, FR",1,1268.15
"Málaga, ES","Segrate (MI), IT",4,1507.9
"Málaga, ES","Nowe Kramsko, PL",1,2341.27
"Málaga, ES","Nyköping, SE",1,2906.2
"Málaga, ES","Saarbrücken, DE",1,1680.46
"Málaga, ES","Sylt, DE",1,2250.88
"Mönchengladbach, DE","Greven, DE",2,129.45
"Mönchengladbach, DE","Amsterdam, NL",1,169.46
"Mönchengladbach, DE","Salzburg, AT",1,604.82
"Mönchengladbach, DE","Nuremberg, DE",1,377.15
"Mönchengladbach, DE","Trento (TN), IT",1,670.91
"Namur, BE","Strasbourg, FR",1,299.41
"Namur, BE","Saint Ghislain, BE",1,67.23
"Namur, BE","Genk, BE",1,79.06
"Nantes, FR","Charleroi, BE",3,576.72
"Nantes, FR","Nice, Alpes-Maritimes, FR",5,790.42
"Nantes, FR","Capannoli (PI), IT",2,1038.25
"Nantes, FR","Saint-Jacques-de-la-Lande, Ille-et-Vilaine, FR",1,102.31
"Nantes, FR","Berlin, DE",1,1227.13
"Nantes, FR","Alava, ES",1,482.83
"Nantes, FR","Madrid, ES",1,762.2
"Neuhausen/Spree, DE","Trebbin, DE",1,104.13
"Neustadt-Glewe, DE","Hannover, DE",1,163.61
"Nice, Alpes-Maritimes, FR","Paris (Roissy-en-France, Val-d'Oise), FR",17,694.0
"Nice, Alpes-Maritimes, FR","Nantes, FR",5,790.42
"Nice, Alpes-Maritimes, FR","Strasbourg, FR",5,543.55
"Nice, Alpes-Maritimes, FR","Bucharest, RO",1,1508.21
"Nice, Alpes-Maritimes, FR","Paris (Orly, Val-de-Marne), FR",26,674.8
"Nice, Alpes-Maritimes, FR","Bordeaux, FR",5,644.76
"Nice, Alpes-Maritimes, FR","Toulouse/Blagnac, FR",5,470.8
"Nice, Alpes-Maritimes, FR","Barcelona, ES",4,496.3
"Nice, Alpes-Maritimes, FR","Colombier-Saugnieu, Rhône, FR",2,284.74
"Nice, Alpes-Maritimes, FR","Frankfurt am Main, DE",5,715.4100000000001
"Nice, Alpes-Maritimes, FR","Budapest, HU",1,1018.39
"Nice, Alpes-Maritimes, FR","Antwerp, BE",1,862.61
"Nice, Alpes-Maritimes, FR","Lisbon, PT",3,1468.0999999999997
"Nice, Alpes-Maritimes, FR","Paris, FR",4,694.35
"Nice, Alpes-Maritimes, FR","Lesquin, FR",7,828.5
"Nice, Alpes-Maritimes, FR","Caen, FR",1,849.04
"Nice, Alpes-Maritimes, FR","Amsterdam, NL",5,978.86
"Nice, Alpes-Maritimes, FR","Bastia, FR",5,221.38000000000002
"Nice, Alpes-Maritimes, FR","Berlin, DE",2,1073.86
"Nice, Alpes-Maritimes, FR","Luxembourg, LU",3,668.05
"Nice, Alpes-Maritimes, FR","Chambéry, FR",2,244.17
"Nice, Alpes-Maritimes, FR","Brest, FR",1,1042.24
"Nice, Alpes-Maritimes, FR","Salzburg, AT",1,642.52
"Nice, Alpes-Maritimes, FR","Innsbruck, AT",1,513.71
"Nice, Alpes-Maritimes, FR","Munich, DE",4,629.97
"Nice, Alpes-Maritimes, FR","Copenhagen, DK",3,1385.2699999999998
"Nice, Alpes-Maritimes, FR","Firenze (FI), IT",1,320.74
"Nice, Alpes-Maritimes, FR","Dublin, IE",2,1466.5
"Nice, Alpes-Maritimes, FR","Düsseldorf, DE",1,849.21
"Nice, Alpes-Maritimes, FR","Zaventem, BE",2,831.17
"Nice, Alpes-Maritimes, FR","Bologna, IT",2,339.5
"Nice, Alpes-Maritimes, FR","Köln (Cologne), DE",1,801.46
"Nice, Alpes-Maritimes, FR","Palma de Mallorca, ES",1,588.95
"Nice, Alpes-Maritimes, FR","Figari, FR",3,284.99
"Nice, Alpes-Maritimes, FR","Steenokkerzeel, BE",1,832.34
"Nice, Alpes-Maritimes, FR","Vilnius, LT",1,1783.89
"Nice, Alpes-Maritimes, FR","Saint-Jacques-de-la-Lande, Ille-et-Vilaine, FR",2,848.19
"Nice, Alpes-Maritimes, FR","Caselle (VR), IT",1,349.22
"Nice, Alpes-Maritimes, FR","Cannes, FR",1,24.32
"Nice, Alpes-Maritimes, FR","Caselle Torinese (TO), IT",1,174.93
"Nice, Alpes-Maritimes, FR","Segrate (MI), IT",2,257.15
"Nice, Alpes-Maritimes, FR","Ajaccio, FR",5,232.33
"Niederstetten, DE","Lübeck, DE",1,493.6
"Nobitz, DE","Lübeck, DE",1,336.53
"Nové Město nad Metují, CZ","Hradec Králové, CZ",1,22.71
"Nový Malín, CZ","Letňany, CZ",1,178.96
"Nowa Wieś, PL","Jasionka, PL",2,1.75
"Nowa Wieś, PL","Munich, DE",1,769.4
"Nowa Wieś, PL","Dublin, IE",1,1969.19
"Nowe Kramsko, PL","Balice, PL",1,360.4
"Nowe Kramsko, PL","Poznań, PL",1,76.49
"Nowogródek Pomorski, PL","Charleroi, BE",1,777.95
"Nowy Dwór Mazowiecki, PL","Białystok, PL",1,184.2
"Nowy Dwór Mazowiecki, PL","Charleroi, BE",2,1140.94
"Nowy Dwór Mazowiecki, PL","Helsinki (Vantaa), FI",2,913.69
"Nowy Dwór Mazowiecki, PL","Creil, FR",1,1317.67
"Nowy Dwór Mazowiecki, PL","Malmö, SE",1,585.88
"Nowy Dwór Mazowiecki, PL","Vienna, AT",1,562.92
"Nowy Dwór Mazowiecki, PL","Kamień Śląski, PL",1,278.04
"Nowy Dwór Mazowiecki, PL","Salzburg, AT",1,751.25
"Nowy Dwór Mazowiecki, PL","Szymany, PL",2,116.21
"Nuremberg, DE","Segrate (MI), IT",1,470.6
"Nuremberg, DE","Berlin, DE",1,360.8
"Nuremberg, DE","Ferno (VA), IT",1,464.79
"Nuremberg, DE","Speyer, DE",1,191.28
"Nuremberg, DE","Wiesbaden, DE",2,206.93
"Nuremberg, DE","Le Castellet, Var, FR",1,804.06
"Nuremberg, DE","Zgornji Brnik, SI",1,442.82
"Nuremberg, DE","Otopeni, RO",1,1260.63
"Nuremberg, DE","Lahr/Schwarzwald, DE",1,268.56
"Nuremberg, DE","Bad Kissingen, DE",1,107.23
"Nuremberg, DE","Bucharest, RO",1,1264.56
"Nyköping, SE","Uppsala, SE",1,129.01
"Nyköping, SE","Otopeni, RO",2,1699.56
"Nyköping, SE","Málaga, ES",1,2906.2
"Nîmes/Garons, FR","Agen, FR",1,309.45
"Nîmes/Garons, FR","Vannes/Meucon, FR",1,707.35
"Nîmes/Garons, FR","Avignon, FR",1,42.36
"Nîmes/Garons, FR","Faro, PT",1,1287.17
"Nîmes/Garons, FR","Charmeil, Allier, FR",1,279.81
"Nîmes/Garons, FR","Bordeaux, FR",1,425.37
"Odense, DK","Poznań, PL",1,543.69
"Odense, DK","Göteborg, SE",1,271.42
"Oesterdeichstrich, DE","Flensburg, DE",1,75.53
"Oesterdeichstrich, DE","Malmö, SE",1,325.03
"Oesterdeichstrich, DE","Helgoland, DE",1,64.27
"Olomouc, CZ","Partizánske, SK",1,135.09
"Oostende, BE","Hamburg, DE",1,545.78
"Oostende, BE","Grenoble, FR",1,673.87
"Orio al Serio (BG), IT","Zagreb, HR",2,476.75
"Orio al Serio (BG), IT","Annecy, FR",1,281.33
"Orio al Serio (BG), IT","Blois, FR",1,685.49
"Orio al Serio (BG), IT","Isola di Capo Rizzuto (KR), IT",1,957.02
"Orio al Serio (BG), IT","Zaragoza, ES",2,971.42
"Orio al Serio (BG), IT","Malmö, SE",1,1126.78
"Orio al Serio (BG), IT","Alava, ES",1,1035.96
"Orio al Serio (BG), IT","Creil, FR",1,671.07
"Osnabrück, DE","Trebbin, DE",2,353.38
"Osnabrück, DE","Bielefeld, DE",2,53.09
"Osthausen-Wülfershausen, DE","Kubschütz, DE",1,244.44
"Osthausen-Wülfershausen, DE","Schöngleina, DE",1,45.93
"Osthausen-Wülfershausen, DE","Bamberg, DE",1,103.06
"Otopeni, RO","Valencia, ES",2,2256.23
"Otopeni, RO","Bordeaux, FR",2,2110.18
"Otopeni, RO","Bacău, RO",1,225.76
"Otopeni, RO","Lisbon, PT",3,2972.26
"Otopeni, RO","Caselle (VR), IT",2,1198.43
"Otopeni, RO","Colombier-Saugnieu, Rhône, FR",3,1648.12
"Otopeni, RO","Sigonella (CT), IT",5,1229.41
"Otopeni, RO","Stockholm, SE",2,1748.5
"Otopeni, RO","Šiauliai, LT",1,1273.36
"Otopeni, RO","Hamburg, DE",2,1541.17
"Otopeni, RO","Köln (Cologne), DE",2,1575.52
"Otopeni, RO","Napoli, IT",1,1047.02
"Otopeni, RO","Lamezia Terme (CZ), IT",2,1031.13
"Otopeni, RO","Nyköping, SE",2,1699.56
"Otopeni, RO","Nuremberg, DE",2,1260.63
"Otopeni, RO","Steenokkerzeel, BE",1,1754.85
"Otopeni, RO","Baden-Baden, DE",1,1441.07
"Palermo, IT","Sigonella (CT), IT",1,172.36
"Palma de Mallorca, ES","Salzburg, AT",2,1231.35
"Palma de Mallorca, ES","Weert, NL",1,1320.16
"Palma de Mallorca, ES","Shannon, IE",1,1711.6
"Palma de Mallorca, ES","Nannhausen, DE",1,1216.75
"Palma de Mallorca, ES","Paris, FR",1,1046.68
"Palma de Mallorca, ES","La Virgen Del Camino, ES",1,779.97
"Palma de Mallorca, ES","Melilla, ES",1,691.53
"Palma de Mallorca, ES","Rheinmünster, DE",2,1110.31
"Palma de Mallorca, ES","Billund, DK",1,1861.25
"Palma de Mallorca, ES","Spata-Artemida, GR",1,1843.54
"Palma de Mallorca, ES","Nice, Alpes-Maritimes, FR",1,588.95
"Palma de Mallorca, ES","Bologna, IT",2,896.7
"Palma de Mallorca, ES","Roskilde, DK",1,1913.03
"Palma de Mallorca, ES","Pamplona, ES",1,512.52
"Pamplona, ES","Culleredo, ES",1,550.09
"Pamplona, ES","Angers, FR",1,542.81
"Paphos, CY","Köln (Cologne), DE",1,2714.12
"Pardubice, CZ","Vysoké Mýto, CZ",1,33.28
"Pardubice, CZ","Prague, CZ",1,95.15
"Paris, FR","Hyères, Var, FR",3,712.04
"Paris, FR","Valencia, ES",1,1078.49
"Paris, FR","Chalons en Champagne, FR",1,131.12
"Paris, FR","Clermont-Ferrand, FR",1,357.39
"Paris, FR","Nice, Alpes-Maritimes, FR",2,694.35
"Paris, FR","Cholet, FR",2,323.12
"Paris, FR","Szymany, PL",1,1378.06
"Paris, FR","Bratislava, SK",2,1089.11
"Paris, FR","Tallinn, EE",2,1848.32
"Paris, FR","Dublin, IE",1,782.68
"Paris, FR","Brest, FR",1,506.1
"Paris, FR","Tallard, Hautes-Alpes, FR",1,571.31
"Paris, FR","Palma de Mallorca, ES",2,1046.68
"Paris, FR","Memmingen, DE",1,584.95
"Paris, FR","Shannon, IE",2,898.38
"Paris, FR","Steenokkerzeel, BE",2,262.06
"Paris, FR","Budapest, HU",2,1244.02
"Paris, FR","Wevelgem, BE",1,213.74
"Paris, FR","Orio al Serio (BG), IT",1,658.81
"Paris, FR","Vannes/Meucon, FR",1,405.05
"Paris, FR","Firenze (FI), IT",1,882.47
"Paris, FR","Greven, DE",2,511.69
"Paris (Orly, Val-de-Marne), FR","Campo di Pietra (TV), IT",3,837.2599999999999
"Paris (Orly, Val-de-Marne), FR","Caselle Torinese (TO), IT",2,559.55
"Paris (Orly, Val-de-Marne), FR","Venezia (VE), IT",7,834.3100000000001
"Paris (Orly, Val-de-Marne), FR","Brest, FR",1,500.8
"Paris (Orly, Val-de-Marne), FR","Calvi, FR",1,849.58
"Paris (Orly, Val-de-Marne), FR","Fauville, Eure, FR",1,91.35
"Paris (Roissy-en-France, Val-d'Oise), FR","Campo di Pietra (TV), IT",3,836.77
"Paris (Roissy-en-France, Val-d'Oise), FR","Istres, Bouches-du-Rhône, FR",1,636.57
"Paris (Roissy-en-France, Val-d'Oise), FR","Akrotiri, CY",1,2958.56
"Parma (PR), IT","Nice, Alpes-Maritimes, FR",1,277.66
"Parma (PR), IT","Amsterdam, NL",1,925.61
"Partizánske, SK","Olomouc, CZ",1,135.09
"Partizánske, SK","Trenčín, SK",1,36.5
"Partizánske, SK","Prievidza, SK",1,24.95
"Pau/Pyrénées (Uzein), FR","Paris, FR",1,658.38
"Pau/Pyrénées (Uzein), FR","Chambéry, FR",1,558.82
"Perpignan/Rivesaltes, FR","Lesquin, FR",2,870.41
"Perpignan/Rivesaltes, FR","Montpellier/Méditerranée, FR",1,128.4
"Perpignan/Rivesaltes, FR","Düsseldorf, DE",1,995.08
"Perpignan/Rivesaltes, FR","Charleroi, BE",2,867.08
"Perpignan/Rivesaltes, FR","Toulouse/Blagnac, FR",1,157.13
"Pescara, IT","Zakynthos, GR",1,771.41
"Pescara, IT","Caselle (VR), IT",1,422.19
"Pescara, IT","Wrocław, PL",2,985.84
"Piešťany, SK","Atting, DE",1,390.46
"Pirna, DE","Schkeuditz, DE",1,126.64
"Pirna, DE","Kubschütz, DE",1,48.88
"Pisa (PI), IT","Toulouse/Blagnac, FR",1,726.03
"Pisa (PI), IT","Nice, Alpes-Maritimes, FR",1,255.51
"Pisa (PI), IT","Bologna, IT",1,118.67
"Pisa (PI), IT","Paris (Orly, Val-de-Marne), FR",3,832.42
"Pisa (PI), IT","Capannoli (PI), IT",1,26.48
"Pisa (PI), IT","Šiauliai, LT",1,1641.71
"Pisa (PI), IT","Campo nell'Elba (LI), IT",2,103.38
"Pisa (PI), IT","Friedrichshafen, DE",1,448.62
"Pisa (PI), IT","Alghero, IT",2,380.98
"Pisa (PI), IT","Keila, EE",1,1969.69
"Pisa (PI), IT","Wrocław, PL",2,957.95
"Pisa (PI), IT","Weßling, DE",1,493.8
"Pisa (PI), IT","Trento (TN), IT",1,266.46
"Pisa (PI), IT","Segrate (MI), IT",2,214.86
"Pisa (PI), IT","Genova (GE), IT",2,148.12
"Pisa (PI), IT","Salzburg, AT",1,499.8
"Plasy, CZ","Roudnice nad Labem, CZ",1,81.45
"Plzen, CZ","Kladno, CZ",1,76.0
"Plzen, CZ","Karlovy Vary, CZ",1,64.08
"Plzen, CZ","Brno, CZ",1,254.11
"Pommeuse, Seine-et-Marne, FR","Lognes, Seine-et-Marne, FR",2,28.09
"Ponta Delgada, PT","Faro, PT",1,1566.09
"Ponte de Sor, PT","Castelo Branco, PT",9,88.1
"Poprad, SK","Berlin, DE",1,598.76
"Poprad, SK","Gdańsk, PL",1,602.55
"Poprad, SK","Balice, PL",1,116.68
"Poprad, SK","Mošnov, CZ",2,169.15
"Portimão, PT","Rotterdam, NL",1,1936.52
"Porto, PT","Rheinmünster, DE",2,1556.02
"Porto, PT","Düsseldorf, DE",2,1623.82
"Porto, PT","Tallinn, EE",1,3064.1
"Porto, PT","Capannori (LU), IT",1,1599.97
"Porto, PT","Vila Real, PT",1,80.37
"Porto, PT","Clermont-Ferrand, FR",3,1079.11
"Porto, PT","Chalons en Champagne, FR",1,1310.91
"Porto, PT","Creil, FR",3,1246.94
"Porto, PT","Rome, IT",1,1753.62
"Poznań, PL","Cork, IE",2,1720.25
"Poznań, PL","Odense, DK",1,543.69
"Poznań, PL","Lisbon, PT",1,2502.71
"Poznań, PL","Genova (GE), IT",1,1066.41
"Poznań, PL","Nowe Kramsko, PL",1,76.49
"Prague, CZ","Pardubice, CZ",1,95.15
"Prague, CZ","Ferno (VA), IT",2,650.27
"Prague, CZ","Salzburg, AT",1,273.1
"Prievidza, SK","Martin, SK",1,42.6
"Prievidza, SK","Žamberk, CZ",1,213.27
"Prouvy, FR","Málaga, ES",1,1646.02
"Punitz, AT","Pinkafeld, AT",1,30.83
"Pécs, HU","Budapest, HU",1,179.89
"Périgueux/Bassillac, FR","Cognac/Châteaubernard, FR",1,102.16
"Périgueux/Bassillac, FR","Bordeaux, FR",1,127.16
"Péruwelz, BE","Wevelgem, BE",1,37.79
"Přerov, CZ","Bratislava, SK",1,140.32
"Quimper/Pluguffan, FR","Toussus-le-Noble, Yvelines, FR",1,471.53
"Quimper/Pluguffan, FR","Brest, FR",1,55.93
"Ramstein-Miesenbach, DE","Rotterdam, NL",1,357.91
"Ramstein-Miesenbach, DE","Budapest, HU",1,875.5
"Ramstein-Miesenbach, DE","Stuttgart, DE",3,144.42
"Ramstein-Miesenbach, DE","Speyer, DE",1,63.35
"Ramstein-Miesenbach, DE","Bitburg, DE",1,93.49
"Raná, CZ","Otvice, CZ",1,21.36
"Raná, CZ","Mladá Boleslav, CZ",1,81.25
"Ranón, ES","Paris (Orly, Val-de-Marne), FR",2,864.74
"Ranón, ES","Caselle Torinese (TO), IT",1,1101.23
"Ranón, ES","Jerez de la Frontera, ES",1,758.24
"Recea, RO","Otopeni, RO",1,248.57
"Reggio Calabria, IT","Campo di Pietra (TV), IT",1,886.18
"Reggio Calabria, IT","Barcelona, ES",2,1214.11
"Reggio Calabria, IT","Pisa (PI), IT",1,764.48
"Rheinmünster, DE","Thessaloniki, GR",3,1489.18
"Rheinmünster, DE","Dresden, DE",1,483.63
"Rheinmünster, DE","Rotterdam, NL",1,437.61
"Rhodes, GR","Billund, DK",1,2580.34
"Rhodes, GR","Larnaca, CY",1,528.55
"Riesa, DE","Dresden, DE",1,33.72
"Riga, LV","Budapest, HU",2,1103.49
"Riga, LV","Segrate (MI), IT",1,1634.1
"Riga, LV","Paris (Orly, Val-de-Marne), FR",1,1706.68
"Riga, LV","Ādaži, LV",1,21.67
"Rijeka(Omišalj), HR","Nice, Alpes-Maritimes, FR",1,608.85
"Rijen, NL","Den Helder, NL",1,151.13
"Rimini (RN), IT","Caselle Torinese (TO), IT",1,414.11
"Rodez/Marcillac, FR","Marignane, Bouches-du-Rhône, FR",1,243.76
"Rome, IT","Alghero, IT",2,369.29
"Rome, IT","Parma (PR), IT",1,377.75
"Rome, IT","Nice, Alpes-Maritimes, FR",2,472.71
"Rome, IT","Foggia (FG), IT",1,261.81
"Rome, IT","Comiso, IT",1,566.35
"Rome, IT","Valletta, MT",2,685.98
"Rome, IT","Zaventem, BE",1,1179.6
"Rome, IT","Barcelona, ES",1,862.19
"Rome, IT","Ronchi dei Legionari/Trieste, IT",1,455.48
"Rome, IT","Larnaca, CY",1,1996.32
"Rome, IT","Pisa (PI), IT",1,267.02
"Rome, IT","Alicante, ES",1,1170.93
"Ronchi dei Legionari/Trieste, IT","Vrsar, HR",1,77.25
"Ronchi dei Legionari/Trieste, IT","Sigonella (CT), IT",3,944.58
"Ronchi dei Legionari/Trieste, IT","Lamezia Terme (CZ), IT",3,802.5
"Ronchi dei Legionari/Trieste, IT","Nice, Alpes-Maritimes, FR",1,549.63
"Ronchi dei Legionari/Trieste, IT","Catania, IT",1,939.0
"Ronchi dei Legionari/Trieste, IT","Charleroi, BE",2,843.24
"Ronchi dei Legionari/Trieste, IT","Dublin, IE",2,1645.56
"Ronchi dei Legionari/Trieste, IT","Rome, IT",1,455.48
"Ronneby, SE","Malmö, SE",1,143.07
"Roskilde, DK","Esbjerg, DK",2,225.1
"Roskilde, DK","Palma de Mallorca, ES",1,1913.03
"Roskilde, DK","Rødby, DK",2,107.94
"Roskilde, DK","Salzburg, AT",1,868.53
"Roskilde, DK","Kristianstad, SE",1,127.86
"Roskilde, DK","Málaga, ES",1,2448.33
"Roskilde, DK","Amsterdam, NL",1,603.83
"Roskilde, DK","Luxembourg, LU",1,773.18
"Rothenburg/Oberlausitz, DE","Kubschütz, DE",1,35.38
"Rotterdam, NL","Eindhoven, NL",2,85.72
"Rotterdam, NL","Larnaca, CY",1,2992.63
"Rotterdam, NL","Lisbon, PT",2,1802.15
"Rotterdam, NL","Düsseldorf, DE",1,177.1
"Rotterdam, NL","Helsinki (Vantaa), FI",1,1564.58
"Rotterdam, NL","Sankt Johann in Tirol, AT",1,757.47
"Rotterdam, NL","Oostende, BE",1,136.91
"Rotterdam, NL","Chambéry, FR",1,710.48
"Rotterdam, NL","Baden-Baden, DE",2,440.92
"Rotterdam, NL","Cannes, FR",1,953.63
"Roudnice nad Labem, CZ","Letňany, CZ",2,37.56
"Roudnice nad Labem, CZ","Kolín, CZ",1,81.21
"Roudnice nad Labem, CZ","Benešov, CZ",1,80.18
"Rødby, DK","Roskilde, DK",2,107.94
"Saarbrücken, DE","Mannheim, DE",1,105.5
"Saint-Jacques-de-la-Lande, Ille-et-Vilaine, FR","Nantes, FR",1,102.31
"Saint-Jacques-de-la-Lande, Ille-et-Vilaine, FR","Lesquin, FR",1,447.09
"Saint-Jacques-de-la-Lande, Ille-et-Vilaine, FR","Nice, Alpes-Maritimes, FR",2,848.19
"Saint-Jacques-de-la-Lande, Ille-et-Vilaine, FR","Saint-Nazaire/Montoir, FR",1,89.91
"Saint-Jacques-de-la-Lande, Ille-et-Vilaine, FR","Stuttgart, DE",1,811.44
"Saint-Jacques-de-la-Lande, Ille-et-Vilaine, FR","Budapest, HU",1,1554.79
"Saint-Jacques-de-la-Lande, Ille-et-Vilaine, FR","Munich, DE",1,1001.07
"Saint-Jacques-de-la-Lande, Ille-et-Vilaine, FR","Le Touquet-Paris-Plage, FR",1,365.15
"Saint-Jacques-de-la-Lande, Ille-et-Vilaine, FR","Bremen, DE",1,925.31
"Saint-Jacques-de-la-Lande, Ille-et-Vilaine, FR","Hannover, DE",1,945.69
"Saint-Pons, Alpes-de-Haute-Provence, FR","Saint-Crépin, Hautes-Alpes, FR",2,34.98
"Salzburg, AT","Zell am See, AT",1,58.06
"Salzburg, AT","Sylt, DE",1,854.91
"Salzburg, AT","Zagreb, HR",1,312.57
"Salzburg, AT","Saint-Jacques-de-la-Lande, Ille-et-Vilaine, FR",1,1096.86
"Salzburg, AT","Roskilde, DK",2,868.53
"Salzburg, AT","Suben, AT",1,75.42
"Salzburg, AT","Manching, DE",1,149.56
"Salzburg, AT","Otopeni, RO",1,1068.57
"Salzburg, AT","Prague, CZ",1,273.1
"Samos Island, GR","Elefsina, GR",1,297.43
"San Giovanni Rotondo (FG), IT","Pescara, IT",2,161.03
"Sankt Johann in Tirol, AT","Memmingen, DE",1,173.31
"Sankt Johann in Tirol, AT","Burbach, DE",1,475.91
"Santiago de Compostela, ES","Zaventem, BE",1,1320.53
"Santiago de Compostela, ES","Madrid, ES",1,483.18
"Sazená, CZ","Drásov, CZ",1,68.17
"Sazená, CZ","Benešov, CZ",1,70.53
"Sazená, CZ","České Budějovice, CZ",1,153.55
"Schkeuditz, DE","Lübeck, DE",1,284.16
"Schkeuditz, DE","Zagreb, HR",1,682.43
"Schkeuditz, DE","Berlin, DE",1,136.16
"Schkeuditz, DE","Örebro, SE",1,885.42
"Schkeuditz, DE","Kiel, DE",1,357.53
"Schkeuditz, DE","Düsseldorf, DE",1,379.75
"Schkeuditz, DE","Friedrichshafen, DE",1,460.74
"Schkeuditz, DE","Gdańsk, PL",1,531.58
"Schöngleina, DE","Hamburg, DE",1,320.96
"Schöngleina, DE","Landsberg, DE",2,74.66
"Segrate (MI), IT","Capua, IT",1,623.55
"Segrate (MI), IT","Valbrembo (BG), IT",1,39.28
"Segrate (MI), IT","Ibiza (Eivissa), ES",2,978.04
"Segrate (MI), IT","Málaga, ES",4,1507.9
"Segrate (MI), IT","Grâce-Hollogne, BE",1,643.75
"Segrate (MI), IT","Catania, IT",1,1009.2
"Segrate (MI), IT","Vigo, ES",1,1476.31
"Segrate (MI), IT","Odense, DK",1,1117.75
"Segrate (MI), IT","Lisbon, PT",3,1684.5999999999997
"Segrate (MI), IT","Pisa (PI), IT",1,214.86
"Segrate (MI), IT","Sigonella (CT), IT",9,1010.06
"Segrate (MI), IT","Toussus-le-Noble, Yvelines, FR",1,655.16
"Segrate (MI), IT","Nuremberg, DE",2,470.6
"Segrate (MI), IT","Brno, CZ",1,694.23
"Segrate (MI), IT","Rotterdam, NL",1,806.05
"Segrate (MI), IT","Orio al Serio (BG), IT",3,41.88
"Segrate (MI), IT","Cannes, FR",1,279.98
"Segrate (MI), IT","Cascais, PT",1,1704.04
"Segrate (MI), IT","Katowice, PL",1,918.44
"Seville, ES","Toulouse/Blagnac, FR",5,922.95
"Seville, ES","Ajaccio, FR",1,1351.7
"Seville, ES","Madrid, ES",2,390.98
"Seville, ES","Zaventem, BE",3,1708.83
"Seville, ES","Caselle (VR), IT",2,1651.86
"Seville, ES","Stuttgart, DE",1,1748.57
"Seville, ES","Catania, IT",1,1846.57
"Seville, ES","Culleredo, ES",1,687.21
"Shannon, IE","Segrate (MI), IT",1,1545.59
"Shannon, IE","Grâce-Hollogne, BE",1,1015.24
"Shannon, IE","Kaunas, LT",2,2154.34
"Shannon, IE","Cork, IE",2,100.15
"Shannon, IE","Weßling, DE",1,1515.77
"Shannon, IE","Montichiari (BS), IT",1,1611.91
"Sigonella (CT), IT","Eindhoven, NL",2,1732.97
"Sigonella (CT), IT","Amsterdam, NL",1,1836.7
"Sigonella (CT), IT","Venezia (VE), IT",3,926.0499999999998
"Sigonella (CT), IT","Munich, DE",2,1244.05
"Sigonella (CT), IT","Palermo, IT",1,172.36
"Sigonella (CT), IT","Memmingen, DE",2,1237.22
"Siljansnäs, SE","Nyköping, SE",1,250.64
"Skellefteå, SE","Kokkola / Kruunupyy, FI",1,141.81
"Sofia, BG","Dortmund, DE",1,1541.3
"Spata-Artemida, GR","Caselle (VR), IT",1,1362.48
"Spata-Artemida, GR","Salzburg, AT",1,1410.02
"Spata-Artemida, GR","Wrocław, PL",2,1565.77
"Spata-Artemida, GR","Köln (Cologne), DE",2,1952.69
"Spata-Artemida, GR","Syros Island, GR",3,105.38
"Spata-Artemida, GR","Argos Orestiko, GR",1,361.25
"Spata-Artemida, GR","Kalymnos Island, GR",2,285.74
"Spata-Artemida, GR","Akrotiri, CY",1,891.55
"Spata-Artemida, GR","Nice, Alpes-Maritimes, FR",2,1541.56
"Spata-Artemida, GR","Souda, GR",1,268.08
"Spata-Artemida, GR","Innsbruck, AT",2,1458.88
"Spata-Artemida, GR","Busevec, HR",1,1073.81
"Spata-Artemida, GR","Steenokkerzeel, BE",3,2101.84
"Speyer, DE","Friedrichshafen, DE",1,197.71
"Speyer, DE","Nuremberg, DE",1,191.28
"Sta Cruz de la Palma, La Palma Island, ES","Amsterdam, NL",1,3221.41
"Steenokkerzeel, BE","Grâce-Hollogne, BE",2,73.64
"Steenokkerzeel, BE","Funchal, PT",2,2665.33
"Steenokkerzeel, BE","Zaragoza, ES",1,1111.86
"Steenokkerzeel, BE","Eindhoven, NL",1,85.75
"Steenokkerzeel, BE","Pau/Pyrénées (Uzein), FR",1,915.77
"Steenokkerzeel, BE","Grenoble, FR",1,620.31
"Steenokkerzeel, BE","Chambéry, FR",2,595.5
"Stockholm, SE","Norrköping, SE",1,140.13
"Stockholm, SE","Otopeni, RO",2,1748.5
"Stockholm, SE","Nyköping, SE",2,98.35
"Stockholm, SE","Turku, FI",3,265.53
"Stockholm, SE","Martin, SK",1,1162.28
"Stockholm, SE","Rhodes, GR",1,2670.1
"Stockholm, SE","Weßling, DE",2,1341.32
"Stockholm, SE","Luxembourg, LU",2,1328.8
"Stockholm, SE","Oskarshamn, SE",1,253.38
"Stockholm, SE","Piteå, SE",2,677.41
"Stockholm / Västerås, SE","Karlskoga, SE",1,123.75
"Stockholm / Västerås, SE","Uppsala, SE",1,63.52
"Stockholm / Västerås, SE","Siljansnäs, SE",1,166.27
"Stockholm / Västerås, SE","Eskilstuna, SE",1,26.83
"Strasbourg, FR","Brest, FR",2,886.86
"Strasbourg, FR","Paris, FR",1,383.46
"Strasbourg, FR","Colmar, FR",1,51.63
"Strasbourg, FR","Napoli, IT",1,999.71
"Strausberg, DE","Hörselberg-Hainich, DE",1,295.09
"Stuttgart, DE","Bremen, DE",1,485.41
"Stuttgart, DE","Seville, ES",1,1748.57
"Stuttgart, DE","Memmingen, DE",1,108.31
"Stuttgart, DE","Nuremberg, DE",1,162.33
"Stuttgart, DE","Sylt, DE",1,694.63
"Stuttgart, DE","Weßling, DE",1,166.56
"Stuttgart, DE","Wiesbaden, DE",1,164.56
"Stuttgart, DE","Hajdúszoboszló, HU",1,913.38
"Stuttgart, DE","Zagreb, HR",1,596.42
"Stuttgart, DE","Forlì (FC), IT",1,545.3
"Stuttgart, DE","Büren, DE",1,327.82
"Stuttgart, DE","Nice, Alpes-Maritimes, FR",1,580.35
"Stuttgart, DE","Atting, DE",1,242.45
"Stuttgart, DE","Caselle Torinese (TO), IT",1,405.89
"Suben, AT","Hünxe, DE",1,590.54
"Suben, AT","Atting, DE",1,88.0
"Sylt, DE","Oesterdeichstrich, DE",1,91.92
"Sylt, DE","Hamburg, DE",2,179.73
"Sylt, DE","Stuttgart, DE",2,694.63
"Szymany, PL","Budapest, HU",1,678.42
"Szymany, PL","Nowy Dwór Mazowiecki, PL",1,116.21
"Sønderborg, DK","Stuttgart, DE",1,698.78
"Sønderborg, DK","Köln (Cologne), DE",1,489.03
"Tallinn, EE","Stuttgart, DE",1,1560.66
"Tallinn, EE","Balice, PL",3,1086.68
"Tallinn, EE","Tartu, EE",1,164.97
"Tallinn, EE","Katowice, PL",1,1058.55
"Tallinn, EE","Billund, DK",1,1016.77
"Tallinn, EE","Chambéry, FR",1,1982.99
"Tampere / Pirkkala, FI","Linköping, SE",1,557.24
"Tampere / Pirkkala, FI","Mariehamn, FI",1,247.2
"Tarbes/Lourdes/Pyrénées, FR","Amsterdam, NL",1,1075.44
"Tarbes/Lourdes/Pyrénées, FR","Cannes, FR",1,564.11
"Tarbes/Lourdes/Pyrénées, FR","Lisbon, PT",1,908.27
"Tarbes/Lourdes/Pyrénées, FR","Annecy, FR",1,572.06
"Terni, IT","Foligno (PG), IT",2,41.31
"Terni, IT","Bresso (MI), IT",1,426.49
"Thessaloniki, GR","Elefsina, GR",2,277.65
"Thessaloniki, GR","Stockholm, SE",2,2139.69
"Thessaloniki, GR","Kos Island, GR",3,547.21
"Thessaloniki, GR","Zgornji Brnik, SI",1,934.83
"Thessaloniki, GR","Rheinmünster, DE",1,1489.18
"Thessaloniki, GR","Memmingen, DE",2,1307.77
"Thessaloniki, GR","Frankfurt am Main (Lautzenhausen), DE",2,1610.35
"Thessaloniki, GR","Schkeuditz, DE",1,1465.67
"Thessaloniki, GR","Prelošćica, HR",1,761.46
"Timişoara, RO","Charleroi, BE",2,1351.28
"Timişoara, RO","Genova (GE), IT",1,991.88
"Timişoara, RO","Dortmund, DE",2,1188.35
"Timişoara, RO","Grâce-Hollogne, BE",1,1290.65
"Timişoara, RO","Salzburg, AT",1,671.15
"Timişoara, RO","Segrate (MI), IT",1,937.87
"Timişoara, RO","Larnaca, CY",1,1597.06
"Timişoara, RO","Ferno (VA), IT",1,978.11
"Timişoara, RO","Caselle Torinese (TO), IT",1,1067.56
"Timişoara, RO","Frankfurt am Main (Lautzenhausen), DE",1,1143.83
"Timişoara, RO","Memmingen, DE",2,876.53
"Timişoara, RO","Rheinmünster, DE",2,1051.3
"Tomblaine, Meurthe-et-Moselle, FR","Paris, FR",1,279.32
"Tomblaine, Meurthe-et-Moselle, FR","Saint-Jacques-de-la-Lande, Ille-et-Vilaine, FR",1,592.04
"Tomblaine, Meurthe-et-Moselle, FR","Caen, FR",1,491.14
"Tornesch, DE","Heist, DE",1,6.61
"Toulon-sur-Allier, FR","L'Hôpital-le-Mercier, Saône-et-Loire, FR",1,47.16
"Toulouse/Blagnac, FR","Seville, ES",5,922.95
"Toulouse/Blagnac, FR","Capannori (LU), IT",1,740.33
"Toulouse/Blagnac, FR","Lisbon, PT",10,1029.4100000000003
"Toulouse/Blagnac, FR","L'Hôpital-le-Mercier, Saône-et-Loire, FR",1,373.16
"Toulouse/Blagnac, FR","Madrid, ES",1,541.36
"Toulouse/Blagnac, FR","Luxembourg, LU",1,762.4
"Toulouse/Blagnac, FR","Dublin, IE",2,1224.23
"Toulouse/Blagnac, FR","La Virgen Del Camino, ES",1,581.03
"Toulouse/Blagnac, FR","Ibiza (Eivissa), ES",1,528.87
"Toulouse/Blagnac, FR","Ajaccio, FR",2,635.83
"Toulouse/Blagnac, FR","Perpignan/Rivesaltes, FR",1,157.13
"Toulouse/Blagnac, FR","Schkeuditz, DE",1,1187.8
"Tours, Indre-et-Loire, FR","Orio al Serio (BG), IT",1,713.75
"Toussus-le-Noble, Yvelines, FR","Feldkirchen bei Graz, AT",1,1012.22
"Toussus-le-Noble, Yvelines, FR","Quimper/Pluguffan, FR",1,471.53
"Toussus-le-Noble, Yvelines, FR","L'Hôpital-le-Mercier, Saône-et-Loire, FR",1,296.72
"Toussus-le-Noble, Yvelines, FR","Lorient/Lann/Bihoué, FR",1,425.03
"Toussus-le-Noble, Yvelines, FR","Paris, FR",1,33.64
"Toussus-le-Noble, Yvelines, FR","Laval, Mayenne, FR",2,225.13
"Toussus-le-Noble, Yvelines, FR","Segrate (MI), IT",1,655.16
"Toussus-le-Noble, Yvelines, FR","La Baule-Escoublac, FR",1,368.85
"Toussus-le-Noble, Yvelines, FR","Lesquin, FR",1,214.14
"Toussus-le-Noble, Yvelines, FR","Boos, FR",1,97.54
"Toussus-le-Noble, Yvelines, FR","Damblainville, Calvados, FR",1,165.88
"Toužim, CZ","Plzen, CZ",2,51.21
"Trebbin, DE","Bremen, DE",1,309.43
"Trebbin, DE","Büren, DE",1,318.4
"Trebbin, DE","Osnabrück, DE",1,353.38
"Trebbin, DE","Greven, DE",1,373.12
"Trebbin, DE","Uherské Hradiště, CZ",2,464.43
"Trebbin, DE","Stuttgart, DE",1,479.92
"Trebbin, DE","Palma de Mallorca, ES",1,1618.09
"Trebbin, DE","Bindlach, DE",1,268.64
"Trebbin, DE","Braunschweig, DE",1,177.63
"Trebbin, DE","Eberswalde, DE",1,78.25
"Trenčín, SK","Partizánske, SK",1,36.5
"Treviso (TV), IT","Toulouse/Blagnac, FR",2,885.07
"Treviso (TV), IT","Segrate (MI), IT",2,228.32
"Treviso (TV), IT","Bratislava, SK",1,473.07
"Treviso (TV), IT","Seville, ES",2,1755.81
"Treviso (TV), IT","Creil, FR",1,829.75
"Treviso (TV), IT","Zgornji Brnik, SI",1,186.33
"Trollhättan, SE","Lübeck, DE",1,511.8
"Turku, FI","Košice, SK",1,1319.37
"Uherské Hradiště, CZ","Trebbin, DE",2,464.43
"Uherské Hradiště, CZ","Bamberg, DE",1,481.61
"Uherské Hradiště, CZ","Brno, CZ",1,55.97
"Valbrembo (BG), IT","Caiolo (SO), IT",6,50.76
"Valbrembo (BG), IT","Montichiari (BS), IT",2,65.83
"Valencia, ES","Otopeni, RO",2,2256.23
"Valencia, ES","Zaragoza, ES",1,246.66
"Valencia, ES","Wrocław, PL",1,1865.35
"Valencia, ES","Faro, PT",1,709.2
"Valencia, ES","Poznań, PL",1,1954.04
"Valladolid, ES","Clermont-Ferrand, FR",1,787.43
"Valletta, MT","Lorient/Lann/Bihoué, FR",1,1982.23
"Valletta, MT","Caselle (VR), IT",2,1104.2
"Valletta, MT","Weßling, DE",1,1385.81
"Valletta, MT","Colombier-Saugnieu, Rhône, FR",3,1351.97
"Valletta, MT","Memmingen, DE",2,1394.68
"Valletta, MT","Chambéry, FR",1,1306.65
"Valletta, MT","Pisa (PI), IT",2,939.0
"Vannes/Meucon, FR","Paris, FR",1,405.05
"Varna, BG","Vienna, AT",1,1027.56
"Velika Gorica, HR","Orio al Serio (BG), IT",3,493.8
"Velika Gorica, HR","Osijek, HR",1,200.49
"Velika Gorica, HR","Vrsar, HR",1,201.62
"Velika Gorica, HR","Barcelona, ES",2,1229.44
"Velika Gorica, HR","Weeze, DE",3,976.09
"Velika Gorica, HR","Maastricht, NL",1,952.52
"Velika Gorica, HR","Memmingen, DE",2,508.54
"Velika Gorica, HR","Frankfurt am Main (Lautzenhausen), DE",2,805.65
"Velika Gorica, HR","Schkeuditz, DE",1,691.29
"Venegono Superiore (VA), IT","Torino (TO), IT",1,124.15
"Venezia (VE), IT","Lisbon, PT",6,1915.34
"Venezia (VE), IT","Saint-Jacques-de-la-Lande, Ille-et-Vilaine, FR",1,1107.99
"Venezia (VE), IT","Steenokkerzeel, BE",1,836.33
"Venezia (VE), IT","Treviso (TV), IT",1,20.09
"Venezia (VE), IT","Palma de Mallorca, ES",1,1027.69
"Venezia (VE), IT","Genova (GE), IT",1,301.8
"Venezia (VE), IT","Düsseldorf, DE",3,763.5
"Venezia (VE), IT","Trento (TN), IT",1,111.24
"Venezia (VE), IT","Spata-Artemida, GR",2,1275.96
"Vienna, AT","Greven, DE",1,774.42
"Vienna, AT","Memmingen, DE",1,470.7
"Vienna, AT","Venezia (VE), IT",8,432.26
"Vienna, AT","Eindhoven, NL",3,884.25
"Vienna, AT","Nowy Dwór Mazowiecki, PL",1,562.92
"Vienna, AT","Jasionka, PL",1,454.88
"Vienna, AT","Arvidsjaur, SE",1,1950.23
"Vienna, AT","Manching, DE",1,377.64
"Vienna, AT","Reutte, AT",1,444.75
"Vigo, ES","Almería, ES",1,803.76
"Vigo, ES","Alicante, ES",1,812.88
"Vila Franca de Xira, PT","Ferno (VA), IT",7,1637.84
"Vila Franca de Xira, PT","Paris (Roissy-en-France, Val-d'Oise), FR",5,1455.31
"Vila Franca de Xira, PT","Stockholm, SE",3,2974.2100000000005
"Vila Franca de Xira, PT","Dublin, IE",10,1631.0499999999997
"Vila Franca de Xira, PT","Hamburg, DE",6,2175.86
"Vila Franca de Xira, PT","Porto, PT",2,264.62
"Vila Franca de Xira, PT","Balice, PL",1,2579.97
"Vila Franca de Xira, PT","Amsterdam, NL",19,1831.86
"Vila Franca de Xira, PT","Marignane, Bouches-du-Rhône, FR",5,1293.25
"Vila Franca de Xira, PT","Toulouse/Blagnac, FR",3,1015.41
"Vila Franca de Xira, PT","Copenhagen, DK",4,2457.28
"Vila Franca de Xira, PT","Budapest, HU",2,2457.51
"Vila Franca de Xira, PT","Berlin, DE",6,2288.6199999999994
"Vila Franca de Xira, PT","Funchal, PT",21,979.56
"Vila Franca de Xira, PT","Luxembourg, LU",6,1697.0200000000002
"Vila Franca de Xira, PT","Tarbes/Lourdes/Pyrénées, FR",1,894.23
"Vila Franca de Xira, PT","Lisbon, PT",8,14.58
"Vila Real, PT","Maia, PT",2,66.5
"Vilhelmina, SE","Łódź, PL",1,1437.26
"Villanova d'Albenga (SV), IT","Weßling, DE",1,509.95
"Vilnius, LT","Málaga, ES",2,3017.03
"Vilnius, LT","Rome, IT",2,1709.95
"Vilnius, LT","Hamburg, DE",2,1006.94
"Vilnius, LT","Berlin, DE",1,818.19
"Vilnius, LT","Larnaca, CY",1,2289.84
"Vilnius, LT","Nice, Alpes-Maritimes, FR",1,1783.89
"Visby, SE","Stockholm, SE",3,205.83
"Vodochody, CZ","Benešov, CZ",2,55.82
"Vysoké Mýto, CZ","Hradec Králové, CZ",1,43.53
"Warsaw, PL","Łódź, PL",1,118.96
"Warsaw, PL","Kamień Śląski, PL",1,272.97
"Weeze, DE","Zagreb, HR",3,962.32
"Weeze, DE","Paris, FR",1,394.12
"Weeze, DE","Melilla, ES",1,1954.28
"Weeze, DE","Göteborg, SE",1,779.3
"Weeze, DE","Dresden, DE",1,531.74
"Weeze, DE","Szymany, PL",2,1020.27
"Weeze, DE","Malmö, SE",1,647.19
"Werneuchen, DE","Berlin, DE",1,34.95
"Werneuchen, DE","Calden, DE",1,328.28
"Wevelgem, BE","Chambéry, FR",2,608.99
"Wevelgem, BE","Prouvy, FR",1,57.42
"Wevelgem, BE","Porto, PT",1,1401.89
"Wevelgem, BE","Zaventem, BE",1,89.95
"Wevelgem, BE","Paris (Roissy-en-France, Val-d'Oise), FR",1,206.65
"Wevelgem, BE","Grimbergen, BE",1,84.18
"Wevelgem, BE","Barcelona, ES",1,1062.33
"Weßling, DE","Mönchengladbach, DE",1,490.65
"Weßling, DE","Laage, DE",1,652.73
"Weßling, DE","Friedrichshafen, DE",2,139.77
"Weßling, DE","Caselle Torinese (TO), IT",1,423.62
"Weßling, DE","Mannheim, DE",1,255.14
"Weßling, DE","Pisa (PI), IT",1,493.8
"Weßling, DE","Bratislava, SK",1,440.11
"Weßling, DE","Büren, DE",1,436.62
"Weßling, DE","Memmingen, DE",1,78.38
"Weßling, DE","Burbach, DE",1,372.64
"Weßling, DE","Paris, FR",1,658.46
"Weßling, DE","Bolzano (BZ), IT",1,180.4
"Wiener Neustadt, AT","Vienna, AT",1,38.75
"Wiesbaden, DE","Nuremberg, DE",1,206.93
"Wiesbaden, DE","Poznań, PL",1,647.24
"Wiesbaden, DE","Stockholm, SE",1,1215.63
"Wiesbaden, DE","Grafenwöhr, DE",1,261.94
"Wilhelmshaven, DE","Landsberg, DE",1,346.75
"Wilhelmshaven, DE","Lelystad, NL",1,206.07
"Wilhelmshaven, DE","Bielefeld, DE",1,174.14
"Wilhelmshaven, DE","Helgoland, DE",1,76.48
"Wrocław, PL","Steenokkerzeel, BE",1,866.17
"Wrocław, PL","Marignane, Bouches-du-Rhône, FR",2,1222.74
"Wrocław, PL","Creil, FR",1,1041.47
"Wrocław, PL","Pescara, IT",2,985.84
"Wrocław, PL","Pisa (PI), IT",2,957.95
"Wurster Nordseeküste, DE","Pinnow, DE",1,191.8
"Wurster Nordseeküste, DE","Bremen, DE",1,80.62
"Zaragoza, ES","Oostende, BE",1,1101.34
"Zaragoza, ES","Jerez de la Frontera, ES",2,697.2
"Zaragoza, ES","Orio al Serio (BG), IT",2,971.42
"Zaragoza, ES","Charleroi, BE",2,1065.43
"Zaragoza, ES","Piešťany, SK",1,1663.75
"Zaragoza, ES","Frankfurt am Main (Lautzenhausen), DE",1,1121.85
"Zaragoza, ES","Biarritz, FR",1,204.24
"Zaventem, BE","Otopeni, RO",1,1754.94
"Zaventem, BE","Thessaloniki, GR",1,1833.11
"Zaventem, BE","Santiago de Compostela, ES",1,1320.53
"Zaventem, BE","Alava, ES",1,1045.32
"Zaventem, BE","Faro, PT",1,1832.34
"Zaventem, BE","Seville, ES",1,1708.83
"Zaventem, BE","Balice, PL",2,1084.32
"Zaventem, BE","Firenze (FI), IT",1,936.22
"Zaventem, BE","Dortmund, DE",1,228.4
"Zaventem, BE","Eindhoven, NL",2,87.02
"Zaventem, BE","Steenokkerzeel, BE",1,1.41
"Zell am See, AT","Friedrichshafen, DE",1,250.0
"Zgornji Brnik, SI","Segrate (MI), IT",1,410.53
"Zgornji Brnik, SI","Luxembourg, LU",2,720.96
"Zgornji Brnik, SI","Budapest, HU",1,381.37
"Zgornji Brnik, SI","Steenokkerzeel, BE",3,898.62
"Zweibrücken, DE","Weßling, DE",1,311.55
"Zweibrücken, DE","Palma de Mallorca, ES",1,1135.43
"Zweibrücken, DE","Toussus-le-Noble, Yvelines, FR",1,389.63
"Älmhult, SE","Ängelholm, SE",1,86.88
"Ängelholm, SE","Frankfurt am Main (Lautzenhausen), DE",1,797.79
"Ängelholm, SE","Antwerp, BE",2,790.3
"Örebro, SE","Schkeuditz, DE",1,885.42
"Örebro, SE","Sønderborg, DK",1,569.49
"Örebro, SE","Hannover, DE",1,822.26
"Örebro, SE","Eskilstuna, SE",2,95.91
"Ādaži, LV","Riga, LV",1,21.67
"Česká Lípa, CZ","Prague, CZ",1,72.04
"České Budějovice, CZ","Wiener Neustadt, AT",1,181.9
"České Budějovice, CZ","Sazená, CZ",1,153.55
"České Budějovice, CZ","Kuchyňa, SK",1,206.63
"Łódź, PL","Nowy Glinnik, PL",1,50.63
"Łódź, PL","Leźnica Wielka, PL",1,35.99
"Łódź, PL","Warsaw, PL",1,118.96
"Šiauliai, LT","Pisa (PI), IT",1,1641.71
"Šiauliai, LT","Otopeni, RO",1,1273.36
"Šiauliai, LT","Lesquin, FR",1,1467.89
"Aalborg, DK","Salzburg, AT",1,1055.85
"Agen, FR","Albi, FR",1,124.89
"Agen, FR","Augsburg, DE",1,923.11
"Aix en Provence, FR","Montpellier/Méditerranée, FR",1,113.38
"Aix en Provence, FR","Saint-Pons, Alpes-de-Haute-Provence, FR",1,139.6
"Aix en Provence, FR","Colombier-Saugnieu, Rhône, FR",1,247.79
"Ajaccio, FR","Barcelona, ES",1,563.23
"Albacete, ES","Giebelstadt, DE",1,1513.39
"Albert, FR","Paris, FR",1,113.59
"Albi, FR","Paris, FR",1,561.9
"Albi, FR","Agen, FR",1,124.89
"Alicante, ES","Cascais, PT",1,766.79
"Alicante, ES","Jasionka, PL",1,2214.96
"Alicante, ES","Cluj-Napoca, RO",1,2188.04
"Alicante, ES","Treviso (TV), IT",1,1332.4
"Alicante, ES","Nyköping, SE",1,2600.18
"Alicante, ES","Zagreb, HR",1,1585.84
"Alicante, ES","Grenoble, FR",1,925.63
"Allstedt, DE","Landsberg, DE",2,46.19
"Allstedt, DE","Gera, DE",1,73.42
"Almería, ES","Saint-Tropez, FR",1,1032.58
"Almería, ES","Zaragoza, ES",1,548.26
"Ammerbuch, DE","Friedrichshafen, DE",1,106.07
"Amsterdam, NL","Kittilä, FI",3,2022.67
"Amsterdam, NL","Trento (TN), IT",1,837.35
"Amsterdam, NL","Venezia (VE), IT",5,936.9100000000001
"Amsterdam, NL","Sigonella (CT), IT",2,1836.7
"Amsterdam, NL","Zaragoza, ES",1,1261.64
"Amsterdam, NL","Grenoble, FR",2,773.43
"Amsterdam, NL","Antwerp, BE",1,126.02
"Amsterdam, NL","Annecy, FR",1,715.97
"Amsterdam, NL","Grâce-Hollogne, BE",1,191.58
"Amsterdam, NL","Toruń, PL",1,931.33
"Amsterdam, NL","Chassieu, Lyon, FR",1,731.85
"Amsterdam, NL","Alajero, La Gomera Island, ES",1,3254.6
"Amsterdam, NL","Umeå, SE",1,1560.86
"Andrézieux-Bouthéon, Loire, FR","Clermont-Ferrand, FR",1,91.77
"Angers, FR","Paris, FR",1,256.31
"Angers, FR","Lesquin, FR",1,416.6
"Angoulême, FR","Bordeaux, FR",1,124.09
"Annecy, FR","Bordeaux, FR",1,545.91
"Annecy, FR","Lesquin, FR",1,561.26
"Annecy, FR","Steenokkerzeel, BE",1,566.77
"Annecy, FR","Venezia (VE), IT",1,487.63
"Annecy, FR","Grenoble, FR",1,86.82
"Annecy, FR","Mošnov, CZ",1,988.51
"Antwerp, BE","Amsterdam, NL",2,126.02
"Antwerp, BE","Kittilä, FI",1,2144.59
"Antwerp, BE","Friedrichshafen, DE",2,534.94
"Antwerp, BE","Charleroi, BE",2,81.03
"Antwerp, BE","Innsbruck, AT",2,663.35
"Antwerp, BE","Munich, DE",1,612.82
"Antwerp, BE","Colombier-Saugnieu, Rhône, FR",2,609.39
"Antwerp, BE","Greven, DE",1,245.91
"Antwerp, BE","Ibiza (Eivissa), ES",1,1390.7
"Antwerp, BE","Saint-Tropez, FR",2,900.83
"Antwerp, BE","Le Mans, Sarthe, FR",1,473.54
"Asiago (VI), IT","Segrate (MI), IT",1,180.77
"Asiago (VI), IT","Trento (TN), IT",1,33.85
"Asiago (VI), IT","Innsbruck, AT",1,153.35
"Astypalaia Island, GR","Spata-Artemida, GR",1,262.76
"Atting, DE","Augsburg, DE",1,127.85
"Augsburg, DE","Hannover, DE",1,457.34
"Augsburg, DE","Feldkirchen bei Graz, AT",1,373.02
"Bacău, RO","Dublin, IE",1,2467.54
"Bad Vöslau, AT","Feldkirchen bei Graz, AT",1,124.61
"Bad Vöslau, AT","Groningen, NL",1,891.19
"Badajoz, ES","Barcelona, ES",1,802.45
"Balice, PL","Napoli, IT",1,1107.43
"Balice, PL","Montichiari (BS), IT",1,874.57
"Balice, PL","Steenokkerzeel, BE",1,1083.83
"Balice, PL","Sigonella (CT), IT",2,1461.82
"Balice, PL","Constanța, RO",1,913.18
"Barby, FR","Les Allues, FR",2,49.93
"Barby, FR","Chassieu, Lyon, FR",2,82.32
"Barby, FR","Málaga, ES",1,1319.2
"Barby, FR","Saint-Bon, FR",1,54.52
"Barby, FR","Nice, Alpes-Maritimes, FR",1,233.23
"Barby, FR","Tallard, Hautes-Alpes, FR",1,123.09
"Barby, FR","Chambéry, FR",2,11.34
"Barby, FR","Toussus-le-Noble, Yvelines, FR",1,459.75
"Barby, FR","Lanas, Ardèche, FR",1,169.25
"Barcelona, ES","Cluj-Napoca, RO",1,1824.69
"Barcelona, ES","Ranón, ES",1,711.58
"Barcelona, ES","Grenoble, FR",2,522.89
"Barcelona, ES","Sta Cruz de la Palma, La Palma Island, ES",1,2282.13
"Barcelona, ES","Venezia (VE), IT",13,951.75
"Barcelona, ES","Sigonella (CT), IT",1,1184.84
"Barcelona, ES","Thessaloniki, GR",1,1753.55
"Barcelona, ES","Cannes, FR",2,471.98
"Barcelona, ES","Badajoz, ES",1,802.45
"Barcelona, ES","Wevelgem, BE",1,1062.33
"Barcelona, ES","Velika Gorica, HR",1,1229.44
"Beauvais, FR","Sigonella (CT), IT",1,1688.04
"Beauvais, FR","Velika Gorica, HR",1,1122.78
"Beauvais, FR","Bucharest, RO",1,1892.2
"Berlin, DE","Sigonella (CT), IT",1,1667.15
"Berlin, DE","Cascais, PT",1,2320.51
"Berlin, DE","Mönchengladbach, DE",1,497.2
"Berlin, DE","Venezia (VE), IT",2,766.99
"Berlin, DE","Napoli, IT",2,1277.44
"Berlin, DE","Sta Cruz de la Palma, La Palma Island, ES",1,3681.87
"Berlin, DE","Montichiari (BS), IT",1,804.8
"Berlin, DE","Treviso (TV), IT",1,752.53
"Berlin, DE","Greven, DE",1,396.5
"Berlin, DE","Velika Gorica, HR",1,759.24
"Berlin, DE","Charleroi, BE",1,661.24
"Biarritz, FR","Steenokkerzeel, BE",1,943.64
"Biarritz, FR","Zaragoza, ES",1,204.24
"Biarritz, FR","Bacău, RO",1,2248.95
"Billund, DK","Salzburg, AT",2,922.11
"Billund, DK","Innsbruck, AT",2,954.9
"Billund, DK","Trento (TN), IT",1,1089.15
"Billund, DK","Valletta, MT",1,2248.87
"Billund, DK","Colombier-Saugnieu, Rhône, FR",1,1149.23
"Billund, DK","Orio al Serio (BG), IT",1,1120.51
"Bologna, IT","Cluj-Napoca, RO",2,994.22
"Bologna, IT","Ravenna (RA), IT",2,76.72
"Bologna, IT","Caselle Torinese (TO), IT",2,296.15
"Bologna, IT","Firenze (FI), IT",1,81.11
"Bologna, IT","Forlì (FC), IT",1,72.75
"Bologna, IT","Loreo (RO), IT",1,92.14
"Bologna, IT","Faro, PT",1,1818.34
"Bolzano (BZ), IT","Salzburg, AT",2,195.24
"Bolzano (BZ), IT","Forlì (FC), IT",1,258.42
"Bolzano (BZ), IT","Bologna, IT",1,213.94
"Bolzano (BZ), IT","Rome, IT",1,525.24
"Bolzano (BZ), IT","Otopeni, RO",1,1168.54
"Bolzano (BZ), IT","Venegono Superiore (VA), IT",1,204.17
"Bolzano (BZ), IT","Grenoble, FR",1,479.56
"Bolzano (BZ), IT","Ferno (VA), IT",1,220.66
"Bolzano (BZ), IT","Segrate (MI), IT",2,194.46
"Bolzano (BZ), IT","Budapest, HU",1,602.03
"Bolzano (BZ), IT","Rotterdam, NL",1,789.31
"Bolzano (BZ), IT","Copenhagen, DK",1,1022.58
"Bolzano (BZ), IT","Prague, CZ",1,461.68
"Boos, FR","Figari, FR",1,1071.05
"Bordeaux, FR","Ibiza (Eivissa), ES",1,684.4
"Bordeaux, FR","Toulouse/Blagnac, FR",1,212.67
"Bordeaux, FR","Venezia (VE), IT",2,1026.06
"Bordeaux, FR","Chambéry, FR",1,524.1
"Bratislava, SK","Memmingen, DE",1,518.35
"Bratislava, SK","Venezia (VE), IT",1,473.67
"Bratislava, SK","Hlboké, SK",1,54.91
"Bratislava, SK","Nowa Wieś, PL",1,412.11
"Bratislava, SK","Piešťany, SK",1,68.01
"Braunschweig, DE","Augsburg, DE",1,433.8
"Braunschweig, DE","Köln (Cologne), DE",2,285.81
"Bremen, DE","Greven, DE",1,125.84
"Bresso (MI), IT","Trento (TN), IT",2,158.44
"Bresso (MI), IT","Reggio Emilia (RE), IT",1,148.2
"Bresso (MI), IT","Orio al Serio (BG), IT",1,41.9
"Bresso (MI), IT","San Damiano (PC), IT",1,80.74
"Bresso (MI), IT","Ferno (VA), IT",1,38.2
"Bresso (MI), IT","Venegono Superiore (VA), IT",1,33.08
"Bresso (MI), IT","Falconara Marittima (AN), IT",1,392.84
"Bresso (MI), IT","Ravenna (RA), IT",1,271.47
"Bresso (MI), IT","Bolzano (BZ), IT",1,193.2
"Brest, FR","Hyères, Var, FR",1,1011.11
"Brno, CZ","Svatobořice, CZ",1,36.71
"Bucharest, RO","Napoli, IT",2,1044.54
"Bucharest, RO","Nantes, FR",1,2155.87
"Bucharest, RO","Girona, ES",1,1907.1
"Bucharest, RO","Ferno (VA), IT",1,1367.57
"Bucharest, RO","Hamburg, DE",1,1546.67
"Budapest, HU","Nannhausen, DE",1,896.1
"Budapest, HU","Treviso (TV), IT",2,567.38
"Budapest, HU","Sigonella (CT), IT",2,1173.06
"Budapest, HU","Cannes, FR",1,1042.7
"Budapest, HU","Câmpia Turzii, RO",1,377.76
"Budapest, HU","Calden, DE",1,826.72
"Budapest, HU","Avignon, FR",1,1171.79
"Burbach, DE","Fano (PU), IT",1,850.99
"Burg bei Magdeburg, DE","Brandenburg an der Havel, DE",1,54.4
"Burgos, ES","Fano (PU), IT",1,1359.2
"Bydgoszcz, PL","Innsbruck, AT",1,801.98
"Bydgoszcz, PL","Alicante, ES",1,2174.55
"Büren, DE","Friedrichshafen, DE",1,442.94
"Caen, FR","Annecy, FR",1,609.81
"Cahors, FR","Montauban, FR",1,37.04
"Cahors, FR","Barby, FR",1,378.75
"Calden, DE","Nuremberg, DE",1,244.56
"Campo di Pietra (TV), IT","Codroipo (UD), IT",1,50.04
"Campo di Pietra (TV), IT","Thiene (VI), IT",1,81.35
"Campo di Pietra (TV), IT","Belluno (BL), IT",1,56.68
"Campoformido (UD), IT","Campo di Pietra (TV), IT",1,61.72
"Cannes, FR","Barby, FR",1,236.91
"Capannori (LU), IT","Parma (PR), IT",1,113.47
"Carpi (MO), IT","Sečovlje, SI",1,226.64
"Cascais, PT","Ponte de Sor, PT",2,124.53
"Cascais, PT","Palma de Mallorca, ES",2,1046.3
"Cascais, PT","Málaga, ES",3,484.16
"Cascais, PT","Alajero, La Gomera Island, ES",1,1393.96
"Cascais, PT","Zgornji Brnik, SI",1,2113.09
"Cascais, PT","Chambéry, FR",1,1468.34
"Cascina Moncucco (TO), IT","Levaldigi (CN), IT",1,91.65
"Caselle (VR), IT","Riga, LV",1,1572.52
"Caselle (VR), IT","Copenhagen, DK",2,1143.5
"Caselle (VR), IT","Sigonella (CT), IT",5,950.07
"Caselle (VR), IT","Cork, IE",1,1587.95
"Caselle (VR), IT","Asiago (VI), IT",1,73.29
"Caselle (VR), IT","Olbia (SS), IT",1,512.1
"Caselle Torinese (TO), IT","Bologna, IT",1,296.15
"Caselle Torinese (TO), IT","Venezia (VE), IT",1,368.94
"Caselle Torinese (TO), IT","Sigonella (CT), IT",7,1057.86
"Caselle Torinese (TO), IT","Torino (TO), IT",1,13.44
"Caselle Torinese (TO), IT","Helsinki (Vantaa), FI",2,2031.66
"Caselle Torinese (TO), IT","Göteborg, SE",2,1424.54
"Caselle Torinese (TO), IT","Shannon, IE",1,1464.35
"Caselle Torinese (TO), IT","Faro, PT",1,1589.62
"Caselle Torinese (TO), IT","Falconara Marittima (AN), IT",1,486.65
"Catania, IT","Luxembourg, LU",1,1526.41
"Catania, IT","Ferno (VA), IT",2,1049.07
"Catania, IT","Valletta, MT",1,187.38
"Catania, IT","Pantelleria (TP), IT",1,283.9
"Catania, IT","Orio al Serio (BG), IT",2,1014.57
"Catania, IT","Paris (Orly, Val-de-Marne), FR",1,1616.61
"Catania, IT","Caselle Torinese (TO), IT",1,1058.71
"Catania, IT","Montichiari (BS), IT",1,968.9
"Catania, IT","Capannoli (PI), IT",1,774.52
"Cervia (RA), IT","Forlì (FC), IT",1,19.18
"Cervia (RA), IT","Bologna, IT",1,88.03
"Chabeuil, Drôme, FR","Toulouse/Blagnac, FR",1,321.02
"Chambéry, FR","Otopeni, RO",1,1587.34
"Chambéry, FR","Faro, PT",1,1498.56
"Chambéry, FR","Mošnov, CZ",1,1019.36
"Chambéry, FR","Grâce-Hollogne, BE",1,556.97
"Chambéry, FR","Parma (PR), IT",1,357.4
"Chambéry, FR","Barcelona, ES",2,571.79
"Chambéry, FR","Luxembourg, LU",1,444.22
"Chambéry, FR","Le Versoud, Isère, FR",1,46.77
"Chambéry, FR","Cahors, FR",1,374.7
"Chambéry, FR","Barby, FR",1,11.34
"Chambéry, FR","Antwerp, BE",1,626.18
"Charleroi, BE","Treviso (TV), IT",2,784.72
"Charleroi, BE","Barby, FR",1,556.47
"Charleroi, BE","Nowogródek Pomorski, PL",1,777.95
"Charleroi, BE","Velika Gorica, HR",2,1007.52
"Charleroi, BE","Köln (Cologne), DE",1,194.37
"Charleroi, BE","Sigonella (CT), IT",2,1672.87
"Charleroi, BE","Biarritz, FR",1,899.79
"Charleroi, BE","Wevelgem, BE",2,96.67
"Charleroi, BE","Ranón, ES",1,1103.21
"Charleroi, BE","Cluj-Napoca, RO",1,1466.31
"Charleroi, BE","Chambéry, FR",1,546.66
"Charleroi, BE","Grâce-Hollogne, BE",1,72.27
"Chaspuzac, Haute-Loire, FR","Paris, FR",1,443.15
"Chassieu, Lyon, FR","Dublin, IE",1,1174.63
"Chassieu, Lyon, FR","Málaga, ES",1,1277.73
"Chassieu, Lyon, FR","Amsterdam, NL",1,731.85
"Chassieu, Lyon, FR","Saint-Tropez, FR",1,305.88
"Chassieu, Lyon, FR","Les Allues, FR",1,132.06
"Chassieu, Lyon, FR","Lesquin, FR",1,555.06
"Chassieu, Lyon, FR","Barby, FR",1,82.32
"Chassieu, Lyon, FR","Montpellier/Méditerranée, FR",1,251.53
"Chassieu, Lyon, FR","Kiel, DE",1,1030.5
"Chassieu, Lyon, FR","Saint-Jacques-de-la-Lande, Ille-et-Vilaine, FR",1,570.07
"Chassieu, Lyon, FR","Shannon, IE",1,1267.67
"Città di Castello (PG), IT","Bologna, IT",1,150.88
"Clermont-Ferrand, FR","Saint-Tropez, FR",1,389.07
"Cluj-Napoca, RO","Charleroi, BE",1,1466.31
"Cluj-Napoca, RO","Munich, DE",1,908.61
"Codroipo (UD), IT","Campo di Pietra (TV), IT",1,50.04
"Colmar, FR","Lahr/Schwarzwald, DE",1,45.13
"Colombier-Saugnieu, Rhône, FR","Stockholm, SE",1,1753.32
"Colombier-Saugnieu, Rhône, FR","Riga, LV",1,1802.13
"Colombier-Saugnieu, Rhône, FR","Leixlip, IE",1,1187.69
"Colombier-Saugnieu, Rhône, FR","Rome, IT",1,732.46
"Colombier-Saugnieu, Rhône, FR","Zaragoza, ES",1,668.06
"Colombier-Saugnieu, Rhône, FR","Billund, DK",1,1149.23
"Colombier-Saugnieu, Rhône, FR","Cascais, PT",1,1418.2
"Colombier-Saugnieu, Rhône, FR","Grenoble, FR",2,44.47
"Colombier-Saugnieu, Rhône, FR","Napoli, IT",1,917.68
"Colombier-Saugnieu, Rhône, FR","Palma de Mallorca, ES",1,712.89
"Colombier-Saugnieu, Rhône, FR","Annecy, FR",1,81.34
"Colombier-Saugnieu, Rhône, FR","Saint-Bon, FR",1,125.69
"Comiso, IT","Sigonella (CT), IT",2,52.99
"Copenhagen, DK","Innsbruck, AT",6,933.73
"Copenhagen, DK","Venezia (VE), IT",3,1124.67
"Copenhagen, DK","Trento (TN), IT",2,1072.2
"Copenhagen, DK","Seville, ES",1,2454.96
"Copenhagen, DK","Skellefteå, SE",1,1102.64
"Copenhagen, DK","Valletta, MT",1,2202.96
"Copenhagen, DK","Larnaca, CY",1,2807.03
"Copenhagen, DK","Malmö, SE",1,46.19
"Copenhagen, DK","Vila Baleira, PT",1,3358.7
"Cork, IE","Salzburg, AT",1,1599.86
"Cork, IE","Munich, DE",1,1492.0
"Cork, IE","Caselle (VR), IT",1,1587.95
"Cork, IE","Bantry, IE",1,70.94
"Deauville, FR","Paris (Orly, Val-de-Marne), FR",1,177.17
"Den Helder, NL","Esbjerg, DK",1,379.22
"Dessau-Roßlau, DE","Landsberg, DE",3,32.36
"Dole, FR","Toussus-le-Noble, Yvelines, FR",1,312.36
"Dortmund, DE","Babięta, PL",1,950.41
"Dortmund, DE","Vienna, AT",1,745.35
"Dortmund, DE","Venezia (VE), IT",1,753.9
"Dortmund, DE","Amsterdam, NL",1,214.2
"Dresden, DE","Zwickau, DE",1,103.9
"Dresden, DE","Pirna, DE",1,19.79
"Dresden, DE","Großrückerswalde, DE",1,70.66
"Dresden, DE","Trento (TN), IT",1,600.53
"Dresden, DE","Luxembourg, LU",1,561.06
"Dresden, DE","Katowice, PL",1,380.35
"Dublin, IE","Venezia (VE), IT",2,1600.52
"Dublin, IE","Steenokkerzeel, BE",3,783.89
"Dublin, IE","Salzburg, AT",7,1490.75
"Dublin, IE","Mönchengladbach, DE",1,899.92
"Dublin, IE","Cork, IE",1,231.89
"Dublin, IE","Montichiari (BS), IT",1,1487.79
"Dublin, IE","Grenoble, FR",2,1225.07
"Dublin, IE","Cannes, FR",1,1463.62
"Dublin, IE","Velika Gorica, HR",1,1811.86
"Dublin, IE","Friedrichshafen, DE",1,1281.22
"Dublin, IE","Nowa Wieś, PL",1,1969.19
"Dublin, IE","Nuremberg, DE",1,1274.36
"Düsseldorf, DE","Kittilä, FI",1,2072.77
"Düsseldorf, DE","Chassieu, Lyon, FR",1,632.77
"Düsseldorf, DE","Kiruna, SE",1,1980.54
"Düsseldorf, DE","Venezia (VE), IT",1,763.5
"Düsseldorf, DE","Montichiari (BS), IT",1,702.64
"Düsseldorf, DE","Grenoble, FR",1,667.49
"Egelsbach, DE","Landshut, DE",1,294.18
"Egelsbach, DE","Trebbin, DE",1,402.15
"Eindhoven, NL","Amsterdam, NL",1,104.26
"Eindhoven, NL","Treviso (TV), IT",1,816.68
"Eindhoven, NL","Turku, FI",1,1447.97
"Elefsina, GR","Nice, Alpes-Maritimes, FR",1,1504.96
"Elefsina, GR","Zakynthos, GR",1,236.96
"Elefsina, GR","Kos Island, GR",1,342.55
"Elefsina, GR","Steenokkerzeel, BE",1,2069.02
"Emden, DE","Helgoland, DE",3,99.21
"Enschede, NL","Stadtlohn, DE",1,31.31
"Erfurt, DE","Palma de Mallorca, ES",1,1422.14
"Erfurt, DE","Giebelstadt, DE",1,163.9
"Esbjerg, DK","Den Helder, NL",1,379.22
"Eskilstuna, SE","Nyköping, SE",1,63.5
"Essen, DE","Mönchengladbach, DE",1,35.65
"Falconara Marittima (AN), IT","Rome, IT",1,215.86
"Falconara Marittima (AN), IT","Paris (Orly, Val-de-Marne), FR",1,1017.15
"Falconara Marittima (AN), IT","Caselle Torinese (TO), IT",1,486.65
"Falconara Marittima (AN), IT","Munich, DE",1,540.65
"Falconara Marittima (AN), IT","Bresso (MI), IT",1,392.84
"Fano (PU), IT","Pescara, IT",1,181.13
"Fano (PU), IT","Burgos, ES",1,1359.2
"Fano (PU), IT","Bolzano (BZ), IT",1,321.9
"Faro, PT","Alicante, ES",1,667.44
"Faro, PT","Funchal, PT",1,935.23
"Faro, PT","Göteborg, SE",1,2729.95
"Faro, PT","Steenokkerzeel, BE",1,1833.68
"Faro, PT","Wevelgem, BE",1,1772.49
"Faro, PT","Limerick, IE",2,1741.15
"Faro, PT","Seville, ES",1,189.34
"Faro, PT","Barcelona, ES",1,987.73
"Faro, PT","Palma de Mallorca, ES",1,975.67
"Fauville, Eure, FR","Lübeck, DE",1,844.99
"Faßberg, DE","Hannover, DE",1,61.12
"Feldkirchen bei Graz, AT","Dresden, DE",1,476.48
"Feldkirchen bei Graz, AT","Augsburg, DE",1,373.02
"Feldkirchen bei Graz, AT","Bad Vöslau, AT",1,124.61
"Feldkirchen bei Graz, AT","Larnaca, CY",1,2027.79
"Ferno (VA), IT","Nice, Alpes-Maritimes, FR",1,249.8
"Ferno (VA), IT","Thessaloniki, GR",1,1286.36
"Ferno (VA), IT","Segrate (MI), IT",2,47.45
"Ferno (VA), IT","Caselle Torinese (TO), IT",1,96.8
"Ferno (VA), IT","Bucharest, RO",1,1367.57
"Ferno (VA), IT","Shannon, IE",1,1499.21
"Ferno (VA), IT","Bresso (MI), IT",1,38.2
"Ferno (VA), IT","Olbia (SS), IT",1,530.0
"Ferno (VA), IT","Montichiari (BS), IT",2,126.82
"Ferno (VA), IT","Wrocław, PL",1,855.3
"Ferno (VA), IT","Billund, DK",1,1124.55
"Ferno (VA), IT","Comiso, IT",1,1077.73
"Figari, FR","Schkeuditz, DE",1,1128.49
"Firenze (FI), IT","Caselle Torinese (TO), IT",1,321.46
"Firenze (FI), IT","San Damiano (PC), IT",1,170.21
"Firenze (FI), IT","Paris, FR",2,882.47
"Firenze (FI), IT","Soboli, HR",1,314.33
"Firenze (FI), IT","Bologna, IT",1,81.11
"Firenze (FI), IT","Toulouse/Blagnac, FR",1,790.5
"Firenze (FI), IT","Steenokkerzeel, BE",2,937.05
"Firenze (FI), IT","Grâce-Hollogne, BE",1,874.54
"Firenze (FI), IT","Sigonella (CT), IT",1,778.32
"Flensburg, DE","Sylt, DE",1,68.28
"Foggia (FG), IT","Pescara, IT",1,157.48
"Foligno (PG), IT","Caselle (VR), IT",1,310.06
"Foligno (PG), IT","Città di Castello (PG), IT",1,61.74
"Forlì (FC), IT","Ravenna (RA), IT",1,22.52
"Forlì (FC), IT","Rome, IT",1,267.65
"Forlì (FC), IT","Falconara Marittima (AN), IT",1,121.88
"Frankfurt am Main, DE","Ibiza (Eivissa), ES",1,1363.56
"Frankfurt am Main, DE","Venezia (VE), IT",8,577.01
"Frankfurt am Main, DE","Palermo, IT",1,1371.46
"Frankfurt am Main, DE","Trento (TN), IT",2,484.28
"Frankfurt am Main, DE","Sta Cruz de la Palma, La Palma Island, ES",2,3250.8
"Frankfurt am Main, DE","Cannes, FR",1,730.62
"Frankfurt am Main, DE","Grenoble, FR",1,572.0
"Frankfurt am Main (Lautzenhausen), DE","Zaragoza, ES",1,1121.85
"Frankfurt am Main (Lautzenhausen), DE","Vilnius, LT",1,1327.29
"Frankfurt am Main (Lautzenhausen), DE","Luxembourg, LU",1,83.31
"Frankfurt am Main (Lautzenhausen), DE","Weeze, DE",1,200.18
"Frankfurt am Main (Lautzenhausen), DE","Sigonella (CT), IT",1,1522.96
"Frankfurt am Main (Lautzenhausen), DE","Velika Gorica, HR",1,805.65
"Freiburg im Breisgau, DE","Les Allues, FR",1,306.13
"Freiburg im Breisgau, DE","Hohenems, AT",1,156.72
"Friedrichshafen, DE","Grenoble, FR",1,410.13
"Friedrichshafen, DE","Innsbruck, AT",1,145.13
"Friedrichshafen, DE","Montpellier/Méditerranée, FR",1,627.0
"Friedrichshafen, DE","Bratislava, SK",1,576.31
"Friedrichshafen, DE","Copenhagen, DK",1,909.63
"Friedrichshafen, DE","Vienna, AT",1,528.34
"Friedrichshafen, DE","Weert, NL",1,488.39
"Friedrichshafen, DE","Budapest, HU",2,720.47
"Friedrichshafen, DE","Marignane, Bouches-du-Rhône, FR",1,577.39
"Friedrichshafen, DE","Växjö, SE",1,1088.04
"Friedrichshafen, DE","Schkeuditz, DE",1,460.74
"Friedrichshafen, DE","Augsburg, DE",1,134.81
"Friedrichshafen, DE","Bologna, IT",1,374.62
"Frosinone, IT","Rome, IT",1,74.25
"Funchal, PT","Stockholm, SE",2,3920.58
"Funchal, PT","Steenokkerzeel, BE",1,2665.33
"Funchal, PT","Nantes, FR",1,2055.24
"Funchal, PT","Nuremberg, DE",1,2960.0
"Funchal, PT","Poznań, PL",1,3466.44
"Funchal, PT","Tallinn, EE",1,4254.21
"Fürstenfeld, AT","Pinkafeld, AT",1,36.18
"Gdańsk, PL","Caselle (VR), IT",1,1135.37
"Genk, BE","Salzburg, AT",1,648.45
"Genk, BE","Mönchengladbach, DE",1,72.32
"Genova (GE), IT","Sigonella (CT), IT",2,931.5
"Genova (GE), IT","Napoli, IT",1,593.39
"Giebelstadt, DE","Düsseldorf, DE",1,290.81
"Giebelstadt, DE","Bologna, IT",1,577.22
"Gorizia (GO), IT","Soboli, HR",1,91.56
"Graulhet/Montdragon, FR","Béziers, FR",1,119.14
"Grenoble, FR","Charleroi, BE",1,570.67
"Grenoble, FR","Vilnius, LT",2,1749.86
"Grenoble, FR","Paris, FR",2,456.01
"Grenoble, FR","Billund, DK",1,1184.72
"Grenoble, FR","Dublin, IE",5,1225.07
"Grenoble, FR","Montpellier/Méditerranée, FR",1,226.32
"Grenoble, FR","Segrate (MI), IT",3,308.28
"Grenoble, FR","Seville, ES",1,1284.91
"Grenoble, FR","Lisbon, PT",1,1397.26
"Grenoble, FR","Paris (Roissy-en-France, Val-d'Oise), FR",1,456.38
"Grenoble, FR","Barby, FR",1,55.02
"Grenoble, FR","Marignane, Bouches-du-Rhône, FR",1,214.23
"Grenoble, FR","Berlin, DE",1,980.08
"Grenoble, FR","Le Mans, Sarthe, FR",1,485.44
"Greven, DE","Hamburg, DE",1,219.62
"Greven, DE","Grenoble, FR",2,772.39
"Greven, DE","Salzburg, AT",2,614.08
"Greven, DE","Antwerp, BE",1,245.91
"Groningen, NL","Innsbruck, AT",1,734.16
"Groningen, NL","Friedrichshafen, DE",1,640.33
"Grâce-Hollogne, BE","Charleroi, BE",1,72.27
"Grâce-Hollogne, BE","Greven, DE",1,227.8
"Grâce-Hollogne, BE","Annecy, FR",1,525.92
"Göteborg, SE","Trento (TN), IT",1,1302.07
"Göteborg, SE","Nuremberg, DE",1,916.37
"Göteborg, SE","Caselle Torinese (TO), IT",1,1424.54
"Göteborg, SE","Faro, PT",1,2729.95
"Göteborg, SE","Antwerp, BE",2,875.78
"Göteborg, SE","Malmö, SE",1,255.46
"Hamburg, DE","Treviso (TV), IT",1,897.34
"Hamburg, DE","Wolfsberg, AT",1,829.03
"Hamburg, DE","Segrate (MI), IT",1,906.03
"Hamburg, DE","Laage, DE",1,159.99
"Hamburg, DE","Sta Cruz de la Palma, La Palma Island, ES",2,3570.26
"Hamburg, DE","Wilhelmshaven, DE",1,123.2
"Hamburg, DE","Cascais, PT",1,2206.48
"Hamburg, DE","Göteborg, SE",1,479.44
"Hamburg, DE","Varna, BG",1,1744.18
"Hamburg, DE","Trebbin, DE",1,266.32
"Hamburg, DE","Thessaloniki, GR",1,1751.44
"Hamburg, DE","Porto, PT",1,1947.98
"Hamburg, DE","Spata-Artemida, GR",2,2044.05
"Hamburg, DE","Venezia (VE), IT",1,915.13
"Hannover, DE","Weßling, DE",1,500.03
"Hannover, DE","Alicante, ES",1,1764.01
"Hannover, DE","Faßberg, DE",1,61.12
"Hannover, DE","Augsburg, DE",1,457.34
"Hannover, DE","Sylt, DE",1,286.66
"Hannover, DE","Rotterdam, NL",1,361.87
"Hannover, DE","Málaga, ES",1,2075.87
"Helgoland, DE","Norddeich, DE",1,77.65
"Helsinki (Vantaa), FI","Venezia (VE), IT",1,1844.29
"Helsinki (Vantaa), FI","Kiruna, SE",1,863.57
"Helsinki (Vantaa), FI","Innsbruck, AT",2,1698.04
"Helsinki (Vantaa), FI","Salzburg, AT",1,1590.98
"Helsinki (Vantaa), FI","Alajero, La Gomera Island, ES",1,4773.6
"Helsinki (Vantaa), FI","Bratislava, SK",1,1439.3
"Helsinki (Vantaa), FI","Steenokkerzeel, BE",2,1645.29
"Helsinki (Vantaa), FI","Stuttgart, DE",1,1635.87
"Helsinki (Vantaa), FI","Nowy Dwór Mazowiecki, PL",1,913.69
"Hof, DE","Trebbin, DE",1,231.65
"Hof, DE","Marignane, Bouches-du-Rhône, FR",1,913.03
"Hof, DE","Dortmund, DE",1,327.23
"Hondarribia, ES","Barcelona, ES",1,391.86
"Hradec Králové, CZ","Trento (TN), IT",1,586.17
"Hranice, CZ","Olomouc, CZ",1,36.01
"Husum, DE","Leck, DE",1,33.2
"Hyères, Var, FR","Amsterdam, NL",1,1029.41
"Hyères, Var, FR","Brest, FR",1,1011.11
"Ibiza (Eivissa), ES","Frankfurt am Main, DE",1,1363.56
"Ibiza (Eivissa), ES","Santiago de Compostela, ES",1,935.76
"Ibiza (Eivissa), ES","Maastricht, NL",1,1382.01
"Ibiza (Eivissa), ES","Steenokkerzeel, BE",1,1360.86
"Innsbruck, AT","Billund, DK",2,954.9
"Innsbruck, AT","Copenhagen, DK",8,933.73
"Innsbruck, AT","Stockholm, SE",4,1427.96
"Innsbruck, AT","Dublin, IE",1,1419.85
"Innsbruck, AT","Greven, DE",1,602.14
"Innsbruck, AT","Funchal, PT",1,2866.66
"Innsbruck, AT","Bydgoszcz, PL",1,801.98
"Innsbruck, AT","Helsinki (Vantaa), FI",3,1698.04
"Innsbruck, AT","Grâce-Hollogne, BE",1,571.31
"Innsbruck, AT","Bucharest, RO",1,1180.85
"Innsbruck, AT","Antwerp, BE",1,663.35
"Innsbruck, AT","Treviso (TV), IT",1,190.69
"Innsbruck, AT","Riga, LV",1,1378.23
"Innsbruck, AT","Arvidsjaur, SE",1,2091.97
"Innsbruck, AT","Mönchengladbach, DE",1,563.92
"Innsbruck, AT","Trento (TN), IT",1,138.55
"Innsbruck, AT","Zell am See, AT",1,109.19
"Innsbruck, AT","Asiago (VI), IT",1,153.35
"Isola di Capo Rizzuto (KR), IT","Orio al Serio (BG), IT",1,957.02
"Isola di Capo Rizzuto (KR), IT","Bologna, IT",1,780.55
"Jasionka, PL","Larnaca, CY",1,1937.57
"Jasionka, PL","Wola Korzeniecka, PL",1,61.34
"Jasionka, PL","Istres, Bouches-du-Rhône, FR",1,1488.23
"Jasionka, PL","Perugia (PG), IT",1,1064.28
"Jasionka, PL","Dublin, IE",2,1967.45
"Jerez de la Frontera, ES","Toulouse/Blagnac, FR",1,990.96
"Jönköping, SE","Malmö, SE",1,250.67
"Kalymnos Island, GR","Spata-Artemida, GR",1,285.74
"Karlovy Vary, CZ","Trento (TN), IT",1,483.34
"Karup, DK","Enontekio, FI",1,1523.29
"Katowice, PL","Segrate (MI), IT",1,918.44
"Katowice, PL","Levaldigi (CN), IT",1,1082.0
"Katowice, PL","Napoli, IT",1,1128.81
"Katowice, PL","Bologna, IT",2,881.6
"Katowice, PL","Helsinki (Vantaa), FI",1,1154.63
"Katowice, PL","Brno, CZ",1,225.87
"Katowice, PL","Otopeni, RO",1,841.28
"Katowice, PL","Sigonella (CT), IT",2,1490.82
"Katowice, PL","Sta Cruz de la Palma, La Palma Island, ES",1,3919.65
"Kecskemét, HU","Steenokkerzeel, BE",1,1197.47
"Kecskemét, HU","Berlin, DE",1,753.61
"Kecskemét, HU","Rome, IT",1,813.43
"Kirchheim im Innkreis, AT","Suben, AT",1,22.56
"Kittilä, FI","Steenokkerzeel, BE",1,2172.1
"Kittilä, FI","Zaventem, BE",1,2173.51
"Klagenfurt am Wörthersee, AT","Hamburg, DE",1,833.36
"Klagenfurt am Wörthersee, AT","Faro, PT",1,2125.01
"Kos Island, GR","Palermo, IT",1,1233.72
"Košice, SK","Dublin, IE",1,1980.55
"Krnov, CZ","Mošnov, CZ",1,51.53
"Kubschütz, DE","Hörselberg-Hainich, DE",1,283.0
"Köln (Cologne), DE","Düsseldorf, DE",1,53.93
"Köln (Cologne), DE","Tenerife, ES",2,3197.18
"Köln (Cologne), DE","Thessaloniki, GR",1,1677.15
"Köln (Cologne), DE","Trebbin, DE",1,441.82
"Köln (Cologne), DE","Akrotiri, CY",1,2754.93
"Köln (Cologne), DE","Sønderborg, DK",1,489.03
"Köln (Cologne), DE","Augsburg, DE",1,384.7
"La Virgen Del Camino, ES","Burgos, ES",1,168.71
"Laage, DE","Vienna, AT",1,711.86
"Laage, DE","Munich, DE",1,619.68
"Lahr/Schwarzwald, DE","Saarbrücken, DE",1,107.92
"Lamezia Terme (CZ), IT","Venezia (VE), IT",3,800.56
"Lamezia Terme (CZ), IT","Napoli, IT",1,276.18
"Lamezia Terme (CZ), IT","Isola di Capo Rizzuto (KR), IT",1,72.84
"Landsberg, DE","Dessau-Roßlau, DE",3,32.36
"Lannion, FR","Saint-Nazaire/Montoir, FR",1,188.05
"Larnaca, CY","Venezia (VE), IT",2,2148.76
"Larnaca, CY","Montpellier/Méditerranée, FR",1,2714.32
"Larnaca, CY","Chambéry, FR",1,2622.65
"Larnaca, CY","Köln (Cologne), DE",1,2769.78
"Larnaca, CY","Salzburg, AT",1,2229.72
"Larnaca, CY","Friedrichshafen, DE",2,2450.14
"Larnaca, CY","Copenhagen, DK",1,2807.03
"Larnaca, CY","Lisbon, PT",1,3796.02
"Larnaca, CY","Trento (TN), IT",1,2259.48
"Larnaca, CY","Dortmund, DE",1,2778.62
"Larnaca, CY","Düsseldorf, DE",1,2815.99
"Larnaca, CY","Bologna, IT",1,2181.6
"Larnaca, CY","Paris, FR",1,2987.21
"Laval, Mayenne, FR","Charleroi, BE",1,464.22
"Laval, Mayenne, FR","Alicante, ES",1,1084.26
"Le Castellet, Var, FR","Orio al Serio (BG), IT",1,411.23
"Le Versoud, Isère, FR","Segrate (MI), IT",1,269.17
"Le Versoud, Isère, FR","Tallard, Hautes-Alpes, FR",1,86.15
"Le Versoud, Isère, FR","Annecy, FR",1,81.42
"Leck, DE","Husum, DE",1,33.2
"Lelystad, NL","Paris, FR",1,444.49
"Les Allues, FR","Nice, Alpes-Maritimes, FR",1,200.96
"Les Allues, FR","Luxembourg, LU",1,469.97
"Les Allues, FR","Antwerp, BE",2,661.73
"Lesquin, FR","Venezia (VE), IT",1,887.51
"Lesquin, FR","Angers, FR",1,416.6
"Lesquin, FR","Alajero, La Gomera Island, ES",1,3033.77
"Levaldigi (CN), IT","Katowice, PL",1,1082.0
"Levaldigi (CN), IT","Caselle Torinese (TO), IT",1,72.68
"Lielvarde, LV","Copenhagen, DK",1,764.45
"Linz, AT","Scharnstein, AT",1,47.48
"Lisbon, PT","Venezia (VE), IT",1,1915.34
"Lisbon, PT","Cannes, FR",1,1444.53
"Lisbon, PT","Palma de Mallorca, ES",1,1026.56
"Lisbon, PT","Rotterdam, NL",1,1802.15
"Lleida, ES","Palma de Mallorca, ES",1,305.18
"Lorient/Lann/Bihoué, FR","Valletta, MT",1,1982.23
"Lorient/Lann/Bihoué, FR","Sigonella (CT), IT",1,1885.83
"Luleå, SE","Paris (Orly, Val-de-Marne), FR",1,2196.35
"Luxembourg, LU","Chambéry, FR",1,444.22
"Luxembourg, LU","Köln (Cologne), DE",1,152.84
"Luxembourg, LU","Sigonella (CT), IT",1,1527.69
"Luxembourg, LU","Cannes, FR",1,678.31
"Luxembourg, LU","Venezia (VE), IT",2,649.39
"Luxembourg, LU","Toussus-le-Noble, Yvelines, FR",1,313.8
"Luxembourg, LU","Steenokkerzeel, BE",1,188.22
"Luxembourg, LU","Catania, IT",1,1526.41
"Luxembourg, LU","Napoli, IT",1,1158.04
"Lübeck, DE","Fauville, Eure, FR",1,844.99
"Lübeck, DE","Alingsås, SE",1,475.02
"Lübeck, DE","Odense, DK",1,187.39
"Maastricht, NL","Wevelgem, BE",1,179.94
"Maastricht, NL","Málaga, ES",1,1780.77
"Madrid, ES","Alicante, ES",1,355.95
"Madrid, ES","Saint-Tropez, FR",1,889.41
"Mahón (Maó), ES","Vienna, AT",1,1345.1
"Mahón (Maó), ES","Marratxí, ES",1,132.9
"Mahón (Maó), ES","Sant Lluis, ES",1,2.83
"Mainz, DE","Marratxí, ES",1,1229.57
"Malmö, SE","Comiso, IT",1,2063.62
"Malmö, SE","Lielvarde, LV",2,723.17
"Malmö, SE","Greven, DE",1,531.07
"Manching, DE","Tours, Indre-et-Loire, FR",1,814.74
"Mannheim, DE","Greven, DE",1,301.49
"Margny-lès-Compiègne, FR","Montdidier, FR",1,31.65
"Maribor, SI","Sečovlje, SI",2,195.31
"Marignane, Bouches-du-Rhône, FR","Saint-Tropez, FR",1,105.91
"Marignane, Bouches-du-Rhône, FR","Aix en Provence, FR",1,14.55
"Marignane, Bouches-du-Rhône, FR","Rodez/Marcillac, FR",1,243.76
"Marignane, Bouches-du-Rhône, FR","Groningen, NL",1,1081.16
"Marignane, Bouches-du-Rhône, FR","Chassieu, Lyon, FR",1,255.51
"Marignane, Bouches-du-Rhône, FR","Venezia (VE), IT",1,611.08
"Marignane, Bouches-du-Rhône, FR","Treviso (TV), IT",1,605.17
"Marignane, Bouches-du-Rhône, FR","Grenoble, FR",1,214.23
"Marignane, Bouches-du-Rhône, FR","Dierre, Indre-et-Loire, FR",1,546.84
"Marratxí, ES","Mahón (Maó), ES",2,132.9
"Marratxí, ES","Chassieu, Lyon, FR",1,705.65
"Megara, GR","Spata-Artemida, GR",1,51.01
"Megève, FR","Nice, Alpes-Maritimes, FR",1,244.81
"Megève, FR","Chassieu, Lyon, FR",1,132.68
"Melilla, ES","Granada, ES",1,224.67
"Memmingen, DE","Barcelona, ES",1,983.92
"Memmingen, DE","Sigonella (CT), IT",1,1237.22
"Memmingen, DE","Paphos, CY",1,2356.95
"Memmingen, DE","Velika Gorica, HR",1,508.54
"Monflorite/Alcalá del Obispo, ES","Burgos, ES",1,273.87
"Montauban, FR","Cahors, FR",1,37.04
"Montauban, FR","Agen, FR",1,64.82
"Montichiari (BS), IT","Chambéry, FR",1,347.38
"Montichiari (BS), IT","Foligno (PG), IT",2,336.28
"Montichiari (BS), IT","Venezia (VE), IT",2,157.85
"Montichiari (BS), IT","Paris, FR",1,713.66
"Montpellier/Méditerranée, FR","Aix en Provence, FR",1,113.38
"Montpellier/Méditerranée, FR","Ponta Delgada, PT",1,2569.72
"Montpellier/Méditerranée, FR","Colombier-Saugnieu, Rhône, FR",1,255.13
"Montpellier/Méditerranée, FR","Grenoble, FR",1,226.32
"Montpellier/Méditerranée, FR","Angers, FR",1,553.9
"Montpellier/Méditerranée, FR","Nice, Alpes-Maritimes, FR",2,262.0
"Montpellier/Méditerranée, FR","Reus, ES",1,354.43
"Montpellier/Méditerranée, FR","Albi, FR",1,153.27
"Mora, SE","Malmö, SE",1,606.56
"Mošnov, CZ","Dúbrava, SK",1,124.13
"Mošnov, CZ","Vilnius, LT",1,734.75
"Mošnov, CZ","Girona, ES",1,1467.31
"Mošnov, CZ","Berlin, DE",1,437.71
"Mošnov, CZ","Bologna, IT",1,771.27
"Mošnov, CZ","Annecy, FR",1,988.51
"Munich, DE","Kittilä, FI",2,2273.42
"Munich, DE","Innsbruck, AT",1,126.0
"Munich, DE","Lübeck, DE",1,610.74
"Munich, DE","Rhodes, GR",1,1878.69
"Munich, DE","Cork, IE",1,1492.0
"Munich, DE","Napoli, IT",2,853.59
"Munich, DE","Sta Cruz de la Palma, La Palma Island, ES",1,3342.8
"Munich, DE","Shannon, IE",1,1535.42
"Munich, DE","Laage, DE",1,619.68
"Munich, DE","Augsburg, DE",1,63.59
"Munich, DE","Sigonella (CT), IT",1,1244.05
"Munich, DE","Le Castellet, Var, FR",1,733.11
"Munich, DE","Friedrichshafen, DE",1,185.43
"Munich, DE","Braunschweig, DE",1,449.47
"Málaga, ES","Montichiari (BS), IT",1,1574.89
"Málaga, ES","Bilbao, ES",1,749.08
"Málaga, ES","Annecy, FR",1,1354.97
"Málaga, ES","Hannover, DE",1,2075.87
"Mönchengladbach, DE","Weeze, DE",1,48.34
"Mönchengladbach, DE","Colombier-Saugnieu, Rhône, FR",1,620.83
"Nantes, FR","Funchal, PT",1,2055.24
"Nantes, FR","Cannes, FR",1,779.58
"Nantes, FR","Angers, FR",1,107.78
"Nantes, FR","Venezia (VE), IT",1,1086.09
"Nice, Alpes-Maritimes, FR","Marignane, Bouches-du-Rhône, FR",1,163.3
"Nice, Alpes-Maritimes, FR","Balice, PL",1,1190.1
"Nice, Alpes-Maritimes, FR","Grenoble, FR",1,241.44
"Nice, Alpes-Maritimes, FR","Helsinki (Vantaa), FI",1,2199.91
"Nové Zámky, SK","Partizánske, SK",1,73.87
"Nowa Wieś, PL","Poznań, PL",1,445.37
"Nowa Wieś, PL","Alicante, ES",1,2216.12
"Nowa Wieś, PL","Ferno (VA), IT",1,1108.94
"Nowy Dwór Mazowiecki, PL","Lisbon, PT",1,2740.5
"Nowy Dwór Mazowiecki, PL","Szczecin, PL",1,416.69
"Nuremberg, DE","Bratislava, SK",1,472.52
"Nuremberg, DE","Funchal, PT",1,2960.0
"Nuremberg, DE","Salzburg, AT",1,236.6
"Nuremberg, DE","Egelsbach, DE",1,182.37
"Nyköping, SE","Örebro, SE",1,117.62
"Nyköping, SE","Alicante, ES",1,2600.18
"Nîmes/Garons, FR","Perpignan/Rivesaltes, FR",1,168.7
"Nîmes/Garons, FR","Aix en Provence, FR",1,81.4
"Nîmes/Garons, FR","Cannes, FR",1,205.57
"Ober-Grafendorf, AT","Bad Vöslau, AT",1,54.53
"Olbia (SS), IT","Ferno (VA), IT",1,530.0
"Olbia (SS), IT","Amsterdam, NL",1,1318.93
"Olbia (SS), IT","Segrate (MI), IT",1,505.89
"Oostende, BE","Paris (Roissy-en-France, Val-d'Oise), FR",2,244.68
"Oostende, BE","Zaragoza, ES",1,1101.34
"Oostende, BE","Segrate (MI), IT",1,795.3
"Oostende, BE","Ferno (VA), IT",1,754.53
"Orio al Serio (BG), IT","Timişoara, RO",2,901.81
"Orio al Serio (BG), IT","Hamburg, DE",1,880.06
"Orio al Serio (BG), IT","Lublin, PL",1,1139.19
"Orio al Serio (BG), IT","Montichiari (BS), IT",1,55.31
"Orio al Serio (BG), IT","Sigonella (CT), IT",6,1016.0300000000001
"Orio al Serio (BG), IT","Nîmes/Garons, FR",1,469.01
"Orio al Serio (BG), IT","Shannon, IE",2,1557.14
"Osnabrück, DE","Hannover, DE",1,118.05
"Otopeni, RO","Cisnădie, RO",1,199.71
"Otopeni, RO","Katowice, PL",1,841.28
"Otopeni, RO","Treviso (TV), IT",1,1096.65
"Palma de Mallorca, ES","Annecy, FR",2,760.16
"Palma de Mallorca, ES","Saarbrücken, DE",1,1129.07
"Palma de Mallorca, ES","Treviso (TV), IT",1,1027.59
"Palma de Mallorca, ES","Erfurt, DE",1,1422.14
"Palma de Mallorca, ES","Speyer, DE",2,1174.68
"Palma de Mallorca, ES","Ranón, ES",1,854.82
"Palma de Mallorca, ES","Ajaccio, FR",1,574.78
"Palma de Mallorca, ES","Mannheim, DE",3,1193.58
"Palma de Mallorca, ES","Chambéry, FR",1,723.83
"Palma de Mallorca, ES","Budapest, HU",1,1583.58
"Palma de Mallorca, ES","Poznań, PL",1,1791.08
"Palma de Mallorca, ES","Büren, DE",1,1415.83
"Pamplona, ES","Málaga, ES",1,720.2
"Paris, FR","Dortmund, DE",1,464.85
"Paris, FR","Trémuson, Côtes-d'Armor, FR",2,390.61
"Paris, FR","Bologna, IT",1,834.1
"Paris, FR","Stuttgart, DE",1,497.48
"Paris, FR","Grenoble, FR",5,456.01000000000005
"Paris, FR","Barby, FR",2,462.88
"Paris, FR","Montpellier/Méditerranée, FR",1,610.25
"Paris, FR","Rotterdam, NL",3,361.82
"Paris, FR","Lannion, FR",1,432.74
"Paris, FR","Düsseldorf, DE",1,402.69
"Paris, FR","Angers, FR",1,256.31
"Paris, FR","Lisbon, PT",2,1460.19
"Paris, FR","Venezia (VE), IT",1,840.65
"Paris, FR","Vienna, AT",1,1043.36
"Paris, FR","Frankfurt am Main, DE",1,457.56
"Paris, FR","Les Allues, FR",1,504.0
"Paris, FR","Charleroi, BE",1,221.27
"Paris, FR","Faro, PT",1,1571.9
"Paris, FR","Nowa Wieś, PL",2,1416.78
"Paris (Orly, Val-de-Marne), FR","Colombier-Saugnieu, Rhône, FR",2,391.07
"Paris (Orly, Val-de-Marne), FR","Kittilä, FI",2,2455.42
"Paris (Orly, Val-de-Marne), FR","Sigonella (CT), IT",1,1615.24
"Paris (Orly, Val-de-Marne), FR","Clos-Fontaine, FR",2,48.2
"Paris (Roissy-en-France, Val-d'Oise), FR","Venezia (VE), IT",13,834.89
"Paris (Roissy-en-France, Val-d'Oise), FR","Kittilä, FI",1,2421.19
"Paris (Roissy-en-France, Val-d'Oise), FR","Oostende, BE",1,244.68
"Parma (PR), IT","Pavullo (MO), IT",1,70.25
"Pau/Pyrénées (Uzein), FR","Aix en Provence, FR",1,467.17
"Pavullo (MO), IT","Ravenna (RA), IT",1,110.9
"Pavullo (MO), IT","Parma (PR), IT",1,70.25
"Perpignan/Rivesaltes, FR","Nîmes/Garons, FR",1,168.7
"Perugia (PG), IT","Ibiza (Eivissa), ES",1,1045.19
"Perugia (PG), IT","Sigonella (CT), IT",1,665.28
"Perugia (PG), IT","Málaga, ES",1,1613.54
"Perugia (PG), IT","Foligno (PG), IT",1,24.31
"Pescara, IT","Sečovlje, SI",1,341.17
"Pescara, IT","Fano (PU), IT",1,181.13
"Pescara, IT","Balice, PL",1,952.47
"Pescara, IT","Foggia (FG), IT",1,157.48
"Pescara, IT","Sigonella (CT), IT",1,562.78
"Pisa (PI), IT","Weert, NL",1,915.2
"Pisa (PI), IT","Sigonella (CT), IT",3,796.2199999999999
"Pisa (PI), IT","Velika Gorica, HR",1,503.41
"Pisa (PI), IT","Palma de Mallorca, ES",1,784.27
"Pisa (PI), IT","Venezia (VE), IT",1,255.1
"Pisa (PI), IT","Bresso (MI), IT",1,227.02
"Pisa (PI), IT","Antwerp, BE",1,945.65
"Ponte de Sor, PT","Cascais, PT",2,124.53
"Ponte de Sor, PT","Coimbra, PT",1,111.1
"Ponte de Sor, PT","Santarém, PT",1,54.24
"Poprad, SK","Vilnius, LT",1,708.58
"Porto, PT","Otopeni, RO",1,2835.16
"Porto, PT","Hamburg, DE",1,1947.98
"Porto, PT","La Virgen Del Camino, ES",1,291.61
"Porto, PT","Ibiza (Eivissa), ES",1,894.9
"Porto, PT","Annecy, FR",1,1296.63
"Poznań, PL","Nowy Dwór Mazowiecki, PL",1,259.52
"Poznań, PL","Piešťany, SK",1,428.07
"Poznań, PL","Funchal, PT",1,3466.44
"Poznań, PL","Le Versoud, Isère, FR",1,1132.23
"Poznań, PL","Trento (TN), IT",1,822.47
"Prague, CZ","Karlovy Vary, CZ",1,107.58
"Prouvy, FR","Cannes, FR",1,798.96
"Punitz, AT","Feldkirchen bei Graz, AT",1,68.67
"Ranón, ES","Morón, ES",1,711.27
"Ravenna (RA), IT","Pavullo (MO), IT",1,110.9
"Ravenna (RA), IT","Caselle (VR), IT",1,155.7
"Ravenna (RA), IT","Rimini (RN), IT",1,49.18
"Ravenna (RA), IT","Bresso (MI), IT",1,271.47
"Reggio Calabria, IT","Venezia (VE), IT",1,870.52
"Reggio Emilia (RE), IT","Bresso (MI), IT",1,148.2
"Reggio Emilia (RE), IT","Trento (TN), IT",1,151.69
"Rheinmünster, DE","Montichiari (BS), IT",1,409.59
"Rheinmünster, DE","Seville, ES",2,1692.6
"Rheinmünster, DE","Feldkirchen bei Graz, AT",1,583.39
"Rheinmünster, DE","Dortmund, DE",1,306.37
"Rhodes, GR","Munich, DE",1,1878.69
"Rhodes, GR","Paphos, CY",1,439.91
"Riga, LV","Caselle (VR), IT",1,1572.52
"Riga, LV","Firenze (FI), IT",1,1715.2
"Riga, LV","Salzburg, AT",1,1260.64
"Riga, LV","Treviso (TV), IT",1,1497.72
"Riga, LV","Lisbon, PT",1,3141.26
"Riga, LV","Kittilä, FI",1,1195.53
"Riga, LV","Spata-Artemida, GR",1,2114.88
"Riga, LV","Innsbruck, AT",1,1378.23
"Rimini (RN), IT","Brno, CZ",1,650.04
"Rimini (RN), IT","Ravenna (RA), IT",1,49.18
"Rodez/Marcillac, FR","Soboli, HR",1,952.17
"Rodez/Marcillac, FR","Auch, FR",1,170.68
"Rome, IT","Fermo (FM), IT",1,191.85
"Rome, IT","Venezia (VE), IT",4,411.87
"Rome, IT","Munich, DE",1,730.28
"Rome, IT","Annecy, FR",1,683.51
"Rome, IT","Dresden, DE",1,1042.77
"Rome, IT","Salzburg, AT",1,667.81
"Rome, IT","Frosinone, IT",1,74.25
"Rome, IT","Trento (TN), IT",1,480.8
"Ronchi dei Legionari/Trieste, IT","Napoli, IT",1,553.43
"Ronchi dei Legionari/Trieste, IT","Creil, FR",1,905.02
"Ronchi dei Legionari/Trieste, IT","Ferno (VA), IT",1,368.83
"Roskilde, DK","Balice, PL",1,798.71
"Roskilde, DK","Göteborg, SE",1,237.22
"Rota, ES","Catania, IT",1,1898.52
"Rota, ES","Düsseldorf, DE",1,1930.89
"Rotterdam, NL","Paris, FR",1,361.82
"Rotterdam, NL","Greven, DE",2,223.2
"Rotterdam, NL","Kittilä, FI",1,2067.51
"Rotterdam, NL","Hannover, DE",1,361.87
"Rotterdam, NL","Wrocław, PL",1,865.0
"Saarbrücken, DE","Braunschweig, DE",1,421.35
"Saarbrücken, DE","Speyer, DE",1,97.7
"Saint-Bon, FR","Luxembourg, LU",1,471.35
"Saint-Jacques-de-la-Lande, Ille-et-Vilaine, FR","Trémuson, Côtes-d'Armor, FR",1,97.81
"Saint-Jacques-de-la-Lande, Ille-et-Vilaine, FR","Cannes, FR",1,839.65
"Saint-Jacques-de-la-Lande, Ille-et-Vilaine, FR","Bréville-sur-Mer, Manche, FR",1,91.34
"Saint-Tropez, FR","Les Allues, FR",1,244.98
"Saint-Tropez, FR","Megève, FR",1,291.37
"Salzburg, AT","Billund, DK",2,922.11
"Salzburg, AT","Budapest, HU",1,459.25
"Salzburg, AT","Saint-Tropez, FR",1,719.69
"Salzburg, AT","Cork, IE",1,1599.86
"Salzburg, AT","Helsinki (Vantaa), FI",3,1590.9800000000002
"Salzburg, AT","Dublin, IE",6,1490.75
"Salzburg, AT","Tallinn, EE",1,1504.5
"Salzburg, AT","Aalborg, DK",1,1055.85
"Salzburg, AT","Genk, BE",1,648.45
"Salzburg, AT","Antwerp, BE",1,722.7
"Salzburg, AT","Wevelgem, BE",1,784.96
"Salzburg, AT","Riga, LV",1,1260.64
"Salzburg, AT","Vilnius, LT",2,1141.84
"Salzburg, AT","Göteborg, SE",1,1105.4
"Salzburg, AT","Trebbin, DE",1,490.64
"Salzburg, AT","Bolzano (BZ), IT",1,195.24
"Salzburg, AT","Cascais, PT",1,2061.68
"Salzburg, AT","Kiel, DE",1,758.93
"Salzburg, AT","Lübeck, DE",2,687.44
"Salzburg, AT","Weert, NL",1,658.05
"Salzburg, AT","Palma de Mallorca, ES",1,1231.35
"Salzburg, AT","Drásov, CZ",1,228.82
"Samos Island, GR","Thessaloniki, GR",2,463.21
"Sant Lluis, ES","Marratxí, ES",1,135.65
"Santarém, PT","Ponte de Sor, PT",2,54.24
"Santiago de Compostela, ES","Girona, ES",1,923.66
"Santiago de Compostela, ES","Faro, PT",1,654.96
"Scharnstein, AT","Linz, AT",1,47.48
"Schkeuditz, DE","Büren, DE",1,251.04
"Schkeuditz, DE","Caselle (VR), IT",1,677.31
"Schkeuditz, DE","Larnaca, CY",1,2510.73
"Schkeuditz, DE","Nuremberg, DE",1,228.8
"Segrate (MI), IT","Jasionka, PL",1,1082.59
"Segrate (MI), IT","Venezia (VE), IT",1,239.85
"Segrate (MI), IT","Villanova d'Albenga (SV), IT",1,179.67
"Segrate (MI), IT","Trento (TN), IT",2,157.19
"Segrate (MI), IT","Colombier-Saugnieu, Rhône, FR",1,327.25
"Segrate (MI), IT","Helsinki (Vantaa), FI",1,1949.31
"Segrate (MI), IT","Saint-Tropez, FR",1,333.79
"Segrate (MI), IT","Antwerp, BE",1,730.96
"Segrate (MI), IT","Hamburg, DE",1,906.03
"Segrate (MI), IT","Montichiari (BS), IT",1,82.25
"Segrate (MI), IT","Velika Gorica, HR",1,529.35
"Segrate (MI), IT","Köln (Cologne), DE",1,623.13
"Segrate (MI), IT","Olbia (SS), IT",1,505.89
"Seville, ES","Biarritz, FR",1,767.42
"Seville, ES","Napoli, IT",2,1778.34
"Seville, ES","Stockholm, SE",1,2984.36
"Seville, ES","Grenoble, FR",1,1284.91
"Seville, ES","Baden-Baden, DE",2,1699.19
"Seville, ES","Copenhagen, DK",1,2454.96
"Seville, ES","Vigo, ES",1,583.87
"Seville, ES","Faro, PT",1,189.34
"Seville, ES","Wrocław, PL",1,2350.26
"Seville, ES","Morón, ES",1,36.49
"Seville, ES","Treviso (TV), IT",1,1755.81
"Sečovlje, SI","Bologna, IT",1,210.52
"Sečovlje, SI","Maribor, SI",2,195.31
"Sečovlje, SI","Treviso (TV), IT",1,112.4
"Shannon, IE","Caselle Torinese (TO), IT",1,1464.35
"Shannon, IE","Steenokkerzeel, BE",1,942.08
"Shannon, IE","Getafe, ES",1,1435.03
"Sigonella (CT), IT","Köln (Cologne), DE",1,1618.59
"Sigonella (CT), IT","Luxembourg, LU",1,1527.69
"Skiros Island, GR","Spata-Artemida, GR",1,124.02
"Souda, GR","Thessaloniki, GR",1,564.19
"Spata-Artemida, GR","Friedrichshafen, DE",1,1594.63
"Spata-Artemida, GR","Istres, Bouches-du-Rhône, FR",1,1714.05
"Spata-Artemida, GR","Mykonos, GR",1,135.51
"Spata-Artemida, GR","Grenoble, FR",1,1747.43
"Spata-Artemida, GR","Perugia (PG), IT",1,1122.32
"Spata-Artemida, GR","Venezia (VE), IT",1,1275.96
"Spata-Artemida, GR","Chambéry, FR",1,1719.52
"Speyer, DE","Málaga, ES",1,1750.24
"Sta Cruz de la Palma, La Palma Island, ES","Barcelona, ES",1,2282.13
"Sta Cruz de la Palma, La Palma Island, ES","Stuttgart, DE",1,3203.01
"Sta Cruz de la Palma, La Palma Island, ES","Hamburg, DE",2,3570.26
"Sta Cruz de la Palma, La Palma Island, ES","Berlin, DE",1,3681.87
"Sta Cruz de la Palma, La Palma Island, ES","Frankfurt am Main, DE",2,3250.8
"Sta Cruz de la Palma, La Palma Island, ES","Munich, DE",1,3342.8
"Sta Cruz de la Palma, La Palma Island, ES","Katowice, PL",1,3919.65
"Stadtlohn, DE","Enschede, NL",1,31.31
"Steenokkerzeel, BE","Charleroi, BE",1,50.25
"Steenokkerzeel, BE","Melilla, ES",1,1838.23
"Steenokkerzeel, BE","Venezia (VE), IT",2,836.33
"Steenokkerzeel, BE","Cannes, FR",1,839.74
"Steenokkerzeel, BE","Kittilä, FI",1,2172.1
"Steenokkerzeel, BE","Rotterdam, NL",1,116.09
"Steenokkerzeel, BE","Larnaca, CY",1,2936.63
"Steenokkerzeel, BE","Ibiza (Eivissa), ES",1,1360.86
"Steenokkerzeel, BE","Luxembourg, LU",1,188.22
"Stockholm, SE","Innsbruck, AT",7,1427.9600000000003
"Stockholm, SE","Caselle Torinese (TO), IT",8,1732.19
"Stockholm, SE","Funchal, PT",2,3920.58
"Stockholm, SE","Colombier-Saugnieu, Rhône, FR",4,1753.32
"Stockholm, SE","Caselle (VR), IT",2,1637.48
"Stockholm, SE","Seville, ES",1,2984.36
"Stockholm, SE","Friedrichshafen, DE",1,1425.5
"Stockholm, SE","Alexandroupolis, GR",1,2146.87
"Stockholm, SE","Grâce-Hollogne, BE",1,1262.14
"Stockholm, SE","Trento (TN), IT",1,1565.22
"Stockholm, SE","Grenoble, FR",1,1782.57
"Stockholm / Västerås, SE","Göteborg, SE",1,335.73
"Strasbourg, FR","Berlin, DE",1,594.38
"Strausberg, DE","Halmstad, SE",1,462.47
"Stuttgart, DE","Trento (TN), IT",1,329.32
"Stuttgart, DE","Sta Cruz de la Palma, La Palma Island, ES",1,3203.01
"Stuttgart, DE","Napoli, IT",1,954.98
"Stuttgart, DE","Chambéry, FR",1,422.97
"Stuttgart, DE","Dublin, IE",1,1200.27
"Svatobořice, CZ","Brno, CZ",1,36.71
"Sylt, DE","Groningen, NL",1,230.34
"Sylt, DE","Calden, DE",1,394.86
"Sylt, DE","Lelystad, NL",1,330.78
"Szymany, PL","Weeze, DE",1,1020.27
"Sønderborg, DK","Bremen, DE",1,223.06
"Sønderborg, DK","Roskilde, DK",1,163.49
"Tallard, Hautes-Alpes, FR","Le Versoud, Isère, FR",2,86.15
"Tallard, Hautes-Alpes, FR","Saint-Crépin, Hautes-Alpes, FR",1,52.32
"Tallinn, EE","Kittilä, FI",1,921.56
"Tallinn, EE","Salzburg, AT",1,1504.5
"Tallinn, EE","Câmpia Turzii, RO",1,1436.99
"Tallinn, EE","Funchal, PT",1,4254.21
"Tallinn, EE","Venezia (VE), IT",1,1756.0
"Terni, IT","Perugia (PG), IT",1,58.4
"Thessaloniki, GR","Köln (Cologne), DE",1,1677.15
"Thessaloniki, GR","Baden-Baden, DE",2,1483.43
"Thessaloniki, GR","Treviso (TV), IT",1,1043.16
"Thessaloniki, GR","Hamburg, DE",1,1751.44
"Thessaloniki, GR","Samos Island, GR",1,463.21
"Thessaloniki, GR","Rome, IT",1,893.74
"Thiene (VI), IT","Parma (PR), IT",1,133.33
"Timişoara, RO","Bologna, IT",1,799.83
"Timişoara, RO","Augsburg, DE",1,838.57
"Tomblaine, Meurthe-et-Moselle, FR","Luxembourg, LU",1,103.95
"Torino (TO), IT","Villanova d'Albenga (SV), IT",1,122.23
"Toulouse/Blagnac, FR","Napoli, IT",1,1105.41
"Toulouse/Blagnac, FR","Annecy, FR",1,452.72
"Toulouse/Blagnac, FR","Chabeuil, Drôme, FR",1,321.02
"Toulouse/Blagnac, FR","Cannes, FR",1,450.33
"Toulouse/Blagnac, FR","Rodez/Marcillac, FR",2,124.51
"Toulouse/Blagnac, FR","Treviso (TV), IT",1,885.07
"Toulouse/Blagnac, FR","Jerez de la Frontera, ES",1,990.96
"Toulouse/Blagnac, FR","Bastia, FR",1,669.84
"Toulouse/Blagnac, FR","Capannoli (PI), IT",1,750.97
"Toulouse/Blagnac, FR","Venezia (VE), IT",1,894.32
"Toussus-le-Noble, Yvelines, FR","Wevelgem, BE",1,243.1
"Toussus-le-Noble, Yvelines, FR","Jerez de la Frontera, ES",1,1490.34
"Toussus-le-Noble, Yvelines, FR","Barby, FR",2,459.75
"Toussus-le-Noble, Yvelines, FR","Les Allues, FR",1,502.75
"Toussus-le-Noble, Yvelines, FR","Montpellier/Méditerranée, FR",1,592.96
"Toussus-le-Noble, Yvelines, FR","Nîmes/Garons, FR",1,583.0
"Toussus-le-Noble, Yvelines, FR","Avignon, FR",2,579.78
"Toussus-le-Noble, Yvelines, FR","Lannion, FR",1,408.83
"Trebbin, DE","Köln (Cologne), DE",1,441.82
"Trebbin, DE","Hof, DE",1,231.65
"Trebbin, DE","Salzburg, AT",1,490.64
"Trento (TN), IT","Capannori (LU), IT",1,248.12
"Trento (TN), IT","Reggio Emilia (RE), IT",1,151.69
"Trento (TN), IT","Bratislava, SK",1,518.77
"Trento (TN), IT","Asiago (VI), IT",1,33.85
"Trento (TN), IT","Bolzano (BZ), IT",1,50.88
"Trento (TN), IT","Poznań, PL",1,822.47
"Trenčín, SK","Nové Zámky, SK",1,101.35
"Treviso (TV), IT","Roskilde, DK",1,1104.98
"Treviso (TV), IT","Palma de Mallorca, ES",1,1027.59
"Treviso (TV), IT","Vilnius, LT",1,1362.73
"Treviso (TV), IT","Riga, LV",1,1497.72
"Treviso (TV), IT","Thessaloniki, GR",1,1043.16
"Treviso (TV), IT","Belluno (BL), IT",2,57.78
"Treviso (TV), IT","Alicante, ES",1,1332.4
"Treviso (TV), IT","Friedrichshafen, DE",1,304.13
"Treviso (TV), IT","Salzburg, AT",1,246.36
"Treviso (TV), IT","Isola di Capo Rizzuto (KR), IT",1,841.22
"Treviso (TV), IT","Eindhoven, NL",1,816.68
"Treviso (TV), IT","Nowy Dwór Mazowiecki, PL",1,974.4
"Treviso (TV), IT","Marignane, Bouches-du-Rhône, FR",1,605.17
"Treviso (TV), IT","Stockholm, SE",1,1587.04
"Treviso (TV), IT","Lahr/Schwarzwald, DE",1,448.37
"Treviso (TV), IT","Sečovlje, SI",1,112.4
"Trémuson, Côtes-d'Armor, FR","Paris, FR",2,390.61
"Trémuson, Côtes-d'Armor, FR","Lorient/Lann/Bihoué, FR",1,96.84
"Trémuson, Côtes-d'Armor, FR","Chassieu, Lyon, FR",1,667.08
"Uden, NL","Arnhem, NL",1,46.27
"Uherské Hradiště, CZ","Hranice, CZ",1,60.58
"Valbrembo (BG), IT","Bresso (MI), IT",3,36.35
"Valladolid, ES","Rotterdam, NL",1,1338.7
"Valletta, MT","Steenokkerzeel, BE",1,1856.23
"Valletta, MT","Treviso (TV), IT",1,1106.9
"Valletta, MT","Creil, FR",1,1779.7
"Valletta, MT","Sigonella (CT), IT",4,177.21
"Valletta, MT","Copenhagen, DK",1,2202.96
"Valletta, MT","Billund, DK",1,2248.87
"Valletta, MT","Málaga, ES",1,1702.43
"Valletta, MT","Busevec, HR",1,1098.46
"Vangadizza (VR), IT","Venezia (VE), IT",1,92.7
"Velika Gorica, HR","Göteborg, SE",1,1359.16
"Velika Gorica, HR","Salzburg, AT",1,326.23
"Velika Gorica, HR","Alicante, ES",1,1600.03
"Velika Gorica, HR","Baden-Baden, DE",1,684.15
"Velika Gorica, HR","Paphos, CY",1,1849.51
"Venegono Superiore (VA), IT","Bolzano (BZ), IT",1,204.17
"Venegono Superiore (VA), IT","Bresso (MI), IT",1,33.08
"Venezia (VE), IT","Helsinki (Vantaa), FI",1,1844.29
"Venezia (VE), IT","Sigonella (CT), IT",5,926.05
"Venezia (VE), IT","Antwerp, BE",1,859.01
"Venezia (VE), IT","Valletta, MT",1,1089.01
"Venezia (VE), IT","Vangadizza (VR), IT",1,92.7
"Venezia (VE), IT","Katowice, PL",1,745.21
"Venezia (VE), IT","Bratislava, SK",1,473.67
"Venezia (VE), IT","Thiene (VI), IT",1,69.28
"Venezia (VE), IT","Belluno (BL), IT",1,73.95
"Venezia (VE), IT","Cascais, PT",1,1934.95
"Venezia (VE), IT","Lesquin, FR",1,887.51
"Venezia (VE), IT","Bilbao, ES",1,1234.99
"Venezia (VE), IT","Ronchi dei Legionari/Trieste, IT",1,94.14
"Venezia (VE), IT","Salzburg, AT",1,259.24
"Venezia (VE), IT","Vilnius, LT",1,1367.79
"Venezia (VE), IT","Bolzano (BZ), IT",1,132.41
"Venezia (VE), IT","Marignane, Bouches-du-Rhône, FR",1,611.08
"Venezia (VE), IT","Cannes, FR",1,479.85
"Venezia (VE), IT","Capua, IT",1,509.9
"Venezia (VE), IT","Toulouse/Blagnac, FR",1,894.32
"Vercelli (VC), IT","Loreo (RO), IT",1,294.39
"Vienna, AT","Kittilä, FI",1,2227.99
"Vienna, AT","Mannheim, DE",1,608.92
"Vienna, AT","Groningen, NL",1,897.08
"Vienna, AT","Friedrichshafen, DE",1,528.34
"Vienna, AT","Perugia (PG), IT",1,640.46
"Vienna, AT","Braunschweig, DE",1,633.71
"Vienna, AT","Kecskemét, HU",1,273.12
"Vienna, AT","Napoli, IT",2,823.28
"Vienna, AT","Treviso (TV), IT",2,430.61
"Vienna, AT","Sigonella (CT), IT",1,1198.23
"Vienna, AT","Varna, BG",1,1027.56
"Vienna, AT","Soboli, HR",1,342.0
"Vila Baleira, PT","Copenhagen, DK",1,3358.7
"Vila Franca de Xira, PT","Bordeaux, FR",3,953.64
"Vila Franca de Xira, PT","Vienna, AT",3,2290.99
"Vila Franca de Xira, PT","Frankfurt am Main, DE",6,1858.1500000000003
"Vila Franca de Xira, PT","Colombier-Saugnieu, Rhône, FR",3,1385.1500000000003
"Vila Franca de Xira, PT","Munich, DE",5,1969.3399999999997
"Vila Franca de Xira, PT","Faro, PT",1,227.46
"Vila Franca de Xira, PT","Málaga, ES",3,467.75
"Vila Franca de Xira, PT","Otopeni, RO",1,2959.29
"Vila Franca de Xira, PT","Zaventem, BE",2,1702.94
"Vila Franca de Xira, PT","Steenokkerzeel, BE",4,1704.23
"Vila Franca de Xira, PT","Stuttgart, DE",1,1818.61
"Vila Franca de Xira, PT","Venezia (VE), IT",2,1901.75
"Vila Franca de Xira, PT","Düsseldorf, DE",5,1847.1600000000003
"Vila Franca de Xira, PT","Riga, LV",1,3126.67
"Vila Franca de Xira, PT","Valletta, MT",1,2100.0
"Vila Franca de Xira, PT","Treviso (TV), IT",1,1894.2
"Vila Franca de Xira, PT","Seville, ES",1,319.02
"Vila Franca de Xira, PT","Eindhoven, NL",2,1789.93
"Vila Franca de Xira, PT","Capannoli (PI), IT",1,1725.7
"Vila Franca de Xira, PT","Pau/Pyrénées (Uzein), FR",1,876.86
"Vila Franca de Xira, PT","Nowy Dwór Mazowiecki, PL",1,2726.05
"Vila Franca de Xira, PT","Beauvais, FR",1,1470.29
"Villanova d'Albenga (SV), IT","Torino (TO), IT",1,122.23
"Villanova d'Albenga (SV), IT","Alghero, IT",1,380.36
"Villanova d'Albenga (SV), IT","Wevelgem, BE",1,838.13
"Vilnius, LT","Treviso (TV), IT",1,1362.73
"Vilnius, LT","Grenoble, FR",1,1749.86
"Vilnius, LT","Stuttgart, DE",1,1285.76
"Vilnius, LT","Salzburg, AT",1,1141.84
"Vilnius, LT","Sigonella (CT), IT",1,2071.38
"Vilnius, LT","Frankfurt am Main (Lautzenhausen), DE",1,1327.29
"Vilnius, LT","Venezia (VE), IT",1,1367.79
"Vilnius, LT","Paphos, CY",1,2283.7
"Vilnius, LT","Steenokkerzeel, BE",1,1452.6
"Vodochody, CZ","Capannoli (PI), IT",1,788.14
"Växjö, SE","Copenhagen, DK",1,193.95
"Växjö, SE","Bremen, DE",1,573.96
"Warsaw, PL","Płock, PL",1,91.04
"Warsaw, PL","Valletta, MT",1,1890.09
"Weert, NL","Paris, FR",1,340.45
"Weert, NL","Friedrichshafen, DE",1,488.39
"Weert, NL","Salzburg, AT",1,658.05
"Weeze, DE","Tenerife, ES",1,3204.06
"Weeze, DE","Mönchengladbach, DE",1,48.34
"Weeze, DE","Nannhausen, DE",1,204.31
"Wels, AT","Suben, AT",2,50.14
"Wevelgem, BE","Grenoble, FR",1,626.7
"Wevelgem, BE","Salzburg, AT",1,784.96
"Wevelgem, BE","Île d'Yeu, FR",1,613.28
"Wevelgem, BE","Pisa (PI), IT",1,959.93
"Weßling, DE","Amsterdam, NL",1,660.03
"Weßling, DE","Grenoble, FR",1,545.05
"Weßling, DE","Nice, Alpes-Maritimes, FR",1,583.8
"Wiener Neustadt, AT","Mariazell, AT",1,70.46
"Wiesbaden, DE","Langenlonsheim, DE",1,33.75
"Wilhelmshaven, DE","Hamburg, DE",1,123.2
"Wrocław, PL","Treviso (TV), IT",1,698.12
"Wrocław, PL","Rotterdam, NL",1,865.0
"Wrocław, PL","Ferno (VA), IT",1,855.3
"Wrocław, PL","Spata-Artemida, GR",1,1565.77
"Zagreb, HR","Munich, DE",2,421.2
"Zagreb, HR","Beauvais, FR",1,1106.4
"Zagreb, HR","Baden-Baden, DE",1,668.42
"Zagreb, HR","Zaventem, BE",1,1014.03
"Zakynthos, GR","Andravida, GR",1,40.52
"Zaragoza, ES","Cluj-Napoca, RO",1,2041.27
"Zaragoza, ES","Grenoble, FR",1,657.59
"Zaragoza, ES","Málaga, ES",1,629.84
"Zaragoza, ES","Almería, ES",1,548.26
"Zaventem, BE","Alajero, La Gomera Island, ES",1,3127.25
"Zaventem, BE","Friedrichshafen, DE",1,511.59
"Zaventem, BE","Nuremberg, DE",1,494.35
"Zaventem, BE","Rome, IT",1,1179.6
"Zaventem, BE","Tenerife, ES",1,3068.13
"Zaventem, BE","Vilnius, LT",1,1453.57
"Zell am See, AT","Strausberg, DE",1,593.6
"Zgornji Brnik, SI","Venezia (VE), IT",1,181.56
"Zgornji Brnik, SI","Brest, FR",1,1439.95
"Ängelholm, SE","Palma de Mallorca, ES",1,2003.53
