icao,callsign,count
4ab5d5,SAS1206,1
4ab822,NSZ3089,1
4ab822,NSZ3087,1
4ac9f3,SAS1204,1
4aca15,NSZ9BH,2
4aca15,NSZ3079,2
4ac9f2,SAS1218,1
4ac9f0,SAS1214,1
4ac9f0,SAS1208,1
4ac9f0,SAS1202,1
4aca4f,NSZ81E,1
4aca50,NSZ3091,2
4ac9f4,SAS1228,1
4ab565,SAS1206,1
4aca93,NSZ3091,1
4aca93,NSZ3089,1
4aca93,NSZ3087,1
4ac9f2,SAS1228,1
478cc8,DOC05,1
4a91fa,SAS1218,1
4acaa1,SAS1208,1
45ac33,SAS1204,1
4ab822,NSZ3079,2
4ac9ef,SAS1202,1
4aca50,NSZ81E,1
4acaa1,SAS1218,1
45ac54,SAS1214,2
45ac54,SAS1228,1
4ab821,NSZ81E,1
4aca8b,NSZ9BH,1
4aca8b,NSZ3079,1
4aca93,NSZ3085,1
4a91fa,SAS1208,1
4a91fa,SAS1202,1
45f424,DAF5615,2
4aca15,NSZ3091,2
4aca15,NSZ3089,3
4ab569,SAS1206,1
45f426,DAF5557,2
4aca12,NSZ3093,1
4ac9ed,SAS1202,1
47ba0d,SAS1214,1
47ba0d,SAS1228,1
4ac9e7,SAS1208,1
4aca8b,NSZ3087,1
4aca12,NSZ81E,1
4ac9e6,SAS1218,1
4ab822,NSZ3093,1
4aca6e,SAS1204,1
4ab5d2,SAS1206,1
4aca15,NSZ3093,2
4aca15,NSZ81E,1
4acaa1,SAS1214,1
4ac9e4,SAS1218,1
4aca45,NSZ3095,1
4aca45,NSZ3091,1
4aca45,NSZ3089,1
4aca45,NSZ3087,1
4ac9ed,SAS1228,1
4ac9e7,SAS1202,1
4ab822,NSZ9BH,2
4acaa3,SAS1208,1
4acaa2,SAS1204,1
4caf24,SAS1210,1
4aca14,NSZ3095,1
4aca15,NSZ3087,1
4aca15,NSZ3085,1
4caf14,SAS1208,1
45ac50,SAS1214,1
45f424,DAF5514,1
4ca660,SAS1204,1
4ac9e6,SAS1228,1
4ac9e9,SAS1228,1
45ac50,SAS1218,1
4cad95,SAS1208,1
484cc2,KLM26X,1
3c1459,KLM32F,6
3c1459,KLM1282,6
48548c,KLM25M,1
3c5db0,KLM32F,1
3c5db0,KLM1282,1
485875,KLM26X,1
485779,KLM25M,2
484c1b,KLM26X,1
484cc3,KLM25M,1
4852f4,KLM26X,1
4853f4,KLM25M,2
4852f5,KLM26X,1
4855d2,KLM26X,1
484c53,KLM25M,1
485207,KLM26X,1
45884d,OYBBM,2
45d069,VKG4587,1
45a953,JNJ612B,1
4a91fa,SAS1214,1
4aca14,NSZ3093,1
459904,FHV22,1
45ca65,FXT12E,3
4aca81,NSZ28T,1
4aca96,NSZ28T,2
493282,NJE132D,1
4cae63,RYR81XA,2
4ca9cc,RYR81XA,1
501e45,JSY3H,1
48c131,RYR5EX,1
48c2ae,RYR5EX,1
39b014,FHMAU,4
39ada4,RTO087,1
39dd59,CCM84DE,1
39dd42,CCM69PM,1
39dd45,CCM62PM,2
398495,CCM41VR,1
39a206,FPO774,1
39a339,FHIZZ,3
398640,CCM62PM,3
398640,CCM69PM,2
45214b,FPO5774,4
39dd45,CCM41VR,2
399549,AGH21A,3
39dd41,CCM41VR,3
39dd45,CCM69PM,2
39dd41,CCM62PM,1
399a88,AGH11A,1
39cd33,TJT777C,1
39dd59,CCM69PM,1
39dd49,CCM62PM,1
39dd41,CCM69PM,1
396669,FPO770,1
39dd45,CCM810,2
39dd48,CCM990,1
39dd57,CCM75DT,1
39dd48,CCM90BI,1
39dd59,CCM38BI,1
39dd59,CCM75DT,1
39dd59,CCM108,1
39dd59,CCM90BI,2
39dd40,CCM38BI,1
3964f1,CCM37FH,1
398495,CCM51WB,1
398495,CCM32KY,1
398640,CCM68UW,3
39dd45,CCM51WB,2
39dd45,CCM32KY,2
39dd41,CCM51WB,2
398640,CCM37FH,1
398640,CCM32KY,1
39dd41,CCM68UW,1
39dd41,CCM32KY,1
39dd49,CCM37FH,1
39dd49,CCM68UW,1
3985a9,AFR7565,1
398640,CCM950,1
398640,CCM51WB,1
3985a1,AFR41NZ,1
3985a7,AFR7565,1
39dd41,CCM37FH,1
39dd57,CCM29NU,1
39dd48,CCM29NU,1
398640,CCM29NU,1
3c5431,BCS5WE,1
34804a,RGN1810,5
3c542e,BCS5WE,1
3474cb,BCS3JM,1
4cae48,RYR3301,1
4ac98a,BCS6WK,2
469596,SEH2DT,1
46bc53,AEE143,1
46bc53,AEE14XD,1
4690e4,AEE14XD,1
4692d7,AEE1XD,1
46bc49,AEE14XD,1
46bc4d,AEE145,1
46bc52,AEE143,1
46d0c9,SEH2DT,1
4690e5,AEE1XD,1
46d2f2,SEH6DT,1
46bc52,AEE145,1
4692cd,AEE1XD,1
4692d3,AEE145,1
4cadee,ITY1601,1
4cadee,ITY1605,2
4cada8,ITY1569,3
4cada8,ITY1601,2
4cada8,ITY1605,2
4cade8,ITY1601,2
4ca98a,ITY1569,1
4cadee,ITY1569,1
4cade8,ITY1605,1
4cada6,ITY1601,1
4cada6,ITY1569,1
4cadec,ITY1601,1
4cada6,ITY1605,1
4cadde,ITY1569,1
4cadde,ITY1605,1
4d2286,RYR27ZG,1
4ca9d0,RYR27ZG,1
4ca730,ITY1570,2
4cade9,ITY1572,1
4cade8,ITY1578,1
4ca798,ITY1580,1
4ca757,ITY1570,1
4ca759,ITY1572,1
4ca730,ITY1580,1
4cadcb,ITY1578,1
4ca8f5,ITY1580,1
4ca783,ITY1570,1
4ca798,ITY1578,2
4ca798,ITY1572,1
4ca718,ITY1580,2
4ca90a,ITY1572,1
4ca8ff,ITY1570,2
4ca8ff,ITY1578,1
33fca4,IAM3180,4
4cadea,ITY1578,1
4cade9,ITY1580,1
4ca718,ITY1572,1
4ca85c,ITY1572,1
4ca730,ITY1578,1
4caddd,ITY1570,1
4ca757,ITY1580,1
4cadea,ITY1572,1
4ca805,RYR754,1
4ca892,RYR754,1
4caa5a,RYR754,1
4ca7b3,RYR6948,1
4aca92,NSZ4FU,1
4ca2c1,RYR6948,2
4d2236,RYR6948,1
4aca4f,NSZ5358,1
4aca46,NSZ5358,1
4ca8e4,RYR6948,1
4ca893,RYR99UY,1
4caf27,RYR6948,1
345597,ANE55YK,1
345597,ANE78RT,1
347309,AEA42CL,1
341207,XTX114,1
48ca40,SAH59P,2
345687,ANE91VV,2
344216,AEA27DR,1
344195,ANE55YK,1
347306,AEA27DR,2
345543,ANE78RT,2
347481,AEA42CL,1
345388,ANE91VV,1
34604d,AEA42CL,1
3451d9,ANE91VV,1
3e2bf6,PAV522H,3
345388,ANE55YK,1
344459,AEA27DR,1
34750a,AEA42CL,1
346083,AEA42CL,1
347307,AEA27DR,1
345385,ANE55YK,1
34604d,AEA27DR,1
345687,ANE55YK,1
345687,ANE78RT,1
3453c1,AEA42CL,1
344197,ANE91VV,1
34750a,AEA27DR,1
346310,AME0806,3
344213,ANE55YK,1
345218,AEA42CL,1
3485d2,ANE78RT,1
4cae9e,RYR54RF,1
4cae4c,RYR2SB,1
4ca569,RYR54RF,1
4cae4c,RYR54RF,1
347601,VLG26YA,1
34768d,VLG42VA,3
342582,VLG8GY,1
345359,VLG79XJ,2
3443d1,VLG3YF,1
347696,VLG91TT,1
344644,VLG8GY,1
3443d3,VLG3YF,1
344697,VLG26YA,1
348204,VLG91TT,1
347696,VLG3YF,2
344694,VLG404P,1
342397,VLG26YA,1
34768e,VLG8GY,1
34538d,VLG79XJ,1
347690,VLG91TT,2
348204,VLG42VA,2
345043,VLG79XJ,1
345107,VLG8GY,2
346692,VLG26YA,1
344691,VLG26YA,1
345107,VLG77BP,1
342398,VLG3YF,1
345084,VLG77BP,1
345116,VLG9XJ,1
344158,VLG8GY,1
345108,VLG91TT,1
347690,VLG8GY,1
342396,VLG42VA,1
346691,VLG26YA,1
348204,VLG3YF,1
4ac9ec,SAS37Y,1
4aca92,NSZ3LZ,1
4aca90,NSZ2VJ,1
4cadf0,RYR51DF,1
4caa58,RYR51DF,1
4cac23,RYR51DF,1
4aca4f,NSZ5352,1
4cae8e,SAS37Y,1
4ac9f5,SAS37Y,1
4aca13,NSZ5352,1
47ba78,SAS37Y,1
4aca13,NSZ3LZ,1
4cad2a,RYR51DF,1
4aca4f,NSZ3LZ,1
4d24b1,WZZ7166,1
4ca622,RYR90LR,1
4ca24f,RYR90LR,1
4d251b,RYR90LR,1
471dc1,WZZ7166,1
4d2271,RYR90LR,1
347309,AEA54HL,1
344216,AEA17SB,1
4d207c,RYR48DL,1
347306,AEA17SB,2
347481,AEA54HL,1
34604d,AEA54HL,1
346183,VLG3FW,1
348208,VLG3FW,1
344459,AEA17SB,1
34750a,AEA54HL,1
34258f,VLG3FW,1
48c130,RYR48DL,1
346083,AEA54HL,1
347307,AEA17SB,1
34604d,AEA17SB,1
3453c1,AEA54HL,1
342398,VLG3FW,1
34750a,AEA17SB,1
4ca854,RYR48DL,1
348207,VLG3FW,1
345218,AEA54HL,1
4854cf,TRA21Q,2
34768d,VLG1377,2
48683e,TRA29Q,1
3443d3,VLG57HZ,1
48520b,TRA94A,1
485009,TRA29Q,1
4867b0,TRA21Q,2
348204,VLG1377,3
4868b9,TRA21Q,1
4867b0,TRA29Q,1
485123,TRA29Q,1
48683e,TRA21Q,1
345108,VLG57HZ,2
4868ba,TRA29Q,1
48683e,TRA94A,1
3451d3,VLG1377,1
486494,KLM1540,1
345108,VLG1377,1
486804,KLM1540,1
48520d,TRA21Q,1
48663e,TRA61Z,1
4cad11,RYR13ZD,1
4d2346,RYR51SY,1
48520d,TRA6A,1
4854cd,TRA26F,2
4cadf2,RYR51SY,1
484c59,TRA6A,1
485061,TRA6A,1
4cade2,RYR13ZD,1
4ca9c3,RYR51SY,1
4854cd,TRA6A,1
48520d,TRA26F,1
4cae49,RYR51SY,1
484506,TRA26F,1
484506,TRA6A,1
4ca243,RYR51SY,1
48520c,TRA6A,1
484c59,TRA26F,1
4ca854,RYR51SY,1
4cadf2,RYR13ZD,1
4cad11,RYR51SY,1
48414d,TRA26F,1
48414d,TRA6A,1
4cad11,RYR67AU,1
4aca0b,NSZ37A,2
4cae75,SAS2814,1
4cadb8,RYR67AU,1
4aca92,NSZ5372,1
4acaa3,SAS2814,1
4aca46,NSZ5372,1
4d2387,RYR67AU,1
4aca46,NSZ37A,2
4d2271,RYR67AU,1
4caf7e,SAS2814,1
4aca4f,NSZ5372,1
4cad87,SAS2814,1
4cad91,SAS37Y,1
39a054,ARL563Y,2
484f6d,TRA39U,1
484b6e,TRA77Q,1
484f6c,TRA39U,2
484c9b,TRA77Q,1
484f6d,TRA77Q,1
4853d2,TRA77Q,1
48520c,TRA39U,1
4853d3,TRA39U,1
484186,TRA77Q,1
485123,TRA77Q,1
484b6e,TRA39U,1
4854cf,TRA77Q,1
4d2303,RYR94HL,1
4cae49,RYR94HL,1
48c2ab,RYR94HL,1
4d2236,RYR94HL,1
48c130,RYR94HL,1
4cae54,RYR94HL,1
3442cc,ANE45ZE,1
4cad11,RYR4XX,1
44068e,LDX10C,8
4d251b,RYR4XX,1
343694,ANE45ZE,3
4d2271,RYR4XX,1
4d2301,RYR4XX,1
3444ca,VLG5CX,1
39de47,TVF44ZT,1
39de4a,TVF4705,1
347696,VLG7VK,1
34454a,VLG5CX,1
3472c3,VLG7VK,1
34768f,VLG7VK,1
343046,VLG5CX,1
39de45,TVF85NQ,1
34768f,VLG5CX,2
3430cc,VLG7VK,1
347690,VLG7VK,1
347690,VLG5CX,1
39de48,TVF85NQ,1
39de53,TVF44ZT,1
3424d4,VLG7VK,1
3964ec,TVF44ZT,1
3964ea,TVF85NQ,1
342398,VLG8318,1
39de4d,TVF44ZT,1
3430cc,VLG5CX,1
345206,VLG7VK,1
4d225d,RYR68NU,1
4cae54,RYR68NU,1
4cade2,RYR9034,1
4d2382,RYR9034,1
4cadf2,RYR9034,1
4cadfd,RYR1VL,1
4cae4c,RYR9034,1
4cade2,RYR86XC,2
4cadc2,RYR8MP,1
4d2287,RYR86XC,1
4d24b5,WMT7CK,1
4cad11,RYR8MP,1
4cad11,RYR86XC,1
4cadfd,RYR86XC,1
4d251d,RYR8MP,1
4d200c,WMT7CK,1
4cadf2,RYR8MP,1
4cadf2,RYR86XC,1
4cade2,RYR23TK,1
48c232,RYR23TK,1
4cad3d,RYR8809,1
4d24ea,RYR23TK,1
4d2346,RYR84ND,1
4d220a,RYR84ND,1
48c228,RYR84ND,1
4d2247,RYR84ND,1
4d2240,RYR84ND,1
4cadef,RYR261K,1
471f36,WZZ338,2
4d2219,RYR261K,1
471dba,WZZ338,1
48c12c,RYR261K,1
4cadf2,RYR261K,1
471d60,WZZ338,1
4d2236,RYR261K,1
4cad11,RYR261K,1
341207,XTX110,1
4d23fc,RYR8524,1
4cae90,RYR50YU,1
4d2346,RYR50YU,1
4d2346,RYR8524,1
4d2502,RYR50YU,1
4ca243,RYR50YU,1
4ca259,RYR50YU,1
34768d,VLG58FB,1
485061,TRA91J,1
44d1c2,JAF1YA,1
347696,VLG41PY,1
34768e,VLG41PY,1
44cc43,BEL5VB,1
44d1a5,JAF1YA,1
44cc42,BEL5VB,1
44d1a7,JAF1YA,1
345107,VLG41PY,1
39d30d,TRA91J,1
485122,TRA9X,1
4854c7,TRA91J,1
449682,JAF1YA,2
3424d4,VLG41PY,3
44cdc6,BEL5VB,1
3424d4,VLG58FB,1
39d308,TRA91J,1
44a838,JAF1YA,1
44d076,BEL5VB,1
449682,JAF9CH,1
34768e,VLG58FB,1
44ce6c,BEL1WW,1
484186,TRA9X,1
44d1a2,JAF9CH,1
44d1a2,JAF1YA,1
4ca24f,RYR225J,1
348404,ECONU,1
4ca569,RYR225J,1
4cad2b,RYR225J,1
3e4719,PAV651,3
4cadf2,RYR225J,1
4d2212,RYR225J,1
345597,ANE3007,1
4d204a,WZZ5778,2
4cae49,RYR6UL,1
471fa1,WZZ5778,2
4cad11,RYR6UL,1
471f3d,WZZ5778,1
49d387,AAN131,3
4caf35,RYR6UL,1
4cae51,RYR6UL,1
4d242d,WZZ5778,1
4caf27,RYR6107,1
4d206c,WZZ5778,1
4d2271,RYR6UL,1
4cae6c,RYR29KA,1
48c1a9,RYR29KA,1
4cac84,RYR29KA,1
4cade7,RYR29KA,1
424c98,MABTE,19
4cae49,RYR62PB,1
4caf27,RYR35VA,1
4ca24f,RYR35VA,1
4cadf2,RYR35VA,1
4cad11,RYR35VA,1
4d2236,RYR35VA,1
4caf27,RYR75WQ,1
4caf27,RYR21KV,2
4d2218,RYR6306,1
4cad3c,RYR21KV,3
4d2279,RYR75WQ,1
4ca646,RYR75WQ,1
4ca622,RYR6306,1
4cac88,RYR75WQ,1
4ca9aa,RYR6306,1
4d2504,RYR75WQ,1
4cadf9,RYR21KV,1
4ca704,RYR75WQ,1
4cac7f,RYR21KV,1
4cac7f,RYR75WQ,1
4cae54,RYR6306,1
4d204b,WMT1690,2
4ca2c1,RYR29YW,1
4ca9c3,RYR29YW,1
471f71,WMT1690,1
4ca2c0,RYR29YW,1
4d24b5,WMT1690,1
4cadf2,RYR29YW,1
4ca27c,RYR29YW,1
4cae60,RYR464Q,1
4cac24,RYR96KY,1
4cade4,RYR96KY,1
4cadc2,RYR96KY,1
4cad11,RYR96KY,1
4cae49,RYR96KY,1
4ca7b6,RYR464Q,1
4cad3f,RYR464Q,1
4ca854,RYR96KY,1
48c130,RYR52BR,1
4cad2b,RYR96KY,1
4cae4c,RYR464Q,1
48c122,RYR367E,1
4cae51,RYR367E,1
4ca24f,RYR7579,1
48c130,RYR367E,1
4caf27,RYR367E,2
4d240b,EWG99DD,1
4d2406,EWG99DD,1
4d236c,RYR24VB,1
4cad11,RYR24VB,1
4d240e,EWG77BA,1
4ca621,RYR83ZU,1
3cea40,QAJ1,6
4caf27,RYR24VB,1
4cadf2,RYR24VB,1
4d226e,RYR83ZU,1
4cad12,RYR83ZU,1
3c5eea,EWG77BA,1
4d2304,RYR24VB,1
4d22c1,RYR83ZT,1
4cac84,RYR83ZT,1
4d22ba,RYR83ZT,1
4d22ad,RYR17JU,1
4d22b6,RYR83ZT,1
4d248d,WZZ6VR,2
48c26c,RYR660C,1
48c225,RYR660C,2
48c26c,RYR87JP,1
3c4b4c,EWG5JM,1
3c49d5,EWG5JM,1
3c4b4e,EWG5JM,1
3c4906,EWG5JM,1
3c5ee3,EWG5JM,1
344644,VLG9RC,1
347696,VLG9RC,1
346184,VLG9RC,1
348204,VLG9RC,1
34768e,VLG9RC,1
3451d3,VLG9RC,1
44d1c2,JAF2YH,1
44b438,JAF2YH,3
449682,JAF9AT,1
449683,JAF2YH,1
48c1a5,RYR32LL,1
4d207c,RYR9WL,1
4cae90,RYR32LL,1
4d2217,RYR32LL,1
4cae49,RYR32LL,1
4caf27,RYR9WL,1
4d2236,RYR32LL,1
4cae54,RYR32LL,1
4caf35,RYR32LL,1
48c230,RYR64EE,1
48e9f2,RYR64EE,1
3475c9,EVE131P,1
34530e,ANE23UQ,2
345250,ANE62AP,1
345687,ANE82FC,1
348402,ANE37VA,1
345597,ANE62AP,2
345615,ANE35XN,1
3451da,ANE37VA,1
342213,INI322H,1
3483da,ANE35XN,1
3452c7,ANE62AP,1
34604b,ANE23UQ,1
34530d,ANE35XN,1
3452c8,ANE82FC,1
34604c,ANE62AP,1
345698,ANE37VA,1
345597,ANE35XN,1
345698,ANE82FC,1
3452c7,ANE37VA,1
344197,ANE35XN,1
344445,EVE110P,2
342592,VLG8RL,1
344445,EVE112P,2
3451d8,ANE2033,1
3451d8,ANE2031,1
344156,VLG8RL,1
3424d1,VLG8RL,1
346188,VLG8RL,1
346692,VLG8RL,1
344445,EVE7212,1
3442cb,ANE2286,1
4d247c,ANE42SD,1
4d247c,ANE30BT,1
3483d9,ANE73WK,5
3483d9,ANE30BT,4
4d247c,ANE73WK,1
3c4ec7,BCS5GU,1
3c68cb,BCS1491,1
440058,BCS5GU,1
3c542a,BCS1491,1
3c5424,BCS1491,1
440189,BCS5GU,1
3c5422,BCS1491,1
3c5432,BCS5GU,1
3c5423,BCS1491,1
440059,BCS5GU,1
3c542e,BCS5GU,1
39e698,AFR13YP,1
486897,KLM1411,3
39e695,AFR85MR,1
3991e5,AFR24UV,1
394c09,AFR28RP,1
39e682,AFR1641,1
485a34,KLM85B,1
486742,KLM1403,1
39bdb3,AFR98ZZ,1
39bdb7,AFR84YF,1
39d30a,TVF12GR,1
440c1b,TAY9MS,3
3991e8,AFR73JY,2
392ae9,AFR31XQ,1
39bdb7,AFR31XQ,1
39bdb4,AFR1641,1
39bda2,AFR85MR,1
39de40,TVF12GR,1
39e695,AFR24UV,1
392ae8,AFR73JY,1
486897,KLM1403,1
486651,KLM85B,1
393322,AFR28RP,1
39bda0,AFR98ZZ,1
392af0,AFR84YF,1
4d20e6,VJT467,3
3964f3,TVF12GR,1
39bda4,AFR31XQ,1
39bda0,AFR13YP,1
39bda2,AFR24UV,2
3980e0,IXR701,2
39bdb2,AFR98ZZ,1
3991e8,AFR28RP,2
4867c2,KLM1403,1
486836,KLM1411,1
486836,KLM85B,2
39bdb1,AFR1641,1
39e687,AFR85MR,1
485209,TRA60J,1
39bda3,AFR98ZZ,1
39bda0,AFR1641,1
39bb20,AFR28RP,1
39e68a,AFR84YF,1
3985a6,AFR13YP,1
4867c3,KLM1403,1
39bda6,AFR85MR,1
39e684,AFR31XQ,1
394c0c,AFR73JY,1
392aed,AFR24UV,1
39bda9,AFR31XQ,1
486651,KLM1403,3
39e691,AFR98ZZ,1
39e695,AFR28RP,1
39de4d,TVF12GR,1
49d006,TVS475F,1
39856b,AFR85MR,1
39bdb1,AFR84YF,1
486898,KLM1411,2
39bdb0,AFR1641,2
398561,AFR9372,1
39bdb7,AFR13YP,1
39bb20,AFR31XQ,1
484556,KLM85B,1
39856a,AFR98ZZ,1
394c18,AFR85MR,1
39bda3,AFR13YP,1
39bdb1,AFR73JY,1
39bda4,AFR84YF,1
39bdae,AFR24UV,2
3964f8,TVF12GR,1
39bb20,AFR84YF,1
39bda1,AFR13YP,1
486741,KLM1411,1
39e682,AFR31XQ,1
3950cd,AFR28RP,1
486898,KLM85B,1
39e681,AFR1641,1
39bdb0,AFR85MR,1
3991e6,AFR73JY,1
4cadba,RYR66SP,2
4867eb,TRA36M,1
48663e,TRA17H,1
344698,VLG7HQ,1
4ac8cc,EUW9840,2
4868ba,TRA60J,1
44034b,EJU97EY,1
4868b9,TRA60J,1
4cad54,RYR66SP,1
4853d4,TRA36M,1
34560d,VLG45HH,3
4866e0,TRA17H,1
346088,VLG7HQ,1
440172,EJU97EY,2
484131,KLM33A,1
4854c7,TRA17H,1
484186,TRA60J,1
48c2b9,RYR66SP,1
345642,VLG7HQ,1
440172,EJU45DX,1
4868e2,TRA17H,1
4854cf,TRA36M,1
440735,EJU97EY,1
345646,VLG7HQ,1
4cae63,RYR66SP,1
346088,VLG45HH,1
485123,TRA60J,1
4cae96,RYR8KJ,1
4866de,TRA15H,1
48415e,KLM33A,1
440c38,EJU45DX,1
4866de,TRA60J,1
4d207c,RYR66SP,1
4d2302,RYR8KJ,1
4868b9,TRA17H,1
345646,VLG45HH,1
344691,VLG45HH,1
4867eb,TRA60J,1
4841a6,KLM33A,1
48520d,TRA4K,1
48ea4d,RYR66SP,1
3c6583,DLH9A,1
3c1aeb,KLM57D,2
4855d2,KLM1821,1
4852f5,KLM1817,1
3c6585,DLH3A,1
3009b8,DLA1A,1
3c4dc4,DLH4A,1
4852f5,KLM1821,1
3c6589,DLH3A,1
3009b3,DLA1A,1
485814,KLM53T,1
3c658d,DLH5A,2
485779,KLM1817,1
3c6585,DLH9A,1
3c4dcb,DLH4A,1
71be24,KAL517,1
3c01c3,KLM57D,1
3c644a,DLH3A,1
3c4dc6,DLH9A,1
8965b9,UAE9903,1
3009b7,DLA1A,1
4852f5,KLM53T,1
3c6448,DLH4A,1
3cf571,PAV604,1
485207,KLM1821,1
3c5db0,KLM57D,3
485871,KLM1817,1
3c1459,KLM57D,1
3c6445,DLH3A,1
4855d2,KLM53T,1
3c6655,DLH9A,1
485206,KLM1817,1
48548d,KLM1821,1
3c4dcc,DLH4A,1
486492,KLM1817,1
780a1d,CPA2066,1
3c66e1,DLH9A,1
3c6441,DLH5A,1
3009b2,DLA1A,2
484bd1,KLM1821,1
847517,NCA055,1
3e52f8,MCK311,3
3c6637,DLH5A,1
4853f4,KLM53T,1
3c6444,DLH9A,1
3c4dd4,DLH3A,1
4855d2,KLM95Y,1
3c5db0,KLM1821,2
3c6585,DLH4A,1
485874,KLM1817,1
896614,UAE9388,1
3c6584,DLH4A,1
3c4dd7,DLH9A,1
484c53,KLM95Y,1
485873,KLM1817,1
3006b5,DLA1A,1
4855d1,KLM53T,1
3c66ea,DLH5A,1
3e4af1,DITOR,6
484131,KLM37J,1
3c4dc8,DLH4NH,1
484b8f,KLM83R,1
3c674e,DLH9WL,2
3c64aa,DLH1HV,1
300394,DLA5KC,2
484130,KLM63J,1
3c4dd2,DLH8MM,1
4855d0,KLM47X,1
4855d0,KLM1849,1
3c675a,DLH2EM,1
4852f5,KLM47X,1
3c6597,DLH8MM,1
3c66a8,DLH9WL,1
3c66a8,DLH1HV,1
484b8f,KLM37J,1
485874,KLM1849,1
3c4dd0,DLH4NH,1
48415f,KLM63J,2
3c4dd2,DLH2EM,1
4852f5,KLM1849,1
3c49b7,BMW72,1
484cb4,KLM37J,1
3c6757,DLH1HV,1
3c65d2,DLH9WL,1
48415e,KLM83R,2
3c4dc2,DLH8MM,1
48548e,KLM47X,1
485871,KLM47X,1
3c644e,DLH2EM,1
484b8f,KLM63J,1
3c644d,DLH8MM,1
484f06,KLM83R,1
3c66b0,DLH4NH,1
484b90,KLM37J,1
3c66af,DLH1HV,1
3c675a,DLH9WL,1
484cc3,KLM47X,1
4864ec,KLM1849,1
484556,KLM37J,1
3c6582,DLH8MM,1
3c4dd0,DLH2EM,1
3474cb,BCS38L,1
3c644c,DLH4NH,1
3c66a6,DLH1HV,1
3c6451,DLH2EM,1
48415f,KLM37J,1
484cc2,KLM47X,2
485875,KLM1857,1
3c66a6,DLH4NH,1
3c66a3,DLH1HV,2
4400ff,JVW119,5
3c01c3,KLM1849,1
3c4dcd,DLH8MM,1
486494,KLM83R,1
3c6750,DLH9WL,1
485a34,KLM63J,1
3c65d1,DLH9WL,1
484b32,KLM37J,1
48415f,KLM1857,1
484c54,KLM1849,1
3c6590,DLH8MM,1
3c4439,DAAAY,4
3c6451,DLH4NH,1
484131,KLM87P,1
48663e,TRA34Z,1
344156,VLG8WR,1
344156,VLG15GH,1
346692,VLG1QH,1
484161,KLM41H,1
48683f,TRA33Q,1
345108,VLG21UU,2
346691,VLG9WB,1
342581,VLG8307,1
486836,KLM93Z,1
485a33,KLM71Z,1
485a33,KLM41H,1
4867eb,TRA33Q,1
345248,VLG1QH,2
345108,VLG8WR,2
345108,VLG15GH,2
345398,VLG8307,1
4867c2,KLM93Z,1
484161,KLM87P,1
4867eb,TRA34Z,1
344697,VLG71QP,1
486740,KLM93Z,2
348206,VLG1QH,1
484555,KLM87P,1
3451d5,VLG8WR,1
3451d5,VLG15GH,1
484133,KLM71Z,2
48415f,KLM87P,1
485a32,KLM41H,1
344691,VLG15GH,1
34744c,VLG9WB,1
4868b9,TRA34Z,1
346692,VLG9WB,1
48415f,KLM41H,1
347696,VLG21UU,1
484556,KLM87P,1
342581,VLG1QH,1
486741,KLM93Z,1
48520b,TRA5135,1
346090,VLG71QP,1
4853d4,TRA34Z,1
34535a,VLG8307,1
06a1ec,QTR8815,1
484131,KLM71Z,1
48415e,KLM71Z,1
345645,VLG8WR,1
345645,VLG15GH,1
485061,TRA5135,1
344158,VLG8307,1
345359,VLG1QH,1
484cb4,KLM69C,1
491311,NJE621T,1
4867c0,KLM93Z,1
484130,KLM87P,1
3444cf,VLG21UU,1
3444cf,VLG71QP,1
484133,KLM69C,1
346184,VLG8307,1
346184,VLG8315,1
345645,VLG71QP,1
4866de,TRA33Q,1
4867c1,KLM93Z,1
484160,KLM87P,1
347696,VLG8WR,1
347696,VLG15GH,1
484ee5,KLM41H,1
3444d1,VLG1QH,1
4d224c,RYR59JE,1
484fdf,KLM1135,1
4d2519,RYR5506,1
4d220c,RYR59JE,1
4d225e,RYR12UM,2
484165,KLM63W,3
4cad28,RYR5299,1
4d228a,RYR71RJ,1
4ca92d,EIN60Y,1
4ca281,EIN605P,1
484f18,KLM43Y,1
4ca837,EIN603,1
4cadf8,RYR85GU,1
484130,KLM1145,1
4cad7c,EIN611,3
4d225d,RYR12UM,1
4ca63a,EIN60Y,1
4ca27f,EIN605P,1
48c1a7,RYR71RJ,1
484442,KLM1145,1
486741,KLM43Y,2
4ca63b,EIN603,1
4864ea,KLM1135,1
4d2235,RYR85GU,1
4cad7a,EIN611,1
48c139,RYR85GU,1
4ca935,EIN605P,1
484161,KLM1145,1
4ca295,EIN60Y,2
4ca2cb,EIN603,1
4cad3f,RYR12UM,1
48c22d,RYR71RJ,1
4ca7b6,RYR59JE,1
484558,KLM63W,1
485a32,KLM1135,1
486836,KLM43Y,1
484558,KLM1135,1
4cad7d,EIN611,3
4ca640,EIN60Y,1
4ca216,EIN603,1
4d225e,RYR85GU,1
4ca76f,EIN605P,1
484b90,KLM1145,1
4ca625,RYR71RJ,1
4ca293,EIN605P,1
4ca741,RYR5299,1
4cae60,RYR59JE,1
48418a,KLM1135,1
4ca5c8,EIN60Y,1
4cad0f,RYR71RJ,1
4ca737,RYR85GU,1
4ca2c9,EIN603,1
484f06,KLM1145,1
484130,KLM63W,1
4cae4b,RYR12UM,1
484cb4,KLM43Y,1
4ca622,RYR59JE,1
486742,KLM43Y,2
484c54,KLM63W,1
484b8f,KLM1135,1
4ca836,EIN603,1
4ca251,RYR71RJ,1
4ca294,EIN605P,1
4ca566,RYR85GU,1
4867c0,KLM1145,1
4cadf0,RYR12UM,1
4ca703,RYR12UM,1
48415f,KLM1135,1
4ca293,EIN603,1
4ca836,EIN605P,1
4ca2c9,EIN60Y,1
4ca566,RYR59JE,1
4ca566,RYR71RJ,1
484bd1,KLM63W,1
48c234,RYR85GU,1
4867c3,KLM1145,1
484166,KLM25J,1
486897,KLM55C,1
484fdf,KLM39F,1
4867c2,KLM79C,1
4ab821,NSZ541B,1
440018,EJU7937,1
4cabdb,SAS48D,1
4caf82,SAS554,2
4caf82,SAS62L,2
4ac9f3,SAS42R,1
48418d,KLM31K,1
484c24,KLM1271,1
48455d,KLM55C,1
4864ed,KLM1271,1
484558,KLM31K,1
45ac50,SAS42R,3
486836,KLM79C,2
4acab2,SAS550,1
4cacbd,SAS48D,1
486804,KLM1271,2
484f06,KLM25J,1
4aca90,NSZ541B,1
4ac9f4,SAS550,1
4867c1,KLM55C,1
484ee5,KLM39F,1
896615,UAE9746,1
484162,KLM31K,1
440c38,EJU7935,1
486651,KLM79C,1
4cad41,SAS554,1
4cad41,SAS62L,1
484131,KLM31K,1
485a35,KLM39F,1
4caf24,SAS48D,2
47ba78,SAS550,1
4cad91,SAS554,1
486803,KLM1271,2
4aca12,NSZ541B,1
486742,KLM79C,1
484555,KLM25J,1
4ac9e2,SAS550,1
4cafcd,SAS62L,1
485a33,KLM39F,1
484966,KLM25J,1
485a35,KLM55C,1
45ac54,SAS42R,1
4aca93,NSZ541B,1
896615,UAE9754,1
4ca660,SAS48D,1
4867c4,KLM79C,1
440172,EJU7937,2
484166,KLM31K,2
484555,KLM31K,1
484c50,KLM95B,1
484fdf,KLM25J,1
486651,KLM39F,1
4caf14,SAS48D,1
4ac9e9,SAS554,1
4852f6,KLM55C,1
4aca50,NSZ541B,1
45ac30,SAS62L,1
4867c1,KLM79C,1
4ac9e4,SAS62L,1
486740,KLM39F,1
484558,KLM25J,1
4841a6,KLM55C,1
484c1b,KLM1271,1
4caf24,SAS42R,1
484166,KLM1597,1
48418c,KLM89Q,1
48415e,KLM99D,1
48418a,KLM33J,1
4864ee,KLM39K,1
4ca81d,EJU61EY,1
4ca81d,EJU96XU,2
440c35,EJU54RD,1
300a3a,ITY113,1
4cada8,ITY121,1
300a3b,ITY113,1
484162,KLM1597,1
484132,KLM89Q,1
484b90,KLM99D,1
484160,KLM33J,1
4caf1e,ITY121,2
44034b,EJU54RD,3
486495,KLM39K,2
4caf1d,ITY121,1
4cae12,ITY113,1
484cb7,KLM99D,1
484cb4,KLM1597,1
485e32,FYG83GW,1
484166,KLM33J,1
484165,KLM89Q,1
440735,EJU54RD,1
4caefe,ITY113,2
4caefe,ITY121,1
484ee4,KLM89Q,1
484132,KLM1597,1
486802,KLM99D,1
486954,KLM39K,1
4ca85b,EJU61EY,2
48418c,KLM33J,2
4ca85b,EJU96XU,2
484556,KLM33J,1
4caf1c,ITY113,1
484f18,KLM1597,1
486741,KLM89Q,1
486492,KLM39K,1
486953,KLM99D,1
440172,EJU54RD,1
4caab4,ITY121,1
4400b3,EJU54RD,1
48415e,KLM39K,1
484fdf,KLM1597,1
4cadea,ITY113,1
484161,KLM33J,1
4406f0,EJU61EY,1
486495,KLM99D,2
484558,KLM89Q,1
48415e,KLM1597,1
4cade8,ITY121,1
484130,KLM89Q,1
4864ea,KLM39K,1
485e31,FYG23W,1
4ca82e,EJU61EY,1
486740,KLM57C,1
4867c2,KLM59M,1
44029f,AUA312,1
44065b,AUA31S,1
48415e,KLM1905,1
440607,AUA30P,2
44082b,AUA31J,1
440820,AUA312,2
440604,AUA31S,1
4867c3,KLM57C,1
490d0a,NJE475F,1
486741,KLM59M,1
44004f,AUA30P,1
440609,AUA31J,1
484cb4,KLM1905,1
44001c,AUA312,1
44022d,AUA31S,1
486897,KLM57C,2
484166,KLM1905,2
44029f,AUA30P,1
44065b,AUA31J,1
440607,AUA31S,1
440668,AUA30P,1
4867c4,KLM59M,1
485a33,KLM1905,1
4408df,AUA312,1
486740,KLM59M,1
484555,KLM57C,1
440669,AUA31S,1
440669,AUA30P,1
440668,AUA31J,1
44004f,AUA314,1
484131,KLM1905,1
44022d,AUA312,1
4867c3,KLM59M,1
4841a6,KLM57C,1
44001a,AUA31S,1
484c1b,KLM1909,1
486740,KLM69H,1
486651,KLM23N,1
4867c1,KLM89E,1
461fa5,FIN9AD,1
461f63,FIN2EG,1
4867c3,KLM69H,2
461f50,FIN9AD,1
461f6d,FIN2EG,1
486651,KLM89E,2
461fa8,FIN9AD,1
486897,KLM69H,1
461f6e,FIN2EG,1
4867c3,KLM23N,1
461f49,FIN9AD,1
4867c2,KLM23N,1
486742,KLM89E,1
461fa8,FIN2EG,1
461fa2,FIN9AD,1
4867c1,KLM69H,1
461f9d,FIN2EG,1
486741,KLM89E,1
486897,KLM23N,1
461fa7,FIN9AD,1
485a33,KLM69H,1
461f9a,FIN2EG,2
4867c4,KLM89E,1
4867c4,KLM23N,1
486651,KLM69H,1
486741,KLM23N,1
461fa3,FIN9AD,1
3c01c3,KLM59F,2
484f80,KLM35U,1
3c1aeb,KLM71F,3
3c1459,KLM25X,3
485876,KLM35U,1
3c5db0,KLM25X,1
3c01c3,KLM71F,2
493290,NJE3HZ,2
4853f4,KLM35U,1
3c1aeb,KLM59F,1
48548c,KLM35U,1
485064,KLM35U,1
3c5db0,KLM59F,2
484cc3,KLM35U,1
484c51,KLM25X,1
3c6d43,KLM59F,1
3c5db0,KLM71F,2
484bd1,KLM25X,1
485779,KLM35U,1
3c01c3,KLM1801,5
485873,KLM15Z,2
3c1aeb,KLM1805,1
4855d2,KLM13H,1
48548e,KLM1799,1
3c1aeb,KLM1801,2
485814,KLM13H,1
484cc3,KLM1799,1
484c51,KLM15Z,1
4852f5,KLM15Z,1
485875,KLM1799,1
3c01c3,KLM1805,5
484b32,KLM13H,1
485814,KLM1799,1
48548e,KLM15Z,1
484c50,KLM1799,1
484c50,KLM13H,1
484b32,KLM15Z,1
48548c,KLM13H,1
484b31,KLM1799,1
485876,KLM13H,1
3c6d43,KLM15Z,1
485206,KLM1799,1
3c01c3,KLM1827,3
48548d,KLM67N,1
485207,KLM57T,1
4852f4,KLM87E,1
3c1aeb,KLM1827,2
485873,KLM67N,1
4864ed,KLM87E,1
484f80,KLM67N,1
484f80,KLM87E,1
485814,KLM57T,1
4868ba,TRA091,1
485779,KLM67N,1
48548c,KLM57T,1
484c50,KLM87E,1
484bd1,KLM67N,1
484c53,KLM87E,1
485876,KLM57T,1
484bd1,KLM51T,1
486484,KLM87E,1
484c51,KLM67N,1
3c01c3,KLM87E,1
484cc3,KLM51T,1
485874,KLM57T,1
4ac9f8,SAS1558,1
4867c1,KLM63Y,1
484b90,KLM59U,1
4868a6,KLM23V,1
484cb4,KLM91Y,1
4acb01,NSZ2039,1
4ac9e7,SAS1556,1
4cad97,SAS72C,3
4864ed,KLM1225,1
3cc108,SFG55B,4
4ac9f3,SAS1556,2
484966,KLM59U,1
48418a,KLM91Y,2
4867c1,KLM1225,1
486742,KLM63Y,1
486804,KLM23V,1
48415e,KLM23A,1
4ac9ec,SAS1558,1
484130,KLM23A,2
4cac9f,SAS1558,2
484442,KLM91Y,1
4867c3,KLM1225,1
486954,KLM23V,1
48418c,KLM59U,1
4ac9f9,SAS72C,1
4867c4,KLM63Y,1
484131,KLM23A,1
486651,KLM1225,1
484166,KLM91Y,1
48418b,KLM63Y,1
4ac9e5,SAS1556,1
4cae8e,SAS1558,1
4acb04,NSZ2039,2
484555,KLM59U,1
48418c,KLM23A,1
4867c3,KLM63Y,1
48418b,KLM59U,1
486836,KLM1225,1
47bb0a,SAS1556,1
486802,KLM23V,1
484ee4,KLM91Y,1
484ee5,KLM1225,1
4acb02,NSZ2039,1
4ac9e5,SAS72C,1
490d84,NJE217T,1
4cac8a,SAS1558,1
486741,KLM63Y,1
486741,KLM59U,1
4cad93,SAS1556,1
4864ed,KLM59U,1
484166,KLM23A,1
4cafd8,SAS99L,1
4867c0,KLM63Y,1
484cc2,KLM1793,1
484bd1,KLM1787,1
484c51,KLM1791,1
4855d2,KLM1793,1
48548c,KLM1791,1
485814,KLM1791,1
485875,KLM1793,1
484cc3,KLM1787,1
48548e,KLM1787,2
485873,KLM1793,1
485873,KLM1791,1
4853f4,KLM1793,1
48548d,KLM1791,1
484b32,KLM1787,1
4852f5,KLM1793,1
48548e,KLM1791,1
4852f5,KLM1791,1
48548c,KLM1787,1
48548e,KLM1793,1
484cc2,KLM1283,1
3c1459,KLM1285,6
48548c,KLM45B,1
3c5db0,KLM91K,1
47875c,NOZ9JL,1
3c5db0,KLM1285,1
485875,KLM1283,1
485779,KLM45B,2
3c1459,KLM91K,6
484c1b,KLM1283,1
484cc3,KLM45B,1
4852f4,KLM1283,1
4853f4,KLM45B,2
4852f5,KLM1283,1
4855d2,KLM1283,1
484c53,KLM45B,1
485207,KLM1283,1
4854cf,TRA47Q,1
4400b3,EJU7987,1
4866e0,TRA75X,1
48663e,TRA47Q,2
48683f,TRA47Q,1
48683f,TRA75X,1
485009,TRA75X,1
4854c7,TRA47Q,1
440c35,EJU7987,1
4866e0,TRA23N,1
4866ee,TRA75X,1
4866de,TRA47Q,1
4866ed,TRA23N,1
4868b9,TRA75X,1
4868ba,TRA6731,1
485876,KLM21B,1
48548c,KLM1763,2
485779,KLM38M,1
48548d,KLM1763,1
485778,KLM38M,2
484f80,KLM21B,1
485206,KLM38M,1
484c54,KLM21B,1
4852f5,KLM38M,1
4855d0,KLM21B,1
4855d0,KLM1763,1
4852f4,KLM21B,1
4853f4,KLM1763,1
484c50,KLM1761,1
484cc2,KLM38M,1
4852f6,KLM21B,1
4861d4,PHLGD,5
485874,KLM21B,1
34530c,AEA23SK,1
48415f,KLM75V,1
348541,AEA76ZP,4
348401,ANE314G,1
3485d2,ANE1344,1
484160,KLM31H,1
484558,KLM45H,2
3472cc,IBE07SR,1
346204,IBE07VR,1
484556,KLM77G,1
484132,KLM31H,1
345250,ANE1344,1
34608f,IBE07DK,1
347349,AEA23SK,1
484133,KLM75V,1
346316,IBE07SR,1
344481,IBE07VR,1
484130,KLM77G,2
48415e,KLM45H,1
344449,IBE07DK,1
345388,ANE1344,2
48418a,KLM75V,1
484b90,KLM45H,1
348441,AEA76ZP,1
3420cb,IBE07VR,1
484165,KLM31H,1
34615a,AEA23SK,1
34660b,IBE07SR,1
484162,KLM31H,1
348085,AEA76ZP,1
3c71a7,BCS6725,1
3475d5,IBE07SR,1
34530d,ANE1344,1
347219,IBE07VR,1
3462c9,AEA23SK,1
347287,IBE07DK,1
485a33,KLM45H,1
34530e,ANE1344,1
34608f,IBE07SR,1
348412,AEA76ZP,1
344449,IBE07VR,1
484162,KLM77G,2
346499,IBE07DK,1
484165,KLM45H,1
484557,KLM31H,1
484fdf,KLM75V,1
347605,AEA23SK,1
484556,KLM33K,1
344648,IBE07VR,1
34604b,ANE1344,1
345251,AEA23SK,1
346499,IBE07SR,1
48418b,KLM45H,1
484559,KLM31H,1
346204,IBE07DK,1
484f18,KLM75V,1
34444b,IBE07VR,1
347692,AEA23SK,1
48415e,KLM33K,1
3c5430,BCS6725,1
484555,KLM31H,1
3475d5,IBE07DK,1
4867c2,KLM77G,1
346147,IBE07SR,1
4bb2a5,TKJ5TN,1
4bb721,MNB150,1
4bb296,TKJ1GD,2
4bb10a,THY2KB,1
4bb1e4,THY7WS,1
4bc849,PGT4HX,1
485a34,KLM1959,1
4bc894,PGT882N,1
4ba9d2,THY9TY,2
4bb879,PGT976F,1
4bb296,TKJ5TN,1
4b906c,PGT976F,1
4bb0eb,THY2KB,1
4bc8c4,PGT4HX,1
4841a6,KLM1959,2
4bb2a5,TKJ1GD,1
4bb865,PGT882N,1
4bb0ec,THY9TY,1
4bb1a4,THY7WS,1
4bc8cc,PGT4HX,1
4bc8c7,PGT976F,1
4bb875,PGT882N,1
4bb2ad,TKJ1GD,1
4ba9e2,THY9TY,1
4bb188,THY2GL,1
4bb1c3,THY2KB,1
a16629,N19DM,1
4bb2a9,TKJ5TN,1
4bb2ab,TKJ5TN,1
4ba9cb,THY9TY,1
4bc89a,PGT976F,1
4bc855,PGT882N,1
4bc8c9,PGT4HX,1
4bb2b2,TKJ5TN,1
4bc88c,PGT4HX,1
484b90,KLM1959,1
4bb2a3,TKJ1GD,1
4ba9d2,THY2KB,1
4bc8d4,PGT882N,2
4bb1e8,THY2GL,2
4bc853,PGT976F,1
4ba930,THY9TY,1
4bb2a3,TKJ5TN,1
4bc8d4,PGT4HX,1
4bb2a1,TKJ1GD,2
4b9c63,THY6412,1
4bc884,PGT976F,1
4bb0e6,THY2KB,1
4bb148,THY7WS,1
4bc8cf,PGT882N,1
484f18,KLM1959,2
4bb2ad,TKJ5TN,1
4ba9c5,THY2KB,1
4bc899,PGT976F,1
4bb155,THY6410,1
4bc894,PGT4HX,1
4bb1e7,THY7WS,1
4864ec,KLM1303,2
484c54,KLM1307,1
484cc3,KLM15H,1
485873,KLM59J,1
4864ee,KLM1307,1
485814,KLM59J,1
4855d0,KLM1307,1
4852f4,KLM59J,1
4864ef,KLM1303,1
486492,KLM1307,1
484c50,KLM59J,1
485778,KLM1307,1
486800,KLM1303,1
48ad81,LOT2PJ,1
484555,KLM75C,1
48ac82,LOT2MN,1
484b30,KLM9935,1
484162,KLM49N,1
48af06,LOT266,1
484556,KLM73D,1
484555,KLM49N,1
48ad80,LOT7LA,1
48ada0,LOT2PJ,1
48418b,KLM75C,1
48415f,KLM73D,1
48ad87,LOT2MN,1
48ad87,LOT266,1
484556,KLM75C,1
48ad0e,LOT7LA,2
48ad0f,LOT266,2
501e45,JSY6C,1
48af09,LOT2MN,1
48ad83,LOT2PJ,1
484161,KLM49N,1
484165,KLM73D,1
484558,KLM73D,1
48ac81,LOT2MN,1
484ee4,KLM49N,1
489788,LOT7LA,1
48af05,LOT2PJ,1
48455d,KLM75C,1
48ac82,LOT2PJ,1
485a32,KLM73D,1
48ad03,LOT7LA,1
48adb9,LOT266,1
48e95e,LOT2MN,1
484ee5,KLM75C,1
484131,KLM49N,1
48418d,KLM49N,1
484c54,KLM95T,1
484161,KLM75C,1
48ad84,LOT2PJ,1
486492,KLM9935,1
48af05,LOT2MN,1
48ad82,LOT266,1
485a34,KLM49N,1
484966,KLM75C,1
48ad0d,LOT2MN,1
48ad0d,LOT7LA,1
48ada1,LOT2PJ,1
4852f6,KLM95T,1
484cb7,KLM73D,1
484fdf,KLM1779,1
494141,NJE068N,1
484132,KLM27F,1
4867c1,KLM1775,1
484557,KLM1771,2
486742,KLM29G,1
484cb4,KLM67B,1
484f18,KLM1775,1
485a33,KLM67B,1
484ee4,KLM1771,2
486651,KLM29G,2
484556,KLM1779,1
484130,KLM67B,1
484ee4,KLM27F,1
484166,KLM1775,2
3cc1be,EFD5R,4
4867c2,KLM29G,1
484555,KLM1779,1
486836,KLM29G,1
484162,KLM1771,1
484b8f,KLM1779,2
485a32,KLM27F,1
485a32,KLM67B,1
48418c,KLM67B,1
486898,KLM29G,1
484130,KLM27F,2
484131,KLM1775,1
484559,KLM27F,1
485a34,KLM67B,1
484165,KLM1771,1
48455d,KLM1775,1
3cd8b8,QGA01A,3
486740,KLM29G,1
484cb7,KLM67B,1
484cb7,KLM1771,1
4854cb,TRA10V,1
486492,KLM85G,1
344409,VLG51G,2
440d6f,EJU61RU,1
4867b0,TRA1L,2
486800,KLM85G,1
4867eb,TRA1L,1
344409,VLG8352,2
4864ed,KLM21X,2
486484,KLM21X,1
4854cb,TRA80L,1
486954,KLM85G,1
486840,TRA5623,1
44034b,EJU7895,1
484506,TRA5625,1
48597e,TRA2P,1
486840,TRA5625,1
44056b,EJU7895,1
448463,OOACC,6
44009e,EJU75XM,1
8965b9,UAE9912,1
4400b2,EJU46AG,1
440d6e,EJU46AG,1
440018,EJU75XM,2
44083f,EJU75XM,1
4401e9,EJU46AG,1
847183,NCA049,1
440c36,EJU47QF,1
846a5b,NCA049,1
44079a,EJU31CE,1
4403bb,EJU75XM,1
452180,UAE9906,1
440c32,EJU31CE,1
4400b3,EJU75XM,1
ab398a,DAL8835,1
440735,EJU46AG,1
484ee5,KLM53D,2
48455d,KLM95P,1
484442,KLM1361,1
440172,EJU18QE,1
440172,EJU7929,1
3c6d43,KLM47C,5
484160,KLM53D,1
4863db,KLM69E,1
484cb7,KLM1361,1
440018,EJU18QE,1
484557,KLM95P,1
484556,KLM53D,1
484966,KLM95P,1
4864ee,KLM69E,1
4400b3,EJU18QE,1
484b8f,KLM1361,1
49d1aa,OKNGX,8
486802,KLM69E,1
44034b,EJU7929,1
484556,KLM1361,1
3c5db0,KLM47C,1
48418c,KLM53D,1
440072,EJU7925,1
484555,KLM69E,1
44034b,EJU18QE,3
484cb4,KLM95P,1
48415e,KLM95P,1
484c53,KLM47C,1
484161,KLM53D,1
484966,KLM1361,1
484160,KLM69E,1
4855d2,KLM75R,1
440c35,EJU7929,1
484fdf,KLM1361,1
48455d,KLM53D,1
484132,KLM95P,1
4853f4,KLM75R,1
484cb7,KLM69E,1
4d02c6,JFA54F,1
3c1459,KLM1713,3
4852f4,KLM17V,1
484c52,KLM1715,1
4852f5,KLM1715,2
4855d2,KLM17V,1
4d0101,CLX42B,1
4d010c,CLX499,1
4d02ec,JFA12Q,1
48548c,KLM17V,1
4855d2,KLM1715,2
3c01c3,KLM1713,1
3c1aeb,KLM1713,1
4d010c,CLX492,1
485874,KLM17V,2
3c5db0,KLM1713,1
4852f4,KLM1715,1
4d010c,CLX315,1
485206,KLM1711,1
485876,KLM17V,1
3e557d,FSE1D,1
4d0114,CLX81T,1
484b31,KLM1711,1
484186,TRA56M,1
48597e,TRA76H,1
48663e,TRA76M,1
485209,TRA56M,1
485873,KLM95L,1
4863db,KLM99B,1
484160,KLM79B,1
484966,KLM23M,3
48455d,KLM79B,1
48455d,KLM23M,1
484f06,KLM23M,2
484133,KLM99B,1
48415f,KLM23M,1
484fde,KLM79B,1
48418a,KLM79B,1
48418c,KLM99B,1
484cb7,KLM79B,1
484442,KLM79B,1
484162,KLM99B,1
484506,TRA2V,1
486483,KLM1659,1
486804,KLM35C,2
48520b,TRA2V,1
48e9d7,HEY02P,1
484132,KLM43R,1
486741,KLM93R,2
484165,KLM85P,1
486836,KLM93R,2
484556,KLM85P,2
484557,KLM43R,1
484133,KLM43R,2
484166,KLM85P,2
486742,KLM93R,1
4867c4,KLM93R,1
4867c3,KLM43R,1
485875,KLM1367,1
486740,KLM93R,1
486741,KLM85P,1
486897,KLM85P,1
4852f4,KLM1367,1
484131,KLM43R,1
484132,KLM59N,1
484b32,KLM87L,1
484160,KLM1291,1
4867c3,KLM1301,1
4867c3,KLM1299,2
486492,KLM87L,3
484555,KLM59N,1
486651,KLM1299,1
484166,KLM1291,1
484131,KLM1291,1
4864ea,KLM87L,1
486742,KLM1301,1
4867c2,KLM1299,1
484b8f,KLM59N,2
486741,KLM1299,1
4867c4,KLM1301,1
484f06,KLM1291,1
484c51,KLM87L,1
4867c2,KLM1301,1
4868a6,KLM87L,1
484966,KLM1291,1
486897,KLM1299,1
484f06,KLM59N,1
45a84a,SUS9111,1
485a33,KLM59N,1
48455d,KLM1291,1
45cab5,CND518P,1
486740,KLM1299,1
484b90,KLM1291,1
4867c0,KLM1301,1
484b90,KLM41F,1
440018,EJU7953,1
4864ef,KLM71N,1
486953,KLM99H,1
486800,KLM41F,1
4854cb,TRA51U,1
484cb7,KLM41F,1
4864ee,KLM99H,1
440c34,EJU86UM,1
486495,KLM71N,1
486803,KLM1331,1
3c6d43,KLM95V,6
440c35,EJU7981,1
484966,KLM61R,2
4864ee,KLM1331,2
484f06,KLM61R,1
4864ec,KLM77H,1
486802,KLM1331,2
484cb7,KLM61R,1
4864ed,KLM77H,1
486495,KLM77H,1
48548c,KLM77H,1
484b8f,KLM61R,1
44034b,EJU7981,1
485873,KLM1329,1
485778,KLM77H,1
486484,KLM1331,1
4868a6,KLM61R,1
486802,KLM1329,1
4864ea,KLM1331,1
502ce3,BTI6RZ,1
502da9,BTI62D,1
502d95,BTI79E,1
502d0f,BTI6RZ,1
502d0e,BTI62D,3
502d3f,BTI6RZ,1
502cc7,BTI79E,2
502d28,BTI62D,1
502d0e,BTI6RZ,1
502d5e,BTI6RZ,1
502d0e,BTI79E,1
502d7d,BTI79E,1
502d5a,BTI62D,1
502d95,BTI6RZ,1
486492,KLM37Y,3
484165,KLM83A,2
4853f4,KLM49K,2
3c5db0,KLM49F,4
484c1b,KLM1753,1
486800,KLM37Y,1
486648,CND091P,1
48418a,KLM83A,1
4868a6,KLM1753,1
3c1459,KLM49F,1
4855d0,KLM49K,1
486803,KLM1753,1
484442,KLM83A,1
484131,KLM83A,1
4864ee,KLM1753,1
484c1b,KLM49K,1
486953,KLM1753,1
485a34,KLM83A,1
484b32,KLM49F,1
4868a6,KLM37Y,1
484c52,KLM1753,2
484162,KLM83A,1
486495,KLM49K,1
485875,KLM49F,1
4852f4,KLM49K,1
486953,KLM37Y,1
34768d,VLG3UX,2
48683e,TRA72U,1
485061,TRA43X,1
3443d3,VLG1378,1
484c59,TRA72U,1
4867b0,TRA43X,2
348204,VLG3UX,3
4868b9,TRA43X,1
4867b0,TRA72U,1
485123,TRA72U,1
48683e,TRA43X,1
345108,VLG1378,2
4868ba,TRA72U,1
485123,TRA43X,1
48683e,TRA1Z,1
3451d3,VLG3UX,1
486494,KLM1539,1
4854cf,TRA43X,1
345108,VLG3UX,1
486804,KLM1539,1
48663e,TRA69H,1
484557,KLM1377,1
4bca62,RHH004,1
484442,KLM1375,1
485a32,KLM35G,1
4a08e9,ROT362C,1
4a08e6,ROT364Q,2
484f18,KLM1377,1
484ee4,KLM1375,2
4a08e7,ROT364Q,1
484131,KLM35G,1
4a08ec,ROT362C,3
485a33,KLM35G,2
48418c,KLM1377,1
485a35,KLM35G,1
48418b,KLM1377,1
4a08ea,ROT364Q,1
484130,KLM1375,1
4a08ea,ROT362C,1
4a08ec,ROT364Q,3
485a34,KLM1377,2
48455a,KLM1375,1
484ee5,KLM35G,1
485a32,KLM1377,1
48455d,KLM1375,1
4a08e6,ROT362C,1
485a32,KLM1375,1
485206,KLM1667,2
486804,KLM57B,1
4864ef,KLM57B,1
4864ee,KLM45K,1
485871,KLM1667,1
4855d0,KLM45K,1
484162,KLM57B,1
484c51,KLM1667,1
486484,KLM45K,1
484b31,KLM1667,1
48415e,KLM57B,1
484c1b,KLM45K,1
484165,KLM57B,1
484555,KLM57B,1
486802,KLM45K,1
484c24,KLM1667,1
485875,KLM1667,1
484160,KLM57B,1
486495,KLM45K,1
398561,KLM97J,2
398561,KLM81Y,2
398560,KLM1423,5
398564,KLM97J,2
398564,KLM81Y,3
485206,KLM1423,1
39856d,KLM1423,1
398569,KLM97J,2
398569,KLM81Y,2
398561,KLM47U,2
398560,KLM1451,6
48520b,TRA1Z,1
398572,AFR83PH,6
398564,KLM47U,3
3e4719,PAV652,2
39856d,KLM1451,1
398569,KLM47U,2
4867ec,TRA70Y,1
484c59,TRA5361,1
4867ec,TRA3Q,1
48663e,TRA70Y,1
4867b0,TRA3Q,1
e4a3c2,PSLJA,2
484506,TRA31U,1
4868e2,TRA3Q,1
4868b9,TRA31U,1
4854cb,TRA3Q,1
4868e2,TRA31U,1
4868ba,TRA3Q,1
4cadea,ITY109,1
484161,KLM41L,2
48418a,KLM85A,1
485a33,KLM1605,1
484558,KLM65X,1
4ca8ff,ITY107,1
4cae17,ITY109,1
4ca90a,ITY107,1
484165,KLM41L,2
48418a,KLM65X,1
485123,TRA083,1
484160,KLM85A,1
48415f,KLM1605,2
4cae17,ITY107,1
484132,KLM65X,1
484132,KLM85A,1
4cadde,ITY109,1
484558,KLM41L,1
484556,KLM1605,1
4caded,ITY109,1
4ca783,ITY109,1
48418c,KLM85A,1
4cadee,ITY107,1
484555,KLM41L,1
484162,KLM65X,2
484161,KLM1605,1
48418d,KLM1601,1
4caddd,ITY107,1
4cae1c,ITY109,1
484160,KLM41L,1
484133,KLM85A,1
484558,KLM1605,1
484161,KLM85A,1
484132,KLM1605,1
484555,KLM1601,1
4cadec,ITY107,1
4ca85c,ITY109,1
48418c,KLM45Q,1
48418b,KLM61D,2
485875,KLM73J,1
485779,KLM1229,2
484c52,KLM1229,1
484558,KLM61D,1
485874,KLM73J,1
4855d2,KLM1229,1
485207,KLM73J,1
48415e,KLM61D,1
4841a6,KLM45Q,1
484f80,KLM73J,1
484161,KLM45Q,1
484161,KLM61D,1
4864ec,KLM73J,1
484f06,KLM61D,1
48455d,KLM45Q,1
48418d,KLM45Q,1
4852f5,KLM73J,1
48548e,KLM1229,1
48548d,KLM87R,1
3c1aeb,KLM73J,1
485064,KLM87R,1
486492,KLM1229,1
484132,KLM45Q,1
484b32,KLM91Z,1
48548e,KLM83V,1
485874,KLM65C,1
485874,KLM89W,2
4855d0,KLM89W,1
484b31,KLM9935,1
4855d2,KLM83V,1
485a81,TFL061P,1
485779,KLM65C,1
486954,KLM91Z,1
485876,KLM65C,1
485876,KLM89W,2
486804,KLM91Z,1
485206,KLM83V,2
485814,KLM83V,1
484f73,KLM9857,1
4855d0,KLM91Z,1
452130,BCS38L,1
4853f4,KLM91Z,1
4855d2,KLM65C,1
485876,KLM83V,1
485778,KLM89W,1
4864eb,KLM65C,1
486494,KLM91Z,1
484cc2,KLM65C,1
48548e,KLM91Z,1
48683e,TRA8T,1
4867ec,TRA8T,1
4866ee,TRA50V,1
48683f,TRA50V,1
48597d,TRA8T,1
4868e2,TRA50V,1
48418b,KLM49E,1
398560,KLM1435,5
398572,AFR1797,7
398572,AFR1795,5
4867c1,KLM49E,1
398572,AFR9371,1
486836,KLM49E,2
486741,KLM49E,1
39856d,KLM1435,1
485a34,KLM49E,1
484133,KLM49E,1
4d2103,AXY869J,1
485875,KLM1247,1
485778,KLM1245,1
4853f4,KLM1245,1
485064,KLM1245,1
48548d,KLM1247,1
485779,KLM1245,1
4853f4,KLM1247,1
484cc3,KLM1247,1
48548c,KLM1247,1
484b31,KLM1245,1
48548d,KLM1245,1
485206,KLM1247,1
486953,KLM1131,1
484c52,KLM1127,1
485064,KLM1127,2
486483,KLM1131,1
4864ee,KLM1131,1
484c24,KLM1127,1
4864ea,KLM1131,1
48548c,KLM1127,1
486495,KLM1131,1
485207,KLM85F,1
485876,KLM1127,1
484c50,KLM85F,1
486802,KLM1131,1
486953,KLM99L,1
4864ee,KLM41U,1
48683f,TRA39E,1
486483,KLM45J,1
4866ed,TRA39E,1
486803,KLM45J,1
4864ea,KLM99L,1
486804,KLM41U,1
486800,KLM99L,1
486495,KLM41U,3
4868e2,TRA62P,1
484c53,KLM45J,1
4868a6,KLM99L,1
486840,TRA39E,1
486484,KLM99L,1
48683e,TRA92P,1
484c51,KLM45J,1
4864ed,KLM45J,1
484b8f,KLM99L,1
4867b0,TRA62P,1
486800,KLM41U,1
485009,TRA39E,1
486802,KLM45J,1
484130,KLM99L,1
4868ba,TRA19B,1
4868ba,TRA51C,1
48607f,MMD3280,2
4853d4,TRA65Q,2
48520c,TRA65Q,1
4853d4,TRA65U,1
4854cb,TRA91N,2
484c9b,TRA91N,1
48597e,TRA65Q,2
4854cf,TRA65U,1
4854cf,TRA91N,1
46aa42,RJB301,5
4854c7,TRA91N,1
440cbd,FTY14,3
484b2a,TRA65U,1
48520b,TRA6X,1
3cd2d3,SCR744,7
494117,NJE428B,1
44001a,AUA322,1
4855d2,KLM21M,1
4853f4,KLM21M,1
484c1b,KLM55Z,1
484cc3,KLM21M,1
4852f6,KLM21M,1
48548c,KLM55Z,1
484b32,KLM21M,2
484cc3,KLM55Z,1
484b32,KLM55Z,1
4855d2,KLM37M,1
484bd1,KLM37M,1
484c54,KLM37M,1
48548d,KLM37M,1
485873,KLM37M,1
4852f6,KLM37M,2
485a86,TFL5HB,1
485a84,TFL5HB,1
3ccd59,PTN39T,1
3d7e6e,DFUDA,3
4853f4,KLM43V,3
484c51,KLM43V,1
484b32,KLM43V,1
4852f4,KLM43V,1
48548d,KLM43V,1
486494,KLM27U,1
4863db,KLM1659,1
486483,KLM35C,1
43ea0d,MSEVN,2
4864ee,KLM35C,2
4864ea,KLM27U,1
486800,KLM1659,1
4d243c,VJT451,2
486800,KLM27U,1
46b82a,AEE2AD,2
4868b9,TRA85N,1
484fde,KLM31C,1
46b82d,AEE2AD,1
46a5e1,SEH791,1
4868b9,TRA78N,1
485a32,KLM63U,1
485a32,KLM31C,1
48418a,KLM31C,2
484b2a,TRA85N,1
4866e0,TRA85N,1
48455d,KLM63U,1
46dca2,SEH791,1
484fdf,KLM67E,1
46b828,AEE2AD,1
4866e0,TRA78N,1
484557,KLM31C,1
48548c,KLM1641,1
485874,KLM73Y,1
4855d0,KLM73Y,1
48548d,KLM1641,1
4853f4,KLM1641,1
485064,KLM73Y,1
485779,KLM73Y,1
4855d1,KLM1641,2
485876,KLM73Y,1
485778,KLM73Y,1
485779,KLM1641,1
502dac,BTI9UG,1
502ce5,BTI860,2
502ce5,BTI9UG,1
502d7a,BTI860,1
502d29,BTI9UG,2
502d7d,BTI860,1
502d7d,BTI9UG,1
502d95,BTI860,1
502d28,BTI860,1
502d44,BTI9UG,1
502d47,BTI860,1
502d5d,BTI9UG,1
4867b0,TRA38M,1
440c38,EJU36BT,1
4866e0,TRA38M,1
4868e2,TRA38M,1
4400b3,EJU36BT,1
4867eb,TRA38M,1
4866ee,TRA64M,1
48683e,TRA38M,1
440073,EJU36BT,1
501c44,CTN4AS,3
48548e,KLM55F,1
486804,KLM55A,1
501c4a,CTN4AS,1
486800,KLM55F,1
4868a6,KLM55A,1
48597d,TRA4N,1
4853d4,TRA4N,3
4854cb,TRA4N,2
485061,TRA1V,1
44056b,EJU7971,1
485009,TRA4N,1
440172,EJU7971,1
4853d4,TRA9N,1
493282,NJE153N,1
4854cb,TRA1V,1
502ce7,BTI84D,1
502ce7,BTI8KY,2
502d3f,BTI8KY,1
502d58,BTI8KY,1
502ce8,BTI84D,2
502d96,BTI8KY,1
502d45,BTI84D,1
502d46,BTI84D,1
502cd0,BTI84D,1
502cd0,BTI8KY,1
485779,KLM51M,1
485874,KLM51M,1
484bd1,KLM51M,1
485814,KLM51M,1
484c52,KLM51M,1
398564,KLM89F,2
398564,KLM89D,2
398564,KLM81J,2
398569,KLM81J,2
486492,KLM89F,1
484cc2,KLM89D,1
398569,KLM89F,2
398569,KLM89D,1
4853f4,KLM65B,2
398560,KLM81J,1
398560,KLM89F,1
398560,KLM89D,1
39856d,KLM89D,1
4854ca,TRA55R,1
4952c1,TAP675,1
484ee5,KLM1579,1
484fdf,KLM35W,1
4952cc,TAP67U,1
4867eb,TRA55R,1
495150,TAP669,1
484cb4,KLM97N,1
4952cf,TAP67U,1
4952c4,TAP675,1
4866e0,TRA55R,1
484f18,KLM35W,2
49514a,TAP669,1
485a32,KLM1579,1
4952c3,TAP67U,2
4952c9,TAP675,1
485a35,KLM97N,1
486840,TRA55R,1
484b2a,TRA95L,1
4866ee,TRA95L,1
4952d0,TAP675,1
4952c8,TAP669,1
484cb4,KLM1579,1
485a34,KLM35W,1
484165,KLM97N,1
4866ed,TRA95L,1
4952c1,TAP669,1
485a33,KLM35W,1
485a33,KLM1579,1
4952ce,TAP675,1
495308,TAP67U,1
485871,KLM21A,1
485873,KLM21A,1
484c24,KLM21A,1
484c52,KLM21A,1
4852f5,KLM21A,1
485064,KLM21A,1
48548e,KLM1335,1
48548d,KLM1335,1
4855d2,KLM21A,1
4d21db,KMM395,1
4d21a2,KMM395,2
4d24ba,KMM395,2
4d22ab,KMM395,1
4d2038,KMM395,1
485e2d,KLM9859,1
4d0265,FYL52EK,1
4d0265,FYL54EK,1
346516,LAV940P,1
4bcdae,SXS35L,1
4bb862,PGT714D,1
4bcda4,SXS35L,1
4bcdab,SXS35L,2
4bb855,PGT714D,1
4bb863,PGT5YK,1
4bcda4,SXS3LY,1
4bcded,SXS3LY,1
4bcda1,SXS3LY,2
4bcdf9,SXS3LY,1
4bb862,PGT5YK,1
4bceb5,SXS2YU,1
4bcda6,SXS2YU,1
4bc843,PGT6BQ,1
4ba999,THY6NS,1
4bb192,THY4GP,1
4ba916,THY5FA,1
4b9068,PGT9MW,1
4ba8d2,TKJ5MR,1
4baa6b,THY2VN,1
4b8644,TCARD,4
4bab25,THY24Z,3
4bab47,THY20Q,1
4bb864,PGT25UH,1
4bb876,PGT42NQ,1
4bc844,PGT721V,1
4bc852,PGT6QE,1
4baacc,THY97N,1
4bb04d,TKJ60Q,1
4bc849,PGT24BV,1
4baac8,THY1VF,1
4bc8cc,PGT345H,1
4baa8c,THY59R,1
4ba91a,THY2TA,2
4bc88b,PGT96TP,1
4baac2,THY7MN,2
4bab56,TKJ4PM,1
4bb055,TKJ8DG,1
4bb055,TKJ6LQ,1
4baacd,THY6SQ,1
4baacd,THY2KX,1
4bb854,PGT293D,1
4bab4f,TKJ2JF,1
4baa14,THY3XS,1
4bc84f,PGT96TP,1
4d224a,FHY996P,1
4bbd02,TKJ5MR,1
4baa62,THY3XS,1
4bc8c4,PGT24BV,1
4bc887,PGT345H,1
4b9e06,TKJ6LQ,1
4b8e0b,PGT25UH,1
4bb856,PGT9MW,1
4baa93,TKJ4PM,1
4bc8d4,PGT6BQ,1
4baa4d,THY20Q,1
4baac3,THY6SQ,1
4baac3,THY2KX,2
4b9e05,TKJ60Q,1
4baa0a,THY59R,1
4baac4,THY97N,1
4b850c,TCAHL,1
4b8e03,PGT721V,1
4bb866,PGT4033,1
4bb2ab,TKJ2JF,1
4bb850,PGT2035,1
4baa94,TKJ8DG,1
4baa64,THY7MN,1
4bc89a,PGT6QE,1
4baac6,THY2VN,1
4bc8ca,PGT42NQ,1
4bb187,THY4GP,1
4bc84d,PGT770N,1
4b8e45,PGT293D,1
4bb86c,PGT96TP,1
4ba999,THY24Z,1
4baacc,THY2VN,1
4bc84e,PGT2037,1
4ba8c8,TKJ6LQ,1
4baa5a,THY59R,1
4b8e03,PGT2035,1
4baad4,THY2KX,1
4ba915,THY20Q,1
4b8e46,PGT293D,1
4bb84b,PGT6QE,1
4bbd02,TKJ60Q,1
4b9521,TKJ2JF,1
4bb849,PGT035,1
4bb028,TKJ4PM,2
4bb028,TKJ5MR,1
4bb864,PGT345H,1
4bb068,THY1VF,1
4bab2a,THY2TA,1
4bc841,PGT4762,1
4ba976,TKJ8DG,1
4baac1,THY97N,1
4baac2,THY5FA,1
4bc889,PGT4719,1
4bb85a,PGT721V,1
4b9065,PGT4743,1
4bb876,PGT6BQ,1
4bb87a,PGT9MW,1
4bc842,PGT24BV,1
4bb028,TKJ2JF,1
4bb864,PGT653G,1
4bb295,TKJ6LQ,1
4baa09,THY20Q,1
4bb872,PGT293D,1
4bb872,PGT25UH,1
4bab29,THY97N,1
4bb875,PGT42NQ,1
4b9e05,TKJ4PM,1
4bc841,PGT345H,1
4bc896,PGT24BV,1
4baad3,THY2KX,1
4bc847,PGT96TP,1
4bb86e,PGT4743,1
4bc8cd,PGT6QE,1
4b9067,PGT9MW,1
4bab26,THY6SQ,1
4baacf,THY7MN,1
4ba99a,THY1VF,1
4bb02b,TKJ8DG,1
4baaca,THY5FA,1
4bb843,PGT770N,1
4bb843,PGT721V,1
4bb056,TKJ60Q,1
4bb879,PGT653G,1
4ba914,THY5FA,1
4bc890,PGT6QE,1
4bb050,TKJ8DG,1
4bb050,TKJ2JF,2
4baf21,TCKYA,4
4bc84c,PGT96TP,1
4bb853,PGT9MW,1
4bb848,PGT42NQ,1
4bc859,PGT345H,1
4baa50,THY3XS,1
4bb056,TKJ6LQ,2
4bb028,TKJ60Q,1
4ba915,THY7MN,1
4bab28,THY6SQ,1
4ba91a,THY2KX,1
4bb865,PGT2039,1
4bbd01,TKJ5MR,1
4b8e45,PGT25UH,1
4bb166,THY4GP,1
4bb862,PGT6BQ,1
4bab2c,THY24Z,1
4bab2d,THY1VF,1
4bc8cc,PGT6QE,1
4ba916,THY7MN,1
4baa41,THY6NS,1
4bb199,THY4GP,1
4baad3,THY3XS,1
4baad3,THY2VN,1
4bab21,THY5FA,1
4bbd03,TKJ2XT,1
4bb86a,PGT9MW,1
4bb846,PGT6BQ,1
4ba8da,TKJ2JF,1
4b9521,TKJ4PM,1
4b984f,FHY1994,1
4bc850,PGT345H,1
4bb27a,THY2TA,1
4bc88d,PGT42NQ,1
4bb050,TKJ5MR,1
4bb84b,PGT4021,1
4bb863,PGT721V,1
4ba9e5,THY1VF,1
4b9907,FHY765,1
4bab28,THY59R,1
4bb868,PGT25UH,1
4bb026,TKJ60Q,1
4baa93,TKJ8DG,1
4bb1ab,TCLMK,2
4bab28,THY97N,1
4baa63,THY3XS,1
4baac1,THY2KX,1
4baa54,THY20Q,1
4bab48,THY6SQ,1
4baa0d,THY6NS,1
4bc8c1,PGT6QE,1
4bab25,THY5FA,1
4b9e03,BBT8907,2
4bb027,TKJ60Q,1
4bb86e,PGT721V,1
4bb86e,PGT96TP,1
4ba9a8,THY59R,1
4ba8da,TKJ8DG,1
4bc84e,PGT345H,1
4bb87a,PGT2041,1
4bc89a,PGT6BQ,1
4ba975,TKJ4PM,1
4baac5,THY24Z,1
4bab4e,TKJ5MR,1
4bab4e,TKJ6LQ,1
4baa50,THY4GP,1
4baa8c,THY2VN,1
4bb86b,PGT9MW,1
4bb26c,THY2TA,1
4bb855,PGT1870,1
4bb862,PGT1874,2
4bb862,PGT1872,2
4baa14,THY3HP,1
4bb85a,PGT1872,1
4bb859,PGT1870,2
4bb87a,PGT1874,1
4bb4ec,FHY4246,1
4bb4ec,FHY4916,1
4baac6,THY3HP,1
4baa10,THY3HP,1
4b9907,FHY4318,1
4bb84b,PGT1874,1
4bb86e,PGT1870,1
4bb868,PGT1874,1
4bcd81,SXS4R,1
4baa50,THY3HP,1
4b906c,PGT1870,1
4b984f,FHY4914,1
4bcd83,SXS4R,1
4bb852,PGT1870,1
4bb86d,PGT1874,1
4bb84b,PGT1870,1
4bb866,PGT1874,1
4bce19,SXS76A,1
4bcde6,SXS76A,1
4bcd81,SXS76A,1
4bcded,SXS76A,1
4bce12,SXS76A,1
4bcdf9,SXS76A,1
4bcdb3,SXS79H,1
4bce05,SXS76A,1
4bb856,PGT17NX,1
4bcdd5,SXS83P,1
4bcda5,SXS83P,1
4bcdf6,SXS83P,1
4bb859,PGT17NX,1
4bcdfa,SXS83P,1
4bb866,PGT17NX,1
4bcd82,SXS4BK,1
4bcdb5,SXS78R,2
4bb854,PGT784X,1
4bcdd5,SXS78R,2
4bcde5,SXS4BK,1
4bb4ec,FHY915,1
4bce15,SXS4BK,1
4bcda5,SXS78R,1
4bcdee,SXS4BK,1
4bb86d,PGT784X,1
4bb567,CAI062P,1
4bcde5,SXS78R,1
4bb852,PGT784X,1
4bcdfa,SXS4BK,1
4bce12,SXS4BK,1
4bb563,CAI061P,1
4bce16,SXS011,1
4bcda5,SXS56Q,1
4bcdb5,SXS56Q,1
4bcdfa,SXS56Q,1
4bcdac,SXS56Q,2
4bcde6,SXS56Q,1
4bb84b,PGT154D,1
4bb84a,PGT154D,1
4bcdf0,SXS7HQ,1
4bcdb6,SXS7HQ,1
4bcdae,SXS7HQ,4
4bcdd5,SXS3DW,1
4bb84a,PGT78UE,1
4bce15,SXS3DW,1
4bb87a,PGT7WK,2
4bcde6,SXS1VJ,1
4bb86d,PGT7WK,1
4bcdec,SXS1VJ,1
4bcdab,SXS1,1
4bcd83,SXS1,1
4bcded,SXS1,1
4bcdaa,SXS1,3
4bb866,PGT9TH,1
4bcdb6,SXS5ND,1
4bcdee,SXS41C,1
4bb86e,PGT2CX,1
4bcd83,SXS41C,1
4bcd81,SXS41C,1
4bcdec,SXS39W,1
4bb87a,PGT5009,1
4bcdac,SXS39W,1
4bcda5,SXS39W,1
4bcda1,SXS39W,1
4bb859,PGT52E,1
4bcde6,SXS39W,1
4bb86f,PGT52E,1
4bcdb6,SXS5GH,1
4bcda5,SXS5GH,1
4bcda4,SXS5GH,1
4bb866,PGT5LY,1
4bb86e,PGT5LY,1
4bb85a,PGT742G,1
4bb86a,PGT742G,1
4bcdac,SXS34N,1
4bcdfa,SXS34N,1
4bcde6,SXS34N,1
49328c,NJE848F,1
449683,JAF4JV,3
4d0240,FYL23AC,1
4d0242,FYL59VC,1
44bf33,OOOYS,2
3c56f6,EWG5595,1
3c56eb,EWG5595,1
3c7889,NGN617,1
3c5099,NGN657,1
48e899,ENT5SM,1
3c7878,CFG9325,2
3c56eb,EWG89Y,3
3c55c2,EWG89Y,2
3c49ce,EWG5593,1
a3bb5d,N34ED,11
3e23c7,DIETB,1
3e28e4,DIGRK,3
a379fd,N323FL,2
3d4a12,DFAHM,2
4a5022,YRTAB,1
45b86a,SUS1331,4
45b870,SUS1446,4
3e25ba,DIFMG,2
4d02c0,LXGCA,5
4a2aac,DNA403,1
345597,ANE68PL,1
344295,ANE53LZ,1
345698,ANE53LZ,1
3485d2,ANE53LZ,1
344307,ANE53LZ,2
345558,GES641R,1
34254b,GLJ77C,1
3435c5,GES451N,1
342213,INI362H,1
348306,IBB5465,1
3465d4,IBB5465,1
4ca7b3,RYR8YJ,1
4ca893,RYR8YJ,1
4ca2c1,RYR8YJ,1
4d222c,RYR8YJ,1
4ca893,RYR2UG,1
4ca8e4,RYR8YJ,1
398575,AFR85MF,1
48af05,LOT1MJ,2
440083,EJU78JM,1
44061b,EJU58YL,2
440083,EJU58YL,2
48af03,LOT1MJ,1
440047,EJU58YL,1
4400b7,EJU78JM,1
48af02,LOT1MJ,1
48e95a,LOT1MJ,2
44083c,EJU58YL,1
44083c,EJU78JM,1
44061b,EJU78JM,2
39856c,AFR85MF,1
39ce41,FHTSB,3
398566,AFR85MF,1
48af00,LOT1MJ,1
4402e8,EJU78JM,1
4bab2d,THY1LX,1
48af05,LOT7LZ,2
4bb324,THY1272,1
4bb065,THY1272,1
48af03,LOT7LZ,1
48af01,LOT7LZ,1
4bab2e,THY1272,1
4baada,THY1LX,1
48e95a,LOT7LZ,1
4cae4b,RYR28YF,1
4d2386,RYR5CM,1
4cac87,RYR28YF,2
4cae6c,RYR4WW,1
4cae6c,RYR28YF,1
48c134,RYR5CM,1
4cac54,RYR28YF,1
48c2a8,RYR4WW,1
4cae9b,RYR28YF,1
4d2234,RYR5CM,1
48c2b0,RYR28YF,1
48c2a8,RYR2CN,1
48ad80,LOT3908,2
48ada0,LOT4PY,2
48ac82,LOT6YM,1
48ac82,LOT3910,3
48ad0d,LOT6LN,1
471db4,WZZ411,1
48adb9,LOT3904,1
49d4af,AAO25,4
48c9f3,PPU01,6
48ae85,LOT4PY,1
48adae,LOT6YM,1
48adac,LOT3904,1
48ada2,LOT3908,1
48af05,LOT3920,2
48ad0d,LOT3910,1
48ada1,LOT6YM,1
48ad10,LOT3908,1
48ada6,LOT3904,1
48af03,LOT3920,1
48ad03,LOT3910,1
48af01,LOT3920,1
48ae85,LOT3908,1
48af02,LOT3904,1
48ada3,LOT6YM,1
48ada3,LOT4PY,1
48b2c8,LPR41,3
48ada1,LOT3904,1
48e95e,LOT6YM,1
48ad87,LOT6LN,1
48ada5,LOT3908,1
48adad,LOT3910,1
48b442,SPNCC,7
48ad03,LOT3904,1
48ad10,LOT6YM,1
48adab,LOT4PY,1
48ad0e,LOT4PY,1
48ad0e,LOT6YM,1
489786,LOT3908,1
48ad86,LOT3904,1
48e95a,LOT3920,1
48ac81,LOT3910,1
48c12b,RYR601T,1
48c2a8,RYR15JK,1
488182,AMQ14C,4
4d24ca,RYR15JK,1
4d244c,RYR15JK,1
48c125,RYR15JK,1
48c2a8,RYR601T,1
4cadc2,RYR15JK,1
4caf2a,RYR601T,1
4cae90,RYR15JK,1
48c2a2,RYR8798,1
48c235,RYR15JK,1
48c1a7,RYR8796,1
4d20bf,WZZ89,1
4d227c,RYR45KC,1
48c1a5,RYR45KC,1
471d66,WZZ89,1
4d2217,RYR45KC,1
471dbf,WZZ89,1
4d21eb,RYR45KC,1
48c2a3,RYR8EE,1
4ca8e8,RYR45KC,1
48c125,RYR45KC,1
48c2a2,RYR71LX,1
4d2233,RYR71LX,1
4d2242,RYR71LX,1
44cdc8,BEL4CR,1
44ce6a,BEL4CR,1
3c4b45,EWG54B,2
3c4b49,EWG54B,2
3c4b4b,EWG54B,2
4cad12,RYR31QK,1
48c1a8,RYR31QK,1
4cae90,RYR31QK,1
4cad3c,RYR31QK,1
4d2349,RYR31QK,1
4cad3c,RYR1VV,1
4d2232,RYR31QK,1
48c134,RYR31QK,1
4cae90,RYR1VV,1
48c2ab,RYR76QY,1
4d0226,SVW7B,1
4d244c,RYR85PQ,1
48c2ac,RYR76QY,1
4cae4a,RYR76QY,1
4cad4f,RYR76QY,1
4cadc0,RYR76QY,1
48c2a4,RYR76QY,1
48c2ab,RYR28SN,1
4d200e,WZZ5024,1
4d20c0,WZZ5024,1
471d66,WZZ5024,3
4cae90,RYR28SN,1
4d2248,RYR28SN,1
471dbf,WZZ5024,1
3c658c,DLH8EK,1
3c6449,DLH4XV,1
3c66e8,DLH3RJ,1
3c6589,DLH4XV,1
3c64a1,DLH1LY,1
3c674d,DLH8EK,1
3c6667,DLH3RJ,1
3c6749,DLH4XV,1
3c6676,DLH1LY,1
3c6442,DLH8EK,2
3c6444,DLH3RJ,1
3c667a,DLH1LY,1
3c6758,DLH3RJ,1
3c674f,DLH4XV,1
3c6544,DLH8EK,1
3c6447,DLH8EK,1
3c658d,DLH3RJ,1
3c6584,DLH1LY,1
3c6441,DLH4XV,1
3c66eb,DLH4XV,1
3c674d,DLH1LY,1
3c6449,DLH8EK,1
3c6585,DLH3RJ,1
3c66e1,DLH3RJ,1
3c6748,DLH4XV,1
48c2a5,RYR176N,1
4ca4f0,RYR176N,1
4d2234,RYR176N,1
4ca2bf,RYR91YY,1
48c134,RYR8714,1
4d21eb,RYR176N,1
3c66a9,DLH6HW,1
3c65ce,DLH2VR,1
3c66a3,DLH2VR,1
3c6750,DLH6HW,1
3c66a3,DLH6HW,2
3c66a6,DLH2VR,1
3c66a8,DLH2VR,1
3c65ce,DLH6HW,1
3c66a5,DLH6HW,1
3c6757,DLH6HW,1
3c66ad,DLH2VR,1
48ad0d,LOT7AY,1
48ad86,LOT7AY,1
4ca56b,RYR56SQ,1
4d200f,WZZ1145,1
471f41,WZZ1145,1
4d228f,RYR56SQ,1
4cae57,RYR56SQ,1
471db3,WZZ1145,2
4d244c,RYR66ZP,1
4d20bf,WZZ1145,1
4caff8,RYR66ZP,1
48c2a3,RYR56SQ,1
471d66,WZZ6845,2
4d21eb,RYR66ZP,1
48c2a4,RYR66ZP,1
471f6e,WZZ1145,1
4ca8e8,RYR3H,1
4caff8,RYR56SQ,1
48c134,RYR66ZP,1
471d66,WZZ1145,1
4ca621,RYR9541,1
471d66,WZZ568,2
471d5a,WZZ568,1
471f6e,WZZ568,1
48c125,RYR9541,1
471dbf,WZZ568,1
4ca88c,RYR3TT,1
4aca6e,SAS69B,3
48c1a5,RYR3TT,1
4aca73,SAS69B,2
4d244c,RYR3TT,1
48c22e,RYR3TT,1
4aca12,NSZ3563,1
48c125,RYR3TT,1
48c134,RYR2763,1
47a0bf,NOZ940,1
4cad54,RYR3TT,1
4aca78,SAS69B,1
48c134,RYR3TT,1
4cade3,RYR24NZ,1
4d2502,RYR24NZ,1
48e9f4,RYR24NZ,1
4d2233,RYR24NZ,1
4ca9d1,RYR24NZ,1
4ca9d1,RYR56GP,1
4cae69,RYR24NZ,1
4d227c,RYR3JF,1
48c125,RYR3JF,1
48c134,RYR3JF,1
4ca27a,RYR41FP,1
48c2b3,RYR43GK,1
48c22e,RYR1EM,1
4cadc4,RYR41FP,1
48c2a4,RYR41FP,2
4ca9d0,RYR43GK,1
48c2a3,RYR41FP,1
48c134,RYR43GK,1
4d21eb,RYR1EM,1
48c2a3,RYR440M,1
4ca8d6,RYR43GK,1
4ca624,RYR41FP,1
4d21eb,RYR41FP,1
4d2233,RYR1EM,1
4d2233,RYR43GK,1
471db4,WZZ8266,1
4d20bf,WZZ8266,1
471f66,WZZ8266,1
471dbe,WZZ8266,1
4cadf0,RYR4627,2
4cad2a,RYR4627,1
48c1a8,RYR4627,1
48c125,RYR4627,1
4ca647,RYR3KK,1
48c132,RYR3KK,1
48c134,RYR6691,1
4ca809,RYR3KK,1
3c6d43,KLM20J,6
440c35,EJU51DK,1
484966,KLM78B,2
486803,KLM1322,1
484f06,KLM78B,1
4864ec,KLM40E,1
4864ee,KLM1322,2
484cb7,KLM78B,1
4864ed,KLM40E,1
486802,KLM1322,2
486495,KLM40E,1
48548c,KLM40E,1
484b8f,KLM78B,1
44034b,EJU51DK,1
485873,KLM1330,1
485778,KLM40E,1
4864ea,KLM1322,1
4868a6,KLM78B,1
486802,KLM1330,1
4ca8af,RYR5DV,1
4ca61c,RYR5DV,1
4ca8af,RYR991F,1
4cadb7,RYR193H,1
4d200f,WZZ146,1
4d242e,WMT181,1
4cac89,RYR991F,1
4ca624,RYR193H,1
471db3,WZZ146,1
471d66,WZZ146,1
4cae90,RYR193H,1
48c1a5,RYR991F,1
48c1a8,RYR991F,1
4d20bf,WZZ146,1
4d2233,RYR193H,1
471f66,WZZ146,1
4ca7b3,RYR991F,1
471dbf,WZZ146,1
4d2261,RYR991F,1
4d2234,RYR193H,1
4d204b,WMT181,1
48c2a3,RYR991F,1
4ca847,RYR193H,1
471dbe,WZZ146,1
4ca8af,RYR57BA,1
48d980,PLF110,5
4cadb7,RYR23CN,1
4cae65,RYR23CN,1
4d21eb,RYR5142,1
4d222b,RYR23CN,1
4ca8e6,RYR7226,1
4d2349,RYR7XJ,1
48c2a3,RYR7XJ,1
48c125,RYR7XJ,1
4d22b9,RYR93FY,1
44082b,AUA680,1
44082b,AUA684,1
440827,AUA680,1
440827,AUA684,1
440825,AUA680,2
440822,AUA684,2
44081d,AUA680,1
4d22b2,RYR93FY,1
4d22bb,RYR9163,1
440823,AUA680,1
4d22c4,RYR93FY,1
4cae9d,RYR76AA,1
4cae98,RYR76AA,1
4cae90,RYR76AA,1
4d2382,RYR76AA,1
4cade4,RYR76AA,1
4cadf2,RYR45FG,1
4d207c,RYR78UL,1
4ca621,RYR45FG,1
4d2217,RYR45FG,1
4cae49,RYR45FG,1
4caf27,RYR78UL,1
4d2236,RYR45FG,1
4cae54,RYR45FG,1
4caf35,RYR45FG,1
4d24ea,RYR34MH,1
471f41,WZZ1MB,1
4cae66,RYR34MH,1
48c2a3,RYR34MH,1
4d2349,RYR34MH,1
471d5a,WZZ1MB,1
4cae6a,RYR34MH,1
48d000,JDI22R,1
471d66,WZZ1MB,1
4d2386,RYR62NE,1
4d2234,RYR62NE,1
48c2b3,RYR62NE,1
4cae90,RYR3699,1
48c2a2,RYR62NE,1
4d2233,RYR3699,1
4d2233,RYR62NE,2
471f41,WZZ105N,1
4d24d7,WZZ105N,1
471f41,WZZ37,3
48c2b3,RYR53HX,1
4d21fc,RYR53HX,1
471d66,WZZ9877,2
4ca893,RYR53HX,1
4d00d8,LGL542K,2
48c1a8,RYR3JC,1
48c132,RYR3JC,1
48c1a8,RYR82PL,1
4caa5a,RYR82PL,1
4ca857,RYR82PL,1
4d2233,RYR82PL,1
48c125,RYR1RL,1
4d227b,RYR82PL,1
461e1a,FIN9DZ,1
461e1f,FIN6G,1
461e21,FIN9DZ,1
461e16,FIN9DZ,1
461f62,FIN9DZ,1
48c1a5,RYR1VG,1
48c2b3,RYR1VG,1
48c125,RYR1VG,1
4d21eb,RYR1VG,1
4d2233,RYR1VG,1
48c1a5,RYR265H,1
4d2080,RYR922,1
3443d5,VLG3006,1
346610,VLG3006,1
4402ae,EJU42ML,1
3443d1,VLG63XZ,1
344156,VLG17FF,2
4ca97c,RYR63YN,1
440c83,EJU42ML,1
4cadb9,RYR44YN,1
440452,EJU42ML,1
345249,VLG17FF,1
4cadc4,RYR63YN,1
345042,VLG63XZ,1
345043,VLG63XZ,1
4cafb4,RYR63YN,1
4ca61c,RYR85AC,1
4cafc1,RYR91AY,2
346692,VLG8476,1
345359,VLG35C,1
3424d1,VLG8474,1
4cafd1,RYR95YM,1
344157,VLG8474,1
345314,VLG35C,1
494143,NJE786D,1
4cada3,RYR91AY,1
4ca92b,RYR95YM,1
345043,VLG35C,2
4cae98,RYR95YM,1
345116,VLG8476,1
3424d2,VLG8474,1
4cae98,RYR85AC,1
4d2449,RYR91AY,1
4d2449,RYR95YM,1
345645,VLG8474,1
3453c3,VLG35C,1
344699,VLG8476,1
3451d3,VLG8474,1
48c1a6,RYR85AC,1
48c1a6,RYR91AY,1
48c1a6,RYR95YM,1
34768e,VLG8480,1
4d2239,RYR85AC,1
345614,VLG8474,1
34535a,VLG35C,2
4d2208,RYR95YM,1
4ca24d,RYR91AY,1
345359,VLG8476,1
4cae57,RYR2XF,1
4cae57,RYR95YM,1
4ca75f,RYR91AY,1
343194,VLG8474,1
34268d,SWT7TN,5
344487,AEA27YK,5
344487,AEA37UJ,6
344487,AEA43RQ,6
344487,AEA6037,6
344487,AEA48SR,5
34258f,VLG6MU,1
4d22c6,RYR35YT,1
34768f,VLG4YZ,1
4cafc4,RYR2495,1
348207,VLG5YF,3
3451d4,VLG9TA,2
4ca816,RYR2889,1
345041,VLG36YJ,1
346691,VLG8EC,1
34748a,MEECOAE,3
4d22ba,RYR8JT,1
348206,VLG3XY,1
34744c,VLG1SK,1
3443d5,VLG65PB,1
348207,VLG4VN,3
345248,VLG8EC,1
348206,VLG1SK,1
346183,VLG36YJ,1
4d228f,RYR2495,1
344158,VLG4YZ,1
491118,CSDHX,3
4ca702,RYR35YT,2
342398,VLG65PB,1
347690,VLG36YJ,1
348207,VLG3XY,1
346183,VLG5YF,1
3443d5,VLG6MU,1
3451d3,VLG89PG,1
34440a,VLG4YZ,1
348208,VLG8ME,1
4ca6fc,RYR35YT,2
3444cf,VLG6MU,1
348209,VLG4VN,1
348209,VLG4YZ,1
348208,VLG5WJ,1
344694,VLG1SK,1
347601,VLG8ME,1
3453c3,VLG8EC,1
342397,VLG65PB,1
4d22c6,RYR2889,2
348208,VLG3XY,1
4ca701,RYR2495,1
4d2264,RYR8JT,1
345116,VLG36YJ,1
345314,VLG4YZ,1
34258f,VLG5WJ,1
34258f,VLG101P,1
348207,VLG9TA,1
345041,VLG6HA,1
345206,VLG89PG,1
4ca815,RYR1278,1
345614,VLG8EC,1
345249,VLG65PB,1
342591,VLG8ME,1
4cae97,RYR35YT,1
3443d3,VLG1SK,1
348209,VLG3XY,2
344699,VLG65PB,1
347306,AEA27YK,1
347306,AEA37UJ,1
347306,AEA43RQ,1
347306,AEA6037,1
347306,AEA48SR,1
34258f,VLG5YF,1
345042,VLG8ME,1
348207,VLG5WJ,2
344156,VLG89PG,1
4d223b,RYR8JT,1
4d223b,RYR2495,1
345043,VLG36YJ,1
4ca8d9,RYR35YT,1
34538d,VLG4YZ,1
348208,VLG4VN,1
39dd41,CCM901,1
3475d9,VLG6MU,1
3430cc,VLG8EC,1
34258f,VLG4VN,1
34258f,VLG9TA,1
345249,VLG36YJ,1
347601,VLG89PG,1
347601,VLG4YZ,1
344158,VLG1SK,1
4ca97c,RYR307M,1
4ca701,RYR8JT,1
344156,VLG65PB,1
4ca303,RYR2889,1
3451d8,ANE2376,2
a49375,UPS242,2
3444cf,VLG5RQ,1
345595,ECMSC,8
a41cf8,UPS242,2
a48850,UPS242,4
346187,GES441S,7
3453d3,ANE2376,1
a41941,UPS242,2
3451da,ANE2376,1
3451d8,ANE53GX,1
3453d3,ANE53GX,1
3451da,ANE53GX,1
345250,ANE53GX,1
345543,ANE53GX,1
3c5ee6,EWG15GY,1
3c56ef,EWG1KC,2
34744c,VLG33PG,1
346691,VLG33PG,1
4d2014,EWG1KC,1
34535a,VLG1896,1
3453c3,VLG33PG,1
3c6490,EWG1KC,1
3c54a5,EWG1KC,1
3c4b4b,EWG15GY,1
346691,VLG1896,1
3451d3,VLG33PG,1
345643,VLG1896,1
3c5eed,EWG15GY,2
345043,VLG33PG,1
3c4906,EWG1KC,1
3443d5,VLG1896,1
484131,KLM1512,1
48663e,TRA3T,1
344156,VLG9ST,1
346692,VLG1TR,1
484161,KLM48J,1
48683f,TRA12B,1
345108,VLG1YN,2
345108,VLG8MY,2
346691,VLG7AR,1
485a33,KLM74T,2
342581,VLG7DY,1
486836,KLM16K,1
485a33,KLM48J,1
4867eb,TRA12B,1
345248,VLG1TR,2
3451d5,VLG8MY,1
345108,VLG9ST,2
345398,VLG7DY,1
4867c2,KLM16K,1
484161,KLM1512,1
344691,VLG1TR,1
4867eb,TRA3T,1
344697,VLG11YB,1
486740,KLM16K,2
348206,VLG8MY,1
484555,KLM1512,1
3451d5,VLG9ST,1
484133,KLM74T,3
48415f,KLM1512,1
485a32,KLM48J,1
34744c,VLG7AR,1
4868b9,TRA3T,1
346692,VLG7AR,1
48415f,KLM48J,1
347696,VLG1YN,1
347696,VLG8MY,1
484556,KLM1512,1
342581,VLG1TR,1
486741,KLM16K,1
48520b,TRA45Y,1
346090,VLG11YB,1
4853d4,TRA3T,1
34535a,VLG7DY,1
345645,VLG9ST,1
485061,TRA45Y,1
344158,VLG7DY,1
345359,VLG1TR,1
484cb4,KLM82D,1
4867c0,KLM16K,1
484130,KLM1512,1
3444cf,VLG1YN,1
3444cf,VLG8MY,1
3444cf,VLG11YB,1
346184,VLG7DY,1
346184,VLG6HK,1
345645,VLG8MY,1
345645,VLG11YB,1
4866de,TRA12B,1
4867c1,KLM16K,1
484160,KLM1512,1
347696,VLG9ST,1
484ee5,KLM48J,1
3444d1,VLG1TR,1
484131,KLM74T,1
4d244a,RYR25NH,2
347690,VLG78KK,1
4d2485,VJT435,7
345248,VLG78KK,1
4ca6fc,RYR25NH,1
4d244a,RYR36LR,1
4ca4f4,RYR36LR,1
48e913,BNI5W,3
345643,VLG78KK,1
4ca97c,RYR25NH,1
34454b,VLG78KK,1
4d24ca,RYR36LR,1
4d248e,WMT2R,1
48c1a1,RYR6599,1
34258f,VLG3RY,1
4caddd,ITY079,1
4caf26,RYR40DM,1
4cade9,ITY077,1
4cad5e,ITY075,1
4d208f,WMT422,1
4ca702,RYR91GW,1
348208,VLG5SQ,2
3472c4,VLG8CW,1
345101,VLG90G,1
343194,VLG87NN,2
4ca759,ITY079,3
4ca97c,RYR6599,3
4d2280,RYR40DM,1
345041,VLG90G,1
4cada7,ITY077,1
3444da,VLG3RY,1
4cad5b,ITY075,1
342398,VLG3XR,1
342582,VLG5SQ,4
4d241f,WMT422,1
4ca4ef,RYR6599,1
4cade9,ITY079,1
342398,VLG90G,1
347601,VLG1NU,1
4ca8ff,ITY077,1
4cadde,ITY075,1
4d2280,RYR91GW,1
4cadea,ITY077,1
344158,VLG1VQ,1
345116,VLG87NN,1
345041,VLG1NU,2
4ca90a,ITY079,1
34440b,VLG90G,2
4d2212,RYR40DM,1
4ca7b5,RYR91GW,1
4d20be,WMT422,1
345359,VLG8CW,1
4caefa,ITY075,1
3453c3,VLG1VQ,1
4cad12,RYR40DM,1
4d252a,WMT422,1
344694,VLG90G,1
4ca56b,RYR34VV,1
4ca798,ITY077,1
4d2533,WMT2R,1
345614,VLG87NN,1
342591,VLG1NU,1
4cae97,RYR91GW,1
4d20bd,WZZ413,1
4ca7b5,RYR40DM,1
4cad5d,ITY079,1
4690e2,AEE713,2
342591,VLG5SQ,1
4ca737,RYR91GW,1
345643,VLG1NU,1
4cae62,RYR34VV,1
4d241f,WMT2R,1
347601,VLG8CW,1
4d204b,WMT422,1
4caded,ITY077,1
4cade9,ITY075,1
343046,VLG1VQ,2
4ca6fc,RYR6599,1
4ca56b,RYR77SW,1
48c135,RYR40DM,1
4d2095,RYR6599,1
4d2493,WMT422,1
345043,VLG87NN,1
4d252a,WMT2R,1
4ca8ff,ITY075,1
345614,VLG8CW,1
4d2228,RYR91GW,1
4ca85c,ITY077,1
342398,VLG8SP,1
345248,VLG1JZ,1
344646,VLG8PP,2
4d2210,RYR627A,1
344696,VLG57U,1
342591,VLG9GE,1
3453c3,VLG77RP,1
4d234d,RYR2402,1
34538d,VLG1DZ,1
4d22ff,RYR627A,1
347187,ORO1041,4
3443d3,VLG77RP,1
346690,VLG1JZ,1
346691,VLG1DZ,1
344695,VLG9GE,1
348203,VLG8PP,2
347690,VLG77RP,1
348203,VLG9GE,3
344695,VLG8PP,1
3424d1,VLG1JZ,1
4d234d,RYR627A,1
345041,VLG1DZ,1
3444cf,VLG22PK,1
345212,VLG1JZ,2
344501,VLG57U,2
345359,VLG1DZ,1
345314,VLG22PK,1
344694,VLG77RP,1
344696,VLG9GE,1
4ca4ef,RYR627A,1
4ca56b,RYR2402,1
344644,VLG8PP,1
34744d,VLG22PK,1
4ca97c,RYR627A,1
346691,VLG77RP,1
4d228f,RYR2402,1
34535a,VLG1DZ,1
347696,VLG8PP,1
345212,VLG77RP,1
344695,VLG57U,1
34454b,VLG1DZ,1
34454b,VLG1JZ,1
34538d,VLG22PK,1
4d2216,RYR6CV,1
4caff8,RYR2402,1
4caff8,RYR627A,1
4d224e,RYR9581,1
4cae57,RYR6CV,1
347696,VLG77RP,1
344695,VLG1DZ,1
344695,VLG1JZ,1
344501,VLG9GE,1
342582,VLG22PK,1
4d2265,RYR627A,1
344697,VLG55Q,1
46b82b,AEE711,1
344691,VLG55Q,1
46b82c,AEE713,1
346692,VLG55Q,1
46b833,AEE711,1
3451d3,VLG55Q,2
46b82c,AEE711,1
34454b,VLG6NM,1
3443d5,VLG55Q,1
4690e9,AEE711,1
345116,VLG6NM,1
46b833,AEE713,1
347601,VLG1678,1
342582,VLG53UG,1
347690,VLG9UW,1
3451d5,VLG9UW,1
344557,VLG5UF,1
344557,VLG8TZ,2
347690,VLG53UG,1
3444ca,VLG8TZ,1
3444ca,VLG9UW,2
34538d,VLG1PP,1
344557,VLG9UW,1
3444ca,VLG5UF,1
348206,VLG9UW,1
347601,VLG14FF,1
4ca7b5,RYR6FN,1
345204,VLG11W,1
4d2210,RYR3129,1
34440b,VLG90QM,1
3443d1,VLG79QK,1
348208,VLG3512,1
348208,VLG4DM,1
348208,VLG6QB,2
4d2237,RYR1MW,1
345642,VLG90QM,1
4ca97c,RYR6FN,1
342582,VLG79QK,2
348203,VLG11W,1
3ce977,HRN221,4
3e2bf6,PAV521H,2
4d2223,RYR6FN,1
342582,VLG3512,3
342582,VLG4DM,2
342582,VLG6QB,2
4ca702,RYR3129,1
3cd90e,PTN77D,1
348208,VLG90QM,1
3472c3,VLG79QK,1
3444d1,VLG90QM,1
346610,VLG79QK,1
346610,VLG11W,1
4d2219,RYR6FN,1
4ca7b5,RYR3129,1
4ca303,RYR1MW,1
4ca6fc,RYR3129,1
342592,VLG11W,1
4d228f,RYR6FN,1
348206,VLG8KZ,1
346184,VLG14FF,1
342591,VLG3512,1
342591,VLG79QK,1
342591,VLG6QB,2
342592,VLG90QM,1
345041,VLG11W,1
4d2223,RYR8136,1
4cae97,RYR6FN,1
3430cc,VLG4DM,1
4d228f,RYR3129,1
4ca6fc,RYR6FN,1
4d2223,RYR1MW,1
4d2223,RYR3129,1
342591,VLG4DM,1
345107,VLG11W,1
347601,VLG6AN,1
34768d,VLG5VY,2
345359,VLG51LL,2
344644,VLG49TV,1
34768e,VLG5JM,2
347696,VLG7MQ,1
3424d4,VLG49TV,1
345107,VLG5JM,3
344697,VLG6AN,1
348204,VLG7MQ,1
348204,VLG5VY,3
347696,VLG49TV,1
342398,VLG5JM,1
342397,VLG6AN,1
34538d,VLG51LL,1
347690,VLG7MQ,2
347690,VLG49TV,1
345043,VLG51LL,1
346692,VLG6AN,1
347614,ECODU,4
344691,VLG6AN,1
342398,VLG49TV,1
345108,VLG6WL,1
345084,VLG6WL,1
345116,VLG6TK,1
344158,VLG5JM,1
345108,VLG7MQ,1
342396,VLG5VY,1
3451d3,VLG49TV,1
346691,VLG6AN,1
49d04d,TVS9CN,1
4ca7b5,RYR35ZF,1
342396,VLG29GF,1
345101,VLG8654,1
345101,VLG29GF,1
4d2223,RYR35ZF,1
346188,VLG8654,1
3443d1,VLG29GF,1
345212,VLG8654,1
49d13d,TVS9CN,1
344694,VLG29GF,1
4cae57,RYR35ZF,1
34744d,VLG29GF,1
49d5ef,TVS9CN,1
347601,VLG8654,1
345084,VLG29GF,1
48e9f5,RYR74QU,1
342582,VLG8654,1
49d5d6,TVS9CN,1
34440b,VLG8654,1
4ca810,RYR35ZF,1
345314,VLG29GF,1
3475c9,EVE7515,1
342592,VLG10PZ,1
344445,EVE7613,1
344445,EVE7611,1
3451d8,ANE303Q,1
3451d8,ANE273M,1
344156,VLG10PZ,1
3424d1,VLG10PZ,1
346188,VLG10PZ,1
346692,VLG10PZ,1
344445,EVE7213,1
345212,VLG1CY,1
48c1a1,RYR15WC,1
344692,VLG36K,1
4aca4f,NSZ365L,1
4aca45,NSZ5510,2
4ac9f4,SAS51B,1
4cadb8,RYR15WC,2
3453c3,VLG1CY,1
4a91f8,SAS51B,1
4aca50,NSZ365L,1
4aca4f,NSZ3659,1
45ab23,SAS51B,1
4a91fa,SAS51B,1
34454b,VLG1CY,1
4aca15,NSZ365L,1
4aca90,NSZ5510,2
45ac50,SAS51B,1
344692,VLG1CY,1
342397,VLG36K,1
4ca88c,RYR15WC,1
345645,VLG36K,1
4cad95,SAS51B,1
344694,VLG1CY,1
4aca0b,NSZ3659,1
344158,VLG1CY,1
4cad96,SAS51B,1
4ca243,RYR42MA,1
4d2279,RYR14XR,2
4cae62,RYR42MA,1
4caff8,RYR14XR,1
4cadfc,RYR14XR,1
4ca97c,RYR14XR,1
4d2385,RYR14XR,1
4cadbd,RYR14XR,1
4cad3c,RYR42MA,1
345116,VLG57Y,1
345041,VLG6LA,1
3434ce,GES401V,3
342592,VLG57Y,1
347690,VLG57Y,1
34440b,VLG57Y,1
3c49d4,EWG19XX,1
34768e,VLG6LA,1
3424d1,VLG6LA,1
344156,VLG57Y,1
3c5eef,EWG19XX,1
34454a,VLG57Y,1
345314,VLG59CA,1
3c5ef2,EWG83AU,1
34538d,VLG1868,2
3c56eb,EWG83AU,1
345116,VLG59CA,1
3453c3,VLG1868,1
34538d,VLG59CA,1
345041,VLG1868,1
3c5ee5,EWG83AU,1
345359,VLG59CA,1
3c54a3,EWG83AU,1
34440a,VLG59CA,1
346691,VLG1868,1
3c55c1,EWG83AU,1
3cefbd,SCR187,5
3c5ee1,EWG83AU,1
345314,VLG7GR,1
4ca64e,RYR11YE,1
4d2237,RYR37NA,1
4cae95,RYR37NA,1
344158,VLG7GR,1
4d228f,RYR37NA,1
3472c4,VLG7GR,1
3443d5,VLG7GR,1
4ca97c,RYR11YE,1
4d2223,RYR37NA,1
4cad29,RYR37NA,1
4ca815,RYR8183,1
4caa5a,RYR11YE,1
347695,VLG35GB,1
3424d1,VLG7GR,1
34538d,VLG7GR,1
4cafb4,RYR37NA,1
342581,VLG35GB,1
347601,VLG7GR,1
4ca892,RYR11YE,1
4ca892,RYR37NA,1
4ca64e,RYR7NQ,1
39de54,TVF40EA,1
3444ca,VLG5BT,1
39de55,TVF48SQ,1
3991e5,AFR72JH,1
346692,VLG63VL,1
398449,POF75,10
34744d,VLG22ET,2
34768f,VLG8020,1
345043,VLG9YR,1
392ae6,AFR21UH,1
398577,AFR1649,2
347695,VLG37CT,1
342592,VLG4FQ,1
345041,VLG6EP,1
39de4b,TVF68HB,1
392af2,AFR1049,1
3991e7,AFR1549,1
3991e7,AFR72DY,1
3453c3,VLG8244,1
3443d1,VLG7SY,1
398566,AFR31YW,1
34454b,VLG8008,1
344099,VLG8008,1
3424d1,VLG8002,1
348208,VLG7SY,1
39de57,TVF48SQ,1
39e698,AFR1549,1
3946e5,AFR72JH,1
345249,VLG22ET,2
343046,VLG8020,1
345043,VLG6EP,1
345313,VLG9YR,1
345313,VLG37CT,2
39de4d,TVF40EA,1
398562,AFR31YW,1
392aed,AFR72DY,1
34538d,VLG8244,2
440ced,TAY9BC,2
394c0a,AFR1049,1
34744d,VLG63VL,2
392af0,AFR21UH,1
347695,VLG8020,1
3985a6,AFR1049,1
3991e9,AFR1549,1
440d4d,TAY9BC,1
345248,VLG63VL,1
3424d2,VLG7SY,1
392af1,AFR72DY,1
39de53,TVF40EA,1
342581,VLG37CT,1
392aed,AFR21UH,1
346691,VLG6EP,1
346691,VLG9YR,1
398604,AFR31YW,1
39666f,AFR72JH,1
39de41,TVF68HB,1
345042,VLG22ET,1
3451d3,VLG4FQ,1
34440a,VLG8008,2
34440a,VLG5BT,2
39856e,AFR1649,1
345359,VLG8244,1
394c19,AFR1049,1
34744d,VLG7SY,2
39bda2,AFR72JH,1
3986e7,AFR31YW,1
345116,VLG22ET,1
345314,VLG6EP,1
39de53,TVF68HB,1
39856c,AFR1649,1
39de47,TVF48SQ,1
3946e5,AFR1549,2
3946e5,AFR72DY,1
39de57,TVF40EA,1
344699,VLG9YR,1
344699,VLG63VL,1
3991e3,AFR21UH,1
3472c3,VLG8020,1
342581,VLG8006,1
392aec,AFR1049,1
344691,VLG8002,1
346183,VLG6EP,1
346183,VLG9YR,1
3946e5,AFR21UH,2
346691,VLG8244,1
39de41,TVF48SQ,1
44a6e4,TAY6LC,1
39bb20,AFR72JH,1
3964ee,TVF40EA,1
346610,VLG8020,1
3991e9,AFR1649,1
39de42,TVF68HB,1
344699,VLG4FQ,1
346047,VLG8008,1
346047,VLG37CT,1
3430cc,VLG5BT,1
34744c,VLG63VL,1
39bb20,AFR1549,1
34768f,VLG8008,1
39d315,TVF48SQ,1
344694,VLG5BT,1
3453c3,VLG6EP,1
345042,VLG8014,1
394c18,AFR1049,1
3950cd,AFR1649,1
39de45,TVF40EA,1
34469a,VLG7SY,1
345359,VLG22ET,1
39de4d,TVF68HB,1
491311,NJE216E,1
34744c,VLG8244,1
394c09,AFR31YW,1
39bdae,AFR72JH,1
3991e5,AFR21UH,1
34768d,VLG9YR,1
34768d,VLG37CT,1
39de4b,TVF4757,1
348206,VLG7SY,1
34744c,VLG8020,1
3986e9,AFR31YW,1
345042,VLG8244,1
39e682,AFR1549,1
39d305,TVF48SQ,1
346183,VLG5BT,1
345107,VLG4FQ,1
39e690,AFR72DY,1
3444da,VLG37CT,1
345041,VLG63VL,1
39de41,TVF40EA,1
345206,VLG9YR,1
3991e6,AFR1649,1
345212,VLG6EP,1
34768d,VLG8008,1
346090,VLG7LM,1
345614,VLG45GC,1
495066,EVE7513,1
4ca97c,RYR1KW,1
345042,VLG3LB,1
345645,VLG2MR,2
345645,VLG1LH,2
34560d,VLG2123,1
4cae59,RYR64FA,1
4932a2,NJE161U,1
345645,VLG2123,1
345359,VLG54AD,1
344698,VLG45GC,1
4caff8,RYR64FA,1
346088,VLG45GC,2
4d228f,RYR64FA,1
493281,NJE988D,1
3475d9,VLG1LH,1
345642,VLG3LB,1
345642,VLG7WA,1
a0d99c,N154FV,5
3451d5,VLG2MR,1
344698,VLG2123,1
345646,VLG2MR,1
345646,VLG1LH,2
3443d3,VLG7WA,1
4d222c,RYR64FA,1
3424d2,VLG7LM,1
34768d,VLG45GC,2
346692,VLG3LB,1
4ca912,RYR1KW,1
3451d5,VLG7LM,1
3451d5,VLG2123,1
345042,VLG7WA,1
4d2374,VJT407,6
348205,VLG3QC,2
344691,VLG54AD,1
345041,VLG3LB,1
4cae5a,RYR64FA,1
34535a,VLG3LB,1
3451d5,VLG1LH,1
4ca623,RYR64FA,1
344691,VLG45GC,1
3472c4,VLG7LM,1
347694,VLG7WA,1
344692,VLG7WA,1
4ca9cc,RYR64FA,1
346692,VLG7LM,1
4ca737,RYR5CF,1
493291,NJE172K,1
34744d,VLG3LB,1
440631,EJU67RK,3
344156,VLG8UN,1
342396,VLG70FK,1
344695,VLG5LN,1
343046,VLG7ZN,1
343046,VLG5TH,1
344691,VLG7UN,1
4405b6,EJU67KW,1
4cac62,ABR421,5
4403f0,EJU91TM,1
4ca9d4,RYR7539,1
4ca92b,RYR605G,1
440128,EJU72MF,1
4d2493,WMT3KR,1
344157,VLG7ZN,1
345314,VLG7UN,2
440cff,EJU67RK,1
4405ea,EJU91TM,1
344691,VLG8UN,1
342582,VLG5LN,1
440631,EJU72MF,1
34538d,VLG5TH,2
34440a,VLG70FK,1
4d24ab,WMT3KR,1
347690,VLG7ZN,1
345043,VLG7UN,1
3424d5,VLG5LN,1
44064a,EJU98MF,1
440cff,EJU72MF,1
76cd45,SIA377,1
4405ea,EJU67RK,2
3451d3,VLG5TH,1
3444cf,VLG8UN,1
4ca6fc,RYR605G,2
3444cf,VLG7UN,1
440132,EJU91TM,4
347695,VLG5LN,1
4405ea,EJU67KW,3
76cda5,SIA377,1
3472c3,VLG8UN,1
345645,VLG7ZN,1
345614,VLG70FK,1
344644,VLG69LZ,1
345043,VLG8UN,1
344694,VLG7ZN,1
452051,BCS236P,1
440bc5,BCS49N,1
34440b,VLG5LN,1
345645,VLG70FK,1
344699,VLG5TH,1
4d2237,RYR7539,1
342396,VLG7UN,1
440018,EJU72MF,1
4d24b5,WMT3KR,1
348206,VLG7ZN,1
3453c3,VLG5LN,1
440170,EJU3754,1
34538d,VLG8UN,1
4cae62,RYR605G,1
34744c,VLG5TH,1
4cad4b,ABR421,1
346691,VLG70FK,1
3430cc,VLG69LZ,1
440075,EJU3750,1
76cd44,SIA377,1
471fae,WMT3KR,1
4d2223,RYR605G,1
344692,VLG5LN,1
4d2007,WMT3KR,1
345042,VLG5TH,1
345314,VLG8UN,1
345212,VLG7ZN,1
348204,VLG7UN,1
4bc8c6,PGT355H,1
4bb209,THY39J,1
34440a,VLG7850,1
4ba9cd,THY1CC,1
4bc8d0,PGT3WF,1
4ba9da,THY39J,1
4baac7,THY3ES,1
4bc8c7,PGT3WF,1
4bc8cb,PGT355H,1
4bb068,THY3ES,1
4bb26a,THY1CC,1
4bc849,PGT3WF,1
34768e,VLG7850,1
4ba890,THY6402,1
4bb279,THY5DG,1
4bc854,PGT3WF,1
4bc846,PGT355H,1
4baac1,THY3ES,1
4bc8ce,PGT3WF,1
4baa75,THY39J,1
4bc8cc,PGT3WF,1
4baa4d,THY3ES,1
4bb15a,THY6402,1
4bb273,THY39J,1
347690,VLG7850,1
4baa8d,THY1CC,1
4baa64,THY5DG,1
4bb20b,THY1CC,1
4ba9e8,THY39J,1
4bc8cb,PGT3WF,1
3443d5,VLG7850,1
4baa14,THY3ES,1
4baa75,THY5DG,1
345084,VLG6006,1
345205,VLG17ET,1
346188,VLG6006,3
345205,VLG3DE,2
345205,VLG404P,1
346188,VLG3DE,1
346690,VLG91RZ,1
345398,VLG78HY,1
3452c9,VLG53FH,1
346184,VLG5RQ,1
34535a,VLG91RZ,2
345212,VLG78HY,1
345248,VLG91RZ,1
34454a,VLG6RV,1
344644,VLG5RQ,1
3443d3,VLG5RQ,1
3451d5,VLG6RV,1
345042,VLG78HY,1
348205,VLG91RZ,1
3444d1,VLG6RV,1
345206,VLG78HY,1
344698,VLG5RQ,2
344645,VLG6RV,1
34535a,VLG78HY,1
347694,VLG53FH,1
345614,VLG91RZ,1
346691,VLG6RV,1
345248,VLG78HY,1
343194,VLG53FH,1
346690,VLG1812,1
3c6522,LHX85P,1
3c6521,LHX96J,1
3424d1,VLG9VT,1
3c65cc,DLH83U,1
3c654a,LHX07Y,3
3c6523,LHX52A,3
342581,VLG1812,1
3c65c9,DLH83U,1
345116,VLG9VT,1
452084,BCS236P,4
3c65d1,DLH96J,1
3c6521,LHX85P,1
3c6552,LHX52A,1
3c6551,LHX07Y,1
3c66af,DLH96J,1
3c66af,DLH83U,1
3c6548,LHX07Y,1
345041,VLG9VT,1
346691,VLG1812,1
34744c,VLG1816,1
3c6552,LHX85P,1
3c6551,LHX52A,1
3c66ac,DLH83U,1
346691,VLG9VT,1
3c6488,DLH96J,1
3c6523,LHX85P,2
345359,VLG1812,1
3c648d,DLH85P,1
3c666a,DLH96J,1
346184,VLG9VT,1
3c6486,DLH83U,1
3461cd,ECNCL,6
3c6542,DLH85P,1
344699,VLG1812,2
3c654d,LHX07Y,1
3c6522,LHX52A,1
34744c,VLG9VT,1
3c65cb,DLH83U,1
3c65d2,DLH96J,1
3c6549,LHX52A,1
345249,VLG9VT,1
3c66a6,DLH83U,1
344699,VLG1816,1
3c66b0,DLH96J,1
4ca7b5,RYR71QX,1
4cade7,RYR71QX,1
345204,VLG1BX,1
344691,VLG30TC,1
345116,VLG2LH,1
344158,VLG30TC,1
348209,VLG30TC,1
345042,VLG1BX,1
345249,VLG34N,1
3475d9,VLG1BX,1
3452c9,VLG5RQ,1
345248,VLG82VL,1
44061c,EJU37ER,1
342592,VLG1YR,1
344156,VLG1YR,2
440631,EJU37ER,1
3424d2,VLG1YR,1
344644,VLG1YR,1
347695,VLG82VL,1
3472c4,VLG1YR,1
344557,VLG82VL,1
346692,VLG1YR,1
342592,VLG82VL,1
4d250f,QFX69C,3
3cd3b7,ELG3D,4
3c65c7,DLH25E,1
3c66ae,DLH68P,1
3c6672,DLH39T,1
3c6674,DLH99Y,1
3c6666,DLH74U,1
3c6741,DLH99P,1
3c6588,DLH68P,1
3c667a,DLH74U,2
3c64a4,DLH39T,1
3c6595,DLH55M,1
3c6749,DLH99Y,1
3c66a1,DLH99P,1
3c664d,DLH99Y,1
3c6650,DLH25E,1
3c64a7,DLH39T,1
3c6635,DLH25E,1
3c644a,DLH39T,1
3c6634,DLH74U,1
3c6678,DLH99Y,1
3c6754,DLH99P,1
3c6543,DLH25E,1
3c6675,DLH68P,1
3c64a1,DLH39T,1
3c674a,DLH55M,1
781ec3,CCA840,1
3c66e8,DLH25E,1
3c6595,DLH99P,1
3c6583,DLH68P,1
3c6650,DLH99Y,1
3c6650,DLH39T,1
3c6746,DLH55M,1
3c65d9,DLH39T,1
3c6634,DLH99P,1
3c6663,DLH68P,1
3c6447,DLH55M,1
3c65c2,DLH25E,1
3c6753,DLH74U,1
3c6672,DLH99Y,1
4acb03,NSZ4GY,3
48c229,RYR31SF,1
4cadf0,RYR31SF,1
4d2272,RYR31SF,1
3443d5,VLG34PD,1
4caff8,RYR31SF,1
4aca84,NSZ4GY,1
34454a,VLG34PD,1
4cad2a,RYR3CL,1
344156,VLG95JZ,1
344644,VLG5GA,1
344156,VLG5GA,1
34440a,VLG21RX,1
3443d3,VLG31CD,1
34258f,VLG95JZ,1
342591,VLG31CD,1
345614,VLG3712,1
34538d,VLG5GA,1
342592,VLG7MZ,1
347695,VLG21RX,1
3444d1,VLG95JZ,1
346184,VLG21RX,1
3424d5,VLG31CD,1
344157,VLG5GA,1
345642,VLG3712,1
342397,VLG7MZ,1
3424d5,VLG21RX,1
3430cc,VLG7MZ,1
4ca2cb,EIN5WG,1
4ca2c9,EIN56V,1
4d224d,RYR70GC,1
4ca893,RYR43LV,1
4ca625,RYR200W,1
3443d4,VLG8720,1
345248,VLG8720,1
4ca7b5,RYR70GC,1
4ca76f,EIN5WG,1
4ca92b,RYR38NB,1
4cae57,RYR70GC,2
4ca770,EIN5WG,1
3443d3,VLG8720,1
4cad3b,RYR38NB,1
4ca837,EIN56V,1
4ca837,EIN5WG,2
4caff8,RYR38NB,2
3453c3,VLG8720,1
4cae57,RYR200W,1
4ca63b,EIN56V,2
4ca63b,EIN5WG,1
4ca303,RYR70GC,1
4cac1e,RYR43LV,1
345614,VLG8720,1
40665f,TOM5EG,1
4cade6,RYR43LV,1
4cad7e,EIN5WG,1
3424d5,VLG8720,1
48c2b0,RYR200W,1
4cae97,RYR38NB,1
4cae97,RYR70GC,2
4ca6fc,RYR6GZ,1
4ca97c,RYR200W,1
3444d1,VLG8720,1
3420cc,IBE04TD,1
3420cc,IBE0408,1
ac7159,N900YG,2
342107,IBE04SH,1
344648,IBE04DW,1
34608e,IBE04FE,1
34224e,IBE04FB,1
3423c3,IBE04RD,1
3475d4,LVL035,1
348203,VLG1006,1
347288,IBE04VZ,1
346183,VLG1004,1
344417,IBE04GK,2
3423c4,IBE04TE,2
347604,AEA7708,1
347604,AEA53EQ,1
344481,IBE04GT,1
344481,IBE04FR,1
344481,IBE04CF,2
347344,IBE04FB,1
347344,IBE04GT,1
347344,IBE04DW,1
495066,EVE121P,1
34744c,VLG1006,3
34744c,VLG1004,2
34520d,GES761D,2
346291,AEA53EQ,1
345103,LVL033,1
346204,IBE04RD,1
3420cb,IBE04HA,1
344481,IBE04FE,1
345691,IBE04TD,1
345691,IBE0408,1
34250a,IBE04SH,2
34250a,IBE04TE,2
39a56f,FHJLP,6
346147,IBE04VZ,1
341545,GES481Y,3
34635a,AEA7708,1
347288,IBE04FR,1
347288,IBE04GK,1
344449,IBE0408,1
346147,IBE04DW,1
34310d,BCS3WP,1
3420cc,IBE04GK,1
342107,IBE04TE,1
346186,IBE04VZ,1
345692,IBE04FR,1
346187,GES442S,1
346385,AEA7708,2
34134d,IBE04SH,2
342189,IBE04FB,1
34134e,IBE04HA,1
34134e,IBE04TD,1
34620b,IBE04WK,1
440481,AOJ79E,5
342091,IBE04RD,1
347187,ORO1042,2
3482d6,AEA53EQ,1
346204,IBE04GT,2
346204,IBE04FB,1
346204,IBE04CF,1
345646,VLG1004,1
3423c3,IBE04TD,1
346186,IBE04FE,1
346186,IBE04FR,1
346186,IBE04GK,1
344417,IBE04DW,1
346318,BCS3WP,2
3452c7,ANE3014,1
34604d,AEA7704,1
342189,IBE0408,1
34758d,GES041Z,4
3462c9,AEA7708,1
347287,IBE04RD,1
3cd3c6,PTN76H,2
3472cc,IBE04VZ,1
344648,IBE04HA,1
347349,AEA53EQ,1
a88e45,N650RV,2
34268d,SWT950P,1
34558e,AEA7708,1
34660b,IBE04FE,1
34224e,IBE04VZ,1
3420cb,IBE04DW,1
344417,IBE04FB,1
344417,IBE04GT,1
344417,IBE04FR,1
34444b,IBE04SH,1
3e31d8,PAV613H,1
342091,IBE04TD,3
342091,IBE0408,3
347306,AEA7704,1
493282,NJE644Y,1
342591,VLG1004,1
345299,AEA53EQ,1
344156,VLG1006,1
342211,IBE04RD,1
344648,IBE04TE,1
34604c,ANE3024,1
34608f,IBE04FE,2
3472cc,IBE04DW,1
347643,AEA53EQ,1
34615a,AEA7708,1
34444b,IBE04HA,1
342210,IBE04FB,1
345642,VLG1006,1
3462c9,AEA53EQ,1
342059,IBE04FB,1
342592,VLG1004,1
34608f,IBE04SH,1
34608f,IBE04TE,1
346499,IBE04WK,1
347219,IBE04DW,1
345250,ANE8023,1
34535a,VLG9AZ,1
440cff,EJU95GD,1
4cadbc,RYR73UV,1
34744c,VLG8PT,1
344099,VLG94KR,1
4405b6,EJU95GD,3
345314,VLG8PT,1
4cae59,RYR90VA,1
34744d,VLG9AZ,1
4ca702,RYR73UV,1
4ca806,RYR73UV,1
4405a6,GAC231L,1
345249,VLG94KR,1
34768d,VLG9AZ,1
34454a,VLG8PT,1
4405ea,EJU95GD,2
4ca7b5,RYR73UV,2
4d228f,RYR90VA,1
345249,VLG9AZ,1
348205,VLG8PT,1
345043,VLG94KR,1
4d2213,RYR90VA,1
344694,VLG9AZ,1
440c36,EJU95GD,1
3453c3,VLG8PT,1
346692,VLG9AZ,1
4cae00,RYR73UV,1
345642,VLG94KR,1
4caee8,RYR90VA,1
4d21ed,RYR73UV,1
344157,VLG94KR,1
344694,VLG8PT,1
34538d,VLG9AZ,1
3481c4,VOE3ER,3
300363,ITL201,3
3430cd,VOE3ER,1
3481c4,VOE9TU,2
440667,AUA42B,1
4d22b4,RYR43EU,1
4d24b0,WMT229V,1
440608,AUA40H,1
4d22af,RYR60RW,1
44006c,AUA40H,1
440608,AUA42B,1
4d22b9,RYR43EU,1
44065c,AUA42B,1
4caff8,RYR43EU,1
44004f,AUA40H,1
440052,AUA42B,2
4d22ad,RYR43EU,1
4d24b0,WMT2FG,1
44001a,AUA40H,1
346610,VLG6WT,1
4d22b2,RYR72BA,1
344645,VLG6WT,1
4d22b6,RYR60RW,1
4cada3,RYR43EU,1
440606,AUA40H,1
4d241c,WMT2FG,1
4d22bc,RYR43EU,1
471daf,WMT2FG,1
4d22bb,RYR60RW,1
4d2423,WZZ2TS,2
471d64,WZZ65,2
4caff8,RYR41WV,1
4caee6,RYR31MR,1
3452c7,ANE8013,1
471dbd,WZZ2TS,1
4ca92b,RYR41WV,1
48c138,RYR31MR,1
4d2221,RYR41WV,1
471dbd,WZZ65,1
471dba,WZZ2TS,1
4ca84a,RYR41WV,1
48c239,RYR31MR,1
4d224d,RYR41WV,1
471f3d,WZZ65,1
4ca8d5,RYR31MR,1
471d64,WZZ2TS,1
471db6,WZZ65,1
4d248f,WZZ2TS,1
48c2ab,RYR31MR,1
48c233,RYR7FN,1
4caee6,RYR41WV,1
4d2427,WZZ2TS,1
48c138,RYR41WV,1
471fae,WZZ65,1
473fee,FCA3FM,1
4ca97c,RYR9913,1
502d5d,BTI878,2
4ca815,RYR9913,1
4d2413,EWG33FF,1
4d253b,EWG33FF,1
4ca647,RYR43JR,1
344307,ANE92MX,1
34224e,FIN07RT,1
342189,FIN07RT,2
342210,FIN07RT,3
34440a,VLG72JE,1
4952c6,TAP1031,1
495293,TAP37CN,1
495297,TAP39PT,1
4ca6fc,RYR8LC,1
342592,VLG72JE,1
495305,TAP35BL,2
3451d3,VLG1QJ,1
345212,VLG2EE,1
4400f3,EJU96ZK,2
34454a,VLG4LP,1
495145,TAP39PT,1
495150,TAP1041,2
495297,TAP37CN,1
495297,TAP1031,2
495217,TAP1033,1
34454b,VLG4LP,1
4ca97c,RYR8LC,1
49514e,TAP35BL,1
4400f3,EJU37XZ,1
345206,VLG1QJ,1
4952c1,TAP1041,1
3451d3,VLG2EE,1
495153,TAP1031,1
495039,TAP39PT,1
344697,VLG72JE,1
495210,TAP37CN,1
440005,EJU34DK,1
440237,EJU34DK,1
440237,EJU37XZ,1
495218,TAP39PT,1
344501,VLG72JE,1
3472c4,VLG4LP,1
346691,VLG2EE,1
3430cc,VLG1QJ,1
495299,TAP37CN,1
4951cd,TAP1033,1
34744c,VLG1QJ,1
495299,TAP39PT,1
495038,TAP1031,1
4951cc,TAP1033,1
495149,TAP35BL,1
4cafb4,RYR8LC,1
345642,VLG72JE,1
3c5434,BCS18K,1
495037,TAP37CN,1
4951d4,TAP1041,1
440117,EJU37XZ,1
4d2532,WMT744,1
49d039,TVS48J,1
4a08a5,HYS264,1
4d245f,WMT744,1
4d24b3,WMT744,1
4a4eae,HYS264,1
471db3,WMT744,1
4d2143,WMT2SW,1
4d24b2,WMT744,2
4d2210,RYR6UF,1
4ca623,RYR43MX,1
4ca6fc,RYR668T,1
4caff8,RYR498Y,1
4cafcf,RYR43MX,1
4d2219,RYR668T,1
4cae59,RYR43MX,1
4cadfc,RYR498Y,1
4cae59,RYR668T,1
4caff8,RYR43MX,1
4cafb4,RYR6UF,1
4cac86,RYR6RU,1
4d2219,RYR498Y,1
4ca6fc,RYR43MX,1
4cadc4,RYR668T,1
4ca737,RYR498Y,1
4cafb4,RYR43MX,1
4ca97c,RYR6UF,1
4ca7b5,RYR43MX,1
4ca6fc,RYR498Y,1
4ca8d9,RYR6RU,1
4d2237,RYR668T,1
4ca56b,RYR85FM,1
4d200f,WZZ8182,1
471f41,WZZ8182,1
4d228f,RYR85FM,1
4cae57,RYR85FM,1
471db3,WZZ8182,1
4d244c,RYR62ST,1
4d20bf,WZZ8182,1
4caff8,RYR62ST,1
48c2a3,RYR85FM,1
471d66,WZZ1672,2
4d21eb,RYR62ST,1
4d24d7,WZZ8182,1
48c2a4,RYR62ST,1
471f6e,WZZ8182,1
4ca8e8,RYR5252,1
48c134,RYR62ST,1
4caff8,RYR85FM,1
471d66,WZZ8182,1
348203,VLG65WQ,1
345249,VLG69NC,1
344644,VLG14DT,1
44cdc9,BEL74C,1
34535a,VLG14DT,1
347690,VLG65WQ,1
34744d,VLG69NC,2
34744d,VLG14DT,2
44cdc8,BEL74C,1
44ce62,BEL7JN,1
440bc5,BCS4GC,1
4ca97c,RYR18KD,2
345645,VLG17JZ,1
34768d,VLG65WQ,1
4ca6fc,RYR18KD,1
34744d,VLG65WQ,1
347695,VLG17JZ,1
4d2219,RYR85PE,1
34440b,VLG69NC,1
44cc41,BEL7JN,1
44cc41,BEL74C,1
34454a,VLG17JZ,1
346184,VLG65WQ,1
345645,VLG14DT,1
4d228f,RYR85PE,1
34744c,VLG69NC,1
345614,VLG17JZ,1
3424d1,VLG14DT,1
44cdc6,BEL7JN,1
345212,VLG14DT,1
343194,VLG65WQ,1
48e9f0,RYR59EZ,1
4d2453,WZZ236M,2
48e9f2,RYR59EZ,1
4d20c0,WZZ236M,3
4d21f7,RYR59EZ,1
4d21f7,RYR6944,2
4ca8d9,RYR59EZ,1
345359,VLG6VD,1
345249,VLG29HW,1
3455d8,VOE2AJ,1
34538d,VLG29HW,1
344697,VLG6VD,1
345212,VLG6VD,1
3472c3,VLG29HW,1
345613,VOE2AJ,1
344644,VLG29HW,1
346692,VLG6VD,1
345042,VLG6VD,1
344692,VLG29HW,1
34568d,VOE2AJ,1
3455da,VOE2AJ,1
3444da,VLG29HW,1
342581,VLG6VD,1
34744c,VLG6VD,1
345043,VLG29HW,1
34538d,VLG2976,1
345359,VLG7JF,1
345205,VLG1294,1
346183,VLG1PP,1
346691,VLG7JF,1
345108,VLG1PP,1
344445,EVE114P,1
344644,VLG7JF,1
346090,VLG1PP,1
345643,VLG7JF,1
345108,VLG101P,1
345398,VLG1294,1
344645,VLG7JF,1
348206,VLG1PP,1
348204,VLG7JF,1
344644,VLG1PP,1
347690,VLG1PP,1
34560d,VLG7JF,1
4d00db,LGL92EL,2
4caff8,RYR931C,2
4d00da,LGL92EL,1
4ca97c,RYR931C,1
4d2237,RYR931C,2
4d00c6,LGL92EL,1
4d00d4,LGL92EL,1
4d00db,LGL396B,1
4ca8d9,RYR931C,1
4d00d7,LGL94EL,1
a49375,UPS243,2
4d2221,RYR878U,1
3c49ce,EWG17G,1
a48850,UPS243,2
4d2237,RYR878U,1
3c56f3,EWG17G,1
a41cf8,UPS243,2
3c5ee7,EWG17G,2
4d2304,RYR878U,1
4cae59,RYR878U,1
a41941,UPS243,2
4ca95e,RYR878U,1
4d2087,EWG17G,1
4ca303,RYR4VB,1
3c56f1,EWG17G,1
4d2223,RYR878U,1
4d228f,RYR878U,1
3c48ee,EWG17G,1
48c12e,RYR10SK,1
4d2223,RYR13GG,2
471dc1,WZZ8MU,3
4ca815,RYR13GG,1
4d2237,RYR13GG,1
471db6,WZZ8MU,1
4ca303,RYR13GG,1
471dbd,WZZ8MU,1
4ca8d9,RYR13GG,1
48c1a6,RYR13GG,1
4d2223,RYR75UV,1
4d2219,RYR75UV,1
4caff8,RYR75UV,1
4d2216,RYR75UV,1
4d2237,RYR75UV,1
4ca82e,EJU37LA,4
30048f,TJD402,7
4ca82f,EJU37LA,1
a3f6d3,N3546,2
45214a,PJJ311A,3
300447,TJD750,9
4405b6,EJU7159,1
493297,NJE787H,1
4cac62,ABR291,5
3c70b0,BCS55K,3
3c70b5,BCS55K,1
440bbf,BCS55K,1
4cad4b,ABR291,1
4cae59,RYR72QW,1
4d24b3,WZZ596,1
4cadbb,RYR17DK,1
4d2532,WZZ596,1
4cadbb,RYR72QW,2
471db7,WZZ596,1
347641,VOE1SD,1
4405ea,EJU7141,2
34714d,VOE1SD,1
4841a9,TRA6062,1
484f6d,TRA42N,1
484b6e,TRA42N,1
484f6d,TRA6062,2
48520b,TRA6062,1
4866de,TRA6062,1
48c228,RYR232U,1
4ca702,RYR3QT,1
4d2223,RYR232U,1
4ca621,RYR232U,1
4d2238,RYR232U,1
3451d5,VLG31FJ,1
346692,VLG31FJ,1
345204,VLG31FJ,1
3451d5,VLG2AD,1
342591,VLG2AD,1
344645,VLG2AD,1
345314,VLG2AD,1
4d20bd,WZZ96WV,2
4d20bd,WZZ1212,2
48e95a,LOT3TD,1
4d2534,WZZ96WV,1
48e95b,LOT3TD,2
4d242d,WZZ1212,1
48adad,LOT3TD,1
471db4,WZZ96WV,1
471db4,WZZ1212,1
48af03,LOT3TD,1
4d200e,WZZ1476,1
48af01,LOT3TD,1
471f32,WZZ96WV,1
471f41,WZZ96WV,1
471f41,WZZ1212,1
4d2536,WZZ1212,1
48af09,LOT3TD,1
4d2067,WZZ96WV,1
347690,VLG32GX,1
3e47c9,ECA2JP,4
3424d1,VLG32GX,1
342592,VLG32GX,1
344695,VLG32GX,1
39a1ef,PVR65F,1
34440a,VLG32GX,1
39a182,PVR85L,1
344157,VLG32GX,1
471eff,WZZ5GT,3
346183,VLG2UP,1
346644,VOE73NA,1
347301,BCS824P,1
348205,VLG11XQ,1
345043,VLG2976,1
344158,VLG2UP,1
345398,VLG11XQ,1
3424d1,VLG2UP,1
3472c3,VLG11XQ,1
3472c4,VLG2UP,1
342581,VLG11XQ,2
346611,VOE73NA,1
4d228f,RYR73XY,1
344158,VLG90RF,2
345205,VLG90RF,1
4ca702,RYR73XY,1
4cae57,RYR3RQ,1
4ca815,RYR73XY,1
345645,VLG90RF,1
345248,VLG90RF,1
4cafb4,RYR73XY,1
4cae97,RYR73XY,1
3cf774,BTX3C,3
502d0d,BTI26R,1
4d2223,RYR35HJ,1
502d5c,BTI26R,1
48c227,RYR35HJ,1
502dae,BTI26R,1
4d2233,RYR4EK,1
4d228f,RYR4EK,2
4ca708,RYR4EK,1
4d24d6,WMT661,3
4d201e,WMT661,1
4d201f,WMT661,1
39dd49,CCM55TA,2
39dd42,CCM55TA,1
4d2095,RYR93NU,1
4ca811,RYR93NU,2
4d2213,RYR93NU,1
4ca56b,RYR29SV,1
4ca2c0,RYR93NU,2
4ca4f5,RYR29SV,1
4cac85,RYR29SV,1
4ca815,RYR6PC,1
4ca88c,RYR6PC,1
4d2387,RYR6PC,1
4cad2a,RYR3XV,1
4cac23,RYR3XV,1
4cadbf,RYR21MY,1
4d222d,RYR25LR,1
4d234f,RYR25LR,2
4cadf4,RYR25LR,1
4cac85,RYR21MY,1
4caa5a,RYR25LR,2
4d234c,RYR4PJ,1
48c12f,RYR4PJ,2
4cade2,RYR25AB,1
48c1a9,RYR25AB,1
4cadf2,RYR25AB,1
4cadfd,RYR9049,1
4cae4c,RYR25AB,1
4d22ae,RYR86CF,1
4d22c3,RYR86CF,1
4d21f0,RYR86CF,1
4d22ae,RYR4FN,1
4d22c8,RYR86CF,1
4d22b3,RYR4FN,1
4d22c4,RYR86CF,1
4d2519,RYR9YU,1
4cade7,RYR75KL,1
4cae6c,RYR9YU,1
4d2258,RYR75KL,1
4ca9ed,RYR75KL,1
4ca7b6,RYR9YU,1
4d234f,RYR7SR,1
48c1a1,RYR9YU,1
4cae9b,RYR75KL,2
4cad0f,RYR9YU,1
4d2258,RYR66QK,1
48ea4d,RYR75KL,1
4d2251,RYR9YU,1
4cade4,RYR9YU,1
4cafcf,RYR75KL,1
4d2219,RYR32FQ,1
4d2219,RYR23EY,1
4ca24d,RYR4UR,2
4d221f,RYR23EY,1
4cafd1,RYR32FQ,1
4cac56,RYR32FQ,1
4d221a,RYR23EY,1
4d2382,RYR32FQ,1
4ca24d,RYR23EY,1
4d2449,RYR4UR,1
4ca6a6,RYR32FQ,1
4cac56,RYR4UR,1
4cae9d,RYR23EY,1
4d2265,RYR4UR,1
4cae6c,RYR23EY,2
4cae9d,RYR9WE,1
4cac85,RYR32FQ,1
4d2265,RYR9WE,1
4d2223,RYR854W,1
4d2219,RYR854W,1
4caff8,RYR854W,1
4ca7b5,RYR1FY,1
4d2216,RYR854W,1
4d2237,RYR854W,1
4cad29,RYR5UR,1
48c220,RYR5UR,1
4ca9c3,RYR5507,1
4d2228,RYR5UR,1
4d23fd,RYR5UR,1
4d2263,RYR5UR,1
48c126,RYR1889,1
48e9f2,RYR1889,1
4ca2d5,RYR1889,2
4d2386,RYR91WH,1
4d2234,RYR91WH,1
48c2b3,RYR91WH,1
4cae90,RYR1QH,1
48c2a2,RYR91WH,1
4d2233,RYR1QH,1
4d2233,RYR91WH,2
4d234f,RYR7234,1
4cadbb,RYR7234,1
4d234f,RYR7088,1
4ca802,RYR7088,1
4cadfc,RYR39MR,2
4d2258,RYR7088,1
4ca9ed,RYR35YZ,1
4cadf4,RYR7088,1
4ca805,RYR7088,1
4cae6c,RYR35YZ,1
4d234f,RYR9679,1
4d2258,RYR9679,1
4cac85,RYR9679,1
4d234d,RYR1247,1
4cada3,RYR1247,2
4d2303,RYR1247,1
4d2256,RYR1247,1
4d225f,RYR29AV,1
4ca708,RYR6788,1
4ca9ed,RYR6788,1
4cafb4,RYR20AD,1
4ca264,RYR20AD,1
48c131,RYR20AD,1
48c121,RYR7RA,1
48c138,RYR7RA,2
48c2a9,RYR24BC,1
471db8,WZZ8TW,1
4ca8d5,RYR7RA,2
4d224d,RYR24BC,1
4cae53,RYR2VD,1
4ca24f,RYR2VD,1
48c1a8,RYR2VD,1
4caf28,RYR85SA,1
4d226a,RYR85SA,1
4d21f0,RYR85SA,1
4ca9cf,RYR85SA,1
48c121,RYR85SA,1
44001b,AUA26Z,1
44008f,AUA230,5
44022b,AUA240,1
440608,AUA224,1
440052,AUA226,1
440052,AUA224,1
440604,AUA226,1
440604,AUA240,1
44001a,AUA26Z,1
440825,AUA22S,1
440820,AUA26Z,1
440827,AUA226,2
44082c,AUA224,1
44006e,AUA23N,1
44006e,AUA22S,2
44004f,AUA240,1
44004f,AUA224,1
440828,AUA26Z,1
440821,AUA226,1
440608,AUA240,1
440cac,AUA230,2
440052,AUA22S,1
440604,AUA23N,1
440824,AUA26Z,1
440666,AUA240,1
44029f,AUA23N,1
440821,AUA22S,1
44006c,AUA240,1
44081e,AUA26Z,1
501c2b,JSY3E,1
44022b,AUA224,1
3cc243,AWH15M,1
44006e,AUA226,1
48af12,LOT3KT,1
48ada2,LOT3JA,1
48ada6,LOT3JA,1
48ad80,LOT3KT,1
48adac,LOT3JA,1
489786,LOT3JA,1
48ad0f,LOT3KT,2
48ad0c,LOT3JA,1
48ada4,LOT3KT,1
48ada8,LOT3JA,1
48ad10,LOT3KT,1
48ad0f,LOT3JA,1
4bbd03,TKJ50P,1
4ba9ea,THY8WQ,1
4baa6c,THY2FQ,1
4bc88c,PGT54MW,1
4bc8c5,PGT982,1
4baa79,THY2VQ,1
4bb286,THY0AC,1
4bb20f,THY1XP,1
4bc8c4,PGT80GD,1
4bb199,THY8WQ,1
4ba92f,THY1XP,1
4bc8ce,PGT54MW,1
4baad4,THY0AC,1
4bab52,TKJ50P,1
4b9065,PGT932X,1
4bc8cf,PGT80GD,1
4baa55,THY2FQ,1
4bbd02,TKJ50P,1
4bc8cf,PGT932X,1
4bb0ef,THY1XP,1
4bc846,PGT80GD,1
4bb28b,THY2VQ,1
4bc8d0,PGT54MW,1
4bc887,PGT80GD,1
4baa4d,THY2VQ,1
4bc8cf,PGT982,1
4bb2b2,TKJ50P,1
4bc88b,PGT54MW,2
4baa73,THY2VQ,1
4bc88b,PGT932X,1
3ce690,PTN47U,2
4bc849,PGT80GD,1
4ba975,TKJ50P,1
4ba9ea,THY1XP,1
4bb284,THY2VQ,1
4bb0ec,THY8WQ,1
4bb201,THY2FQ,1
4ba9da,THY1XP,1
4bc8c7,PGT54MW,1
4baa81,THY0AC,1
4bc8d2,PGT80GD,1
4bb868,PGT932X,1
4bb2a9,TKJ50P,1
4ba9c9,THY1XP,1
4baa84,THY8WQ,1
4bc88c,PGT80GD,1
4bc8cc,PGT982,1
4baa86,THY0AC,1
4bc8cd,PGT54MW,1
4bb289,THY2FQ,1
4bb26f,THY2VQ,1
4bb02b,TKJ50P,1
452101,SWT9ER,5
39bb20,AFR1735,1
440469,EJU48PM,1
4400e3,EJU78UM,1
44093e,EJU46PD,1
39de40,TVF96XN,1
39e68a,AFR22LD,1
39bda2,AFR71EQ,1
44046d,EJU81QB,2
500463,T7ARES,1
3cbdeb,BFD16K,3
440c6f,EJU92PK,1
39e697,AFR87DL,1
394c0c,AFR1235,1
39bb22,AFR83WJ,1
3964e1,TVF38ZF,2
440589,EJU78UM,1
39e4ac,AFR1235,1
44046d,EJU46PD,2
44046d,EJU48PM,2
399260,FHETA,10
392af3,AFR71EQ,1
3950cd,AFR83WJ,1
39bdb2,AFR1735,1
3991e8,AFR22LD,1
39e68b,AFR87DL,1
44015a,EJU48PM,3
39de4c,TVF38ZF,1
39bdb7,AFR87DL,1
3f6533,GAF635,4
3cc005,IJM45F,5
39bdb3,AFR1735,1
4402db,EJU46PD,1
39de47,TVF96XN,1
3946e5,AFR83WJ,1
440352,EJU81QB,1
440c6f,EJU78UM,1
39856b,AFR71EQ,1
39de45,TVF38ZF,1
39de42,TVF96XN,1
4400dc,EJU92PK,1
440352,EJU46PD,1
3991e9,AFR22LD,1
392aee,AFR1235,1
440611,EJU47GZ,1
39e691,AFR71EQ,1
39bdaf,AFR1735,1
440219,EJU47GZ,1
440181,EJU47MD,1
39bda9,AFR71EQ,1
39856e,AFR22LD,1
39e683,AFR87DL,1
44015a,EJU46PD,1
3946e5,AFR1735,1
39d315,TVF38ZF,1
3986e7,AFR83WJ,1
39e681,AFR382V,1
39de51,TVF96XN,1
4401fa,EJU48PM,1
39bb23,AFR1235,1
440cf8,EJU92PK,1
3991e6,AFR71EQ,1
3950cf,AFR22LD,1
39de51,TVF89KL,1
39ceac,TVF38ZF,1
39bdb5,AFR1735,1
44061b,EJU31JL,1
4400e3,EJU47GZ,1
392aec,AFR1235,1
39bdb0,AFR87DL,1
4400e3,EJU92PK,1
39e680,AFR71EQ,1
3991e4,AFR22LD,1
3985a6,AFR83WJ,1
39bda9,AFR87DL,1
39bdb9,AFR1735,1
39bdb0,AFR1235,1
440484,EJU78UM,1
39de41,TVF96XN,1
39348e,TVF38ZF,1
3c664e,DLH9CW,2
3c6442,DLH201,1
3c6758,DLH193,1
3c66e8,DLH5AR,1
3c66e8,DLH3YF,1
3c658d,DLH6JV,1
3c644a,DLH2FL,1
3c6676,DLH181,1
3c7879,CFG2FR,1
3c7879,CFG2DC,1
3c7879,CFG9YT,1
3c6550,LHX187,5
3c6550,LHX177,6
3c6643,DLH6JV,1
3c66aa,DLH181,1
3c658c,DLH201,1
3c6743,DLH2FL,1
3c6634,DLH193,1
3c6676,DLH5AR,1
3c6658,DLH9CW,1
3c6742,DLH3YF,1
3c088d,CFG3WR,1
3c088d,CFG1FE,1
3c088d,CFG5AK,1
3c66ae,DLH9EK,1
3c6658,DLH6JV,1
3c6585,DLH201,1
3c66aa,DLH193,2
3c6643,DLH2FL,1
3c6473,CFG3YU,1
3c6473,CFG1AH,1
3c6473,CFG9NX,1
3c6671,DLH3YF,1
3c65ca,DLH5AR,1
3c6745,DLH9EK,1
3e225d,EFD2F,6
3c088d,CFG8DF,1
3c088d,CFG2CA,1
3c6743,DLH193,1
3c6676,DLH9CW,1
3c6758,DLH5AR,1
3c6650,DLH6JV,1
3c66ea,DLH2UC,1
3c66ea,DLH181,1
3c648c,DLH2FL,1
3c66e8,DLH201,1
3c6637,DLH5AR,1
3c667a,DLH9CW,1
3c6741,DLH3YF,1
3c644a,DLH201,1
3c6658,DLH2FL,1
3c088d,CFG9VN,1
3c088d,CFG1KL,1
3c088d,CFG3NY,1
3c6635,DLH2UC,1
3c6635,DLH181,1
3c6653,DLH9EK,1
3c664c,DLH6JV,1
3c6487,DLH9CW,2
3c6473,CFG3TN,1
3c6473,CFG7ME,1
3c6473,CFG7NY,2
3c65d8,DLH6JV,1
3c6445,DLH3YF,1
3c6583,DLH201,1
3c4dc7,DLH193,1
3c654e,LHX187,1
3c654e,LHX177,1
3c64ad,DLH9851,1
3c664f,DLH2FL,1
3c66ea,DLH5AR,1
3c658e,DLH9EK,2
3c4dca,DLH2UC,1
3c6648,DLH181,1
3c6445,DLH201,1
3c658c,DLH193,1
3c658c,DLH2FL,1
3c7877,CFG3RW,1
3c674a,DLH3YF,1
3c6657,DLH6JV,1
3c658b,DLH5AR,1
3c658b,DLH2UC,1
3c658b,DLH181,1
3c6473,CFG2CK,1
3c6474,CFG7VT,1
484fdf,KLM1780,1
4867c1,KLM26L,1
484557,KLM38Z,2
484442,KLM90J,1
486742,KLM84H,1
484cb4,KLM1782,1
484f18,KLM26L,1
484132,KLM90J,1
485a33,KLM1782,1
484ee4,KLM38Z,2
486651,KLM84H,2
49328f,NJE033T,1
484556,KLM1780,1
484130,KLM1782,1
484166,KLM26L,2
4867c2,KLM84H,1
484555,KLM1780,1
486836,KLM84H,1
484162,KLM38Z,1
484ee4,KLM90J,1
484b8f,KLM1780,2
485a32,KLM1782,1
485a32,KLM90J,1
48418c,KLM1782,1
486898,KLM84H,1
484131,KLM26L,1
485a34,KLM1782,1
484165,KLM38Z,1
484130,KLM90J,2
48455d,KLM26L,1
486740,KLM84H,1
484cb7,KLM1782,1
484cb7,KLM38Z,1
4ca9d2,RYR4MU,1
4ca806,RYR4MU,1
4d225c,RYR4MU,1
440589,EJU18DL,1
3c56ee,EWG81PK,1
4cafc4,RYR383V,1
440da5,EJU49AT,1
3e35d4,DGJ536,9
4401d1,EJU49AT,1
3c56ee,EWG4UA,2
4cadbc,RYR383V,1
3c54a1,EWG4UA,1
440589,EJU49AT,1
4d223b,RYR383V,1
3e1a67,DIBET,6
440cf8,EJU18DL,1
4d2409,EWG4UA,1
440c6f,EJU49AT,1
4d22be,RYR383V,1
3cdde1,SFG55A,6
4400dc,EJU18DL,1
4d2410,EWG81PK,1
3c55c8,EWG81PK,1
3c56f7,EWG4UA,1
4d22b8,RYR383V,1
440224,EJU18DL,1
3c55c7,EWG4UA,1
3c4b4c,EWG1AP,1
440cf8,EJU49AT,1
4cae92,RYR383V,1
440589,EJU19RB,1
440036,EJU38LB,1
440036,EJU19RB,1
44015a,EJU38LB,1
4402b9,EJU38LB,1
4406f0,EJU19RB,1
440019,EJU38LB,1
440062,EJU19RB,1
a62665,JCY211,2
4403f0,EJU19RB,1
4406f0,EJU38LB,1
4400eb,EJU19RB,1
49d655,AAO12,4
4ca82e,EJU38LB,1
440da5,EJU19RB,1
3c66a7,DLH5PW,2
3c66a3,DLH2EE,1
3c66a3,DLH6HU,1
3c6486,DLH9XC,2
3c666a,DLH1KX,1
3c6451,DLH4RP,1
3c6488,DLH2PU,1
3c66a2,DLH5JW,1
3c65c8,DLH4TP,1
3c66ab,DLH3LC,1
3c64a3,DLH4TP,1
3cc187,AWH93B,3
3c66a6,DLH5JW,1
3c6759,DLH6HU,1
3c6757,DLH2PU,1
3c648e,DLH9XC,1
3c644d,DLH4RP,1
3c66a2,DLH1KX,1
3c6590,DLH3LC,1
3c644b,DLH5PW,1
3c6598,DLH3LC,1
3c65cb,DLH5JW,1
3c65cb,DLH4TP,1
3c4dc8,DLH5PW,1
3c644e,DLH2EE,1
3c666b,DLH1KX,1
3c66a3,DLH4RP,1
3c6751,DLH2PU,1
3c6750,DLH6HU,1
3c6593,DLH2EE,1
3c6670,DLH9XC,2
3c79c1,SDR82GF,1
3c65c9,DLH4TP,1
3c64a3,DLH5JW,1
3c6488,DLH1KX,1
3c66a7,DLH6HU,1
3c65cb,DLH4RP,1
44006e,AUA1408,1
3c66af,DLH1KX,1
3c6542,DLH4TP,1
3c48e8,LHX4RP,1
3c6582,DLH2EE,2
3c66a5,DLH2PU,1
3c644c,DLH3LC,1
3c65cb,DLH9XC,1
3c6750,DLH5JW,1
3c65d5,DLH9901,1
3c644e,DLH3LC,1
3c66a8,DLH5JW,1
3c66a6,DLH2EE,1
3c6597,DLH1KX,1
3c48f0,LHX4RP,1
3c6750,DLH2PU,1
3c644c,DLH4RP,1
3ccdb2,EUL6W,4
3c666a,DLH9XC,1
3c66ac,DLH2PU,1
3c6593,DLH3LC,1
3c6670,DLH4TP,1
3c6594,DLH5JW,1
3c66ad,DLH1KX,1
4a524b,TOY532,1
3cc57d,AMB096,2
3c5ee1,EWG7YR,2
3c5eed,EWG12Y,2
3c56f2,EWG6901,1
3c4b4e,EWG30M,2
3c54a5,EWG26V,1
3f4e27,GAF643,4
3c56ec,EWG8LP,2
3c5ef2,EWG12Y,2
3c5ee7,EWG5NC,2
3c55c9,EWG21M,2
3c55c9,EWG30M,2
3c55c2,EWG7YR,2
3c5eee,EWG12Y,2
3c55c7,EWG30M,2
3c5ee4,EWG4TM,2
3c5ee4,EWG12Y,2
3c4b4c,EWG21M,4
3c54a5,EWG4BA,2
3c5ee4,EWG7YR,2
3c55c7,EWG5NC,2
3c4b4c,EWG30M,2
3c49ce,EWG21M,2
4d2413,EWG30M,2
3c56ee,EWG5NC,2
49130d,NJE082H,1
4bb856,PGT5ZU,1
4bcdf6,SXS1CM,1
4bb859,PGT5ZU,1
4bcdec,SXS4J,1
4bcdfa,SXS1CM,1
4ca645,RYR50HG,1
4400dc,EJU93BC,1
4400eb,EJU93BC,2
4cadba,RYR50HG,1
3c56ec,EWG74Y,1
4cae5a,RYR50HG,1
440352,EJU93BC,1
440cf8,EJU93BC,2
4cae63,RYR50HG,1
4ca816,RYR7VA,1
440c6f,EJU93BC,1
4caee8,RYR50HG,1
48c2b9,RYR50HG,1
3c56f7,EWG74Y,1
4cae92,RYR50HG,1
4d2303,RYR91MD,1
4cae49,RYR91MD,1
48c2ab,RYR91MD,1
4d2236,RYR91MD,1
48c130,RYR518,1
4cae54,RYR91MD,1
4cac86,RYR75DU,1
490d84,NJE869E,1
4cae67,RYR75DU,1
4cac86,RYR8KA,1
4d2449,RYR8KA,1
471f64,WMT7191,1
4d2213,RYR8KA,1
471f67,WMT7191,1
471f62,WMT7191,1
4caee8,RYR8KA,1
471f04,WMT7191,1
4cac86,RYR1267,1
4ca806,RYR1267,1
48c2ab,RYR1267,1
4cae8d,RYR9ZG,1
4d2067,WZZ3ZR,1
471dba,WZZ3ZR,1
48c1a2,RYR9ZG,2
48c138,RYR9ZG,2
471d65,WZZ3ZR,2
4cac1f,RYR55UL,1
4d200f,WZZ3ZR,1
471dc0,WZZ3ZR,1
4cae00,RYR55UL,1
3cc187,AWH93L,1
4d21ed,RYR9ZG,1
491d86,NJE954F,1
4d21dc,KMM377,1
4d21db,KMM377,1
34535a,VLG36YN,1
440cff,EJU72UM,1
4cadbc,RYR46SM,1
34744c,VLG71CK,1
344099,VLG33QH,1
4405b6,EJU72UM,3
345314,VLG71CK,1
4cae59,RYR1SJ,1
34744d,VLG36YN,1
4ca702,RYR46SM,1
4ca806,RYR46SM,1
345249,VLG33QH,1
34768d,VLG36YN,1
34454a,VLG71CK,1
4405ea,EJU72UM,2
4ca7b5,RYR46SM,2
4d228f,RYR1SJ,1
345249,VLG36YN,1
348205,VLG71CK,1
345043,VLG33QH,1
4d2213,RYR1SJ,1
344694,VLG36YN,1
440c36,EJU72UM,1
3453c3,VLG71CK,1
346692,VLG36YN,1
4cae00,RYR46SM,1
345642,VLG33QH,1
4caee8,RYR1SJ,1
4d21ed,RYR46SM,1
344157,VLG33QH,1
344694,VLG71CK,1
34538d,VLG36YN,1
4cae67,RYR448X,1
4d2449,RYR448X,1
4cadc0,RYR448X,1
4cac56,RYR448X,1
4cae67,RYR84FV,1
4ca816,RYR84FV,1
4d2503,RYR84FV,2
3c4b4c,EWG8LB,2
4d223a,RYR84FV,1
440181,EJU73CQ,1
4d2383,RYR85EL,1
440ca9,EJU59MR,1
4ca811,RYR74BL,1
30097a,CPI178,2
440484,EJU61EK,1
4d2383,RYR74BL,1
440589,EJU61EK,1
4ca27c,RYR74BL,1
4d2213,RYR74BL,2
440484,EJU73CQ,1
4400e3,EJU61EK,1
48c229,RYR85EL,1
4cac1f,RYR85EL,1
4403f0,EJU61EK,1
4402ac,EJU59MR,1
440065,EJU73CQ,1
440c6f,EJU61EK,1
48c2a9,RYR85EL,1
4d2228,RYR74BL,1
4ca56b,RYR74BL,1
4403f0,EJU73CQ,1
4d236c,RYR85EL,1
44093e,EJU15XB,1
4d2289,RYR28SG,1
4cad4f,RYR28SG,1
440181,EJU15XB,1
46da6c,SEH875,1
4691c7,AEE2WD,1
4692d4,AEE82B,1
46b830,AEE2WD,2
46b82b,AEE2WD,1
46b82d,AEE2WD,2
46b8b4,AEE82B,1
46a5e2,SEH875,1
4aca73,SAS1674,1
440cf8,EJU53NK,2
4cad40,SAS1676,1
4ac9f2,SAS1680,1
4aca50,NSZ3303,1
4a91fa,SAS1680,1
4cae8e,SAS1676,1
4aca94,NSZ3303,1
4cafcc,SAS1674,1
4acaa1,SAS1680,1
4aca78,SAS1674,2
4aca15,NSZ3303,2
4cad96,SAS1676,1
4409c0,EJU53NK,1
4cafcc,SAS1676,1
4ac9e6,SAS1680,1
4aca6e,SAS1674,1
45ab21,SAS1680,1
4cad86,SAS1676,1
4aca12,NSZ3303,1
440181,EJU53NK,1
4ab824,NSZ3303,1
45ac54,SAS1674,1
4cac79,SAS1680,1
47ba0d,SAS1678,1
45ab4f,SAS1676,1
4ab564,SAS1680,1
4aca6b,SAS1674,1
45ab23,FIN9YA,1
45ab23,FIN3YX,1
461f67,FIN7HC,2
3c56f1,EWG3MY,2
461f63,FIN7HC,2
461e1f,FIN3YX,1
45ab54,FIN9YA,2
461f6c,FIN3YX,2
461fa0,FIN7HC,1
461f39,FIN3YX,1
461fa7,FIN9YA,1
3c4b4c,EWG3MY,3
461f62,FIN9YA,1
461f62,FIN3YX,1
3c56f7,EWG3MY,1
461f64,FIN7HC,2
461f35,FIN9YA,1
461fa0,FIN9YA,1
461f69,FIN3YX,1
44ce75,BEL3JZ,1
44d068,BEL8YE,1
44cdd1,BEL4NK,1
44ce61,BEL3JZ,1
44ce6e,BEL8YE,1
44cdc5,BEL4NK,1
44cdcd,BEL4NK,2
44cdd1,BEL9NK,1
44cdc6,BEL8YE,1
44ce6e,BEL4NK,1
44ce66,BEL8YE,1
4d2014,EWG4601,1
4aca83,NSZ4506,1
4cad40,SAS58F,1
4cad93,SAS2678,1
4d2088,EWG84L,4
4ac9ec,SAS58F,1
4ac9ec,SAS2678,1
4d2088,EWG4601,1
4aca86,NSZ4506,1
4cad97,SAS2678,1
4cac8a,SAS58F,1
4ac9f2,SAS2678,1
4cae8e,SAS58F,1
4aca4a,NSZ4506,2
3c4b4c,EWG4601,1
4cac7a,SAS58F,1
490d81,NJE509W,1
4ca6d9,SAS2678,1
4caf7e,SAS2678,1
4cacb0,SAS58F,1
4cae64,RYR9783,1
4ca295,EIN33W,1
4ca214,EIN3EG,3
4ca625,RYR521T,1
3cd906,VJH373,5
4d225d,RYR521T,1
4ca935,EIN3EG,1
48c2b7,RYR521T,1
4ca281,EIN33W,1
4ca640,EIN3EG,1
4cae9b,RYR521T,1
4cae4b,RYR9783,1
4ca293,EIN33W,1
4ca566,RYR66BD,1
4ca280,EIN3EG,1
48c129,RYR9783,1
4cae4b,RYR521T,1
4cae60,RYR521T,1
4ca2ca,EIN3EG,1
4cae00,RYR9783,1
4cae48,RYR66BD,1
4ca2c9,EIN33W,1
48c2ab,RYR9783,1
4d2211,RYR521T,1
440ca9,EJU71QC,1
4400eb,EJU71QC,1
344416,IBS18QN,1
48c2b2,RYR1782,1
34448d,IBS18QP,1
343141,IBS18JP,1
3474da,IBS18QN,1
34644c,IBS18JP,1
344455,IBS18JP,1
4cae92,RYR1782,2
344498,IBS18QN,1
343385,IBS18QN,1
342090,IBS18JP,1
342090,IBS18QN,1
4cadc0,RYR1782,1
347247,IBS18QP,1
342104,IBS18QP,1
34448d,IBS18QN,1
4caf28,RYR1782,1
345686,IBS18JP,1
344416,IBS18QP,1
4d2213,RYR1782,1
345686,IBS18QN,1
4d251d,RYR783M,1
4d2248,RYR96UY,1
48c229,RYR783M,1
4cae92,RYR96UY,1
48c133,RYR783M,1
4d2213,RYR96UY,1
4d2213,RYR783M,1
4d2347,RYR783M,1
3c56f1,EWG3Y,4
480c48,MMF39,4
3f6533,GAF637,3
3f6533,GAF608,3
4d2087,EWG2LV,2
45ce4f,SRR6227,2
4d2410,EWG24X,2
3c4b4e,EWG3Y,1
3c5eec,EWG5M,4
3c55c7,EWG1ER,2
3e95ca,GAF622,2
4520d2,CGF7227,1
3c54a1,EWG86Y,1
3c5ee7,EWG24X,1
3f4e27,GAF633,1
3c5eec,EWG2LV,2
3c5eea,EWG67L,4
3f97fd,GAF901,1
3c4b4c,EWG3Y,2
3c56f1,EWG1ER,2
45ce47,SRR6227,2
3c55c9,EWG19N,2
3c5ef5,EWG19N,2
3c55c7,EWG5M,2
3c4b4c,EWG67L,2
4d2409,EWG2LV,2
3c56f7,EWG65T,1
3f7b3c,GAF606,4
3c56ee,EWG3Y,2
458d99,MMD737,4
4d00d7,LGL74BE,2
4d00c9,LGL92B,2
4d00ca,LGL74BE,2
4d00c6,LGL74BE,1
4d00d9,LGL92B,1
4d00d9,LGL74BE,1
460d8a,FSF480N,1
44015a,EJU89DU,1
440da5,EJU89DU,1
4d2449,RYR104D,1
4cae51,RYR2QM,1
4cad29,RYR104D,1
4cae92,RYR104D,1
4d21fe,RYR104D,1
44b994,OONLT,1
3b7b63,MILAN7E,3
4cae51,RYR9BC,1
4692d2,AEE513,2
4d220c,RYR9BC,1
4400eb,EJU84PT,1
4d207d,RYR9BC,1
44023f,EJU84PT,1
4cac1f,RYR9BC,1
3c4b4c,EWG4M,2
3c5ef5,EWG4M,2
3c5ef5,EWG8KN,2
4d2412,EWG3LC,2
3c54a3,EWG3EL,1
3c48ee,EWG10X,2
3c4b4e,EWG8044,1
3c56ec,EWG2C,1
3c48f1,EWG20L,1
3c5ef6,EWG3LC,2
3c48ee,EWG3EL,2
3c48ee,EWG3LC,2
3c48f1,EWG8KN,2
3c56ee,EWG78J,2
3c6494,EWG3EL,2
3c5ee9,EWG20L,1
440c6f,EJU49QU,1
440cf8,EJU49QU,1
440612,EJU49QU,3
4400e3,EJU49QU,1
48e9f2,RYR377D,1
4cad4f,RYR39HG,1
4d2290,RYR377D,1
4d2386,RYR377D,1
4cac1f,RYR377D,1
4d2219,RYR39HG,2
4ca623,RYR377D,1
4ca816,RYR8833,1
4cac1e,RYR39HG,1
4cadfc,RYR377D,1
4d2210,RYR3311,1
4cada4,RYR377D,1
3c4668,ATV104,1
3c4668,ATV306,1
3c4668,ATV302,1
3e46d6,DISAG,1
3c4668,ATV504,1
3e1cfc,SFG25B,4
3c56f3,EWG65T,1
4cad64,RYR66VM,1
4cac53,RYR66VM,1
4cae98,RYR66VM,1
503c92,DMS2HR,2
503c92,DMS2LW,4
39de55,TVF32LW,1
39de4b,TVF62YT,1
39856a,AFR96HT,1
39856f,AFR7483,1
398566,AFR7483,2
39de4d,TVF62YT,1
39856d,AFR96HT,1
39de4c,TVF32LW,2
39856f,AFR24DV,1
398579,AFR7483,2
398570,AFR96HT,1
39de46,TVF62YT,1
3986e9,AFR24DV,1
39de45,TVF32LW,1
398600,AFR96HT,1
39de57,TVF62YT,1
39856b,AFR24DV,1
39856a,AFR7483,1
398565,AFR21DH,1
398565,AFR96HT,1
3986e5,AFR94KD,1
398562,AFR24DV,2
39de54,TVF81TL,1
39de49,TVF62YT,1
398602,AFR21DH,1
398568,AFR7483,1
398571,AFR24DV,1
39856f,AFR96HT,1
39de49,TVF81TL,1
3986e6,AFR94KD,1
39de54,TVF62YT,1
398563,AFR96HT,1
398577,AFR21DH,1
3986e3,AFR6269,2
3986e5,AFR33RR,1
3986e5,AFR48LP,1
3986e4,AFR33RR,2
3986e4,AFR48LP,1
3986e0,AFR33RR,1
3986e0,AFR48LP,2
3986e6,AFR6269,2
3986e7,AFR33RR,1
440625,EJU43JC,1
4d2218,RYR422L,1
4d2385,RYR422L,1
4ab5d5,SAS1282,1
45d969,VKG444,1
4ab5d2,SAS1288,2
4ab5d2,SAS1286,2
4ab5d2,SAS1280,3
45ab4b,JTD9512,1
4ab565,SAS1282,2
45d969,VKG445,1
4ab5d5,SAS1286,1
4ab5d5,SAS1288,2
4ab569,SAS1282,2
45d069,VKG4904,1
4ab5d2,SAS1282,2
4ab569,SAS1288,2
4ab569,SAS1286,3
4ab569,SAS1280,3
4ab564,SAS1280,1
45ab50,JTD318,1
4ab564,SAS1286,1
440bbe,BCS3845,1
440bc3,BCS3845,1
440bc1,BCS3845,1
440bc2,BCS3845,1
3c70b5,BCS3845,1
398562,AFR1765,1
398563,AFR47FL,2
398569,AFR1765,1
398570,AFR47FL,1
3986e7,AFR47FL,1
39856d,AFR1765,1
398575,AFR1765,1
3986e2,AFR47FL,1
39856f,AFR47FL,1
39856f,AFR1765,1
440196,TAY7TL,2
398601,AFR1765,2
39856a,AFR47FL,1
486651,KLM42W,1
484132,KLM1294,1
484b32,KLM22H,1
484160,KLM46Z,1
4867c3,KLM1300,2
486492,KLM22H,3
4867c3,KLM42W,1
484555,KLM1294,1
486651,KLM1300,1
484166,KLM46Z,1
484131,KLM46Z,1
4864ea,KLM22H,1
4867c2,KLM1300,1
484b8f,KLM1294,2
486741,KLM1300,1
484f06,KLM46Z,1
486742,KLM42W,1
484c51,KLM22H,1
4868a6,KLM22H,1
484966,KLM46Z,1
486897,KLM1300,1
484f06,KLM1294,1
4867c4,KLM42W,1
485a33,KLM1294,1
48455d,KLM46Z,1
45cab5,CND517P,1
4867c0,KLM42W,1
486740,KLM1300,1
484b90,KLM46Z,1
4867c2,KLM42W,1
4d20c0,WMT4088,1
471f03,WMT4088,1
4d2533,WMT4088,1
471f68,WMT4088,1
505ca6,AXE6809,5
45ce4b,SRR4187,7
3c6667,DLH3NC,1
3c66eb,DLH837,1
3c6634,DLH2FM,1
3c6583,DLH837,1
3c6447,DLH837,1
3c6668,DLH2FM,1
3c6745,DLH2KW,1
3c658e,DLH2KW,1
3c6743,DLH2FM,1
3c6443,DLH2KW,1
3c6742,DLH2FM,1
3c6589,DLH837,1
3c6758,DLH2KW,1
3c674a,DLH3NC,1
3c6445,DLH2FM,1
3c6584,DLH837,1
3c6583,DLH2KW,1
3c666f,DLH2FM,1
502d7c,BTI4LF,1
502dae,BTI4LF,1
45d069,VKG4594,1
4ab824,NSZ5085,1
4aca96,NSZ5085,1
45c86a,FLI9556,1
4aca83,NSZ5085,1
45a953,JNJ9012,1
45a953,JNJ699A,1
45b86f,SUS9051,1
4d248d,WZZ60PP,2
471f4a,WZZ60PP,1
4ca660,SAS1498,1
4caf94,SAS2498,1
4caf94,SAS1498,2
4caf16,SAS2498,1
4ca660,SAS2498,1
4caf16,SAS1498,1
4cacb0,SAS2498,1
4cac9f,SAS1498,1
4cacb0,SAS1498,1
45a953,JNJ9063,1
458664,CAT9518,1
48ad84,LOT2AK,1
48ad86,LOT2AK,1
48ad83,LOT2AK,1
48ad0e,LOT4LK,1
48ad0e,LOT2AK,1
458665,CAT337,1
4bb070,THY2NT,1
4bab45,THY2NT,1
4bb062,THY1486,1
4bc859,PGT223B,1
4bb066,THY4VZ,1
4bbd0a,TKJ9XB,1
4bb86a,PGT8WP,1
4bb561,TCMKA,1
4bc85a,PGT878Z,1
4b9521,TKJ3EN,1
4ba99a,THY4VZ,1
4bab21,THY5WU,1
4b8c6d,TCCCM,2
4bc8c2,PGT223B,1
4b9c25,TCGAE,2
4baace,THY4BD,1
4ba914,THY5WU,1
4ba915,THY6GB,1
4bb84f,PGT878Z,1
4bc8d0,PGT8WP,1
4bc84a,PGT223B,1
4ba90c,THY4BD,1
4bc841,PGT223B,1
4bb04d,TKJ9XB,1
4bc887,PGT878Z,2
4ba90b,THY4BD,2
4bc889,PGT8WP,1
4bc896,PGT2249,1
4ba9a8,THY5WU,1
4bd0d4,TCTFT,2
4bc84a,PGT2245,1
4bc88f,PGT223B,1
4bbd07,TKJ4FH,1
4ba9a9,THY6GB,1
4bc886,PGT223B,1
4ba902,TKJ3EN,1
4b8e45,PGT878Z,1
4bab24,THY5WU,1
4bab21,THY6GB,1
4bc850,PGT8WP,1
4b864b,TCARK,4
39bdb0,AFR86RJ,1
440b30,TAY7CA,2
392ae6,AFR67XP,1
39e681,AFR45UG,1
39e681,AFR51FP,1
39a205,FPO7LQ,4
39e692,AFR45UG,1
440b61,TAY7CA,6
39bb20,AFR51FP,1
393323,AFR67XP,1
39bda1,AFR45UG,1
39bda2,AFR51FP,1
3991e7,AFR67XP,1
398601,AFR86RJ,1
39bda4,AFR51FP,1
39e698,AFR396V,1
39bb22,AFR67XP,1
440b90,TAY7CA,2
39e680,AFR45UG,1
39e690,AFR385V,1
392aee,AFR86RJ,1
39e697,AFR45UG,1
39bdb1,AFR51FP,1
3986e3,AFR67XP,1
39e692,AFR86RJ,1
39bda0,AFR51FP,1
392af0,AFR45UG,1
39bda0,AFR45UG,1
39bda4,AFR67XP,1
39e690,AFR51FP,1
48c225,RYR7XE,1
4d2216,RYR7XE,4
34310d,BCS7613,1
346318,BCS7613,1
341119,BCS7613,1
30040e,ENF02,3
347301,BCS7613,1
440bcf,BCS7613,1
30019c,NOS8157,1
4d00d5,LGL62Q,1
4d00d8,LGL62Q,1
4d222a,RYR14FU,1
4d225a,RYR14FU,2
4d222a,RYR45BT,1
4d21fe,RYR45BT,2
4cadf4,RYR4UG,1
4cae95,RYR45BT,2
4d222d,RYR45BT,1
4ca857,RYR45BT,1
4d244a,RYR8CR,1
4cad3c,RYR8CR,1
4cad5b,ITY1312,1
4caefe,ITY1318,1
4cad52,ITY1314,2
4cad52,ITY1312,2
4caf1c,ITY1318,1
3003a4,AELIA77,7
300a3b,ITY1314,1
4ca90a,ITY1314,1
4caf1c,ITY1312,1
4cad57,ITY1312,2
4cae12,ITY1318,1
4cadca,ITY9925,1
4caf1d,ITY1314,1
345314,VLG79WA,1
4ca64e,RYR1XB,1
4d2237,RYR54NP,1
4cae95,RYR54NP,1
344158,VLG79WA,1
4d228f,RYR54NP,1
3472c4,VLG79WA,1
3443d5,VLG79WA,1
4ca97c,RYR1XB,1
4d2223,RYR54NP,1
4cad29,RYR54NP,1
4ca815,RYR1JR,1
4caa5a,RYR1XB,1
347695,VLG2ZP,1
3424d1,VLG79WA,1
4cae95,RYR1CP,1
34538d,VLG79WA,1
4cafb4,RYR54NP,1
342581,VLG2ZP,1
347601,VLG79WA,1
4ca892,RYR1XB,1
4ca892,RYR54NP,1
4ca64e,RYR1CP,1
48c221,RYR788,1
4d222d,RYR788,1
4ca857,RYR788,1
45cf22,SRR6497,4
4d2304,RYR179V,1
45ce4d,SRR6497,1
4cad29,RYR179V,1
4d21fe,RYR179V,1
4cadbf,RYR3FZ,1
4d222d,RYR93RZ,1
4d234f,RYR93RZ,1
4cac85,RYR3FZ,1
4caa5a,RYR93RZ,1
4cadf4,RYR93RZ,1
300564,DLA4RJ,2
3006b5,DLA1EU,1
30055b,DLA8NF,2
300558,DLA4RJ,1
300394,DLA8NF,1
300780,DLA1EU,1
300393,DLA4RJ,1
30055b,DLA1EU,1
3007ef,DLA1EU,1
3007ef,DLA4RJ,1
3003ad,DLA8NF,1
3003af,DLA1EU,2
3003af,DLA4RJ,1
300564,DLA8NF,1
300554,DLA8NF,1
300554,DLA1EU,1
4cac93,FXJ69N,6
30055b,DLA4RJ,1
3c6637,DLH283,1
3003ad,DLA9EM,1
3007f2,DLA6PP,2
3007f2,DLA9910,1
3009b3,DLA6PP,1
3003af,DLA9EM,1
300554,DLA2UY,1
493033,NJE533M,1
3c658b,DLH283,1
3006b5,DLA9EM,1
3009b7,DLA9EM,1
3c66ae,DLH283,1
3003ad,DLA6PP,1
300564,DLA9EM,1
30055b,DLA6NH,1
3009b5,DLA6PP,1
300558,DLA6PP,1
300558,DLA9EM,1
3007ef,DLA6NH,1
300780,DLA9EM,1
3c6443,DLH283,1
3009b8,DLA6PP,1
4cadf4,RYR43GM,1
4d251a,RYR371M,1
4cae95,RYR19WK,1
4d222a,RYR371M,1
4cad29,RYR371M,2
4ca8d6,RYR19WK,1
4d227b,RYR371M,1
4d222d,RYR43GM,1
4ca892,RYR19WK,1
4d227b,RYR43GM,1
4d227b,RYR19WK,1
4ca857,RYR371M,1
4d222d,RYR19WK,1
4ca64e,RYR43GM,1
4cadf4,RYR47VA,2
4cae95,RYR47VA,1
4ca805,RYR47VA,1
4d21fe,RYR8317,1
4d21fe,RYR47VA,1
4cae95,RYR3496,1
4cad29,RYR47VA,1
4d234f,RYR8317,1
4ca857,RYR47VA,1
4cadf4,RYR8AM,1
4cae95,RYR8AM,1
4cae63,RYR8AM,1
4d21fe,RYR8AM,1
4d21fe,RYR88KK,1
4cade4,RYR88KK,1
4ca857,RYR88KK,1
4d21fe,RYR82Y,1
4d24b2,WMT5VA,1
4cae9c,RYR82Y,1
471f67,WMT5VA,1
4d222a,RYR82Y,1
4d20bc,WMT5VA,1
4cad29,RYR8TY,1
4d2143,WMT5VA,1
4d251a,RYR82Y,1
4d2145,WMT5VA,1
4ca6a9,RYR8TY,1
4ca64e,RYR422,1
471f69,WMT5VA,1
4cad29,RYR82Y,1
4aca73,SAS85H,1
4cadb8,RYR87GL,2
4aca6f,SAS85H,1
4aca6e,SAS85H,1
45ab4b,SAS85H,1
4aca78,SAS85H,2
4ca892,RYR87GL,1
4d2226,RYR87GL,1
48c12c,RYR19QL,1
4d21fe,RYR19QL,1
48c138,RYR19QL,1
4ca64e,RYR19QL,1
4d224d,RYR19QL,1
4d234f,RYR19QL,1
4bc896,PGT52BG,1
4baa69,THY5DU,1
4bc882,PGT52BG,1
4baa53,THY9QA,1
4baa52,THY5DU,1
4bc8d4,PGT52BG,1
4baa72,THY9QA,1
4baac4,THY7BG,1
4bc84e,PGT52BG,1
4baa6c,THY7BG,2
4bc89a,PGT52BG,1
4bab48,THY9QA,1
4bb203,THY5DU,1
4baa73,THY9QA,1
4bc887,PGT52BG,1
4baa59,THY5DU,1
4baa86,THY7BG,1
4baa7a,THY9QA,1
4bb209,THY5DU,1
4bc852,PGT52BG,1
4cae92,RYR898H,1
4cac53,RYR898H,1
345543,ANE74TK,1
345583,ANE1244,2
4d23fd,RYR808H,1
345615,ANE52RB,2
4cae9c,RYR53UQ,1
344197,ANE74TK,1
344213,ANE1244,1
348401,ANE74TK,1
344218,ANE52RB,2
345687,ANE1244,1
34530e,ANE1244,1
3451d8,ANE52RB,1
34604b,ANE74TK,1
4d251a,RYR808H,1
4ca64e,RYR808H,2
3485d2,ANE74TK,1
4d227b,RYR53UQ,1
345698,ANE52RB,1
4d23fd,RYR53UQ,1
34604c,ANE74TK,1
3452c7,ANE1244,1
345583,ANE74TK,1
34604c,ANE1244,1
348401,ANE52RB,1
4ca857,RYR808H,1
4ca805,RYR84SD,1
4ca892,RYR84SD,1
4caa5a,RYR84SD,1
4d22c8,RYR7NG,1
44082b,AUA51U,1
300557,AUA518,2
3007ef,AUA51U,1
4d22bc,RYR48K,1
440820,AUA51U,1
4caa5a,RYR7NG,1
300393,AUA518,1
4d222d,RYR7NG,1
300394,AUA518,1
4d22bb,RYR7NG,1
4d2449,RYR716X,1
4cae51,RYR2XZ,1
4cad29,RYR716X,1
4cae92,RYR716X,1
4d21fe,RYR716X,1
3c5423,BCS8TH,1
3c5429,BCS8TH,1
4cae22,BCS8TH,3
486804,KLM74N,1
4864ef,KLM74N,1
4864ee,KLM94G,1
485206,KLM1660,2
4855d0,KLM94G,1
484162,KLM74N,1
485871,KLM1660,1
486484,KLM94G,1
48415e,KLM74N,1
484c51,KLM1660,1
484c1b,KLM94G,1
484b31,KLM1660,1
484165,KLM74N,1
484555,KLM74N,1
486802,KLM94G,1
485875,KLM1660,1
484160,KLM74N,1
486495,KLM94G,1
3c5ef5,EWG5AV,2
3c5ef0,EWG5AV,2
3c5ef2,EWG5AV,4
48c1a8,RYR48CW,1
4caa5a,RYR48CW,1
4ca857,RYR48CW,1
4d2233,RYR48CW,1
48c125,RYR5439,1
4d227b,RYR48CW,1
4cae9c,RYR92XL,1
4d21fe,RYR92XL,1
4cae95,RYR92XL,1
4d2303,RYR92XL,1
4d2289,RYR97DE,1
4cae95,RYR17WZ,1
4d222a,RYR97DE,1
4d20a7,VCJ79X,1
4d2204,VCJ55J,5
39a04c,OYO10,7
440175,EJU9042,1
440037,EJU41UP,1
440051,EJU57AM,1
440ca9,EJU57AM,2
4401d1,EJU57AM,2
44017c,EJU41UP,1
3964ec,TVF769,1
392aed,AFR83TZ,1
394c09,AFR37QP,1
45ce57,SRR6315,6
394c13,AFR25YD,1
394c13,AFR7441,1
3991e6,AFR75TW,1
394c14,AFR25NY,1
4cac65,BCS32B,1
3991e4,AFR83TZ,1
394c0c,AFR75TW,1
399452,VJL035J,1
3991e3,AFR25NY,2
45ce56,SRR6315,4
393323,AFR7441,1
393322,AFR37QP,1
39ae95,CRL041,1
394c18,AFR25YD,3
39ceab,TVF89YN,1
399452,VLJ879S,3
39a054,ARL999Y,2
394c19,AFR75TW,1
394c19,AFR25YD,1
394c19,AFR83TZ,1
394c14,AFR37QP,1
4caed4,BCS32B,2
39ca28,FHSRI,2
3991e4,AFR37QP,1
3950cd,AFR380V,1
394c0a,AFR25YD,1
392aed,AFR25NY,1
3991e5,AFR75TW,1
3991e5,AFR7441,1
392ae9,AFR83TZ,1
392aec,AFR7441,1
3986e4,AFR87ZG,1
392aee,AFR83TZ,1
3986e0,AFR46QR,1
393322,AFR75TW,1
3991e9,AFR37QP,1
39e4ac,AFR25NY,1
3991e8,AFR25YD,1
3950cd,AFR75TW,1
392af9,AFR25NY,1
3991e8,AFR37QP,1
394c09,AFR7441,1
394c0c,AFR83TZ,1
398564,AFR87ZG,1
392af9,AFR37QP,1
394c14,AFR7441,1
39d30a,TVF701,1
39cea2,TVF728,1
3985a3,AFR94VP,1
3991e8,AFR83TZ,1
34530e,ANE95NT,1
346644,VOE2GC,2
344197,ANE44MT,1
3483da,ANE95NT,1
3452c8,ANE44MT,1
345583,ANE12PN,1
345583,ANE95NT,1
34530e,ANE44MT,2
345388,ANE44MT,2
3444c8,VOE2GC,1
4d02e3,JFA62Q,1
34530d,ANE44MT,1
3452c8,ANE95NT,1
345388,ANE95NT,1
346614,VOE2GC,1
345698,ANE95NT,1
39cea8,TVF711,1
39ceaf,TVF709,1
345043,VLG297D,1
346611,VOE910,1
3444c8,VOE4JV,1
4409c0,EJU35HN,1
4d241f,WMT371,2
440484,EJU36XD,1
44028c,EJU35HN,2
346613,VOE4JV,2
440053,EJU35HN,1
346644,VOE4JV,1
4403f0,EJU36XD,1
440cff,EJU107J,1
440625,EJU609M,1
3986e4,AFR94CB,2
440031,EJU867K,1
3986e6,AFR6133,1
440219,EJU507D,1
3986e5,AFR88LM,2
3986e5,AFR6133,1
3986e5,AFR94CB,1
44061c,EJU867K,1
440031,EJU609M,1
440ca9,EJU507D,1
3986e4,AFR88LM,2
44028c,EJU507D,1
44064a,EJU609M,1
3986e3,AFR6133,1
3986e3,AFR94CB,1
440195,EJU867K,1
4401d1,EJU507D,1
440c31,EJU609M,1
44064a,EJU587Q,1
44064a,EJU867K,1
3986e8,AFR64VD,1
44061c,EJU636L,1
39856d,AFR88LM,1
44061c,EJU609M,1
440625,EJU4338,1
44064a,EJU636L,1
3986e5,AFR64VD,1
440191,EJU867K,1
341207,XTX113,1
4400e3,EJU62EU,1
4400eb,EJU62EU,1
4400e3,EJU75RJ,1
44028c,EJU75RJ,1
440ca9,EJU75RJ,1
4400e3,EJU795R,1
440051,EJU795R,1
44028c,EJU414V,2
34660e,VOE8QB,1
440ca9,EJU414V,1
3444da,VLG4047,1
346183,VLG2VW,1
346644,VOE1UD,1
348205,VLG9RB,1
344158,VLG2VW,1
345398,VLG9RB,1
3444c8,VOE1UD,1
3424d1,VLG2VW,1
3472c3,VLG9RB,1
3472c4,VLG2VW,1
342581,VLG9RB,2
346613,VOE93XV,1
346644,VOE50NN,3
346613,VOE50NN,2
34714e,VOE93XV,1
440ca9,EJU317G,1
4409c0,EJU826F,1
346644,VOE71HK,2
44028c,EJU305J,3
4409c0,EJU305J,1
440ca9,EJU826F,1
44028c,EJU826F,2
440053,EJU305J,1
4401d1,EJU92BW,1
4401d1,EJU826F,1
440ca9,EJU305J,1
346613,VOE71HK,1
440053,EJU826F,1
44028c,EJU317G,3
3444c8,VOE71HK,1
4bb065,THY4YV,1
39ceb8,TVF3414,1
4bb205,THY4YV,1
39cea3,TVF3414,1
4bb292,THY2HJ,1
4bb325,THY4YV,1
4403bb,EJU91JY,1
44061d,EJU91JY,1
440cff,EJU91JY,2
440daf,EJU91JY,1
4400ec,EJU91JY,1
4409c0,EJU89RZ,1
4401d1,EJU89RZ,1
3009b5,DLA63H,1
3007ef,DLA04T,1
3003ad,DLA04T,1
398560,KLM1440,1
398564,KLM84X,2
398564,KLM84M,2
398569,KLM84M,2
486492,KLM84X,1
398564,KLM1440,1
484cc2,KLM84M,1
398569,KLM84X,2
398569,KLM1440,2
4853f4,KLM90W,2
398560,KLM84X,1
398560,KLM84M,1
39856d,KLM84M,1
39856d,KLM1440,1
4ca837,EIN5LW,2
4ca2cb,EIN5LW,2
4ca836,EIN5LW,1
39912e,OYO12,6
3aabf8,FMY8035,2
48c231,RYR49DE,2
4cac87,RYR49DE,1
48ea4d,RYR49DE,1
4ca855,RYR49DE,1
48c231,RYR5QX,1
4d2287,RYR5QX,2
4d24b1,WZZ9DP,1
4d24cc,RYR21WE,1
471dc1,WZZ9DP,1
4d2287,RYR6593,1
490d08,NJE797H,1
4d24b1,WZZ1DF,1
4ca622,RYR78FP,1
4ca24f,RYR78FP,1
4d251b,RYR78FP,1
471dc1,WZZ1DF,1
4d2271,RYR78FP,1
471f7a,WZZ33WR,1
471efc,WZZ33WR,1
49d3d4,TVS176P,1
49d563,TVS483P,1
4d226f,RYR70AL,1
48c231,RYR70AL,1
48c1a6,RYR70AL,1
adfd6d,CNV6316,1
505e8e,EAT551,2
471dc1,WZZ66W,1
471dc1,WZZ8GP,5
505d85,TTJ603,6
471db6,WZZ66W,2
471db6,WZZ8GP,1
48c1a4,RYR5733,1
49d563,TVQ6932,1
48e9f1,RYR5733,1
4d2287,RYR5733,1
4d2288,RYR5733,1
49d328,TVQ6934,1
4d2223,RYR13SJ,2
471dc1,WZZ3WZ,3
4ca815,RYR13SJ,1
4d2237,RYR13SJ,1
471db6,WZZ3WZ,2
4ca303,RYR13SJ,1
4ca8d9,RYR13SJ,1
4cadbd,RYR13SJ,1
48e9f1,RYR2171,1
48c231,RYR2171,1
48c123,RYR2171,1
48e9f1,RYR1871,1
4d2287,RYR1871,1
5083c0,VKA126,1
4cae26,BCS13J,1
4cae27,BCS13J,1
4cae23,BCS13J,1
506ca0,SOP5337,2
4cac89,RYR7AE,1
4ca24c,RYR7AE,1
4d2261,RYR7AE,1
48c22c,RYR7AE,1
4d228b,RYR7AE,1
4ca226,RYR14SC,1
471dc1,WZZ5JZ,1
4ca643,RYR14SC,1
471db6,WZZ5JZ,1
4d2242,RYR14SC,1
3003ae,DLA9501,1
3cce71,FCK2FT,4
3cf775,BTX7P,6
4d210d,VJT617,5
3c5c48,BTX8H,6
3cce70,FCK1EL,2
3dbc00,GAF517,4
3cc803,PWF33,4
3cd71c,PWF33,1
485876,KLM1766,1
48548c,KLM1764,2
48548d,KLM1764,1
485779,KLM30K,1
484f80,KLM1766,1
485778,KLM30K,2
484c54,KLM1766,1
4855d0,KLM1766,1
4855d0,KLM1764,1
485206,KLM30K,1
4852f4,KLM1766,1
4853f4,KLM1764,1
4852f5,KLM30K,1
484c50,KLM68G,1
4852f6,KLM1766,1
485874,KLM30K,1
3c66a3,DLH4LY,1
3cc207,PWF1970,1
3c66ac,DLH1PP,1
3c66a5,DLH4LL,1
3c66a7,DLH1PP,2
3c675a,DLH4LL,1
3c65c9,DLH4LY,1
3c6593,DLH8MF,2
3c6757,DLH4LL,1
3c65d5,DLH4LY,1
3c644c,DLH1PP,1
3c674e,DLH4LY,1
3c6582,DLH8MF,1
3c66ad,DLH4LL,1
3c4dce,DLH8MF,1
3c6751,DLH1PP,1
3c6750,DLH4LL,1
3cbd94,DBOLT,1
3c644b,DLH1PP,1
3c66a8,DLH4LL,1
3c6597,DLH7CE,1
3c4dd0,DLH8MF,1
3c4dc1,DLH1PP,1
3c66a5,DLH4LY,1
3c6594,DLH8MF,1
3c674e,DLH4LL,1
3c658c,DLH357,1
3c66ea,DLH353,1
3c6589,DLH351,3
3c6654,DLH351,1
3c658d,DLH355,1
3c6448,DLH357,1
3c6634,DLH355,1
3c6447,DLH357,1
3c4dd4,DLH359,1
3c6588,DLH351,1
3c674a,DLH357,1
3c4dd5,DLH359,1
3c4dcc,DLH359,1
3c6449,DLH351,1
3c6445,DLH355,1
3c6442,DLH357,2
3c4dc6,DLH359,1
3c6449,DLH357,1
3c6653,DLH355,1
3c66aa,DLH355,1
3c6583,DLH351,1
3c4dcb,DLH359,1
4ba90b,THY7TP,1
4bb854,PGT77C,1
4bab2e,THY5MU,1
4baad5,THY5MU,1
4bb062,THY7TP,1
4bb870,PGT77C,1
4ba90f,THY7TP,2
4bb064,THY5MU,1
4bc88a,PGT77C,1
4baa63,THY5MU,1
4bb86b,PGT77C,1
440824,AUA288,1
440822,AUA290,1
44081e,AUA290,1
440825,AUA290,1
395d66,BGA151G,1
395d68,BGA151Y,1
395d6d,BGA151N,1
39e698,AFR68RZ,1
39e680,AFR7523,1
393323,AFR41EA,1
3991e7,AFR7523,1
39e697,AFR68RZ,1
398563,AFR41EA,1
398569,AFR41EA,1
39bdb0,AFR68RZ,1
3991e1,AFR7523,1
398575,AFR41EA,1
399224,ASJ07RE,4
39bdb2,AFR68RZ,2
39ceb4,TVF215,1
3986e8,AFR49XC,1
3950cd,AFR7523,1
39bda3,AFR68RZ,1
398565,AFR41EA,1
392af4,AFR7523,1
39e680,AFR68RZ,1
39944d,VLJ712M,1
39e4ac,AFR7523,1
3991e1,AFR41EA,1
34838b,VOE2388,2
3986e0,AFR85FZ,2
3986e4,AFR67FN,1
3986e8,AFR6159,1
3986e0,AFR67FN,1
3986e5,AFR6159,1
3986e8,AFR85FZ,3
3986e8,AFR67FN,2
3986e4,AFR6159,1
3986e3,AFR6159,1
3986e1,AFR85FZ,1
39d304,TVF7367,1
39cea1,TVF7367,1
39cea7,TVF25FZ,2
39ceb9,TVF25FZ,2
34838b,VOE9GP,2
39ceab,TVF25FZ,1
398e28,AIA134,1
3c5426,BCS1YM,1
3c5423,BCS1YM,1
3c5421,BCS1YM,1
3c542e,BCS1YM,1
3c5430,BCS1YM,1
440d93,TAY2BR,6
440b61,TAY2BR,4
49d508,AAN121,5
49d5e8,NTF79E,1
49d558,ABP972,2
4a0c21,YRCAA,1
3d37f8,DETLG,1
4ca621,RYR790M,1
471d66,WZZ2420,2
471d5a,WZZ2420,1
471f6e,WZZ2420,1
48c125,RYR790M,1
471dbf,WZZ2420,1
471dc0,WMT7RS,1
4d2068,WMT7RS,1
4d201e,WMT7RS,2
4d24d6,WMT7RS,1
4d2491,WMT7RS,1
471db4,WZZ8KV,2
4d206c,WZZ8KV,1
471fa1,WZZ8KV,1
471f6a,WZZ8KV,1
471dbe,WMT3EC,1
4d201e,WMT3EC,1
471dbe,WMT9SS,1
4d201e,WMT9SS,1
4d20cc,AXY344H,1
471db0,WZZ56KL,1
4d245f,WZZ56KL,1
471d65,WZZ56KL,1
4d200f,WZZ56KL,1
471d62,WZZ56KL,1
4d201f,WZZ56KL,1
4d225b,RYR891A,2
4d201e,WMT2BZ,1
4d24d6,WMT2BZ,1
4d21ec,RYR891A,1
471db4,WMT2BZ,1
4d2491,WMT2BZ,1
48c221,RYR891A,1
4d24d6,WMT1AN,3
4d201e,WMT1AN,2
4d201f,WMT1AN,1
3c66ad,DLH9VT,1
3c66af,DLH9YX,1
3c6598,DLH6TY,1
3c66ac,DLH8MH,1
3c65c9,DLH9YX,1
3c66a9,DLH8MH,1
3c6750,DLH9VT,1
3c6542,DLH8MH,1
3c66a8,DLH9VT,1
3c6593,DLH9YX,2
3c6597,DLH6TY,1
3c66a2,DLH9VT,1
ae04ab,DUKE63,1
3c65cb,DLH8MH,1
3c65d1,DLH9YX,1
3c648e,DLH8MH,1
3c66ac,DLH9YX,1
3c6751,DLH9VT,2
3c66a2,DLH8MH,1
3c644b,DLH6TY,1
3c66af,DLH9VT,1
3c66a5,DLH8MH,1
48ada9,LOT3PE,1
489788,LOT5LP,1
4d2423,WZZ997,1
4d2067,WZZ6058,2
48ad87,LOT532,1
48ad87,LOT2MV,1
471dba,WZZ6058,1
48ad0f,LOT5LP,1
48ad83,LOT3PE,1
48ad03,LOT532,2
48ad10,LOT2MV,1
48ad02,LOT2MV,1
48ada0,LOT3PE,1
4d200f,WZZ997,1
489789,LOT5LP,2
48ad03,LOT2MV,1
48e958,LOT532,1
471d65,WZZ6058,2
4d24ab,WZZ997,1
489789,LOT532,1
48ada4,LOT3PE,1
48ada4,LOT5LP,1
48ad19,LOT2MV,1
4d200f,WZZ6058,1
4d24b1,WZZ997,2
471dc0,WZZ6058,1
48ada5,LOT2MV,1
48ad02,LOT532,1
48ad02,LOT5LP,1
48ad84,LOT2MV,1
48ad03,LOT5LP,1
48ada3,LOT3PE,1
471d5c,WZZ56,1
4cae58,RYR7604,1
4ca809,RYR7604,1
4d2427,WZZ56,1
4ca27b,RYR7604,1
471d64,WZZ56,1
3c65d9,DLH7YC,1
3c6442,DLH7LJ,1
3c6752,DLH8LX,1
3c6444,DLH1YY,1
3c6584,DLH7LJ,2
3c66e1,DLH7YC,1
3c6672,DLH1YY,1
3c6448,DLH5NE,1
3c6741,DLH7LJ,1
3c66aa,DLH1YY,1
3c658e,DLH7YC,1
3c6747,DLH8LX,1
3c6595,DLH5NE,1
3c6444,DLH1558,1
3c6752,DLH5NE,1
3c6487,DLH1YY,1
3c658b,DLH5NE,1
3c658b,DLH1YY,1
3c6588,DLH7LJ,1
3c6678,DLH7YC,1
3c6667,DLH8LX,1
3c644a,DLH7YC,1
3c658d,DLH5NE,1
3c658d,DLH1YY,1
3c6666,DLH7LJ,1
3c6643,DLH8LX,1
3c6449,DLH7LJ,1
3c6743,DLH7YC,1
3c6743,DLH1YY,1
896441,ETD9655,1
3c6748,DLH8LX,1
471d66,WZZ4772,1
392aed,AFR61AH,1
392af1,AFR28SJ,1
440083,EJU87XQ,2
393323,AFR84XM,1
39a207,FPO5UD,3
39a206,FPO5UD,2
471d60,WZZ4772,1
3991e1,AFR28SJ,1
392ae6,AFR61AH,1
44083c,EJU87XQ,1
394c09,AFR28SJ,1
3991e9,AFR61AH,1
471d5b,WZZ4772,1
392aef,AFR28SJ,1
3991e7,AFR61AH,1
39a201,FPO5UD,1
4d24ae,WZZ4772,1
39e691,AFR28SJ,1
392aee,AFR61AH,1
4d245f,WZZ4772,1
394c18,AFR84XM,1
3c665a,VJH721,4
39bdaf,AFR28SJ,1
4401e9,EJU87XQ,1
392aeb,AFR61AH,1
471d65,WZZ4772,1
394c0c,AFR84XM,1
392aec,AFR84XM,1
39bb21,AFR28SJ,1
4d241c,WZZ4772,1
3991e8,AFR61AH,1
4d226f,RYR4KG,1
471fa7,WZZ4WL,1
4d2221,RYR4KG,1
4d24ca,RYR4KG,1
48c12c,RYR4KG,1
4d2068,WZZ4WL,1
501c2b,JSY3M,1
4cae58,RYR430N,1
4ca8d5,RYR4KG,1
48c1a2,RYR430N,1
471d65,WZZ4WL,1
4d226f,RYR430N,1
491d99,NJE652L,1
4d21eb,RYR5NX,1
a50c4b,UPS295,8
4caee6,RYR5NX,1
4ca810,RYR5NX,1
48c239,RYR5NX,1
440119,LDX20,15
4ca27b,RYR5NX,1
4caee6,RYR46NW,1
4ca61e,RYR77EP,1
3c5ee1,EWG6L,4
4d24ab,WZZ50,1
471d65,WZZ50,1
3c49ce,EWG4A,2
3c5ee1,EWG4A,2
4d200f,WZZ50,1
3c5ee4,EWG4A,2
471f3d,WZZ50,1
3cd542,DCS602,1
3c49cc,EWG6L,2
4d24ae,WZZ50,1
4d21eb,RYR8MH,1
471d65,WZZ11MJ,1
4cac55,RYR9244,1
4d2221,RYR8MH,1
48c12c,RYR8MH,1
4d200f,WZZ11MJ,1
4d2226,RYR54LQ,1
4d2528,WZZ2808,1
4d225f,RYR54LQ,1
4d2226,RYR86EX,1
4d241c,WZZ80,1
48c12c,RYR86EX,1
4d200f,WZZ80,1
4cae62,RYR86EX,1
471dba,WZZ80,1
4ca245,RYR86EX,1
471d5a,WZZ80,1
4cae62,RYR95VB,1
48c12d,RYR86EX,2
4d20ff,WZZ80,1
48c233,RYR86EX,1
471f3d,WZZ80,1
4d226d,RYR95VB,1
4d2226,RYR4RY,1
4d21f2,RYR77HV,1
4d21f2,RYR4RY,1
4d222b,RYR4RY,1
4cae8d,RYR22PL,1
4d2268,RYR22PL,1
4cae8d,RYR3KC,1
4d2067,WZZ919,1
471dba,WZZ919,1
48c1a2,RYR3KC,2
48c138,RYR3KC,2
471d65,WZZ919,2
4cac1f,RYR98CV,1
3c9654,BFD20T,1
4d200f,WZZ919,1
471dc0,WZZ919,1
4cae00,RYR98CV,1
4d21ed,RYR3KC,1
484132,KLM96C,1
486741,KLM40D,2
484162,KLM94K,1
484165,KLM94K,1
486836,KLM40D,2
484557,KLM96C,1
484556,KLM94K,2
484133,KLM96C,2
486742,KLM40D,1
4867c4,KLM40D,1
484166,KLM94K,2
486897,KLM94K,1
4867c3,KLM96C,1
485875,KLM1368,1
486740,KLM40D,1
4852f4,KLM1368,1
484131,KLM96C,1
4a0688,ROT232M,1
4a068d,ROT232M,1
471843,JSD533,2
4d241a,WZZ696,1
4a0688,ROT238X,1
4a08e9,ROT232M,1
4d2047,AAE126,1
4a068a,ROT238X,1
4a068b,ROT238X,1
4d2068,WZZ696,1
4d2423,WZZ2035,2
471d64,WZZ8BE,2
4caff8,RYR154B,1
4caee6,RYR881D,1
471dbd,WZZ2035,1
4ca92b,RYR154B,1
4d2219,RYR154B,1
48c138,RYR881D,1
471dbd,WZZ8BE,2
471dba,WZZ2035,1
4ca84a,RYR154B,1
48c239,RYR881D,1
4d224d,RYR154B,1
471f3d,WZZ8BE,1
4ca8d5,RYR881D,1
471d64,WZZ2035,1
48c2ab,RYR881D,1
48c233,RYR6XK,1
4d241c,WZZ2035,1
4caee6,RYR154B,1
4d2427,WZZ2035,1
48c138,RYR154B,1
471fae,WZZ8BE,1
4cadef,RYR49FF,1
471f36,WZZ5EW,2
4d2219,RYR49FF,1
471dba,WZZ5EW,1
48c12c,RYR49FF,1
4cadf2,RYR49FF,1
471d60,WZZ5EW,1
4d2236,RYR49FF,1
4cad11,RYR49FF,1
440823,AUA634,1
44082c,AUA640,1
440b49,LDX12C,2
3cc187,AWH93C,2
44082a,AUA634,1
440605,AUA1474,1
440821,AUA640,1
440826,AUA634,1
440826,AUA640,1
440821,AUA634,1
440392,AOJ80A,3
39a203,FPO8VE,5
440828,AUA640,1
44081e,AUA634,1
440cab,AUA1472,1
44082b,AUA640,1
738057,ELY361,1
896401,ABY970D,1
44082c,AUA634,1
4bb848,PGT868N,1
4bb263,THY87F,1
4baa65,THY8PM,1
4bb47a,MNB632,1
4d2427,WZZ9909,2
471db0,WZZ9909,1
4bb863,PGT868N,1
471f36,WZZ9909,3
4baac8,THY8PM,1
4bb261,THY1036,2
4ba9f5,THY6512,1
4bb86a,PGT868N,1
4bb027,TKJ7MV,1
4bc8cd,PGT868N,1
4bb208,THY1036,1
4bb46f,MNB432,1
4b8e46,PGT868N,1
4ba88f,THY6744,1
4b9e06,TKJ7MV,1
4baa10,THY8PM,1
4bb28d,THY87F,1
4bb861,PGT868N,1
4bab4e,TKJ7MV,1
4bcced,THY6631,1
471dbd,WZZ9909,1
4bb203,THY1036,1
4bc887,PGT334,1
4b8e05,PGT868N,1
4bb47a,MNB532,1
4bab21,THY8PM,1
4bb28e,THY87F,1
4cadff,RYR89TR,1
48c12c,RYR821V,1
4d21fe,RYR821V,1
48c138,RYR821V,1
4ca64e,RYR821V,1
4d224d,RYR821V,1
4d234f,RYR821V,1
48c1a2,RYR6FB,2
4caee6,RYR6FB,1
3c5421,BCS3XV,1
3c5424,BCS3XV,1
3c5423,BCS3XV,1
4cae23,BCS3XV,1
4cae26,BCS3XV,1
4d21fc,RYR92VJ,1
471d60,WZZ63NC,2
4d241c,WZZ173,1
48c121,RYR97JQ,1
471d65,WZZ63NC,1
48c1a2,RYR97JQ,1
4d2258,RYR92VJ,1
48c2a5,RYR97JQ,1
4d2528,WZZ63NC,1
48c1a2,RYR92VJ,2
48c12c,RYR92VJ,1
471d5b,WZZ63NC,1
471dba,WZZ173,1
4d2221,RYR97JQ,1
4d20ff,WZZ63NC,1
4d2095,RYR7190,1
4d24ae,WZZ173,1
4d20ff,WZZ173,1
4cadc3,RYR41PK,1
4cadc3,RYR92VJ,1
4caeca,RYR97JQ,1
48c138,RYR97JQ,1
471f3d,WZZ173,1
4d200f,WZZ63NC,1
4d2261,RYR92VJ,1
471f36,WZZ644,2
4d2493,WMT8XX,1
4d251b,RYR68WP,1
471dba,WZZ644,1
4d24ab,WMT8XX,1
4ca84a,RYR68WP,1
4d2007,WMT8XX,2
471d60,WZZ644,1
4d24b5,WMT8XX,1
4d2242,RYR68WP,1
4d245f,WZZ644,1
4caed3,BCS4285,1
471d5a,WZZ644,1
471dba,WMT8XX,1
473fee,FCA1FM,2
4cae58,RYR68WP,2
471f5d,WZZ430,1
06a391,QTR8815,1
471fae,WMT8XX,1
4d251d,RYR68WP,1
471d65,WZZ644,1
4b8467,UAE9964,1
471f36,WZZ5Z,1
4d24ae,WZZ5Z,1
3c56f0,EWG72L,6
3c56f0,EWG24T,2
3c4b45,EWG72L,2
3c49d5,EWG72L,2
44056b,EJU81RU,1
4401e8,EJU81RU,1
4d24b3,WZZ324,2
4d2532,WZZ324,1
440826,AUA1416,1
471d60,WZZ324,1
4cae58,RYR4956,1
4ca84a,RYR452H,1
4ca9cc,RYR4956,1
4cae58,RYR86UK,1
4ca76a,RYR76NN,1
4d226d,RYR76NN,1
4d21eb,RYR86UK,1
4cad28,RYR86UK,1
48c1a2,RYR76NN,1
48e9f3,RYR76NN,1
48c2a9,RYR86UK,1
4d21ed,RYR86UK,1
4ca9d0,RYR76NN,1
48c1a2,RYR24Z,1
4d251c,RYR76NN,1
4cada4,RYR86UK,1
49d5ac,AAO13,10
48c12d,RYR86UK,1
4d20b1,WZZ8,1
4d20e9,VJT480,12
471d5b,WZZ8,1
48c1a2,RYR851,1
4d24b1,WZZ8,1
4cae54,RYR79HE,1
4d2067,WZZ41,1
3420cb,IBE08DE,2
4d200d,WZZ41,1
344417,IBE08DE,2
4d2219,RYR96SV,1
4caf2a,RYR96SV,1
4d2423,WZZ41,2
48c1a2,RYR96SV,2
471dbd,WZZ41,1
48c2b2,RYR79HE,1
48c239,RYR79HE,1
4d224d,RYR96SV,1
345692,IBE08DE,1
3472cc,IBE0870,1
3475d5,IBE08DE,1
48c2ab,RYR96SV,1
471f74,WZZ41,1
4caee6,RYR79HE,1
344449,IBE08DE,1
4d200f,WZZ41,1
471d65,WZZ593,1
4cae52,RYR42RT,1
48c12c,RYR42RT,1
4d2427,WZZ593,1
4cae58,RYR42RT,2
48c2a9,RYR42RT,1
4d241c,WZZ593,1
471f3d,WZZ593,1
48c233,RYR5AA,1
4d2302,RYR42RT,1
471dba,WZZ94PB,1
471db0,WZZ92,1
471d64,WZZ92,1
471fa7,WZZ94PB,1
4d241a,WZZ92,1
4d2427,WZZ94PB,1
471d65,WZZ92,1
471f3d,WZZ94PB,1
4d200f,WZZ92,1
471dbd,WZZ92,1
4d24ae,WZZ94PB,1
4d2068,WZZ92,1
4ca9c1,RYR4DV,1
4d21eb,RYR2325,1
48c230,RYR849,1
48c12d,RYR4DV,1
511189,MBU9012,1
4d24ea,RYR4DV,1
4d2387,RYR6PM,1
471d5b,WZZ5656,1
48c12f,RYR7SW,1
4ac9f4,SAS780,1
4ac9f2,SAS780,1
48c138,RYR7SW,1
471d60,WZZ5656,1
47ba78,SAS780,1
4ca763,RYR7SW,1
4d200f,WZZ5656,1
4ac9e4,SAS780,1
4d2221,RYR7SW,2
4acaa1,SAS780,1
4ca763,RYR6PM,1
471dba,WZZ5656,1
48c233,RYR7SW,1
4d24b1,WZZ5656,1
4d245f,WZZ5656,1
440195,EJU98JB,1
440c32,EJU98JB,1
4402ac,EJU98JB,1
471db0,WZZ696,1
471d64,WZZ696,1
471d65,WZZ696,1
4d200f,WZZ696,1
471d62,WZZ696,1
4d201f,WZZ401,1
471fa7,WZZ60,1
4d2068,WZZ60,1
471f36,WZZ60,1
4d24ae,WZZ60,1
4cac54,RYR10CC,1
4caee6,RYR72YY,1
4cac54,RYR72YY,1
4ca217,EIN6HR,1
48c239,RYR72YY,1
4d225e,RYR10CC,1
4cae60,RYR10CC,1
48c128,RYR72YY,1
4ca281,EIN6HR,1
4caee6,RYR1200,1
4cae8d,RYR72YY,1
4ca640,EIN6HR,1
48c12c,RYR72YY,1
4cae9b,RYR10CC,1
48c2a9,RYR72YY,1
4d2221,RYR1200,1
44ce72,BEL4WF,1
44ce6e,BEL4WF,1
44ce76,BEL6WA,2
44ce62,BEL6WA,1
44ce75,BEL4WF,1
44ce6a,BEL6WA,1
06a3b6,QTR8244,1
44ce76,BEL4WF,1
346107,LAV8016,1
345617,LAV8016,1
48c2a1,RYR62ZV,1
4d2402,WZZ59,1
48c12f,RYR97TG,1
4d2449,RYR97TG,1
4d224d,RYR97TG,1
4ca76a,RYR35KP,1
4d24cc,RYR35KP,1
471d65,WZZ4954,1
471dbf,WZZ4954,1
4d24cc,RYR14AA,2
4691c4,AEE7UD,1
471dbd,WZZ4954,1
4692d8,AEE7UD,1
48c121,RYR43JV,1
48c138,RYR43JV,2
48c2a9,RYR4BA,1
4ca8d5,RYR43JV,2
4d224d,RYR4BA,1
4caf26,RYR63BE,1
48adac,LOT6VL,1
48ad83,LOT6VL,1
4cae4b,RYR8QR,1
4cae93,RYR8QR,1
4cac87,RYR8QR,1
3c4dcc,DLH7KV,1
3c4dc6,DLH7KV,1
3c4dcb,DLH7KV,1
3c4dc7,DLH7KV,1
488304,SPAVE,1
48ad0e,LOT3996,1
48ad0f,LOT6MC,1
489789,LOT3996,2
48ad02,LOT3996,1
48c232,RYR41QU,1
4cae49,RYR249,1
4cac84,RYR249,1
45caae,DTR4RY,4
45caae,DTR4TK,4
3cc09c,PVD484F,1
3ce79a,PVD436J,2
3cbdeb,BFD18K,2
34660e,VOE3DG,1
346648,VOE3DG,1
3465d8,VOE5CN,3
34714d,VOE5CN,1
3465d8,VOE52QL,1
3455d7,VOE52QL,1
3986e4,AFR27EP,1
3986e0,AFR27EP,3
3986e8,AFR27EP,2
346648,VOE79WN,1
347641,VOE79WN,1
3d5d4b,DFHOT,8
3430cd,VOE730,1
4ca8fb,NOS739,1
4ca9e7,NOS184,1
346107,LAV961P,1
490d84,NJE008Q,1
440592,GAC814T,1
4ca9e7,NOS96MC,1
4caeaf,NOS5454,1
33fca2,IAM9002,2
010236,NMA6419,1
4ca9e7,NOS610,1
3481c4,VOE1414,3
3430cd,VOE1414,1
3c582f,IFA6100,1
48c2a9,RYR4915,1
346193,VOE5JX,4
4ca2bf,RYR359U,3
4d236b,RYR359U,3
4d236b,RYR4915,2
4d236b,RYR6283,1
48c220,RYR782G,2
4cae4a,RYR782G,1
3006b5,DLA2YY,1
300782,DLA7XV,1
300780,DLA2YY,1
3003af,DLA2YY,1
300393,DLA2LJ,1
3007ee,DLA2YY,1
300738,DLA7XV,1
300394,DLA2YY,1
300738,DLA2LJ,1
300782,DLA2YY,1
3003ae,DLA2LJ,1
300558,DLA2YY,1
300394,DLA2LJ,1
3009b5,DLA6YA,2
300781,DLA6VY,1
3009b5,DLA6VY,1
300564,DLA6YA,1
300782,DLA6VY,1
300781,DLA6YA,1
300554,DLA6VY,1
3009b4,DLA6YA,1
300564,DLA6VY,1
3009b3,DLA6YA,1
3007ef,DLA6VY,2
3007ee,DLA6YA,1
4ca9a1,NOS1426,1
4ca643,RYR56TT,2
4ca84d,RYR56TT,2
4d2242,RYR56TT,1
346614,VOE1830,1
4ca9a1,NOS8929,1
346193,VOE1830,1
346614,VOE1784,1
3481c4,VOE1784,2
398570,AFR74DQ,1
3986e7,AFR74DQ,1
3430cd,VOE1784,3
3986e2,AFR74DQ,1
3986e4,AFR74DQ,1
3986e3,AFR74DQ,1
49d3ac,BOH712,4
3c79c5,NGN901P,3
4ca760,RYR75TA,1
300564,DLA5HX,1
300782,DLA2WY,1
300738,DLA2WY,1
300782,DLA5HX,1
300393,DLA2WY,1
300393,DLA5HX,1
3007ef,DLA5HX,1
3c79c5,NGN7301,1
3003af,DLA5HX,2
300781,DLA2WY,1
300558,DLA2WY,1
300394,DLA5HX,1
398563,AFR13EW,1
398563,AFR26HP,1
39856a,AFR82LE,2
39856c,AFR13EW,2
39856c,AFR26HP,2
398602,AFR82LE,1
398575,AFR26HP,2
3430cd,VOE4UD,2
398600,AFR82LE,1
398566,AFR13EW,1
398566,AFR26HP,1
398600,AFR26HP,1
398604,AFR82LE,1
398575,AFR13EW,1
398563,AFR82LE,1
4d02c6,JFA39R,1
452148,HLR555,3
4ca9aa,RYR495B,1
4cad12,RYR495B,1
4d2209,RYR495B,2
4d2279,RYR495B,1
4d2504,RYR7CY,1
4ca704,RYR495B,1
4cadf9,RYR7CY,1
4cac88,RYR7CY,1
46866b,AEZ2229,2
503c4c,LWG2100,1
4ca4f0,RYR9GZ,2
4ca4f0,RYR13JX,3
48c2a9,RYR86JR,1
4d236b,RYR13JX,3
4d236b,RYR9GZ,2
4ca2bf,RYR86JR,1
4ca76a,RYR4924,1
4ca802,RYR86JR,1
4ca4f0,RYR86JR,1
4d201f,WMT159,1
3003af,DLA1VU,1
300781,DLA4JT,1
3007f2,DLA1VU,1
300554,DLA4JT,1
300781,DLA5YJ,1
3006b5,DLA1VU,2
3009b5,DLA4JT,1
300554,DLA1VU,1
3009b4,DLA4JT,1
300780,DLA1VU,1
3009b3,DLA4JT,1
33ffaf,IAM9001,2
4cad52,ITY1412,1
4cad5d,ITY1432,2
4cad5e,ITY1432,1
300a18,VND05I,7
4caefb,ITY1428,1
4cad5b,ITY1430,4
4cada7,ITY1412,1
300338,ITL401,2
4caddd,ITY1428,1
4cad5b,ITY1432,2
300153,IIMMI,2
4cada8,ITY1412,1
4cad57,ITY1412,1
4cad5d,ITY1428,1
4cade8,ITY1430,1
4cae12,ITY1428,1
4caddd,ITY1412,1
4cad52,ITY1430,1
4ca798,ITY1428,1
4caf1d,ITY1432,1
344218,ANE88MB,1
4cad29,RYR37QX,1
4ca564,RYR37QX,1
3453d3,ANE88MB,1
345615,ANE88MB,2
344213,ANE88MB,1
4d2247,RYR37QX,1
4d2209,RYR7283,1
4d2224,RYR37QX,1
345559,GES251L,3
348401,ANE88MB,1
4d223f,RYR37QX,1
345385,ANE88MB,1
48c231,RYR37QX,1
4ca304,RYR98AB,1
493289,NJE788U,1
4ca911,RYR98AB,1
4d24a0,VJT457,5
44001b,AUA2652,1
3007a9,TJD650,2
4d2275,RYR78WH,5
4d2216,RYR78WH,1
4d2216,RYR5YU,1
4ca226,RYR220W,2
4ca643,RYR74HQ,1
4ca643,RYR220W,1
4ca84d,RYR220W,1
4d2209,RYR7XX,1
4d23f9,RYR220W,1
4ca76a,RYR220W,2
4d2242,RYR74HQ,1
4d23f9,RYR74HQ,1
4d228f,RYR75WA,1
344158,VLG17RB,2
345205,VLG17RB,1
4ca702,RYR75WA,1
4cae57,RYR1ZR,1
4ca815,RYR75WA,1
345645,VLG17RB,1
345248,VLG17RB,1
4cafb4,RYR75WA,1
4cae97,RYR75WA,1
4ca564,RYR3MK,1
4ca61d,RYR3MK,1
4d224e,RYR3MK,1
4ca564,RYR24SB,1
4cad3f,RYR24SB,1
4d2209,RYR24SB,1
40665f,TOM4GY,1
4ca2cb,EIN439,1
4cad0f,RYR24SB,1
4d2518,RYR24SB,1
4ca63b,EIN439,1
4caeaf,NOS9021,1
4ba90c,THY2CK,1
4bab2d,THY1EV,1
4baa54,THY1EV,1
4baad9,THY1EV,1
4baac7,THY2CK,1
4d21ef,RYR36RR,1
4ca847,RYR36RR,1
4d221f,RYR9BG,2
4d221f,RYR36RR,3
485874,KLM70R,1
4855d0,KLM70R,1
48548c,KLM20Q,1
485064,KLM70R,1
48548d,KLM20Q,1
485779,KLM70R,1
4853f4,KLM20Q,1
485876,KLM70R,1
485778,KLM70R,1
485779,KLM20Q,1
4855d1,KLM20Q,1
393f0c,CLG8105,6
393f0c,CLG8101,5
4520d4,EGT136,2
4ca98a,ITY1702,1
39364b,NAK733K,1
393643,NAK733W,1
39d56d,RTO085,2
39b121,RTO088,2
39ca61,TLJ076F,2
4d214f,AJD214K,8
39c82b,PEA501,4
4d02cd,JFA98U,1
49d65d,AAO53,3
4d0238,SVW22ES,2
4d0203,LXFDA,2
4d02dd,JFA82D,1
4d02dd,JFA71Z,1
4d02dc,JFA79G,1
3905cb,FGBOL,2
39c949,FHSKJ,2
5003b3,EAA7G,1
3985e4,EUP421,3
39a1e4,PEA301,3
48607f,MMD3274,1
486788,AGR1073,1
4d2120,VJT408,5
494107,NJE863G,1
4d24a1,VJT409,5
44dd90,AAB55W,5
505dac,ELJ404,1
300288,TJD850,8
4d238b,FJO66L,1
48c231,RYR2854,1
4d2287,RYR2854,1
4d228b,RYR2854,1
4cac88,RYR5FA,1
4ca9aa,RYR89NB,1
4cac88,RYR89NB,2
471f06,WMT1YY,1
4d2385,RYR89NB,1
471f03,WMT1YY,1
4ca622,RYR506Z,1
4ca245,RYR5FA,1
471f68,WMT7HR,1
471f69,WMT1YY,1
4d226d,RYR89NB,1
4d2143,WMT7HR,1
471f62,WMT1YY,1
4cac88,RYR105C,1
4ca765,RYR62RR,1
4d21ed,RYR105C,1
4cac55,RYR105C,2
4cadfe,RYR50KE,1
4d2279,RYR6TJ,2
4ca9aa,RYR50KE,1
4d2232,RYR50KE,1
4d228b,RYR50KE,1
4cad3c,RYR50KE,1
4d2218,RYR50KE,1
4ca263,RYR50KE,1
4b8e04,PGT922,1
4bc884,PGT593H,1
4bc8ca,PGT52ET,1
4bc896,PGT52ET,1
4bc8d4,PGT922,1
4bc881,PGT52ET,1
4bc8c4,PGT593H,1
4bc84b,PGT922,1
4bc8d3,PGT922,1
4bc8d0,PGT52ET,1
4bc885,PGT922,1
4bc850,PGT52ET,1
4b8e45,PGT593H,1
4bc8d0,PGT922,1
4b8e46,PGT593H,1
4bc8c2,PGT922,1
4bc8d2,PGT593H,1
4bc848,PGT52ET,1
4ca2ab,RYR6705,1
44b430,PGC36Y,1
44b430,PGC81L,1
4ca245,RYR6705,1
4cadbc,RYR6705,1
4d2279,RYR4XU,1
4d2218,RYR6705,1
4d223b,RYR6705,1
4d222a,RYR63PR,1
4d21fe,RYR63PR,2
4cadf4,RYR4846,1
4cae95,RYR63PR,2
4d222d,RYR63PR,1
4ca857,RYR63PR,1
4ca6a9,RYR56DC,1
4cad3c,RYR56DC,1
4ca243,RYR86CJ,1
4d2279,RYR26JG,2
4cae62,RYR86CJ,1
4caff8,RYR26JG,1
4cadfc,RYR26JG,1
4ca97c,RYR26JG,1
4d2385,RYR26JG,1
4cadbd,RYR26JG,1
4cad3c,RYR86CJ,1
4ca243,RYR499G,1
4ca646,RYR499G,1
4cad3c,RYR4556,1
4d2215,RYR42KE,1
4d2232,RYR42KE,1
4d2302,RYR4556,1
4cac88,RYR42KE,1
4d2232,RYR4556,1
4caecc,RYR42KE,1
4d207c,RYR42KE,1
4d2279,RYR4556,1
4cad3c,RYR42KE,1
4cadc2,RYR4556,1
4cac54,RYR42KE,1
4cad3c,RYR49PK,1
4cac88,RYR49PK,1
4cad3c,RYR63VQ,1
4d2245,RYR2VX,1
4d2245,RYR31KF,1
4ca301,RYR31KF,1
4cadc0,RYR31KF,1
4cad3c,RYR31KF,1
4cac88,RYR2VX,1
4cae98,RYR31KF,1
4d2229,RYR63VQ,1
4d2260,RYR31KF,1
4ca738,RYR2VX,1
4ca704,RYR63VQ,1
4d2260,RYR2VX,1
4d2243,RYR31KF,1
4d2239,RYR11QF,1
48c224,RYR680R,1
4cac87,RYR677R,1
4ca301,RYR680R,1
4d2290,RYR11QF,1
4ca6a9,RYR677R,1
4cadfc,RYR11QF,1
4ca646,RYR677R,1
4ca6a9,RYR11QF,1
4ca707,RYR680R,1
4ca259,RYR11QF,1
4ca6a9,RYR680R,1
4ca2ab,RYR677R,1
4cac89,RYR677R,1
4d2504,RYR11QF,1
4cae62,RYR677R,1
4ca73e,RYR11QF,1
4d228b,RYR680R,1
4ca244,RYR63XY,1
4d206c,WZZ50YF,2
4d2433,WZZ50YF,1
471f32,WZZ50YF,1
4cadf9,RYR63XY,1
471dbe,WZZ50YF,1
4cae62,RYR63XY,1
4d2536,WZZ50YF,1
4ca245,RYR63XY,1
471fa1,WZZ50YF,1
4ca244,RYR938,1
4ca244,RYR41JR,1
4d23f9,RYR41JR,1
4d228a,RYR41JR,1
4ca245,RYR41JR,1
4d2229,RYR34UT,1
48c220,RYR41JR,1
4d2287,RYR34UT,1
4d2279,RYR41JR,1
48c231,RYR34UT,1
4d2385,RYR41JR,1
4d2226,RYR67KK,1
4d241c,WZZ553,1
48c12c,RYR67KK,1
4d200f,WZZ553,1
4cae62,RYR67KK,1
471dba,WZZ553,1
4ca245,RYR67KK,1
471d5a,WZZ553,1
4cae62,RYR90KK,1
48c12d,RYR67KK,2
4d20ff,WZZ553,1
48c233,RYR67KK,1
471f3d,WZZ553,1
4d226d,RYR90KK,1
4ca73b,RYR5077,1
4cad3c,RYR5077,1
4ca9aa,RYR31SP,1
48c129,RYR5077,1
48c2a8,RYR31SP,1
48c2a8,RYR5077,1
4d244a,RYR5077,1
48c2a2,RYR5077,1
4d2229,RYR31SP,1
4cadf9,RYR5077,1
4ca6fb,RYR30TJ,1
4d2503,RYR30TJ,1
4ca27a,RYR30TJ,1
4cac88,RYR30TJ,1
48c131,RYR30TJ,1
4ca9aa,RYR81VP,1
4cad12,RYR81VP,1
4d2209,RYR81VP,2
4d2279,RYR81VP,1
4d2504,RYR549W,1
4ca704,RYR81VP,1
4cadf9,RYR549W,1
4cac88,RYR549W,1
4ca9aa,RYR7QZ,1
4cad12,RYR45PF,1
48c224,RYR45PF,1
4cada3,RYR7QZ,1
4d2449,RYR45PF,1
4cae62,RYR45PF,1
4ca75f,RYR7QZ,1
4ca24d,RYR45PF,1
4cac53,RYR45PF,1
4cafd1,RYR7QZ,1
4ca704,RYR5741,1
4d2218,RYR45PF,1
4cad12,RYR78FN,1
48c1a8,RYR78FN,1
4cae90,RYR78FN,1
4cad3c,RYR78FN,1
4d2349,RYR78FN,1
4cad3c,RYR1TW,1
4d2232,RYR78FN,1
48c134,RYR78FN,1
4cae90,RYR1TW,1
4d22ae,RYR4QM,1
4d22ba,RYR4QM,1
4d22b9,RYR4QM,1
4d22b3,RYR4QM,1
4caf29,RYR97NZ,1
4d2268,RYR97NZ,2
48e9f6,RYR97NZ,1
4cac88,RYR97NZ,1
4cadf9,RYR8VM,1
4cad0f,RYR95NW,1
48c235,RYR95NW,1
48c2b7,RYR95NW,1
48c232,RYR18LP,1
4ca8e7,RYR18LP,1
4d2279,RYR18LP,1
48c232,RYR998V,1
4d221f,RYR998V,1
4d2235,RYR160A,1
4ca764,RYR160A,1
4d2279,RYR26TQ,1
4ca24c,RYR26TQ,1
4d223f,RYR26TQ,1
44c061,PGC12B,1
4ca810,RYR26TQ,1
4cac89,RYR31DC,1
4cac89,RYR52XZ,1
4cadfc,RYR31DC,1
4ca243,RYR52XZ,1
4ca244,RYR4CF,1
4d2279,RYR31DC,1
4ca244,RYR52XZ,1
48c2a0,RYR52XZ,1
4ca24c,RYR31DC,1
4ca847,RYR31DC,1
4ca27a,RYR4CF,1
4cac88,RYR31DC,1
4d2232,RYR31DC,1
4cadc3,RYR52XZ,1
4cae62,RYR2PP,1
4ca259,RYR2PP,1
4ca6fb,RYR33GJ,1
4ca8d6,RYR68NC,1
4d2385,RYR2PP,1
4d2229,RYR68NC,1
4d236b,RYR68NC,1
48c2a0,RYR68NC,1
4ca849,RYR72HT,1
4cace0,RYR72HT,1
4cadf9,RYR89VA,1
4d2241,RYR42ZN,1
4d2241,RYR49WM,1
4caf29,RYR49WM,2
4d2289,RYR49WM,1
4d228b,RYR9SC,2
4ca27a,RYR9SC,2
4ca847,RYR45VY,1
4d221f,RYR45VY,1
4d21ef,RYR45VY,3
4d221f,RYR5689,1
4d21ef,RYR5689,1
471dbe,WMT7HR,1
4d201e,WMT7HR,1
4caf27,RYR133B,1
4caf27,RYR91AW,2
4d2218,RYR97PE,1
4cad3c,RYR91AW,3
4d2279,RYR133B,1
4ca646,RYR133B,1
4ca243,RYR96FW,1
4cac88,RYR133B,1
4ca9aa,RYR97PE,1
4d2504,RYR133B,1
4cadf9,RYR91AW,1
4ca704,RYR133B,1
4cac7f,RYR91AW,1
4cac7f,RYR133B,1
4cae54,RYR97PE,1
4ca61f,RYR11ZP,1
4caf28,RYR11ZP,3
48c235,RYR6263,1
48c26c,RYR6263,1
4ca643,RYR8608,1
4d228b,RYR8608,1
48c224,RYR9884,1
4ca6a9,RYR9884,1
48c224,RYR87RT,1
4ca259,RYR87RT,1
4d2368,RYR87RT,1
4cae62,RYR87RT,1
4ca259,RYR3FA,1
48c1a8,RYR3FA,1
4d223a,RYR2975,1
4d2232,RYR2975,1
4cac87,RYR1BM,1
4cad2a,RYR1BM,3
4d2272,RYR1BM,1
4d221e,RYR37GV,1
4ca73e,RYR37GV,1
4d2385,RYR11ZP,1
4d2232,RYR11ZP,1
4ca245,RYR11ZP,1
4ca27a,RYR37GV,1
39b583,FHNMD,2
39b40b,FHNAL,1
4932a3,NJE473Y,1
39d1aa,OYO5,2
39af12,IXR8X,2
39c5c8,OYO6,3
39d339,OYO13,16
49d617,OKPRJ,7
395184,TJT010P,1
398600,AFR49SN,1
398563,AFR27MR,1
398602,AFR98CN,1
398571,AFR27MR,2
398577,AFR49SN,1
398562,AFR98CN,1
39856a,AFR49SN,1
39856f,AFR27MR,1
3986e1,AFR98CN,1
3b7b63,MILAN7T,4
398575,AFR27MR,1
3986e9,AFR49SN,1
399966,FHGLG,2
398566,AFR49SN,1
398563,AFR9350,1
3986e5,AFR98CN,1
398578,AFR27MR,1
398604,AFR49SN,1
3986e6,AFR98CN,1
3986e2,AFR49SN,1
39aded,FHLPN,5
39a90b,OYO9,5
39dd54,CCM66QK,1
39dd57,CCM66QK,1
440c31,EJU518J,1
39dd45,CCM66QK,1
48e893,ENT6AT,1
48adad,LOT346,1
489788,LOT346,1
48ada4,LOT348,1
48adab,LOT5EH,1
48ada9,LOT348,1
48af03,LOT348,1
0200eb,RAM7716,1
3986e0,AFR6142,1
3986e3,AFR37WL,2
440179,EJU302W,1
440179,EJU168Z,2
440195,EJU532H,1
4404a4,EJU642T,2
3986e3,AFR6142,2
44056b,EJU168Z,1
3986e3,AFR24QN,1
4401e8,EJU642T,1
3986e6,AFR37WL,1
3986e8,AFR37WL,1
440179,EJU642T,1
3986e6,AFR6142,1
44061c,EJU961W,1
4401e8,EJU837E,1
440179,EJU961W,1
3986e1,AFR37WL,1
3986e6,AFR24QN,1
346611,VOE6LE,1
4404a4,EJU837E,1
3986e7,AFR37WL,1
3986e7,AFR24QN,1
44061c,EJU532H,1
440630,EJU837E,1
3455d8,VOE6LE,1
440630,EJU168Z,1
3452c8,ANE1186,3
440031,EJU56PH,2
345583,ANE81UX,2
346350,VOE1DT,1
344197,ANE51JJ,1
344197,ANE1186,1
3452c8,ANE51JJ,1
344213,ANE81UX,1
3483da,ANE1186,1
3451d9,ANE51JJ,1
7da3de,ANE81UX,1
44061c,EJU56PH,1
345597,ANE51JJ,1
34530e,ANE81UX,1
3451d9,ANE1186,1
34660f,VOE1DT,1
344213,ANE51JJ,1
345597,ANE005,1
3452c8,ANE81UX,1
345698,ANE51JJ,1
346649,VOE1DT,1
44064a,EJU56PH,1
345583,ANE1186,1
34604c,ANE81UX,1
3430cd,VOE731,1
3430cd,VOE6GX,1
440c32,EJU4391,1
34660f,VOE6GX,1
440195,EJU4391,1
489227,ENT3KG,1
471d5c,WZZ536,1
440037,EJU48DN,2
440625,EJU35PG,2
4401dc,EJU51ZH,2
4402ac,EJU48DN,1
44017c,EJU51ZH,1
44061c,EJU45RW,1
346611,VOE6LU,1
44064a,EJU35PG,1
440209,EJU51ZH,1
44061c,EJU35PG,1
440037,EJU51ZH,1
4402ac,EJU45RW,1
440005,EJU48DN,1
346649,VOE6LU,1
440005,EJU51ZH,1
3c542c,BCS59X,1
3c5421,BCS59X,1
4cae28,BCS59X,3
345248,VLG5XA,1
440cff,EJU34FH,1
342592,VLG5HA,1
344099,VLG4389,1
344156,VLG5HA,2
440631,EJU34FH,1
3424d2,VLG5HA,1
344644,VLG5HA,1
347695,VLG5XA,1
40029a,VPCYX,1
3472c4,VLG5HA,1
344557,VLG5XA,1
346692,VLG5HA,1
4cabc5,ABR5YS,1
c01e4f,CFLMK,1
4d2104,AXY831K,1
4cae87,ABR1CE,1
3991e3,AFR13NT,1
392af9,AFR42LC,1
392af2,AFR61QH,1
392af2,AFR22PN,1
39e684,AFR32CR,1
4cabc3,ABR1CE,4
392af1,AFR13NT,1
3991e9,AFR42LC,1
3946e5,AFR61QH,1
39bb20,AFR22PN,1
398123,VLJ949P,2
4cae87,ABR5YS,3
392ae6,AFR32CR,1
39d315,TVF701,1
3991e7,AFR42LC,1
398578,AFR32CR,2
398575,AFR22PN,1
394c14,AFR61QH,1
4d2150,AXY894U,1
393322,AFR61QH,1
392aee,AFR42LC,1
39844c,CLG907E,1
3991e5,AFR22PN,1
394c19,AFR61QH,1
394c19,AFR22PN,1
398577,AFR32CR,1
394c18,AFR42LC,1
3991ea,AFR13NT,1
3950cf,AFR22PN,1
39a2e1,FPO075,1
398578,AFR24UQ,1
392aee,AFR61QH,1
394c19,AFR13NT,1
394c19,AFR42LC,1
3985a6,AFR7367,1
392aec,AFR32CR,1
3991e4,AFR61QH,1
3986e4,AFR9351,1
393323,AFR42LC,1
39d319,TVF1611,1
3950cd,AFR22PN,1
392aee,AFR32CR,1
39cea9,TVF755,1
440826,AUA34X,1
440821,AUA34X,1
440608,AUA34X,1
440827,AUA34X,1
440d70,AUA34X,1
44082c,AUA34X,1
44001b,AUA34X,1
3986e0,AFR26SQ,2
3986e4,AFR69LK,1
3986e8,AFR6160,1
3986e0,AFR69LK,1
3986e5,AFR6160,1
3986e8,AFR26SQ,3
3986e8,AFR69LK,2
3986e4,AFR6160,1
3986e3,AFR6160,1
3986e1,AFR26SQ,1
440065,EJU38GV,4
440cff,EJU61HZ,1
440219,EJU34ZG,1
440195,EJU69NZ,1
440484,EJU38GV,1
44061c,EJU69NZ,1
440031,EJU69NZ,1
440191,EJU69NZ,2
440219,EJU61HZ,1
440589,EJU38GV,1
4403f0,EJU38GV,1
468627,RJB102,1
3c644e,DLH33A,1
3c4dd0,DLH11A,1
3c6593,DLH75U,1
3c6597,DLH11A,1
3c4dd0,DLH33A,1
3c6594,DLH33A,1
3c6594,DLH11A,1
3c644d,DLH11A,2
3c4dc4,DLH33A,1
a80d09,LXJ618,5
3c674e,DLH75U,1
3c6598,DLH75U,1
3c4dce,DLH33A,1
3c4dc2,DLH75U,1
3c4dd2,DLH11A,1
3c66b0,DLH33A,1
3c4dc4,DLH75U,1
3c4dc4,DLH11A,1
3c6749,DLH08Y,1
3c6741,DLH01Y,1
3c6589,DLH01F,1
3c658c,DLH01Y,1
3c674a,DLH01F,1
3c6671,DLH08Y,2
4780bf,SAS7182,3
3c6447,DLH01F,1
3c644a,DLH01Y,1
3c6741,DLH54J,1
3c666f,DLH01Y,1
3c658e,DLH01F,1
3c6675,DLH01Y,1
3c658c,DLH01F,1
3c6672,DLH08Y,1
3c66ae,DLH54J,1
3c664f,DLH08Y,1
3c6744,DLH01Y,1
3c6485,DLH01F,1
471a80,FRF141,1
440cff,EJU1812,1
440625,EJU542Q,1
440031,EJU435P,1
3986e6,AFR15CP,1
440219,EJU725Q,1
3986e5,AFR71RB,2
3986e5,AFR6136,2
3986e5,AFR15CP,1
44061c,EJU435P,1
440031,EJU542Q,1
440ca9,EJU725Q,1
3986e4,AFR71RB,2
3986e4,AFR6136,2
3986e3,AFR71RB,1
440c32,EJU435P,1
44028c,EJU725Q,1
44064a,EJU542Q,1
3986e3,AFR15CP,1
440195,EJU435P,1
4401d1,EJU725Q,1
440c31,EJU542Q,1
44064a,EJU828Z,1
44064a,EJU435P,1
44061c,EJU16BW,1
39856d,AFR71RB,1
39856d,AFR6136,1
44061c,EJU542Q,1
440625,EJU4337,1
44064a,EJU16BW,1
440191,EJU705E,1
3986e4,AFR36FR,1
3986e0,AFR36FR,3
3986e8,AFR36FR,1
3986e3,AFR6154,2
3986e0,AFR29LZ,1
3986e6,AFR6154,1
3986e8,AFR29LZ,1
4cae87,ABR9CE,2
394d49,TJT57AL,2
394d49,TJT51AL,1
3981e4,TJT57AL,2
440582,EJU9043,1
392da5,TJT57AL,1
440c32,EJU9042,1
440c31,EJU9042,1
3964e2,TVF10PC,1
39cea5,TVF33ZX,1
440191,EJU95EK,1
440625,EJU95EK,1
39d30f,TVF10PC,1
4baa69,THY8KU,1
4bc846,PGT234Q,1
4baacd,THY9VX,1
4ba90d,THY8KU,1
4bc8cd,PGT234Q,1
4bb065,THY9VX,1
4bb072,THY8KU,1
0a004a,DAH3018,1
4bc89a,PGT234Q,1
4bb208,THY9VX,1
4ba8e3,TKJ8LB,1
4bc84c,PGT234Q,1
4bb205,THY8KU,1
3985a0,DAH3018,1
4bc882,PGT234Q,1
4bb202,THY9VX,1
4bc889,PGT234Q,1
4ba9e1,THY8KU,1
4ba904,TKJ8LB,1
4bb20f,THY9VX,1
4bc881,PGT234Q,1
4bb296,TKJ8LB,1
4bb28d,THY8KU,1
44061c,EJU837U,1
440195,EJU857Y,1
3986e8,AFR22XA,1
3986e8,AFR6026,1
3986e8,AFR99SK,1
45ce56,SRR6374,6
440191,EJU837U,1
45ce57,SRR6374,4
3986e6,AFR22XA,1
3986e6,AFR6026,1
3986e5,AFR22XA,1
3986e5,AFR6026,1
440c32,EJU837U,1
3986e6,AFR99SK,1
3986e3,AFR22XA,1
3986e3,AFR6026,1
3986e5,AFR99SK,1
440191,EJU857Y,1
3986e0,AFR9073,1
3986e0,AFR6026,1
440031,EJU837U,2
440031,EJU857Y,1
44061c,EJU857Y,1
3986e2,AFR22XA,1
3986e2,AFR6026,1
440625,EJU857Y,1
48418b,KLM26F,1
398572,AFR1798,6
398572,AFR57TK,7
398560,KLM1426,5
4867c1,KLM26F,1
486836,KLM26F,2
486741,KLM26F,1
485a34,KLM26F,1
484133,KLM26F,1
4ca217,EIN5PC,3
4ca836,EIN5PC,1
4ca294,EIN5PC,1
4ca281,EIN5PC,1
4ca640,EIN5PC,1
4acaa2,SAS1794,1
4cabda,SAS1794,1
4ca660,SAS1794,1
4acaa1,SAS1794,1
45ac54,SAS1794,1
45c86d,FLI7026,1
4ab821,NSZ9745,1
4aca07,NSZ9713,1
4ac9e9,SAS1794,1
4aca05,NSZ9731,1
4aca05,NSZ9743,1
440191,EJU41ZA,2
346350,VOE2038,1
440195,EJU41ZA,3
34660f,VOE2038,1
4d2405,EWG5PT,2
3c5ee6,EWG5PT,2
3c5ee3,EWG5PT,2
3c5ee8,EWG5PT,2
4d2418,EWG5PT,2
392da7,ITI26HY,1
3981e4,ITI22HY,1
394d49,ITI26HY,2
394d49,ITI22HY,2
3981e4,ITI26HY,1
3981e4,ITI24HY,1
440195,EJU36ZM,1
440c32,EJU36ZM,1
4402ac,EJU36ZM,1
3981e4,TJT71JD,2
394d49,TJT77JD,2
392da5,TJT77JD,1
39dd57,CCM62HS,1
39dd48,CCM62HS,1
471f41,WZZ40,1
4d24d7,WZZ40,1
346611,VOE2656,1
45ce56,SRR6373,6
45ce57,SRR6373,4
3986e5,AFR16JF,1
3986e4,AFR16JF,1
3986e0,AFR16JF,2
4a2184,AEZ2118,6
4a2184,AEZ2114,7
4d201a,AEZ2118,1
33ffad,IAM3180,2
4a2184,AEZ965S,6
4d2508,AEZ965S,1
4a34e8,ROF9142,1
4a35a6,ROF810,3
4a34e9,ROF9143,3
4cad40,SAS1428,1
4ac9f8,SAS42E,2
4cad93,SAS50D,1
4ac9e5,SAS1426,2
4ac9e5,SAS404,3
4a91fa,SAS1408,1
4ab822,NSZ3194,1
4ac9e7,SAS62J,1
4a91f8,SAS44D,1
4ac9f3,SAS1410,1
4ac9f3,SAS46M,2
4aca15,NSZ3212,1
4cad91,SAS1424,1
4cafcc,SAS1430,1
4caddb,SAS410,1
4ac9f3,SAS1426,2
4cad42,SAS64G,1
4cad86,SAS1424,1
4caddb,SAS1408,1
4caddb,SAS62J,1
4aca93,NSZ3194,1
4ac9f8,SAS46M,1
4cae8e,SAS50D,1
4cafce,SAS1428,1
4cafce,SAS1430,1
4cacb6,SAS1410,1
4ac9f4,SAS410,1
4aca85,NSZ3212,1
4ac9ec,SAS404,1
4cad89,SAS44D,1
4caf82,SAS44D,1
4caf24,SAS739,1
4ac9f5,SAS42E,1
4ac9f5,SAS46M,1
4ac9ed,SAS410,1
4aca8b,NSZ3212,1
4ac9ec,SAS1424,1
4ac9e7,SAS64G,1
4cad87,SAS1428,1
4cad87,SAS1430,1
4aca15,NSZ3194,1
4ac9f2,SAS1410,1
4ac9f2,SAS1408,1
4ac9f2,SAS62J,1
4cad86,SAS50D,1
4cad88,SAS64G,1
4aca93,NSZ3212,1
47ba0d,SAS410,1
4ac9ec,SAS1408,1
4acb43,SAS42E,1
4acb43,SAS46M,1
4caddb,SAS50D,1
4ac9f4,SAS1410,1
4aca8b,NSZ3194,1
45ac33,SAS9240,1
4cac9f,SAS62J,1
4ab822,NSZ3210,1
4cad41,SAS1428,1
4cad41,SAS1430,1
4cad41,SAS406,1
4cad41,SAS44D,1
4cac8a,SAS1424,1
4ac9e3,SAS404,1
406d6f,TOM923P,1
4cad91,SAS44D,1
4ac9e2,SAS1410,2
4ac9e2,SAS1408,1
4ac9e2,SAS62J,1
4ac9e2,SAS64G,1
4aca14,NSZ3210,1
4ac9f2,SAS1424,1
4cac79,SAS406,1
45ab22,JTD9697,1
4aca45,NSZ3194,1
47ba1d,SAS1426,1
45ab21,SAS410,1
4ab822,NSZ3212,1
4acaa2,SAS412,1
4cae75,SAS1428,1
4cae75,SAS1430,1
4ac9ec,SAS42E,1
4cad87,SAS50D,1
45d970,VKG4998,1
4cad40,SAS404,1
4caf82,SAS1408,1
4aca14,NSZ3212,1
4aca14,NSZ8532,1
4cad88,SAS62J,1
39e691,AFR388V,1
4cac7b,SAS9034,1
4acb04,NSZ8876,1
4cac7a,SAS50D,1
45ab4f,SAS1430,1
4cad41,SAS42E,1
4cad41,SAS46M,1
4ab821,NSZ3210,1
4ac925,GFM5E,4
4aca50,NSZ3214,1
45ac30,SAS1424,1
4cac79,SAS410,1
4cad93,SAS406,1
4ac9e7,SAS414,1
4aca8d,NSZ8871,1
4ab821,NSZ8866,1
4ab821,NSZ8860,1
4aca87,NSZ8873,1
4caf82,SAS7674,1
47ba78,SAS1428,1
4caf7e,SAS62J,1
4ac9ea,SAS404,1
4ac9e9,SAS412,1
4ab822,NSZ8862,1
4ac9ef,SAS42E,1
4ac9ef,SAS46M,1
4ac9eb,SAS44D,1
4cae8e,SAS406,1
4ca6d9,SAS1424,1
4cad91,SAS1430,1
4ac9f2,SAS9240,1
4caf13,SAS1790,1
4cabde,SAS36F,2
4cabde,SAS1798,2
502d88,BTI3EL,1
4520c4,BCS12P,3
4caf13,SAS36F,1
4cafd6,SAS1790,1
4cafd7,SAS1790,1
4cafd7,SAS1798,1
502ce5,BTI2WK,2
452130,BCS12P,1
4ca1cc,SAS1790,1
4ca1cc,SAS36F,1
4cacbd,SAS1798,2
4520f9,BCS12P,1
502d28,BTI2WK,1
4cafd6,SAS1798,2
4caf24,SAS1790,1
4caf24,SAS36F,1
4caf16,SAS1790,1
4cabdb,SAS1790,1
4caf16,SAS36F,1
4caf13,SAS695,1
440669,AUA990,1
440c8c,AUA99J,1
4d22c1,RYR17WK,1
44003a,AUA99R,1
4aca7a,SAS1693,1
040187,ETH725,2
44029f,AUA99J,1
4caf14,SAS695,1
4ac9ed,SAS1693,2
44065c,AUA99R,1
4d2387,RYR17WK,1
45ac33,SAS1693,1
4408df,AUA99J,1
4cacbd,SAS695,2
4cadb8,RYR17WK,1
440c8d,AUA99R,1
4cabde,SAS695,1
4402a3,AUA99B,1
4402a3,AUA990,1
4aca73,SAS1693,1
4ca763,RYR17WK,1
040143,ETH725,1
44006e,AUA990,1
4ca88c,RYR17WK,1
440052,AUA99R,1
4ca1cc,SAS695,1
440c8d,AUA99B,1
440039,AUA99R,1
040141,ETH725,1
4d22bf,RYR17WK,1
4caf13,SAS667,1
4cacb0,SAS89L,1
4cacb0,SAS657,2
4caf14,SAS667,1
4cafd8,SAS89L,1
4cafd6,SAS657,1
4cabdb,SAS89L,2
4caf24,SAS657,1
4ca1cc,SAS89L,1
4b18e9,HBJLH,2
4caf16,SAS657,3
4cafd7,SAS667,1
4cabde,SAS89L,1
4ca1cc,SAS667,1
4cabda,SAS667,1
4caf13,SAS1641,2
4ab5d5,SAS651,3
4caf24,SAS647,1
4ab5d2,SAS1647,1
4cafd8,SAS649,1
4caf14,SAS1641,1
4ab5d5,SAS1647,1
4caf13,SAS647,1
4cabda,SAS649,1
4cafd6,SAS649,1
4caf24,SAS1641,1
4ab565,SAS651,1
4cabde,SAS647,1
4cacbd,SAS647,1
4cacbd,SAS649,1
4ab569,SAS1647,2
4ab5d2,SAS647,2
4ab5d2,SAS651,2
4cabda,SAS1641,1
4ca1cc,SAS649,1
4cabda,SAS647,1
4ab5d2,SAS649,2
4ab5d2,SAS1641,1
4ab564,SAS651,1
45d961,VKG1124,1
4aca0b,NSZ3614,1
4cad95,SAS2267,1
3c6447,DLH8VT,1
3c66ea,DLH829,1
3c6741,DLH825,1
4caf14,SAS1635,1
4aca7a,SAS675,1
3c658c,DLH825,1
3c65ca,DLH9HP,1
4ac9ed,SAS675,1
3c6635,DLH829,1
3c6588,DLH8VT,2
3c6485,DLH6HR,1
4cafd6,SAS1635,1
4cabda,SAS1635,2
3c6752,DLH6HR,1
4aca6f,SAS639,1
3c6487,DLH9HP,1
3c4dc4,DLH829,1
4aca78,SAS675,1
3c6744,DLH8VT,1
3c6595,DLH825,1
3c6635,DLH8VT,1
3c674a,DLH825,1
3c6482,DLH829,1
4a91fa,SAS639,1
4aca73,SAS675,2
3c6747,DLH9HP,1
3c6637,DLH6HR,1
4aca78,SAS639,1
3c6448,DLH8VT,1
3c6585,DLH9HP,1
3c6583,DLH825,1
4ca660,SAS1635,1
3c664e,DLH829,1
3c6448,DLH9HP,1
3c6487,DLH8VT,1
3c6589,DLH829,1
3c6589,DLH825,1
4caf16,SAS1635,1
3c6442,DLH6HR,1
4aca70,SAS639,1
4cabde,SAS1635,1
3c658e,DLH829,1
3c6654,DLH9HP,1
4ab5d5,SAS2755,1
48c1a1,RYR8523,1
4ab569,SAS1755,1
4ab565,SAS2755,3
4ab5d2,SAS1755,2
4ab565,SAS1755,2
48c222,RYR8523,1
4ab5d2,SAS2755,1
4ab5d5,SAS1755,1
4d2387,RYR8523,1
4ab5d5,SAS1281,1
4ab5d2,SAS1289,2
4ab5d2,SAS1287,2
4ab5d2,SAS1285,2
4ab565,SAS1281,2
45cab5,JTD9308,1
4ab5d5,SAS1285,1
4ab5d5,SAS1287,2
4ab569,SAS1289,4
4ab569,SAS1281,2
4ab5d2,SAS1281,2
4ab569,SAS1287,2
4ab569,SAS1285,3
45ab4b,JTD9003,1
45d069,VKG4905,1
4ab564,SAS1289,1
4ab564,SAS1285,1
4ab5d5,SAS1205,1
4ab821,NSZ6MP,1
4ab822,NSZ2NZ,2
4ab822,NSZ8YZ,1
4ab822,NSZ3086,1
4ac9f3,SAS1203,1
4aca15,NSZ82F,2
4ac9f2,SAS1225,1
4ac9f2,SAS1217,1
4ac9f0,SAS1213,1
4ac9f0,SAS1207,1
4ac9ef,SAS1221,1
4aca50,NSZ4KE,1
4aca50,NSZ9RA,2
4ab565,SAS1205,1
4aca93,NSZ4KE,1
4aca93,NSZ9RA,1
4aca93,NSZ8YZ,1
4aca93,NSZ3086,1
4aca8b,NSZ3084,1
4a91fa,SAS1225,1
4a91fa,SAS1217,1
4a91fa,SAS1213,1
45ac54,SAS1221,1
4acaa1,SAS1207,1
45ac33,SAS1203,1
4ab822,NSZ82F,2
4aca14,NSZ2NZ,1
4acaa1,SAS1217,1
45ac54,SAS1213,2
4ac9ed,SAS1221,1
4aca8b,NSZ82F,1
4a91fa,SAS1207,1
4aca15,NSZ4KE,2
4aca15,NSZ9RA,2
4aca15,NSZ8YZ,3
47ba0d,SAS1225,1
4ab569,SAS1205,1
4aca12,NSZ6MP,1
4aca12,NSZ2NZ,1
4ac9ed,SAS1225,1
47ba0d,SAS1213,1
4ac9e7,SAS1221,1
4ac9e7,SAS1207,1
4aca8b,NSZ3086,1
4ac9e6,SAS1217,1
4ab822,NSZ6MP,1
4aca6e,SAS1203,1
4ab5d2,SAS1205,1
4aca15,NSZ2NZ,2
4acaa1,SAS1213,1
4ac9e9,SAS1225,1
4ac9e4,SAS1217,1
4aca45,NSZ4KE,1
4aca45,NSZ9RA,1
4aca45,NSZ8YZ,1
4aca45,NSZ3086,1
4acaa3,SAS1207,1
4acaa2,SAS1203,1
4ac9e4,SAS1221,1
4caf24,SAS1215,1
4aca14,NSZ4KE,1
4aca15,NSZ6MP,1
4aca15,NSZ3086,1
4aca15,NSZ3084,1
4caf14,SAS1207,1
45ac50,SAS1213,1
4ac9e7,SAS1225,1
4ab821,NSZ8WM,1
4ca660,SAS1203,1
4ac9e6,SAS1225,1
45ac50,SAS1217,1
4cad95,SAS1207,1
34569a,VOE71BA,1
34568d,VOE71BA,1
4ca815,RYR766E,1
345212,VLG34MU,1
344692,VLG99PQ,1
4aca4f,NSZ56V,1
4aca45,NSZ5511,1
4ac9f4,SAS65D,1
4cadb8,RYR766E,2
3453c3,VLG34MU,1
4a91f8,SAS65D,1
4aca50,NSZ56V,1
4aca4f,NSZ3658,1
45ab23,SAS65D,1
4aca90,NSZ5511,3
4a91fa,SAS65D,1
34454b,VLG34MU,1
4aca15,NSZ56V,1
45ac50,SAS65D,1
344692,VLG34MU,1
342397,VLG99PQ,1
4ca88c,RYR766E,1
345645,VLG99PQ,1
4cad95,SAS65D,1
344694,VLG34MU,1
4aca0b,NSZ3658,1
344158,VLG34MU,1
4cad96,SAS65D,1
4ca815,RYR9267,1
4ca88c,RYR9267,1
4d2387,RYR9267,1
4ca815,RYR41QM,1
4aca12,NSZ8ML,1
45ab21,SAS769,1
45ac50,SAS767,4
4cac8e,SAS769,1
4caf24,SAS1761,3
4cacb0,SAS1761,1
4cac8a,SAS769,1
4aca45,NSZ8ML,1
4cad86,SAS769,1
4ca763,RYR41QM,1
4cacbd,SAS1761,1
4ac9e4,SAS1761,1
4d2387,RYR41QM,1
4ab821,NSZ8ML,1
45ac54,SAS767,1
4cadd9,SAS769,1
4cad92,SAS769,1
4aca50,NSZ8ML,1
47ba0d,SAS767,1
4d223f,RYR41QM,1
4aca73,SAS767,1
48ac81,LOT6KC,1
4d242d,WZZ95BC,1
48adae,LOT46K,1
4cafd8,SAS751,1
4cacbd,SAS2751,1
48af06,LOT6KC,1
4aca6f,SAS2761,2
48af03,LOT7RN,1
4d2536,WZZ95BC,2
4cafd7,SAS2751,1
4cacbd,SAS751,3
48adae,LOT7RN,1
48adac,LOT46K,1
48ae82,LOT6KC,2
4d206c,WZZ95BC,1
48ada9,LOT6KC,1
48ad0d,LOT7RN,1
48ad87,LOT46K,1
4cabde,SAS2761,1
4cabde,SAS751,1
471dc0,WZZ95BC,1
4aca78,SAS2761,1
4cafd6,SAS2751,1
4ca6d9,SAS751,1
48ad0e,LOT46K,1
48ad80,LOT7RN,1
4cabda,SAS2751,1
48ad86,LOT7RN,1
48e95c,LOT6KC,1
4d242b,WZZ95BC,1
4ca1cc,SAS751,1
48ad19,LOT46K,1
4d245f,WZZ95BC,1
4ca1cc,SAS2751,1
48ada8,LOT7RN,1
48a5e4,SRN774P,1
3c66ad,DLH1JV,1
3c6635,DLH9855,1
3c674e,DLH5RJ,1
3c66a8,DLH6LK,1
3c64a8,DLH3TN,1
4ac9e9,SAS661,1
4cafd6,SAS2657,1
3c66a7,DLH1JV,1
3c6751,DLH5RJ,1
4caddb,SAS661,1
3c65cc,DLH3TN,1
4ca6d9,SAS2657,1
3c6598,DLH6LK,1
3c66a7,DLH5RJ,1
4cafd7,SAS2657,2
3c66a8,DLH1JV,1
4cac8e,SAS661,1
3c65d2,DLH6LK,1
3c66a5,DLH3TN,2
3c66af,DLH1JV,1
3c6597,DLH5RJ,1
4cad94,SAS661,1
47ba78,SAS661,1
3c6757,DLH1JV,1
4cabda,SAS2657,1
3c675a,DLH6LK,1
3c644b,DLH5RJ,1
4ac9e9,SAS2657,1
3c66ac,DLH6LK,1
3c644c,DLH5RJ,1
3c66a3,DLH1JV,2
4cafcd,SAS661,1
4aca70,SAS2657,1
3c6751,DLH3TN,1
4aca79,SAS661,1
3c66a2,DLH6LK,1
3c65cc,DLH5RJ,1
4cafcd,SAS1593,1
44cc44,BEL2JE,1
45ac54,SAS69X,1
44cdca,BEL6NQ,1
4cafce,SAS62B,1
452112,BCS3KC,2
4cad42,SAS1593,1
44ce66,BEL2JE,1
44cdc2,BEL6NQ,2
45ac54,SAS62B,2
4cad41,SAS1595,1
4acab2,SAS69X,1
4cabda,SAS1593,1
44d068,BEL8MN,1
4acaa2,SAS1595,1
44cdc2,BEL2JE,1
44d076,BEL6NQ,1
4ac9f4,SAS1595,1
4cad91,SAS62B,1
44ce61,BEL2JE,2
4cad89,SAS69X,1
44cdce,BEL8MN,1
4cad94,SAS1593,1
47ba78,SAS1593,1
4ac9ed,SAS62B,1
4aca70,SAS1595,1
4aca73,SAS69X,1
4aca73,SAS62B,1
44cdd1,BEL8MN,1
4ac9e6,SAS1593,1
44cdc5,BEL6NQ,1
4aca78,SAS62B,1
4cafcd,SAS434,2
4cad41,SAS448,1
4cad41,SAS430,2
4cabdb,SAS1444,1
4cae75,SAS448,1
4cacb5,SAS434,1
4cacbd,SAS1444,1
4cac8a,SAS448,1
4cad91,SAS434,1
4cad42,SAS430,1
4caf24,SAS1444,1
4cacb5,SAS448,1
4cad42,SAS434,1
4cafcd,SAS430,1
4cac7b,SAS430,2
4cad94,SAS448,1
4cad94,SAS434,1
4aca70,SAS434,1
4cad87,SAS430,1
45b4ef,MMD6665,1
4cad95,SAS448,1
4ab565,SAS436,1
4cad86,SAS448,1
4aca78,SAS1444,1
48c1a1,RYR79DK,1
4cad4f,RYR17NG,1
4ca73e,RYR79DK,1
48c1a1,RYR17NG,1
4d226d,RYR79DK,1
4d2387,RYR17NG,1
4ca763,RYR79DK,1
4ca25a,RYR17NG,1
4ca9d0,RYR2991,1
4ca6a9,RYR17NG,1
4ca25a,RYR79DK,1
4cadc4,RYR17NG,1
4ca25a,RYR2991,1
48c233,RYR79DK,1
4d2348,RYR17NG,1
490d81,NJE494B,1
486897,KLM44Y,1
484fdf,KLM50K,1
4867c2,KLM30E,1
4acab2,SAS549,1
4ab821,NSZ54CA,1
48418c,KLM1266,1
440018,EJU48MT,1
4cabdb,SAS1549,1
4caf82,SAS49M,2
4caf82,SAS2551,2
4ac9f3,SAS87Y,1
48418d,KLM92W,1
484c24,KLM64W,1
48455d,KLM44Y,1
4864ed,KLM64W,1
484558,KLM92W,1
45ac50,SAS87Y,3
4ac9f4,SAS549,1
486836,KLM30E,2
484166,KLM1266,1
4cacbd,SAS1549,1
486804,KLM64W,2
4aca90,NSZ54CA,1
4867c1,KLM44Y,1
484ee5,KLM50K,1
484162,KLM92W,1
440c38,EJU59NU,1
486651,KLM30E,1
47ba78,SAS549,1
4cad41,SAS49M,1
4cad41,SAS2551,1
484131,KLM92W,1
485a35,KLM50K,1
4caf24,SAS1549,2
484f06,KLM1266,1
4cad91,SAS49M,1
486803,KLM64W,2
4ac9e2,SAS549,1
4aca12,NSZ54CA,1
486742,KLM30E,1
4cafcd,SAS2551,1
485a33,KLM50K,1
485a35,KLM44Y,1
45ac54,SAS87Y,1
4aca93,NSZ54CA,1
484555,KLM1266,1
4ca660,SAS1549,1
4867c4,KLM30E,1
440172,EJU48MT,2
484166,KLM92W,2
484555,KLM92W,1
484c50,KLM46B,1
486651,KLM50K,1
4caf14,SAS1549,1
4ac9e9,SAS49M,1
4852f6,KLM44Y,1
4aca50,NSZ54CA,1
45ac30,SAS2551,1
4867c1,KLM30E,1
484558,KLM1266,1
47ba0d,SAS549,1
4ac9e4,SAS2551,1
486740,KLM50K,1
484966,KLM1266,1
4841a6,KLM44Y,1
484c1b,KLM64W,1
4caf24,SAS87Y,1
4cacb5,SAS75G,2
4d241a,WZZ8W,1
4ab565,SAS757,1
4ca88c,RYR5WH,1
4ab569,SAS755,1
4cad41,SAS753,1
48c1a1,RYR5WH,1
4ab569,SAS757,2
4cafce,SAS75G,1
4ab5d2,SAS755,2
471f74,WZZ8W,1
4ab565,SAS755,1
4cad94,SAS753,1
4cad89,SAS753,1
4ab5d2,SAS757,1
4d2402,WZZ8W,1
4ab5d5,SAS757,1
4ab5d5,SAS755,1
4cadb8,RYR5WH,1
4d2021,WZZ8W,1
4caf24,SAS1621,1
3c4b49,EWG1VA,2
4aca7a,SAS63J,1
4cafd6,SAS1629,1
3c4b4c,EWG1VA,2
4ac9ed,SAS63J,1
4cabdb,SAS1629,1
4cacb0,SAS1621,1
4cabda,SAS1629,1
4aca73,SAS63J,1
3c5ef6,EWG12J,2
4caf13,SAS1621,1
3c4b4e,EWG12J,4
4ca6d9,SAS1629,1
4cafd7,SAS1621,1
4ca6d9,SAS1621,1
4caf24,SAS63J,1
4caf24,SAS1629,3
4d2405,EWG12J,2
4caf14,SAS63J,1
4cabdb,SAS1621,1
4caf94,SAS63J,1
4caf24,SAS763,1
4cafd8,SAS763,2
4cabdb,SAS763,2
4cabda,SAS763,1
45ac54,SAS793,1
45ac33,SAS793,1
47ba1d,SAS793,1
4aca12,NSZ3640,1
47ba78,SAS793,1
4aca14,NSZ3640,1
4a91fa,SAS793,1
4cadd9,SAS793,1
4acb44,SAS581,1
4cadb8,RYR619N,2
34448d,IBS1822,3
4ca88c,RYR619N,1
45ac54,SAS581,1
342105,IBS1822,2
343385,IBS1822,1
4ac9e4,SAS581,1
4ac9e7,SAS581,1
4aca13,NSZ3704,1
3c6750,DLH9853,1
4d2387,RYR619N,1
342188,IBS1822,1
45ab4d,SAS581,1
4aca0b,NSZ3704,1
4cac84,RYR619N,1
4a91fa,SAS581,1
4cafce,SAS581,1
4ca568,RYR6CM,1
4cae75,SAS85A,1
4caff7,RYR3TB,1
4cac8e,SAS32F,1
4d2503,RYR3TB,1
4cad96,SAS32F,1
4cacb5,SAS85A,1
4caf82,SAS32F,1
48c1a1,RYR3TB,1
4cad91,SAS85A,1
4cad42,SAS85A,1
4caa5c,RYR3TB,1
4cac79,SAS32F,1
4cae91,RYR3TB,1
4cad92,SAS32F,1
4cad89,SAS85A,1
4cad87,SAS32F,2
4d221d,RYR3TB,1
4cadd9,SAS85A,1
4cadb8,RYR6CM,1
4d2080,RYR3TB,1
39348e,TVF50WP,1
39a201,FPO8RB,2
4cad41,SAS73C,1
4aca14,NSZ8FI,1
39bda2,AFR11JK,1
4cae75,SAS567,1
440047,EJU56AU,1
4cad40,SAS21D,1
3964f9,TVF4315,1
39bdb1,AFR51JT,1
39e68a,AFR59EU,1
4cad94,SAS73C,1
3964e1,TVF92LV,1
39bdb1,AFR11JK,1
39a202,FPO8RB,7
4cae8e,SAS21D,1
39bdb3,AFR51JT,1
4400b7,EJU56AU,1
4cacb5,SAS567,1
440096,EJU46YK,1
39e695,AFR51JT,1
39e695,AFR11JK,2
4cad91,SAS567,1
4cad96,SAS73C,1
4cad96,SAS21D,1
39e68e,AFR59EU,1
4cacb5,SAS73C,1
39de4b,TVF50WP,1
4cad42,SAS567,1
4aca94,NSZ8FI,1
440047,EJU46YK,1
4cafcc,SAS21D,1
392ae9,AFR51JT,1
39d311,TVF4315,1
39cead,TVF50WP,1
44083c,EJU46YK,1
44083c,EJU56AU,1
4ab821,NSZ8FI,1
4cad86,SAS21D,1
39bb21,AFR51JT,1
4cad94,SAS567,1
4cadd9,SAS73C,1
39bdb2,AFR11JK,1
39856d,AFR46HF,1
39e682,AFR11JK,1
4aca92,NSZ8FI,1
440159,EJU46YK,1
392aed,AFR59EU,1
4cad97,SAS73C,1
4cadd9,SAS567,1
39de40,TVF50WP,1
4acaa3,SAS21D,1
4400b7,EJU34YT,1
39bdb7,AFR59EU,1
4aca70,SAS567,1
39e697,AFR51JT,1
39e697,AFR11JK,1
4ca6d9,SAS21D,1
4ab565,SAS669,3
4ab569,SAS40R,1
4ab565,SAS40R,3
4ab569,SAS669,2
4ab5d5,SAS669,1
4ab5d2,SAS40R,2
4bb201,THY9JS,1
4baa67,THY6YX,1
4ba8ca,TKJ9WG,1
4bb867,PGT54CG,1
4b8e0b,PGT2JZ,1
4bb219,THY7YE,1
4bbd12,TKJ9WG,1
4bb207,THY7YE,1
4bb069,THY7XP,1
4b8e47,PGT2JZ,1
4bc84c,PGT54CG,1
4baa65,THY9JS,1
4bb276,THY7YE,1
4bc893,PGT54CG,1
4bab52,TKJ9WG,1
4bc842,PGT2JZ,1
4baa5a,THY9JS,1
4bc842,PGT54CG,1
4ba902,TKJ9WG,1
4bb203,THY7YE,1
4bc84f,PGT2JZ,1
4bab2c,THY7XP,1
4b8750,PGT2JZ,1
4b9c62,THY6504,1
4bc847,PGT54CG,1
4bb26a,THY9JS,1
4bb028,TKJ9WG,1
4baa92,THY7YE,1
4bb213,THY6YX,1
4bb208,THY7YE,1
4bc846,PGT2JZ,1
4bb322,THY9JS,1
4ba905,TKJ9WG,1
4bc8c9,PGT54CG,1
4ba88f,THY6545,1
4bc84f,PGT54CG,1
4bb159,THY6547,1
4baacf,THY7XP,1
4bb281,THY6YX,1
4ba90b,THY9JS,1
4bab4f,TKJ9WG,1
4bb209,THY7YE,1
4bc844,PGT2JZ,1
4d2383,RYR34RX,1
4aca15,NSZ3730,1
47ba78,SAS49L,1
48c1a1,RYR34RX,1
4a91f8,SAS49L,1
4ac9ef,SAS49L,1
4aca8b,NSZ3730,1
4cadb8,RYR34RX,1
4aca94,NSZ3730,1
4acaa1,SAS49L,1
48c233,RYR34RX,1
45ac50,SAS49L,1
4ab822,NSZ3730,1
4aca92,NSZ3730,1
4ca88c,RYR34RX,1
4cad92,SAS49L,1
4aca73,SAS71T,1
4cadb8,RYR75ZC,2
4aca6f,SAS71T,1
4aca6e,SAS71T,1
45ab4b,SAS71T,1
4aca78,SAS71T,2
4ca892,RYR75ZC,1
4d2226,RYR75ZC,1
4aca73,SAS1673,1
440cf8,EJU96BM,2
4cad40,SAS1675,1
4ac9f2,SAS1679,1
3cc1db,SFG55C,7
4aca50,NSZ3302,1
4a91fa,SAS1679,1
4cae8e,SAS1675,1
4aca94,NSZ3302,1
4cafcc,SAS1673,1
4acaa1,SAS1679,1
4aca78,SAS1673,2
4aca15,NSZ3302,2
4cad96,SAS1675,1
4409c0,EJU96BM,1
4cafcc,SAS1675,1
4ac9e6,SAS1679,1
4aca6e,SAS1673,1
45ab21,SAS1679,1
4cad86,SAS1675,1
4aca12,NSZ3302,1
440181,EJU96BM,1
4ab824,NSZ3302,1
45ac54,SAS1673,1
4cac79,SAS1679,1
47ba0d,SAS1677,1
45ab4f,SAS1675,1
4ab564,SAS1679,1
4aca6b,SAS1673,1
4cafd7,SAS34J,1
4caf14,SAS744,1
4caf13,SAS744,1
4cacb0,SAS742,1
4ca1cc,SAS744,3
4cafd8,SAS742,1
4caf13,SAS34J,1
4cabda,SAS34J,1
4caf16,SAS742,1
4ca660,SAS744,1
4ca660,SAS34J,1
4cafd7,SAS683,2
4cae8e,SAS71K,1
45ac50,SAS687,3
4cae75,SAS71K,1
4cabda,SAS683,1
4cabde,SAS683,2
4cad94,SAS71K,1
47ba78,SAS687,1
45ab4b,SAS71K,1
4cafd6,SAS683,1
4cad96,SAS71K,1
4cad94,SAS687,1
4cad87,SAS687,1
4aca73,SAS77G,1
4acaa1,SAS71K,1
45ab4f,SAS687,1
47ba78,SAS71K,1
4ca660,SAS683,1
501c38,CTN481,1
501d1d,CTN481,1
501d21,CTN481,1
501c4a,CTN481,1
502d46,BTI13G,1
502d5e,BTI14B,1
4acb04,NSZ2063,2
502d59,BTI13G,1
502d9f,BTI14B,1
440d4d,TAY9IX,2
502d95,BTI14B,2
44a6e4,TAY9IX,2
502d0f,BTI13G,1
440d93,TAY9IX,4
502d45,BTI13G,1
502d89,BTI1B6,1
502dac,BTI13G,1
47c0d9,NSZ2063,2
502ce6,BTI14B,1
502d10,BTI1B6,1
502d9f,BTI13G,1
4d00db,LGL5436,1
4d00d8,LGL5434,1
4d00d9,LGL5436,2
4d00d8,LGL38K,1
4d00ca,LGL5436,1
4d00c9,LGL38K,1
4ca88c,RYR2725,1
4aca6e,SAS98K,3
48c1a5,RYR2725,1
4aca73,SAS98K,2
4d244c,RYR2725,1
48c22e,RYR2725,1
4aca12,NSZ3562,1
48c125,RYR2725,1
48c134,RYR6WD,1
4d2501,RYR2725,1
478772,NSZ3562,1
4aca78,SAS98K,1
48c134,RYR2725,1
4cabc6,ABR3CH,4
4cae8e,SAS2777,1
4692cd,AEE751,1
4cad94,SAS2777,1
45ab4b,SAS68R,1
4ac9ed,SAS68R,1
46b8b2,AEE751,1
4cad97,SAS68R,1
4acaa1,SAS2777,1
4691c1,AEE751,1
46b8aa,AEE751,1
47ba78,SAS2777,1
461f67,FIN7Z,2
4cae75,SAS45T,1
461f39,FIN98L,1
45ab21,SAS1716,1
45ab21,SAS1706,1
4caf82,SAS1712,2
461fa2,FIN7RX,2
461e1d,FIN3AT,1
461e1d,FIN6PR,2
461e18,FIN6PR,2
461e15,FIN3AT,1
4cad94,SAS45T,1
45d969,VKG4746,1
461fa8,FIN7RX,1
4cac8e,SAS1706,1
461f69,FIN7Z,1
4aca73,SAS1716,2
461f62,FIN98L,1
4ac9e6,SAS1706,1
461fa3,FIN98L,2
461e1a,FIN3AT,1
4aca78,SAS1716,1
4cad96,SAS45T,2
461e1f,FIN6PR,1
4cad41,SAS1712,1
45ab23,JTD9003,1
461f64,FIN98L,1
4cad86,SAS1706,1
461f9d,FIN7RX,1
4cad91,SAS1712,1
461e1b,FIN7Z,1
461f36,FIN3AT,1
461f6e,FIN7RX,1
461f35,FIN3AT,1
4cafce,SAS1712,1
461e1b,FIN6PR,1
4cadd9,SAS1706,1
461f6d,FIN7Z,1
4cad97,SAS45T,1
4cad95,SAS45T,1
4caf94,SAS1716,1
461f9a,FIN7Z,1
461f69,FIN7RX,1
461e21,FIN3AT,1
461f6e,FIN98L,1
4ca660,SAS1706,1
4cafcd,SAS1712,1
4cacbd,SAS1716,1
461fa8,FIN98L,1
4cabdb,SAS1706,1
461e15,FIN6PR,1
461f35,FIN7RX,1
4aca73,SAS1712,1
4acaa2,SAS69P,1
4ac9ed,SAS69P,1
4cad89,SAS69P,1
45ab4f,SAS69P,1
4ac9e6,SAS58E,1
4acaa2,SAS1793,1
4cabda,SAS1793,1
4ca660,SAS1793,1
4acaa1,SAS1793,1
45ac54,SAS1793,1
45c86d,FLI9025,1
4ac9e9,SAS1793,1
4aca05,NSZ9730,1
4aca05,NSZ9742,1
4cadb8,RYR6155,1
4d2387,RYR6155,2
4ca763,RYR6155,1
4cad54,RYR6155,1
4ab824,NSZ5071,3
4cafce,SAS63Y,1
4aca81,NSZ5075,2
4cae63,RYR489H,1
4caddb,SAS583,1
4d2387,RYR502N,3
4acaa1,SAS63Y,1
4ab823,NSZ5075,3
4ac9e7,SAS63Y,1
4cadb8,RYR502N,2
4aca13,NSZ6PY,1
4aca93,NSZ6PY,1
4aca83,NSZ5075,2
4ac9e4,SAS63Y,1
4cad96,SAS63Y,1
4aca96,NSZ5071,1
4ab823,NSZ5071,1
4cae5a,RYR502N,1
4cae75,SAS63Y,1
4cae75,SAS583,1
4ac9eb,SAS63Y,1
4cad96,SAS583,1
4ca9d3,RYR48RR,1
4ac9e9,SAS23N,1
4aca85,NSZ2TC,1
4ca88c,RYR48RR,1
4ac9e4,SAS23N,1
478772,NSZ2TC,1
458d99,MMD108,4
458d99,MMD106,4
458d99,MMD104,1
458d99,MMD102,4
458d99,MMD110,3
458d9a,MMD110,1
458d9a,MMD108,1
458d9a,MMD106,1
458d9a,MMD102,1
45d022,MMD6029,1
458d99,MMD122,1
458d9a,MMD116,1
49328b,NJE408Q,1
4d2387,RYR604,1
471d5b,WZZ2778,1
48c12f,RYR5CE,1
4ac9f4,SAS779,1
4ac9f2,SAS779,1
48c138,RYR5CE,1
471d60,WZZ2778,1
47ba78,SAS779,1
4ca763,RYR5CE,1
4d200f,WZZ2778,1
4ac9e4,SAS779,1
4d2221,RYR5CE,1
4acaa1,SAS779,1
4ca763,RYR604,1
471dba,WZZ2778,1
48c233,RYR5CE,2
4d24b1,WZZ2778,1
471dc0,WZZ2778,1
4d2387,RYR6CG,1
4cae9d,RYR6CG,1
45ab24,JTD9759,1
3c5422,BCS44C,1
440bc4,BCS179,2
3c5425,BCS44C,1
3c5428,BCS44C,1
3c542c,BCS44C,1
440bc2,BCS179,1
4520f9,BCS435,1
440bc2,BCS179P,1
3c542d,BCS44C,1
4d20bc,WMT133,1
4d24b2,WMT133,1
4d24b3,WMT133,1
4cacbd,SAS2746,2
4cabda,SAS2744,1
4cafd8,SAS2746,1
4caf24,SAS2744,1
4cafd6,SAS2746,1
4ca660,SAS2746,1
4cacbd,SAS2744,1
4aca0b,NSZ37F,1
4cae75,SAS2813,1
4cadb8,RYR37GP,1
4aca4f,NSZ5ML,2
4acaa3,SAS2813,1
4aca46,NSZ5ML,1
4d2387,RYR37GP,1
4aca13,NSZ37F,1
4aca46,NSZ37F,2
4d2271,RYR37GP,1
4caf7e,SAS2813,1
4cad87,SAS2813,1
440036,EJU75QL,2
440062,EJU75QL,2
4406f0,EJU75QL,1
4ca81d,EJU75QL,1
4ca7b5,RYR7SY,1
4932a2,NJE817C,1
4cade7,RYR7SY,1
4cae9e,RYR10SR,1
4cae4c,RYR81KP,1
4d226c,RYR10SR,1
4cade7,RYR10SR,1
4d2257,RYR91CZ,1
4ca97b,RYR91CZ,1
4ca569,RYR91CZ,1
486953,KLM1126,2
484c52,KLM1128,1
485064,KLM1128,2
486483,KLM1126,1
4864ee,KLM1126,1
484c24,KLM1128,1
48548c,KLM1128,1
486802,KLM1126,1
485207,KLM76M,1
485876,KLM1128,1
484c50,KLM76M,1
4864ea,KLM1126,1
48c2a0,RYR1657,1
49328b,NJE779F,1
4cad7f,EIN874,1
4d2348,RYR57HG,1
4cae9e,RYR57HG,1
4ca621,RYR57HG,1
398578,AFR1095,1
398577,AFR1095,1
398575,AFR1095,1
398562,AFR1095,1
4d223a,RYR8NW,1
4d2232,RYR8NW,1
34134d,IBE0464,1
34604b,ANE64SR,2
34538e,AEA94HP,1
34538e,AEA85HA,1
34750b,AEA7234,1
34750b,AEA12FW,1
34260e,IBE04WM,1
346186,IBE04ZC,1
34324e,IBE04WM,2
34324e,IBE04CP,2
347481,AEA7234,1
347481,AEA12FW,1
344197,ANE64SR,1
3472cc,IBE04ZC,1
34745a,AEA94HP,1
34745a,AEA85HA,1
34224e,IBE0464,1
34745a,AEA7234,2
34745a,AEA12FW,2
344459,AEA85HA,1
347306,AEA94HP,1
34444b,IBE04CP,1
346204,IBE0464,1
347307,AEA85HA,1
346499,IBE04ZC,1
346082,AEA94HP,1
347344,IBE04CP,1
344341,AEA7234,1
344341,AEA12FW,1
344481,IBE04CP,1
34250a,IBE0464,1
3420cc,IBE04WM,1
34750a,AEA94HP,1
34750a,AEA85HA,1
344213,ANE1272,1
3452c8,ANE64SR,1
344417,IBE04WM,1
347481,AEA94HP,1
347481,AEA85HA,1
34750f,AEA7234,2
34750f,AEA12FW,2
344218,ANE64SR,1
346204,IBE04WM,1
34750f,AEA94HP,1
34750f,AEA85HA,1
345359,VLG6PV,1
345205,VLG11CK,1
346183,VLG9HK,1
346691,VLG6PV,1
345108,VLG9HK,2
344445,EVE7713,1
344644,VLG6PV,1
346090,VLG9HK,1
345643,VLG6PV,1
345398,VLG11CK,1
344645,VLG6PV,1
348206,VLG9HK,1
348204,VLG6PV,1
344644,VLG9HK,1
347690,VLG9HK,1
34560d,VLG6PV,1
3465d9,VOE6BP,1
490d87,NJE029G,1
344445,EVE7715,1
3465c9,VOE6BP,1
345659,VOE3816,1
39364a,NAK706B,1
4ca61c,RYR278P,1
4ca75f,RYR278P,1
394f08,FGTYI,2
48664a,CND093P,1
4caf0a,EAI41D,1
4caf0b,EAI41D,1
4caa54,EAI43D,1
49328f,NJE216K,1
4d24b2,WMT522,2
4d24d7,WMT2542,1
4d24b3,WMT2542,2
4d24b4,WMT522,1
4d2420,WMT2542,1
4d2410,EWG7MG,2
4d2081,EWG7MG,1
4d2085,EWG7MG,1
471f4a,WZZ6DY,1
4d248d,WZZ7DA,3
4d248d,WZZ6DY,2
4d24b4,WZZ85HJ,2
4d24b4,WZZ7DA,2
4d248d,WZZ85HJ,1
4d2479,WZZ6DY,1
471f5d,WZZ6DY,2
4d2479,WZZ85HJ,1
4d2479,WZZ7DA,1
4d2434,WZZ85HJ,1
4d2434,WZZ7DA,1
4bb868,PGT52F,1
4bb870,PGT52F,1
4bb87a,PGT52F,1
4bb84a,PGT52F,1
4bb875,PGT52F,1
4bb863,PGT52F,1
471fa7,WZZ2070,1
4d2068,WZZ2070,1
471f36,WZZ2070,1
4d24ae,WZZ2070,1
471dbf,WZZ65AX,1
4d2433,WZZ65AX,1
471dbe,WZZ65AX,1
4d2067,WZZ65AX,1
471fa1,WZZ65AX,1
3c644e,DLH6KR,1
3c4dc9,DLH4KK,1
3c4dc2,DLH3MJ,1
3c4dc9,DLH6KR,1
3c4dd2,DLH8FM,1
3c4dd0,DLH8FM,1
3c4dcd,DLH4KK,1
3c4dcd,DLH6KR,2
3c4dd0,DLH3MJ,2
3c4dc2,DLH8FM,2
3c4dce,DLH8FM,1
3c4dd0,DLH4KK,1
3c4dc1,DLH3MJ,1
3c4dce,DLH6KR,1
3c4dd0,DLH6NV,1
3c4dd2,DLH6KR,1
3c4dcc,DLH211,1
3c6584,DLH6RF,1
3c658b,DLH4AC,1
3c6743,DLH6RF,1
3c6584,DLH4AC,1
3c6449,DLH211,1
3c4dc6,DLH211,1
3c6445,DLH4AC,1
3c6449,DLH6RF,2
3c6448,DLH6RF,1
3c6741,DLH7WA,1
3c644a,DLH211,1
3c4dd5,DLH211,1
3c6658,DLH7WA,1
3c6589,DLH6RF,1
3c6635,DLH4AC,1
3c4dd7,DLH211,1
3c644a,DLH6RF,1
3c6442,DLH4AC,1
3c6758,DLH7WA,1
3c5ef6,EWG6RL,2
3c5ef0,EWG6RL,2
3c48ea,EWG6RL,2
3c48f1,EWG6RL,2
3c5ee3,EWG6RL,2
4d2503,RYR61JJ,1
4ca741,RYR8KG,1
4cac54,RYR61JJ,1
4a2aac,DNA508,1
4ca92b,RYR61JJ,1
4d2503,RYR8816,1
4cae64,RYR8816,1
4ca251,RYR8816,1
48c231,RYR14BB,2
4cac87,RYR14BB,1
4d2133,VJT431,4
48c12e,RYR14BB,1
4ca855,RYR14BB,1
48ea4e,RYR53SJ,1
4d224c,RYR19TM,2
4cade7,RYR1TC,1
4d2519,RYR19TM,1
4ca893,RYR1TC,1
48c139,RYR1TC,1
4cad3b,RYR1TC,1
4cad3f,RYR19TM,1
48c129,RYR19TM,1
4cafcf,RYR1TC,1
4d21ea,RYR1TC,1
4ca80e,RYR19TM,1
4ca764,RYR19TM,1
4ca8e6,RYR1TC,1
4d224c,RYR586N,1
484fdf,KLM64L,1
4d2519,RYR58PU,1
4d225e,RYR6WF,2
484165,KLM1140,3
4cad28,RYR35KL,1
4d228a,RYR32UV,1
4ca92d,EIN60G,1
4ca281,EIN60T,1
484f18,KLM1142,1
4ca837,EIN60H,1
4cadf8,RYR72WA,1
4cad7c,EIN61V,3
4d225d,RYR6WF,1
4ca63a,EIN60G,1
4ca27f,EIN60T,1
48c1a7,RYR32UV,1
486741,KLM1142,2
4ca63b,EIN60H,1
484130,KLM88C,1
4864ea,KLM64L,1
4d2235,RYR72WA,1
4cad7a,EIN61V,1
48c139,RYR72WA,1
4ca935,EIN60T,1
484442,KLM88C,1
4ca295,EIN60G,2
4ca2cb,EIN60H,1
4cad3f,RYR6WF,1
48c22d,RYR32UV,1
4ca7b6,RYR586N,1
484558,KLM1140,1
485a32,KLM64L,1
486836,KLM1142,1
484558,KLM64L,1
4cad7d,EIN61V,3
484161,KLM88C,1
4ca640,EIN60G,1
4ca216,EIN60H,1
4d225e,RYR72WA,1
4ca76f,EIN60T,1
4ca625,RYR32UV,1
4ca293,EIN60T,1
484b90,KLM88C,1
4ca741,RYR35KL,1
4cae60,RYR586N,1
48418a,KLM64L,1
4ca5c8,EIN60G,1
4cad0f,RYR32UV,1
4ca737,RYR72WA,1
3474cb,BCS3TW,1
4ca2c9,EIN60H,1
484130,KLM1140,1
4cae4b,RYR6WF,1
484cb4,KLM1142,1
4ca622,RYR586N,1
486742,KLM1142,2
484c54,KLM1140,1
484b8f,KLM64L,1
4ca836,EIN60H,1
4ca251,RYR32UV,1
4ca294,EIN60T,1
4ca566,RYR72WA,1
4867c3,KLM88C,1
4cadf0,RYR6WF,1
4ca703,RYR6WF,1
48415f,KLM64L,1
4ca293,EIN60H,1
4ca836,EIN60T,1
4ca2c9,EIN60G,1
4ca566,RYR586N,1
4ca566,RYR32UV,1
484bd1,KLM1140,1
48c234,RYR72WA,1
484f06,KLM88C,1
4d224c,RYR88CC,1
4d220c,RYR89QU,1
4ca763,RYR89QU,1
48c22d,RYR88CC,1
4ca8e7,RYR88CC,1
48c22d,RYR89QU,1
4ca764,RYR88CC,1
4ca63b,EIN40R,1
4ca63b,EIN40G,1
4cade4,RYR646U,1
4cae00,RYR9RQ,1
4ca811,RYR72XR,1
4cae6b,RYR9RQ,1
4ca280,EIN40G,1
4caea0,RYR9RQ,1
4ca216,EIN40G,1
4d2241,RYR646U,1
4ca27f,EIN40G,1
4ca5c8,EIN40R,1
4cac87,RYR9RQ,1
4ca281,EIN40R,1
4ca8e6,RYR30GX,1
4ca935,EIN40G,1
4cadf0,RYR9RQ,1
4d2383,RYR72XR,2
4cadff,RYR30GX,1
4cadb8,RYR9RQ,1
4cad0f,RYR646U,1
4ca216,EIN40R,1
4ca293,EIN40G,1
4cae8d,RYR9RQ,1
4d2211,RYR646U,1
4ca76f,EIN40G,1
48c2b0,RYR593D,1
4cae6c,RYR593D,1
4ca566,RYR593D,1
4cae49,RYR593D,1
4cae4b,RYR76AF,1
4cae93,RYR76AF,1
4cac87,RYR76AF,1
4cae4b,RYR20ZU,1
4cac87,RYR20ZU,2
4cae6c,RYR24CH,1
4cae6c,RYR20ZU,1
4ca8e8,RYR24CH,1
48c134,RYR82NW,1
4cac54,RYR20ZU,1
48c2a8,RYR24CH,1
4cadc0,RYR20ZU,1
4cae9b,RYR20ZU,1
4d2234,RYR82NW,1
48c2a8,RYR2VM,1
4cae57,RYR48DW,2
4d251b,RYR48DW,1
4cae24,BCS202,2
4cadfe,RYR48DW,1
4d2347,RYR29FY,2
4cadf0,RYR48DW,1
4cae61,RYR48DW,1
4cae52,RYR48DW,1
4caf34,RYR96MG,1
4cadbe,RYR302F,1
4caea0,RYR96MG,1
4ca640,EIN49W,1
4d2503,RYR96MG,1
4cae8d,RYR302F,1
4ca27f,EIN496,1
4cae91,RYR96MG,1
424c9d,MASBA,2
4ca621,RYR302F,1
4cad3b,RYR96MG,1
4cadb8,RYR302F,1
4ca92b,RYR96MG,1
4ca216,EIN49W,1
4ca251,RYR63EH,1
4cae49,RYR302F,1
4cae61,RYR96MG,1
4caed8,EIN49W,1
a3f930,UPS233,1
a49e9a,UPS249,8
4d2304,RYR667W,1
4cae28,BCS202,1
a48850,UPS249,2
48c2b7,RYR667W,1
4ca92b,RYR667W,1
4ca891,RYR52EP,1
4cae6d,RYR667W,1
4ca640,EIN39C,1
4cad28,RYR359G,1
4ca770,EIN39C,1
4ca4f5,RYR359G,1
4ca27f,EIN39C,1
48c1a7,RYR359G,1
4ca63b,EIN39C,1
4ca7b6,RYR359G,1
4ca92d,EIN39C,1
4ca770,EIN394,1
4cae6d,RYR359G,1
504e61,HYS407,1
39bdb2,AFR56SQ,1
4cae33,EIN524,1
39e689,AFR83HR,1
39d317,TVF26NP,1
3430cc,VLG8579,1
4cabd2,EIN52A,1
39856d,AFR49RW,1
4ca217,EIN52N,2
39a203,FPO8SN,2
4ca214,EIN52V,1
4cabd1,EIN52A,1
39bda9,AFR83HR,1
39e692,AFR56SQ,2
4ca216,EIN52V,1
39de48,TVF26NP,1
4ca2c9,EIN524,1
39a201,FPO8SN,6
392af8,AFR49RW,1
4ca9ba,EIN524,1
39de54,TVF57YP,1
3443d2,VLG8579,1
4ca92d,EIN52V,1
39bdb8,AFR83HR,1
4ca295,EIN52N,2
4cae34,EIN52A,2
39bdb3,AFR56SQ,2
39856c,AFR49RW,1
39856e,AFR49RW,1
4ca640,EIN52N,1
3444da,VLG8579,1
4cae35,EIN524,1
39a206,FPO8SN,1
39e682,AFR83HR,1
4ca2c9,EIN52V,1
39de40,TVF57YP,1
4cae33,EIN52A,1
34440a,VLG8579,2
4ca770,EIN52V,1
3964e9,TVF26NP,1
39bda1,AFR83HR,1
4ca5c8,EIN52N,1
4cae32,EIN524,1
3991e5,AFR49RW,1
39de51,TVF26NP,1
39348e,TVF57YP,1
39e692,AFR83HR,2
4d210b,VJT904,1
3986e9,AFR49RW,1
4cabd3,EIN524,1
4ca2ca,EIN52V,1
4cae35,EIN52A,1
4d20b5,AJD18FJ,4
39d314,TVF726,1
39e684,AFR56SQ,2
3951c2,AFR6735,1
398575,AFR49RW,1
4ca2c9,EIN52N,1
346183,VLG8579,1
4cae32,EIN52A,1
4ca281,EIN52V,1
4cae29,EIN524,1
48c227,RYR38KU,2
48c122,RYR61UP,1
4ca568,RYR507E,1
4ca568,RYR95HU,1
341682,IBS1882,2
4ca92d,EIN59K,1
4d2271,RYR47ZP,1
48ea4d,RYR64CD,1
4cac54,RYR64CD,1
4d228a,RYR95HU,1
4ca836,EIN59K,1
34448d,IBS1882,1
4ca63b,EIN59K,1
4d2348,RYR64CD,1
4cae91,RYR95HU,1
342090,IBS1882,1
4cabd3,EIN59K,1
343141,IBS1882,1
3c1bae,BCS230P,1
4cadc1,RYR64CD,1
4cac54,RYR95HU,2
4ca76f,EIN594,1
4cae35,EIN59K,1
344416,IBS1882,2
4ca935,EIN594,1
4d225e,RYR64CD,1
4cae9a,RYR47ZP,1
4cae9c,RYR64CD,1
4ca837,EIN594,1
4d22ff,RYR47ZP,1
4ca764,RYR95HU,1
4caecc,RYR7205,1
4cae52,RYR47ZP,1
4cad0f,RYR95HU,1
4ca770,EIN59K,1
4d225d,RYR80PP,1
4cade6,RYR80PP,1
4ca2cb,EIN58G,1
4cae6b,RYR14XY,1
4caed8,EIN58Y,1
4cadc2,RYR15SF,1
4ca293,EIN58G,2
4cad80,EIN58Y,2
4cade7,RYR98KH,1
4cade4,RYR15SF,1
4cad7c,EIN58Y,2
4ca216,EIN58G,1
4ca568,RYR25XK,1
48ea4d,RYR15SF,1
4cae96,RYR25XK,1
4ca4f5,RYR14XY,1
4ca836,EIN58G,1
4ca9d2,RYR25XK,1
4cadc1,RYR98KH,1
4ca214,EIN58G,1
4ca4f5,RYR15SF,1
4ca74e,EIN58Y,1
4cae6a,RYR25XK,1
4d2369,RYR15SF,1
4cac54,RYR15SF,1
4d2258,RYR14XY,1
4cae5a,RYR25XK,1
4cabd3,EIN588,1
4cabd3,EIN58Y,1
4ca2cb,EIN5HJ,1
4ca2c9,EIN5ME,1
4d224d,RYR25LG,1
4ca893,RYR29EG,1
4ca625,RYR87AA,1
3443d4,VLG91MV,1
4cae57,RYR350V,1
345248,VLG91MV,1
4ca7b5,RYR25LG,1
4ca76f,EIN5HJ,1
4cae57,RYR25LG,2
4ca770,EIN5HJ,1
3443d3,VLG91MV,1
4cad3b,RYR350V,1
4ca837,EIN5ME,1
4ca837,EIN5HJ,2
4caff8,RYR350V,2
3453c3,VLG91MV,1
4cae57,RYR87AA,1
4ca63b,EIN5ME,2
4ca63b,EIN5HJ,1
4ca303,RYR25LG,1
4cac1e,RYR29EG,1
345614,VLG91MV,1
4cafcf,RYR8668,1
40665f,TOM58E,1
4cade6,RYR29EG,1
4cad7e,EIN5HJ,1
3424d5,VLG91MV,1
48c2b0,RYR87AA,1
4cae97,RYR350V,1
4cae97,RYR25LG,2
4ca6fc,RYR8668,1
4ca97c,RYR87AA,1
3444d1,VLG91MV,1
4cae9f,RYR22SQ,1
48c2b7,RYR22SQ,1
4cada3,RYR22SQ,1
4cae9b,RYR22SQ,1
4cac53,RYR22SQ,1
4cac53,RYR7AR,1
4cade4,RYR8EB,1
4d2382,RYR22SQ,1
4bc859,PGT1158,1
4bb263,THY8WG,1
4bb203,THY3ED,1
4bc8c9,PGT1158,1
4bb26c,THY3ED,1
4ba90d,THY3ED,1
4bb863,PGT1158,1
4bb28f,THY8WG,1
4bb075,THY2RC,1
4bb265,THY3ED,1
4bb215,THY8WG,1
4bb86a,PGT1158,1
4bc8c7,PGT1158,1
4bb288,THY8WG,1
4ba9f9,THY6549,1
4bb063,THY3ED,1
4bbd15,THY6830,1
4bc841,PGT1158,2
4bb270,THY8WG,1
4baac6,THY2RC,1
4baa75,THY3ED,1
4bb275,THY3ED,1
4bb284,THY8WG,1
4d2286,RYR550K,1
4ca893,RYR4799,1
4cadc2,RYR85BR,1
4d2386,RYR4799,1
4ca92b,RYR4799,1
4ca623,RYR85BR,1
4ca7b6,RYR550K,1
4d24ea,RYR4799,1
4d244b,RYR550K,1
48c238,RYR4799,1
48c2a6,RYR85BR,1
4caee5,RYR94SR,1
4ca8d6,RYR85BR,1
4ca92b,RYR550K,1
4d2273,RYR4799,1
4cae52,RYR4799,1
4ca73f,RYR85BR,1
4ca703,RYR550K,1
4d21fe,RYR32CQ,1
4cade4,RYR32CQ,1
4ca857,RYR32CQ,1
4d2519,RYR1AN,1
4cade7,RYR85LD,1
4cae6c,RYR1AN,1
4d2258,RYR85LD,1
4ca9ed,RYR85LD,1
4ca9ed,RYR1AN,1
4d234f,RYR2394,1
48c1a1,RYR1AN,1
4cae9b,RYR85LD,2
4cae6c,RYR93RA,1
48ea4d,RYR85LD,1
4d2251,RYR1AN,1
4cade4,RYR1AN,1
4cafcf,RYR85LD,1
4d2235,RYR55TY,1
4ca764,RYR55TY,1
3c10aa,VJH643,5
a49e9a,UPS248,8
39a201,FPO7SN,6
39a206,FPO7SN,2
a48850,UPS248,2
39a202,FPO7SN,1
48c2b1,RYR75HP,1
4cadf8,RYR86ZR,1
4ca5c8,EIN464,2
4d224c,RYR75HP,1
4d24ca,RYR75HP,1
48c1a7,RYR75HP,1
4d24eb,RYR75HP,1
4ca295,EIN464,1
4d21f7,RYR48RT,1
4cac54,RYR12SN,1
4cade4,RYR48RT,1
4ca2d5,RYR12SN,1
4cafc4,RYR48RT,1
4caa59,RYR48RT,1
4d2341,BCS1RF,5
4cae64,RYR14HH,1
4ca295,EIN33T,1
4ca214,EIN3JE,3
4ca625,RYR51WP,1
4d225d,RYR51WP,1
4ca935,EIN3JE,1
48c2b7,RYR51WP,1
4ca281,EIN33T,1
4ca640,EIN3JE,1
4cae9b,RYR51WP,1
4cae4b,RYR14HH,1
4ca293,EIN33T,1
4ca566,RYR44LG,1
4ca280,EIN3JE,1
48c129,RYR14HH,1
4cae4b,RYR51WP,1
4cae60,RYR51WP,1
4ca2ca,EIN3JE,1
4cae00,RYR14HH,1
4cae48,RYR44LG,1
4ca2c9,EIN33T,1
48c2a9,RYR14HH,1
4d2211,RYR51WP,1
4d00d4,LGL4EW,1
4cae91,RYR73DJ,1
4d00ca,LGL4EW,1
4d028d,LRQ071A,1
4d225d,RYR73DJ,1
4d00d9,LGL4EW,1
4cae64,RYR73DJ,1
4cae8d,RYR73DJ,1
4d00da,LGL8EW,1
4d00c9,LGL4EW,1
4ca280,EIN642,1
48c134,RYR6JA,1
4cae91,RYR6JA,1
4cae6c,RYR14JF,1
4ca640,EIN642,1
4ca810,RYR14JF,2
4ca281,EIN642,1
4d223f,RYR13AY,1
4ca216,EIN642,1
4ca770,EIN642,1
4ca703,RYR6JA,1
4cafd0,RYR13AY,1
48e9f5,RYR6JA,1
4ca5c8,EIN636,1
4d228a,RYR3CA,1
4cadf8,RYR5169,1
4ca76f,EIN63N,1
4cae96,RYR5169,1
4ca2cb,EIN63N,1
4ca280,EIN636,1
4caa59,RYR3CA,1
4ca63a,EIN63N,1
4cad3f,RYR5169,1
4ca84c,RYR3CA,1
4ca640,EIN636,1
4ca295,EIN63N,2
4cae52,RYR3CA,1
4ca568,RYR5169,1
4ca281,EIN636,1
4caa5c,RYR3CA,1
4ca280,EIN63J,1
4ca280,EIN34E,1
4d2241,RYR5169,1
4ca76f,EIN63J,1
4ca76f,EIN34E,1
4d2273,RYR3CA,1
4cad3b,RYR5169,1
4ca935,EIN63N,1
4ca5c8,EIN4RG,2
4ca293,EIN4RG,1
4ca280,EIN4RG,1
4ca2ca,EIN4RG,1
4ca640,EIN4RG,1
4d203c,FJO68N,7
a5f808,LXJ484,1
4ca63a,EIN4RG,1
4caf0a,EAI48D,1
4caf0a,EAI42D,1
4caa53,EAI48D,1
4caa53,EAI42D,1
4caf0b,EAI48D,1
4caa54,EAI42D,1
4ca217,EIN5AT,3
4ca836,EIN5AT,1
4ca294,EIN5AT,1
4ca281,EIN5AT,1
4ca640,EIN5AT,1
4ca2cb,EIN550,1
4cac1e,RYR74QD,1
4cadfd,RYR74QD,1
4ca295,EIN66V,1
4ca4f5,RYR57ZJ,1
4d22b2,RYR7DC,1
4d224c,RYR57ZJ,1
4ca281,EIN66V,1
4cae64,RYR57ZJ,1
4cadf0,RYR57ZJ,1
4ca836,EIN66V,1
4d2241,RYR57ZJ,1
4d22b9,RYR57ZJ,1
4ca2c9,EIN66V,1
4d22ba,RYR57ZJ,1
4ca294,EIN3KM,1
4ca281,EIN3LK,1
3c6548,LHX5YH,1
3c6551,LHX6UP,2
4ca92d,EIN3LK,1
4ca281,EIN3KM,2
3c6523,LHX5YH,1
3c654a,LHX6UP,1
3c654d,LHX5YH,1
3c654d,LHX6UP,1
4ca293,EIN3KM,1
4ca5c8,EIN3LK,3
3c0c0c,VJH728,7
4ca295,EIN3LK,1
3c6521,LHX6UP,1
4ca2c9,EIN3KM,1
4ca2ca,EIN3KM,1
3c6551,LHX5YH,2
4ca63a,EIN3LK,1
4ca935,EIN3KM,1
40665f,TOM3VY,1
3c6486,DLH6UP,1
3c64a3,DLH2519,1
4cae75,SAS88P,1
4caff7,RYR1JK,1
4cac8e,SAS70P,1
4d2503,RYR1JK,1
4cad96,SAS70P,1
4cacb5,SAS88P,1
4caf82,SAS70P,1
4ca763,RYR1JK,1
4cad91,SAS88P,1
4cad42,SAS88P,1
4caa5c,RYR1JK,1
4cac79,SAS70P,1
4cae91,RYR1JK,1
4cad92,SAS70P,1
4cad89,SAS88P,1
4cad87,SAS70P,2
4d221d,RYR1JK,1
4cadd9,SAS88P,1
4d2080,RYR1JK,1
4cac84,RYR507E,1
4cae60,RYR706Y,1
4cac24,RYR417D,1
4cade4,RYR417D,1
4cadc2,RYR417D,1
4cad11,RYR417D,1
4ca7b6,RYR706Y,1
4cadc1,RYR417D,1
4cad3f,RYR706Y,1
4ca854,RYR417D,1
48c130,RYR8BF,1
424c8c,MABSU,3
4cad2b,RYR417D,1
4cae4c,RYR706Y,1
4cae60,RYR33PP,1
4ca566,RYR33PP,1
4cae4b,RYR33PP,1
48c12b,RYR33PP,1
4ca63a,EIN69L,3
4ca935,EIN69D,1
4ca5c8,EIN69D,1
4ca76f,EIN69D,1
4ca2c9,EIN69L,2
471841,JSD153,1
4ca63b,EIN69D,1
4ca27f,EIN69L,1
4ca2c9,EIN69D,1
4ca836,EIN69D,1
4ca295,EIN69L,1
4ca837,EIN50V,2
4ca2cb,EIN50V,2
4ca836,EIN50V,1
4cae61,RYR7TH,1
4cae60,RYR7TH,1
4d2365,FJO51Z,9
4cac54,RYR160M,1
4caee6,RYR699R,1
4d225e,RYR3825,1
4cac54,RYR699R,1
4ca217,EIN67H,1
48c239,RYR699R,1
4d225e,RYR160M,1
4cae60,RYR160M,1
48c128,RYR699R,1
4ca281,EIN67H,1
4caee6,RYR1201,1
4cae8d,RYR699R,1
4ca640,EIN67H,1
48c12c,RYR699R,1
4cae9b,RYR160M,1
48c2ab,RYR699R,1
4d2221,RYR1201,1
4cae96,RYR7KX,1
4cad28,RYR29KR,1
4ca216,EIN7PM,1
3c6753,DLH2KV,1
3c65c5,DLH981,1
3c6648,DLH4EJ,1
4ca293,EIN65Y,1
3c667a,DLH979,1
3c66a1,DLH2KV,1
3c6445,DLH4EJ,1
3c6655,DLH979,1
3c66e1,DLH981,1
4ca216,EIN65Y,1
3c56a9,GEC8321,2
3c6663,DLH9853,1
3c66e1,DLH2KV,1
4ca295,EIN65Y,1
3c6668,DLH981,2
3c65c7,DLH979,1
3c66eb,DLH2KV,1
3c65cd,DLH979,1
3c56a1,GEC8321,1
3c6674,DLH981,1
3c6448,DLH4EJ,1
4ca214,EIN65Y,1
3c56a3,GEC8321,1
3c6489,DLH4EJ,1
4ca770,EIN65Y,1
3c6482,DLH979,1
3c6658,DLH2KV,1
3c6743,DLH981,1
4ca295,EIN65A,1
3c6654,DLH981,1
4ca27f,EIN65A,1
3c6744,DLH2KV,1
3c6489,DLH979,1
3c658b,DLH4EJ,1
3c674f,DLH2KV,1
3c6444,DLH4EJ,1
3c6676,DLH979,1
4cafd3,RYR4285,2
4cace0,RYR62CW,1
4ca849,RYR62CW,2
48c124,RYR46DZ,1
4cae4b,RYR46DZ,1
48c2a7,RYR46DZ,1
4ca76f,EIN76K,1
4ca935,EIN76K,1
4ca564,RYR69WG,1
4cad3f,RYR69WG,1
4d2209,RYR69WG,1
40665f,TOM3KB,1
4ca2cb,EIN438,1
4cad0f,RYR69WG,1
4d2518,RYR69WG,1
4ca63b,EIN438,1
4cad94,SAS51J,1
4cac8a,SAS64E,1
4cacb6,SAS51J,1
4cac7b,SAS51J,1
48c1a1,RYR15MM,1
4caddb,SAS51J,1
4cac23,RYR15MM,2
4cad88,SAS64E,1
4cad88,SAS51J,1
4cae8e,SAS51J,1
461e15,FIN30T,1
461f35,FIN30T,1
461e1e,FIN26V,1
461e21,FIN26V,2
461e16,FIN26V,1
461f6d,FIN30T,1
461e1f,FIN26V,1
4ca293,EIN78L,1
4ca281,EIN78L,1
4caa5c,RYR87EN,1
4ca92b,RYR87EN,1
4ca214,EIN756,1
4ca625,RYR87EN,1
4d2518,RYR87EN,1
4ca2ca,EIN756,1
4ca640,EIN756,1
4ca251,RYR87EN,1
4ca4f5,RYR69YH,1
ac952b,WWI91,2
4cadff,RYR69YH,1
4d2518,RYR92GM,1
4d2384,RYR92GM,1
4d2518,RYR1964,1
4caa5c,RYR1964,1
4d2369,RYR1964,1
44001b,AUA16G,1
44006d,AUA14W,1
440827,AUA16A,2
3c5ee3,EWG4X,4
3c49d5,EWG28N,4
3c5ee5,EWG65L,2
3c4b4c,EWG65L,2
44081d,AUA16A,1
44082b,AUA16G,1
3c56f4,EWG4X,2
44022d,AUA14W,1
440666,AUA16A,1
440820,AUA14W,1
3c48ea,EWG65L,2
44022b,AUA16G,1
44081d,AUA166D,1
3c4b4e,EWG28N,2
440604,AUA16A,1
440604,AUA14W,1
3ce79a,PVD423L,1
4d240c,EWG65L,2
44029f,AUA16G,1
4d2412,EWG4X,4
44020a,AUA166D,1
3c4b49,EWG28N,4
440822,AUA16A,1
4d2412,EWG65L,2
440c8d,AUA14W,1
3c48f1,EWG65L,2
44082c,AUA166D,1
4402a3,AUA16G,1
44081e,AUA16G,1
440822,AUA14W,1
3c5ee6,EWG4RH,2
3c56f7,EWG7061,1
3c48ea,EWG4RH,2
3c5ef6,EWG7061,1
3c5ee5,EWG3PT,1
3c5ee6,EWG3PT,1
3c56ef,EWG7061,1
3c5ee8,EWG7067,1
3c5ef0,EWG7061,1
493291,NJE015T,1
3c5ef6,EWG7067,1
3c5ef6,EWG1H,1
3c48ea,EWG7061,1
3c56ec,EWG3PT,1
4d253b,EWG1H,2
3c5ee6,EWG15K,1
3c56ef,EWG1K,2
34744c,VLG18TT,1
346691,VLG18TT,1
4d2014,EWG1K,1
34535a,VLG3YW,1
3453c3,VLG18TT,1
3c6490,EWG1K,1
3c4b4b,EWG15K,1
346691,VLG3YW,1
3451d3,VLG18TT,1
3c54a3,EWG1K,1
345643,VLG3YW,1
3c5eed,EWG15K,2
345043,VLG18TT,1
3c4906,EWG1K,1
3443d5,VLG3YW,1
3c6658,DLH073,1
3c64f0,DLH9915,1
3cc581,DCCCF,2
3c6443,DLH6KC,1
3c6595,DLH077,1
3c66e8,DLH087,1
3c6448,DLH077,1
3c6634,DLH073,1
3c4dc6,DLH4EL,2
3c6569,DLH9917,1
3c7879,CFG8MH,1
3c6489,DLH087,1
3c6446,DLH077,1
3c6467,CFG4788,1
3c6671,DLH4EL,1
3c6754,DLH087,1
3c664f,DLH073,1
3c666f,DLH077,1
3c6584,DLH6KC,1
3c64f7,DLH9919,1
3c6448,DLH6KC,1
3c6667,DLH073,1
3c79b7,CFG2EC,1
3c6753,DLH077,1
3c6743,DLH087,1
3c658b,DLH4EL,1
3c6643,DLH073,1
3c4dd4,DLH4EL,1
3cf3a4,DCTOM,9
3c66ea,DLH087,1
3c01c3,KLM68C,5
3c01c3,KLM88A,5
485873,KLM56A,2
4855d2,KLM1798,1
48548e,KLM1800,1
3c1aeb,KLM68C,2
3c1aeb,KLM88A,1
485814,KLM1798,1
484cc3,KLM1800,1
484c51,KLM56A,1
4852f5,KLM56A,1
485875,KLM1800,1
49d4ff,OKVOS,3
484b32,KLM1798,1
485814,KLM1800,1
48548e,KLM56A,1
484c50,KLM1800,1
484c50,KLM1798,1
484b32,KLM56A,1
48548c,KLM1798,1
484b31,KLM1800,1
4d23a1,CND72P,1
49410b,NJE669E,1
485876,KLM1798,1
3c6d43,KLM56A,1
3cd051,ECA3ER,1
485206,KLM1800,1
3c0ca3,TUI76C,1
4d2088,EWG8X,1
3c6495,EWG82HW,1
4d2416,EWG43CE,3
4d2416,EWG4E,1
3c48ea,EWG82HW,1
4d2409,EWG4E,1
49410b,NJE237L,1
4d2405,EWG8H,1
4d2013,EWG4E,1
3c648f,EWG8X,1
4d2405,EWG4E,1
3c7421,TUI76C,1
3c7424,TUI76C,1
3c6496,EWG8X,2
4d216e,EWG4E,1
3c5ee9,EWG6902,1
3c4b49,EWG4E,1
3e3078,ECA2XA,2
4d253b,EWG43CE,1
4d253b,EWG8X,1
4d2412,EWG82HW,1
3c496e,TUI76C,1
3d57c6,AZE23RG,2
3c0c9e,TUI76C,1
3c4b4e,EWG4E,1
3c54a1,EWG82HW,1
3c4dc8,DLH1LF,1
3c66af,DLH5MC,1
3c66af,DLH7KX,1
3c66b0,DLH5LL,2
3c66a6,DLH4HF,1
3c48f0,LHX6AP,1
3c5ef6,EWG47W,2
3c6593,DLH4WE,1
3c6593,DLH8JH,1
3c644d,DLH7WL,1
3c644c,DLH7WL,2
3c4b4c,EWG47W,2
3c66af,DLH4WE,1
3c66a9,DLH4HF,1
3c5ee5,EWG82L,2
3c6451,DLH8JH,2
3c674e,DLH5MC,1
3c66ad,DLH6AP,1
49410f,NJE411G,1
3c644e,DLH1LF,1
3c66b0,DLH7KX,1
3c6598,DLH1LF,1
3c66b0,DLH5MC,1
3c644e,DLH4WE,1
3c65d1,DLH7KX,1
3c5ee6,EWG82L,2
3c6597,DLH4HF,1
3c66a5,DLH6AP,1
3c56ec,EWG47W,2
3c6598,DLH8JH,1
3c4dd0,DLH5MC,2
3c65d4,DLH4HF,1
3cc82c,VJH357,8
3c6590,DLH6AP,1
3c6488,DLH7KX,1
3c5ee3,EWG82L,2
3c66a8,DLH1LF,1
3c6594,DLH4WE,1
3c56f0,EWG82L,2
3c648e,DLH6AP,1
3c6451,DLH4HF,1
3c66ab,DLH5MC,1
3c5eed,EWG47W,2
3c5ee8,EWG47W,2
3c66ac,DLH7KX,1
3c66a6,DLH4WE,1
3c6597,DLH1LF,1
3c6751,DLH5MC,1
3c64aa,DLH5LL,1
3c6548,LHX4WE,1
3c48e8,LHX1LF,1
3c65c9,DLH7KX,1
3c654d,LHX5LL,1
4ca8f5,ITY417,1
4caaa8,ITY415,1
4ca8f5,ITY415,1
4cadee,ITY417,1
4ca759,ITY415,2
4caaa7,ITY417,2
4ca98a,ITY417,1
4ca98a,ITY415,1
4caf1e,ITY417,1
4caf1e,ITY415,1
4bb2ab,TKJ2DZ,1
4bb27a,THY2SU,1
4baa96,TKJ4QX,1
4b8e45,PGT71MN,1
4bc881,PGT505G,1
4baa6f,THY1TF,1
4b8750,PGT3FM,1
4bb056,TKJ2DZ,1
4b9e03,TKJ4QX,1
4bc88d,PGT3FM,1
4bc846,PGT505G,2
4bc889,PGT71MN,1
4bb181,THY6DB,1
4ba9ca,THY1TF,1
4bb28c,THY6DB,1
4b8e45,PGT505G,1
4baa85,THY1TF,1
4bc8c2,PGT3FM,1
4bc854,PGT96MK,1
4bb875,PGT71MN,1
4b9e02,TKJ4QX,1
4baa96,TKJ2DZ,1
4baa7a,THY9PK,1
4bb26c,THY2SU,1
4ba9e1,THY1TF,1
4baa93,TKJ4QX,1
4bb212,THY9PK,1
4bc850,PGT96MK,1
4bb26b,THY2SU,2
4b8e47,PGT71MN,2
4bb86b,PGT3FM,1
4b9e04,TKJ2DZ,1
4bc8cf,PGT3FM,1
4bc8cb,PGT505G,1
4bb866,PGT71MN,1
4bc8cd,PGT96MK,1
4bbd0a,TKJ4QX,1
4bb265,THY2SU,1
4ba9e9,THY6DB,1
4baa69,THY1TF,1
4bc84c,PGT3FM,1
4bb0f4,THY6DB,1
4bb289,THY2SU,1
4bc885,PGT505G,1
4ba976,TKJ2DZ,1
4ba9e7,THY1TF,1
4baa86,THY9PK,1
4bb026,TKJ4QX,1
4bb0e1,THY6DB,1
4ba8e3,TKJ4QX,1
4ba950,THY1TF,1
4bc882,PGT505G,1
4b9e05,TKJ2DZ,1
4bc885,PGT71MN,1
4bc8c7,PGT3FM,1
4bc88e,PGT96MK,1
4baa56,THY9PK,1
4d2468,AXY831F,1
34324f,IBE07ME,2
342107,IBE07PR,2
34260e,IBE07KD,1
34134d,IBE07PR,1
34444b,IBE07KD,1
344449,IBE07LM,1
344648,IBE07ME,1
347344,IBE07PR,1
34608f,IBE07KD,1
34608e,IBE07ME,1
345692,IBE07PR,1
345692,IBE07ME,1
3423c4,IBE07KD,1
490d87,NJE431U,1
34260e,IBE07ME,1
34660b,IBE07KD,1
342189,IBE07LM,1
346186,IBE07KD,1
3420cc,IBE07LM,1
34810b,IBE07PR,1
342189,IBE07KD,1
347219,IBE07PR,1
4caf24,SAS1622,1
4aca7a,SAS42Y,1
4cafd6,SAS1630,1
4ac9ed,SAS42Y,1
4cabdb,SAS1630,1
4cacb0,SAS1622,1
4cabda,SAS1630,1
4aca73,SAS42Y,1
4caf13,SAS1622,1
4ca6d9,SAS1630,1
4cafd7,SAS1622,1
4ca6d9,SAS1622,1
4caf24,SAS42Y,1
4caf24,SAS1630,3
4caf14,SAS42Y,1
4cabdb,SAS1622,1
4caf94,SAS42Y,1
3c54a2,EWG5PB,2
3c6494,EWG5PB,2
3c54a3,EWG5PB,2
471841,JSD629,2
3c7422,TUI74A,1
3c648f,EWG5PB,2
3c4b49,EWG5PB,2
3c54a2,EWG6CM,2
3c5ef0,EWG6CM,2
3c4b4c,EWG6CM,2
3c5ee8,EWG6CM,2
4d240b,EWG6CM,2
4d2418,EWG6CM,2
3c4b45,EWG6CM,2
4d253b,EWG4335,1
4d2413,EWG4339,3
440da6,JAR37,6
494118,NJE584V,1
4d253b,EWG4339,2
4d2413,EWG4335,1
4d2414,EWG4335,1
3c4b4e,EWG4339,1
4d240b,EWG78C,2
3c6490,EWG78C,2
4d2405,EWG78C,2
398568,AFR66FU,1
39856d,AFR38FY,1
398577,AFR63BJ,1
398571,AFR31KJ,1
398566,AFR87SJ,1
398565,AFR87SJ,1
3986e2,AFR1607,1
3986e9,AFR66FU,1
39856d,AFR63BJ,1
3986e7,AFR38FY,1
398569,AFR31KJ,1
398570,AFR63BJ,1
398568,AFR38FY,1
398568,AFR87SJ,1
39856e,AFR31KJ,2
398571,AFR66FU,1
398571,AFR87SJ,1
39856e,AFR38FY,2
3986e7,AFR31KJ,1
398600,AFR63BJ,1
3986e4,AFR1607,1
3986e3,AFR31KJ,1
398565,AFR63BJ,1
398570,AFR87SJ,1
398579,AFR66FU,1
398600,AFR1607,1
398602,AFR38FY,1
398564,AFR66FU,1
39856e,AFR87SJ,1
39856f,AFR63BJ,1
398600,AFR87SJ,1
398563,AFR63BJ,1
39856a,AFR1607,1
398577,AFR38FY,1
3c0ac6,CFG7TF,1
3c56ef,EWG78F,1
3c496e,TUI6KL,1
3c6495,EWG78F,1
3c6421,CFG7CF,1
3c7422,TUI6KL,1
3c5ee8,EWG9604,1
3c6422,CFG5MF,1
3c56f0,EWG78F,1
3c0c9e,TUI26V,1
3c4b45,EWG45EJ,1
3c4b45,EWG9T,1
3c4b4b,EWG9T,2
3c56f4,EWG6F,2
48af02,LOT4LV,1
48af0d,LOT6PA,1
48adac,LOT4WE,1
48ac82,LOT6PA,3
48adad,LOT4WE,1
48adab,LOT4LV,1
48af0d,LOT4WE,1
48af19,LOT6PA,1
48af05,LOT6PA,1
48ad86,LOT4LV,1
48ad10,LOT4WE,1
48ada2,LOT4LV,1
3c5ef8,EWG6F,2
48ada6,LOT4LV,1
3c56ed,EWG6F,2
48ac82,LOT4LV,1
48ad02,LOT4WE,1
502d5c,BTI3DV,1
502ccf,BTI3DV,1
502d3f,BTI3DV,1
502d0e,BTI3DV,1
4d2418,EWG7KX,7
4d240f,EWG7KX,1
4d240c,EWG7KX,2
3c5eed,EWG7KX,2
4d2418,EWG4R,2
3c56ec,EWG4R,2
3c6495,EWG4H,1
3c6496,EWG4H,1
3c6494,EWG4H,1
3c648f,EWG4H,3
3c5ef8,EWG9534,1
3c56ea,EWG4H,1
461f35,FIN8SM,2
461e15,FIN81C,2
461f6e,FIN81C,1
461e17,FIN8SM,1
461f36,FIN8SM,1
461f6d,FIN81C,1
461e16,FIN8SM,2
461e1f,FIN81C,1
461e1e,FIN8SM,1
461f69,FIN81C,1
461f35,FIN81C,1
4ca63a,EIN69X,3
4ca935,EIN69Y,1
4ca5c8,EIN69Y,1
4ca76f,EIN69Y,1
4ca2c9,EIN69X,2
4ca63b,EIN69Y,1
4ca27f,EIN69X,1
4ca2c9,EIN69Y,1
4ca836,EIN69Y,1
4ca295,EIN69X,1
3c48ea,EWG2LC,2
3c4b45,EWG2LC,2
3c5ef8,EWG2LC,2
3c4b49,EWG2LC,2
440053,EJU89EA,1
3c5ef6,EWG69PA,2
3c5ef5,EWG8L,4
440732,EJU51ZD,1
3c5ee5,EWG19W,2
3c48ea,EWG19W,2
44064a,EJU51ZD,1
3c5ee3,EWG8L,2
440128,EJU89EA,2
4d2412,EWG69PA,2
3c5ef8,EWG69PA,2
440582,EJU89EA,1
3c48ee,EWG19W,4
440128,EJU51ZD,1
4400b2,EJU89EA,1
3c4b4b,EWG8L,2
3c4b4b,EWG69PA,2
3c49d5,EWG69PA,2
3c6494,EWG8L,2
3c4b49,EWG19W,2
440582,EJU51ZD,1
440037,EJU89EA,1
3c55c3,EWG8L,2
44009e,EJU51ZD,1
44056b,EJU51ZD,1
3c48f1,EWG69PA,2
4d2412,EWG9212,2
4d2088,EWG9216,1
4d2412,EWG9216,1
4d240c,EWG9216,1
493291,NJE987A,1
4d2014,EWG9216,1
3c5ef2,EWG9216,1
3c56f4,EWG2C,1
3c4b4c,EWG3UB,1
3c54a2,EWG3EL,1
3c48f1,EWG9046,1
3c5ee9,EWG9046,1
3c4b4c,EWG3ZA,1
3c49d5,EWG3ZA,1
3c4b4e,EWG3ZA,1
3c4906,EWG3ZA,1
3c5ee3,EWG3ZA,1
4bb854,PGT91NN,1
4bb4ec,FHY916,1
4bcdd5,SXS8ZC,1
4bcde5,SXS61P,1
4bce45,SXS61P,1
4bcda5,SXS8ZC,1
4bb852,PGT91NN,1
4bcdb5,SXS8ZC,1
4bce16,SXS61P,1
4bce15,SXS012,1
3c4668,ATV102,1
3c4668,ATV204,1
3cd5ae,DCIFM,8
3c4668,ATV402,1
3c49d5,EWG64J,1
3c5ef2,EWG64J,2
3c5ef8,EWG64J,1
3c6491,EWG37L,2
3c5ee5,EWG37L,2
3c48ee,EWG37L,2
3c48ea,EWG37L,2
3c49d5,EWG37L,2
3c5ee9,EWG37L,2
46b82c,AEE4TS,1
46b82d,AEE4TS,1
46b82f,AEE4TS,4
46a5e4,SEH591,1
46a5e7,SEH591,1
4d240c,EWG12B,2
46a5e3,SEH591,1
3c5ef2,EWG12B,2
4bb848,PGT4064,1
4b906c,PGT4150,1
4bb86f,PGT6AC,1
4ba914,THY3RF,1
4bab21,THY3QN,1
4b8e47,PGT6AC,2
4ba995,THY3RF,1
4bc886,PGT6AC,1
4bb0b6,TCLEV,2
3cd2e5,IBIS8,2
4d22c2,RYR1DG,1
4d22b7,RYR1DG,1
471f74,WZZ9905,1
471fa7,WZZ9905,1
4d252b,WZZ9905,1
48c221,RYR568N,1
4d222d,RYR568N,1
4ca857,RYR568N,1
4d20bf,WZZ1LW,1
4d227c,RYR410C,1
48c1a5,RYR410C,1
471d66,WZZ1LW,1
4d2217,RYR410C,1
471dbf,WZZ1LW,1
4d21eb,RYR410C,1
48c2a3,RYR7EF,1
4ca8e8,RYR410C,1
48c125,RYR410C,1
4cad11,RYR45SJ,1
4d2346,RYR20JF,1
4ca9c3,RYR7555,1
48520d,TRA15T,1
4854cd,TRA25E,2
485009,TRA15T,1
4cadf2,RYR20JF,1
4cade2,RYR45SJ,1
4ca9c3,RYR20JF,1
485122,TRA15T,1
4854cd,TRA15T,1
48520d,TRA25E,1
4cae49,RYR20JF,1
484506,TRA25E,1
484506,TRA15T,1
4ca243,RYR20JF,1
48520c,TRA15T,1
484c59,TRA25E,1
4ca854,RYR20JF,1
4cadf2,RYR45SJ,1
4cad11,RYR20JF,1
48414d,TRA25E,1
48414d,TRA15T,1
4ca225,RYR74SP,1
4d2095,RYR74SP,1
4d236c,RYR74SP,1
4ca2c0,RYR74SP,1
4cadf9,RYR5FU,1
4854ca,TRA54J,1
48520d,TRA49T,2
4d24cb,RYR5FU,1
484b2a,TRA54J,1
4d2289,RYR5FU,1
48e9f1,RYR1WC,1
4d2287,RYR1WC,1
4d223f,RYR19SQ,1
4853d3,TRA9M,1
4853d3,TRA5N,1
4853d2,TRA9M,1
4853d2,TRA5N,2
4d2215,RYR19SQ,1
485122,TRA9M,1
484b2a,TRA5N,1
48c2b9,RYR19SQ,2
48414d,TRA9M,2
48ea4d,RYR5EM,1
48520d,TRA9M,1
484c59,TRA5N,1
4ca568,RYR19SQ,1
4854cb,TRA5N,1
484506,TRA5N,1
4cae5a,RYR19SQ,1
471f78,WMT752,1
4d2420,WMT752,1
4d24b2,WMT752,1
471f70,WMT752,2
4d2145,WMT752,1
48c126,RYR7FL,1
4caa59,RYR7FL,1
4ca95e,RYR12AX,1
4caf26,RYR12AX,1
4cac85,RYR1WW,1
4ca61f,RYR1WW,1
4ca911,RYR1WW,1
471dba,WZZ5425,1
471db0,WZZ3032,1
471d64,WZZ3032,1
4d241a,WZZ3032,1
4d241a,WZZ5425,1
4d2427,WZZ5425,1
471d65,WZZ3032,1
471f3d,WZZ5425,1
4d200f,WZZ3032,1
471dbd,WZZ3032,1
4d24ae,WZZ5425,1
4d2068,WZZ3032,1
4d22ff,RYR332M,1
48520d,TRA5085,1
4854cd,TRA5085,1
4853d2,TRA5085,1
484506,TRA53J,1
4cadc4,RYR332M,1
4854ca,TRA5085,1
484c9b,TRA53J,1
485122,TRA5085,1
4cae48,RYR282T,1
4d2385,RYR282T,1
4caff7,RYR282T,1
4ca623,RYR282T,2
4ca9d0,RYR5PV,1
4d251a,RYR5PV,1
48e9f0,RYR282T,1
4cada4,RYR282T,1
485009,TRA33U,1
4853d2,TRA6681,1
4853d3,TRA6681,2
4854cd,TRA6681,2
484c9b,TRA67L,1
4853d3,TRA33U,2
4854ca,TRA33U,1
485009,TRA4V,2
4ca264,RYR7501,1
4cae9c,RYR7501,1
4853d2,TRA4V,1
484b2a,TRA13B,1
4cae67,RYR7501,1
485061,TRA13B,1
48520c,TRA13B,1
4d2503,RYR7501,1
484f6d,TRA13B,1
4853d2,TRA93E,1
4bc850,PGT6JW,1
4bc894,PGT6JW,1
4bc8c8,PGT6JW,1
4b9065,PGT6JW,1
4b9067,PGT6JW,1
4bc855,PGT6JW,1
4b8e45,PGT6JW,1
471fae,WZZ87MZ,2
4d20b1,WZZ87MZ,2
471db7,WZZ2109,1
4cadbb,RYR8QG,3
4d24ad,WZZ2109,2
4ca24d,RYR82EM,1
48c12f,RYR82EM,1
4cac56,RYR82EM,1
4d221a,RYR82EM,1
4ca6a6,RYR82EM,1
4cac53,RYR82EM,1
4854cd,TRA11U,2
484c59,TRA6E,1
48414d,TRA3Y,1
485122,TRA3Y,2
484b2a,TRA3Y,1
48414d,TRA5231,1
48520c,TRA32P,1
471dbf,WZZ115Z,2
4d242d,WZZ115Z,1
4d24ab,WZZ115Z,1
471dc0,WZZ115Z,1
4d200e,WZZ115Z,1
471f41,WZZ115Z,1
4d2518,RYR7ZN,1
4caa5c,RYR7ZN,1
4d2369,RYR7ZN,1
45ab4d,JTD298,1
4892c7,ENT4PG,1
45ab26,JTD470,1
3c6468,CFG7VD,1
3c66b4,OCN79V,1
3d385c,DETPC,1
4b8e45,PGT1661,1
440bc1,BCS7823,1
3481c4,VOE1442,1
45aa4f,DTR1714,1
45aa4f,DTR1712,2
3004c7,SIO512,3
45aa4f,DTR74L,1
3003bf,ENF01,1
4caf34,RYR424W,1
4cadbe,RYR31KK,1
4caea0,RYR424W,1
4ca640,EIN93T,1
4d2348,RYR424W,1
4cae8d,RYR31KK,1
4ca27f,EIN497,1
4cae91,RYR424W,1
4ca621,RYR31KK,1
4cad3b,RYR424W,1
4cadb8,RYR31KK,1
4ca92b,RYR424W,1
4ca216,EIN93T,1
4d2369,RYR31KK,1
4ca251,RYR1146,1
4cae61,RYR424W,1
4caed8,EIN93T,1
39de4c,TVF80FT,1
440469,EJU51ZV,1
39de42,TVF80FT,1
39de4d,TVF80FT,1
3964f4,TVF94SD,1
3964ec,TVF80FT,1
39de45,TVF70YL,1
39d313,TVF70YL,1
44046d,EJU51ZV,1
45caa8,LGL786,1
4d00f4,LGL78FA,2
4d00f3,LGL78FA,1
3c7422,TUI63V,1
4ca6fb,RYR73YY,1
4d2503,RYR73YY,1
4ca27a,RYR73YY,1
4cac88,RYR73YY,1
48c131,RYR73YY,1
4cae9f,RYR305X,1
4d221a,RYR868E,2
4cae9d,RYR868E,1
4cac56,RYR305X,1
4cac56,RYR868E,1
48c131,RYR868E,2
4cadbe,RYR305X,1
4cafd1,RYR868E,1
4cae67,RYR57YJ,2
4ca816,RYR57YJ,1
4d2503,RYR57YJ,2
4867ec,TRA3H,1
484c59,TRA69C,1
3cdf15,PVD472W,1
4867ec,TRA5U,1
48663e,TRA3H,1
4867b0,TRA5U,1
484b2a,TRA2R,1
4868e2,TRA5U,1
4868b9,TRA2R,1
484186,TRA5U,1
4868e2,TRA2R,1
4868ba,TRA5U,1
4ca9d3,RYR32AJ,1
4ac9e9,SAS66Z,1
4aca85,NSZ21FC,1
4ca88c,RYR32AJ,1
4ac9e4,SAS66Z,1
478772,NSZ21FC,1
4cac56,RYR2SG,1
4d2369,RYR2SG,1
485009,TRA8B,2
4ca264,RYR48FE,1
4853d2,TRA8B,1
4cac56,RYR48FE,1
484506,TRA16E,1
4cae67,RYR48FE,1
485061,TRA16E,1
4854cb,TRA16E,1
4d2503,RYR48FE,1
484f6d,TRA16E,1
484c9b,TRA11R,1
4841a9,TRA11R,2
484186,TRA11R,1
484f6c,TRA11R,2
4841a9,TRA30R,1
484f6d,TRA11R,1
4d2369,RYR15GJ,1
4d2503,RYR15GJ,1
4ca8da,RYR15GJ,1
4d22b6,RYR61FZ,1
4ca8da,RYR61FZ,1
4cae49,RYR61FZ,1
39d30d,TRA71F,2
39d314,TRA71F,1
471838,JSF894,2
44cdc8,BEL4UT,1
48520c,TRA71F,1
4d223a,RYR94AQ,1
4cae9e,RYR94AQ,1
4ca621,RYR94AQ,1
4cafb4,RYR98SA,1
4ca264,RYR98SA,1
48c131,RYR98SA,1
4d224c,RYR5307,2
4cade7,RYR1VA,1
4d2519,RYR5307,1
4ca893,RYR1VA,1
48c139,RYR1VA,1
4cad3b,RYR1VA,1
4cad3f,RYR5307,1
48c129,RYR5307,1
4cafcf,RYR1VA,1
4d21ea,RYR1VA,1
4ca80e,RYR5307,1
4d21a0,AXY922J,1
4ca764,RYR5307,1
4ca8e6,RYR1VA,1
4ca61e,RYR47HR,1
4d2240,RYR47HR,1
4403e6,AOJ69Y,9
4b8533,PGT910,1
4bb841,PGT910,1
4b9069,PGT910,1
4400b6,OEDAP,3
3e187a,DIALU,6
440135,MOZ98,1
3006b5,DLA22W,1
3c4dc9,DLH66V,1
300738,DLA02K,1
3006b5,DLA77V,1
300782,DLA02K,1
300780,DLA22W,1
3003af,DLA22W,1
300558,DLA88K,1
3007ee,DLA22W,1
300780,DLA88K,1
300781,DLA02K,1
300394,DLA22W,1
3003ad,DLA02K,1
300780,DLA77V,1
300781,DLA88K,1
300782,DLA22W,1
3003af,DLA88K,1
300558,DLA22W,1
300394,DLA02K,1
440824,AUA120,1
440826,AUA118,1
44082c,AUA118,1
3cc243,AWH99Y,1
440821,AUA118,1
440824,AUA118,1
440b49,LDX12,1
4d2128,VCJ78M,3
3e369f,DGJ567,7
3c56ee,EWG31V,4
3e32f6,XRO1109,2
300554,DLA66E,1
300781,DLA99H,1
300393,DLA66E,1
3009b4,DLA05A,1
3003ae,DLA66E,1
3009b2,DLA05A,1
30055b,DLA66E,1
3009b7,DLA05A,1
3009b4,DLA99H,1
300780,DLA66E,1
3009b8,DLA99H,1
3003ad,DLA8065,1
3007ef,DLA66E,1
3964f8,TVF51WH,1
39de54,TVF35NU,1
440115,EJU59HE,1
440248,EJU54FB,1
3991e1,AFR1331,1
a0996b,FDX5238,1
44061d,EJU74QA,1
440daf,EJU89CM,1
4403bb,EJU63VP,1
398579,AFR58LP,1
3991e9,AFR77GR,1
a8e002,LXJ671,1
39bdb7,AFR57BN,1
4401e9,EJU91JU,1
4401e9,EJU12GF,1
4400b7,EJU98GP,1
39bda6,AFR75WP,1
a01f37,FDX5238,3
440132,EJU12GF,1
3991e7,AFR77GR,1
39856c,AFR58LP,1
392ae9,AFR1331,1
39bdb0,AFR75WP,1
4403f0,EJU54FB,1
a01f37,FDX5233,3
440170,EJU59HE,1
39ceb4,TVF51WH,1
44061b,EJU98GP,1
39bdae,AFR57BN,2
39856e,AFR62BG,1
44083c,EJU63VP,1
440409,BCS7331,1
44056b,EJU91JU,1
39e689,AFR75WP,2
39d315,TVF51WH,1
440053,EJU74QA,1
440248,EJU16MB,1
440248,EJU63VP,1
440cb1,EJU98GP,1
44064a,EJU54FB,1
39e697,AFR57BN,1
392af9,AFR77GR,1
39e4ac,AFR1331,1
39856d,AFR58LP,1
44079a,EJU59HE,2
3991ea,AFR58LP,1
440224,EJU49JH,1
440582,EJU63VP,1
392af4,AFR77GR,1
440198,EJU12GF,1
392aef,AFR62BG,1
39de53,TVF51WH,1
39de53,TVF35NU,1
440096,EJU89CM,1
440732,EJU54FB,1
3950cf,AFR1331,1
4402e8,EJU9048,1
44061d,EJU91JU,1
440daf,EJU16MB,1
440cec,TAY9SR,2
39348e,TVF51WH,1
39ceb4,TVF35NU,1
440732,EJU12GF,1
440bc1,BCS7331,1
39bdb5,AFR57BN,1
440d10,EJU16MB,1
440d10,EJU63VP,1
440c32,EJU3829,1
39bdaf,AFR75WP,1
3991e1,AFR77GR,1
3985a6,AFR1331,1
398602,AFR62BG,1
440019,EJU91JU,1
440047,EJU98GP,1
44009e,EJU89CM,1
ab96a4,FDX5233,1
440037,EJU54FB,1
3991e7,AFR58LP,1
39cea1,TVF51WH,1
440128,EJU91JU,1
39bdaf,AFR62BG,1
398570,AFR75WP,1
440019,EJU12GF,1
440d10,EJU49JH,1
39bda0,AFR57BN,1
44061b,EJU74QA,1
39cead,TVF35NU,1
394c10,AFR1331,1
491d86,NJE7UM,1
392aec,AFR77GR,1
4400ec,EJU16MB,1
394c0a,AFR1331,1
44079a,EJU49JH,1
39bdb1,AFR57BN,1
39de51,TVF35NU,1
398579,AFR75WP,1
4403bb,EJU59HE,1
45ab23,FIN3EF,2
4401e9,EJU98GP,1
39bb21,AFR62BG,1
4400b2,EJU63VP,1
4400ec,EJU54FB,1
392af0,AFR77GR,1
490d85,NJE510A,1
4caed3,BCS406,4
3c5ee7,EWG3GE,2
347302,BCS408,1
3c54a3,EWG3GE,2
4d2410,EWG3GE,2
3420c6,BCS408,1
3c5ef5,EWG3GE,2
4ca6d6,ABR177,1
4cac64,ABR2WP,1
4cac64,ABR425,1
4cad4b,ABR425,4
4cac64,ABR177,2
4caca3,ABR8XP,3
4cac66,ABR177,2
4cac62,ABR425,1
4ac9e3,SAS2690,1
4ac9f5,SAS2690,1
47a985,LNBOG,1
4cad40,SAS2690,1
4cac8a,SAS6072,1
45ac30,SAS6072,1
3c66ad,DLH8VY,1
300394,DLA8XA,1
300394,DLA6EJ,1
300558,DLA7JH,2
4401e9,EJU57UM,1
30055b,DLA7JH,1
3c64aa,DLH8VY,1
3006b5,DLA8XA,1
3006b5,DLA6EJ,1
300780,DLA8XA,1
300780,DLA6EJ,1
3003af,DLA7JH,1
3c644c,DLH8VY,1
3007ee,DLA7JH,1
440c36,EJU57UM,1
3003af,DLA8XA,1
3003af,DLA6EJ,1
3c4dc2,DLH8VY,1
300394,DLA7JH,1
3c6757,DLH8VY,1
440d10,EJU57UM,1
300738,DLA6EJ,1
440128,EJU57UM,1
300554,DLA6EJ,2
3c66a2,DLH8VY,1
4692d6,AEE6351,2
300782,DLA7JH,1
3c6751,DLH8VY,1
4cae57,RYR92SH,2
4d2242,RYR94AM,1
4d251b,RYR92SH,1
4cadfe,RYR92SH,1
4d2347,RYR94AM,2
4cadf0,RYR92SH,1
4cade2,RYR92SH,1
4cae52,RYR92SH,1
48ada9,LOT318,2
4ca8fc,NOS791,1
4d208f,WMT7DD,1
48ada4,LOT2FE,1
48adab,LOT2FE,1
48ac81,LOT318,1
48ad10,LOT2FE,1
48ada7,LOT318,1
48af0b,LOT2FE,1
48ac82,LOT318,1
4d2433,WMT7DD,1
48ac81,LOT2FE,1
48adac,LOT318,1
4d2421,WMT7DD,1
48ada3,LOT2FE,1
4cab80,NOS842,1
48af01,LOT318,1
48adb9,LOT2FE,1
4d2100,WMT7DD,1
4d200d,WMT2743,1
4d200d,WMT654,1
34538e,AEA1066,1
4ca703,RYR63KL,1
347453,IBE06AE,1
345292,BCS7CK,1
4d2287,RYR79SY,1
342189,IBE06BR,1
3453c1,AEA28EJ,6
34608f,IBE06AE,1
346204,IBE0674,1
4ca56a,RYR79SY,1
346186,IBE06BR,1
346083,AEA1066,3
4d2242,RYR79SY,1
347287,IBE06BR,1
347344,IBE06AE,1
344481,IBE0674,1
346318,BCS7CK,1
346082,AEA1066,2
4d200c,WMT654,1
341119,BCS7CK,1
3423c3,IBE06AE,2
34250a,IBE06BR,1
4d2208,RYR79SY,1
48c2ac,RYR63KL,1
347301,BCS7CK,1
4d2248,RYR79SY,1
34608e,IBE0674,1
3445d4,IBE06AE,1
347288,IBE06BR,1
34604d,AEA1066,1
4d2421,WMT2743,2
347219,IBE06BR,1
34604d,AEA28EJ,1
471fa0,WMT654,1
4ca9c3,RYR7EB,1
48c231,RYR79SY,1
4cae94,RYR9463,1
506cae,VIO001B,1
347344,IBE06BR,1
4cadfe,RYR63KL,1
48c2ac,RYR79SY,1
3c1bb0,BCS7CK,1
4d206b,WMT654,1
46dca2,SEH3XP,1
347302,BCS8UM,2
44061d,EJU85BT,1
4cadfe,RYR7PQ,1
4691c2,AEE6PX,1
4520f9,BCS8UM,1
46b8a6,AEE6PX,1
46a5e3,SEH3XP,1
440cff,EJU85BT,1
46b833,AEE5IN,1
3474ce,BCS8UM,1
44083f,EJU48AC,1
3474cb,BCS8UM,1
44083f,EJU47RA,1
46b833,AEE6PX,2
4691c7,AEE6PX,1
440735,EJU85BT,1
469e45,SEH3XP,1
46b82d,AEE5IN,1
44009e,EJU48AC,1
4d2242,RYR7PQ,1
46b830,AEE5IN,1
440047,EJU85BT,1
46b927,SEH3XP,1
44061d,EJU48AC,1
40838e,GTHDA,1
440631,EJU92PX,2
344156,VLG6337,1
342396,VLG6341,1
344695,VLG91WF,1
343046,VLG38XK,1
343046,VLG3FP,1
344691,VLG12UH,1
4405b6,EJU91RA,1
4cac62,ABR420,5
4403f0,EJU71UZ,1
4ca9d4,RYR23LA,1
4ca92b,RYR79NR,1
440128,EJU74XT,1
4d2493,WMT223,1
344157,VLG38XK,1
440132,EJU92PX,1
345314,VLG12UH,2
452084,BCS460,3
4405ea,EJU71UZ,1
344691,VLG6337,1
342582,VLG91WF,1
440631,EJU74XT,1
34538d,VLG3FP,2
34440a,VLG6341,1
4d24ab,WMT223,1
347690,VLG38XK,1
345043,VLG12UH,1
3424d5,VLG91WF,1
44064a,EJU64AY,1
440cff,EJU74XT,1
4405ea,EJU92PX,2
3451d3,VLG3FP,1
3444cf,VLG6337,1
4ca6fc,RYR79NR,2
3444cf,VLG12UH,1
440132,EJU71UZ,4
347695,VLG91WF,1
4405ea,EJU91RA,3
76cda5,SIA378,1
3472c3,VLG6337,1
345645,VLG38XK,1
345614,VLG6341,1
344644,VLG66P,1
345043,VLG6337,1
344694,VLG38XK,1
452051,BCS460,1
34440b,VLG91WF,1
440c36,EJU92PX,1
345645,VLG6341,1
344699,VLG3FP,1
4d2237,RYR23LA,1
342396,VLG12UH,1
440018,EJU74XT,1
4d24b5,WMT223,1
348206,VLG38XK,1
3453c3,VLG91WF,1
440170,EJU13UQ,1
34538d,VLG6337,1
4cae62,RYR79NR,1
34744c,VLG3FP,1
346691,VLG6341,1
3430cc,VLG66P,1
440075,EJU3749,1
471fae,WMT223,1
4d2223,RYR79NR,1
344692,VLG91WF,1
4d2007,WMT223,1
345042,VLG3FP,1
345314,VLG6337,1
4cad4b,ABR420,1
345212,VLG38XK,1
348204,VLG12UH,1
440198,EJU38GM,1
440115,EJU65DK,1
440248,EJU67RJ,1
440630,EJU68JQ,1
44079a,EJU38GM,1
440248,EJU68JQ,1
440daf,EJU38GM,1
44064a,EJU65DK,1
440d10,EJU68JQ,1
440170,EJU38GM,1
440732,EJU67RJ,1
49d63b,TVS84J,1
440117,EJU65DK,1
440cff,EJU68JQ,1
440c32,EJU17YZ,1
44009e,EJU67RJ,1
44056b,EJU38GM,1
440018,EJU67RJ,1
440c31,EJU38GM,1
440c31,EJU68JQ,1
440d10,EJU38GM,1
4400b2,EJU67RJ,1
440bc1,BCS7824,1
440bc6,BCS7824,1
44009e,EJU9093,1
440409,BCS7824,1
440bc3,BCS7824,1
3009b4,DLA9TT,2
3c6758,DLH7TX,1
300393,DLA5NF,1
3c6668,DLH6TT,1
3c6469,CFG9VJ,1
3c6469,CFG8KJ,1
3c786c,CFG9PL,1
3c6634,DLH7TX,1
3003ad,DLA9TT,2
3c6469,CFG5LU,1
3007ee,DLA5NF,1
3009b7,DLA5NF,1
3c66aa,DLH7TX,1
3c6469,CFG7HP,1
3c6469,CFG1NZ,1
3c7878,CFG1PJ,1
3009b8,DLA9TT,1
3c6441,DLH7TX,1
3c6468,CFG1PJ,1
3009b5,DLA5NF,1
3c6473,CFG9MA,1
3009b7,DLA8AL,2
3c6469,CFG2UZ,1
3c6641,DLH6TT,1
3c66ae,DLH7TX,1
300782,DLA9TT,1
3009b2,DLA5NF,2
3c56a1,GEC8305,2
3c6741,DLH7TX,1
3c6467,CFG9VJ,1
3c786c,CFG5RL,1
3007ee,DLA9TT,1
3c6467,CFG8FC,1
3c7879,CFG9RV,1
3007ef,DLA8AL,1
3003ae,DLA5NF,1
3c6672,DLH7TX,1
4ca8d6,RYR15PW,1
4ca8d6,RYR707E,1
4ca4f0,RYR866V,2
44061d,EJU605C,1
4403f0,EJU363M,1
440128,EJU958C,1
4ca8d6,RYR866V,1
440198,EJU363M,1
48c2a9,RYR707E,1
440732,EJU958C,1
4d2248,RYR707E,1
440732,EJU573C,1
4401e8,EJU363M,1
440198,EJU958C,1
440224,EJU958C,1
4ca8fb,NOS490,1
4ca2bf,RYR15PW,2
440daf,EJU363M,1
4d236b,RYR707E,1
440c38,EJU363M,1
440582,EJU958C,1
440582,EJU573C,1
440018,EJU573C,1
4d236b,RYR866V,1
4ca643,RYR707E,1
440d10,EJU958C,1
440c31,EJU605C,1
4cadfe,RYR866V,1
44009e,EJU363M,1
48c1a9,RYR707E,1
4d2347,RYR15PW,1
440018,EJU605C,1
44009e,EJU41DA,1
440c38,EJU94BA,1
440073,EJU94BA,1
440735,EJU41DA,1
44083f,EJU41DA,1
4401e9,EJU94BA,1
440c36,EJU3857,1
440018,EJU41DA,1
44079a,EJU51ZK,1
4403bb,EJU41DA,1
440c32,EJU51ZK,1
440c83,EJU41DA,1
44056b,EJU94BA,1
44009e,EJU595Z,1
4ca73a,RYR50VC,1
4d2287,RYR1434,1
4d2248,RYR89SQ,3
440732,EJU79UL,1
440170,EJU624A,1
4d2248,RYR1434,2
440115,EJU624A,1
4ca643,RYR1434,1
48c126,RYR89SQ,1
4d251d,RYR50VC,1
440d10,EJU624A,1
440732,EJU624A,1
4d251d,RYR8FM,1
4d251d,RYR1434,1
440c36,EJU606N,1
440c32,EJU624A,1
4ca84d,RYR50VC,1
4ca84d,RYR89SQ,1
4d2242,RYR1434,1
4d2242,RYR50VC,1
440c32,EJU595Z,1
4d221a,RYR89SQ,1
4d221a,RYR1434,1
39348e,TVF48WP,2
46c9a1,AEZ2024,6
46c9a1,AEZ2022,6
46c9a1,AEZ2020,6
4d208f,WMT402,1
4ca8fa,NOS841,1
4d2287,RYR853,1
4cae05,NOS8738,1
3005e2,LSA901,2
4d2100,WMT402,1
4cadfc,RYR645U,1
440073,EJU38ND,1
4d200c,WMT3YA,2
440c36,EJU38ND,1
4ca61d,RYR87TW,1
4d2007,WMT3YA,1
4d2242,RYR645U,1
4d2303,RYR87TW,1
4d2433,WMT3YA,1
44079a,EJU38ND,2
4d221a,RYR645U,1
4d224c,RYR87TW,1
4d221e,RYR645U,1
4d2421,WMT3YA,1
48c126,RYR645U,1
4d2265,RYR87TW,1
4cade2,RYR28XD,1
4cadc2,RYR50TM,1
4d2287,RYR28XD,1
4d24b5,WMT9LL,1
4d251b,RYR28XD,1
4cad11,RYR50TM,1
4cad11,RYR28XD,1
4cadfd,RYR28XD,1
4d251d,RYR50TM,1
4d200c,WMT9LL,1
4cadf2,RYR50TM,1
4cadf2,RYR28XD,1
440132,EJU15AL,1
3c56ed,EWG51V,2
440735,EJU15AL,1
3c5eef,EWG1FH,2
4402e8,EJU15AL,1
3c49d4,EWG1FH,4
440732,EJU15AL,1
3c56f5,EWG1FH,2
44009e,EJU15AL,1
3c5ef0,EWG1FH,2
440128,EJU15AL,1
440047,EJU15AL,1
4ca73a,RYR34YE,1
44064a,EJU38XQ,1
4d2347,RYR34YE,1
4d22c6,RYR34YE,1
4d22be,RYR6HV,1
4ca815,RYR34YE,1
440cff,EJU38XQ,1
48c2ab,RYR80DD,1
4d200e,WZZ167,1
4d20c0,WZZ167,1
471d66,WZZ167,3
4cae90,RYR80DD,1
4d2248,RYR80DD,1
471dbf,WZZ167,1
8940b9,DHX752,2
452051,BCS80A,2
34310d,BCS80A,1
8940d1,DHX752,2
346318,BCS80A,2
440bc6,BCS4HG,1
440409,BCS4HG,1
8940cc,DHX752,1
3c4ec7,BCS551,1
4cae23,BCS80A,1
4d2242,RYR59WR,1
440bc8,BCS7922,2
440bc1,BCS7922,2
48c2a4,RYR749G,1
440bce,BCS7922,1
4caf2a,RYR749G,1
48c1a9,RYR59WR,1
4ca4f4,RYR749G,1
470bc8,FCA1MA,4
4cade2,RYR59WR,1
4cae4a,RYR749G,1
4d2242,RYR81SR,1
44017c,EJU51TN,1
440d6e,EJU51TN,1
4d2208,RYR81SR,2
440057,EJU51TN,1
4ca75f,RYR81SR,1
4bb28a,THY2CZ,1
4ba9e9,THY86M,1
4bb261,THY95A,1
4bb14d,THY6437,2
4bb0e9,THY95A,1
4bb281,THY9RW,1
4baa62,THY86M,1
4bb219,THY86M,1
4baa8e,THY95A,1
4bb285,THY2CZ,1
4bb207,THY9RW,1
4ba9f9,THY6425,2
4baa84,THY2CZ,1
4bb108,THY95A,1
4bb20c,THY9RW,1
4bb21a,THY95A,1
4baa64,THY9RW,1
4bb0ef,THY86M,1
4bb205,THY9RW,1
4ba9fa,THY6645,1
4ba9cd,THY95A,1
4bb212,THY86M,1
4bb26c,THY2CZ,1
4bb1e6,THY95A,1
4ba9cf,THY86M,1
4bb26a,THY9RW,1
4bb28c,THY2CZ,1
4bb14e,THY6428,1
4cafd7,SAS684,2
4cae8e,SAS23A,1
45ac50,SAS688,3
4cae75,SAS23A,1
4cabda,SAS684,1
4cabde,SAS684,2
4cad94,SAS23A,1
47ba78,SAS688,1
45ab4b,SAS23A,1
4cafd6,BCY041P,1
4cad96,SAS23A,1
4cad94,SAS688,1
4cad87,SAS688,1
4aca73,SAS91Y,1
4acaa1,SAS23A,1
4cac7a,SAS2690,1
45ab4f,SAS688,1
47ba78,SAS23A,1
4ca660,SAS684,1
44ce6f,BEL2SC,2
44ce77,BEL2SC,1
44cc41,BEL56L,1
44cc41,BEL2SC,1
44ce6e,BEL2SC,1
3c542a,BCS8AA,1
44cc43,BEL2SC,1
44d076,BEL5SC,1
44d076,BEL9904,1
4d2411,EWG4Y,8
4cad4b,ABR469,1
4cac66,ABR469,2
4d240d,EWG4Y,2
4cac64,ABR469,3
010263,MSC2932,1
345617,LAV980P,1
394d49,TJT58CB,2
394d49,TJT52CB,1
440582,EJU9045,1
392da5,TJT58CB,2
44064a,EJU9041,1
3981e4,TJT58CB,1
44083f,EJU72AB,1
4401e8,EJU72AB,1
440daf,EJU79CR,1
440170,EJU9048,1
44061d,EJU42ZV,1
3939e4,TJT96VP,3
3939e4,TJT92VP,1
3981e4,TJT96VP,1
392da4,TJT96VP,1
440248,EJU315K,1
440c83,EJU491J,1
3c5430,BCS48D,1
4d2220,RYR39JE,1
440018,EJU486A,1
440030,EJU391Q,1
4cade2,RYR61UZ,1
48c1a9,RYR39JE,1
345617,LAV968P,1
4402ae,EJU315K,1
4402ae,EJU486A,1
3004c2,NOS6324,1
4d251d,RYR67TY,1
440170,EJU98FX,1
44017c,EJU12XT,1
44061d,EJU12XT,1
4402e8,EJU85QM,1
3c135a,VJH715,3
44009e,EJU3769,1
4cae52,RYR67TY,1
440c32,EJU85QM,1
48c1a9,RYR4954,1
4caecc,RYR67TY,1
440224,EJU98FX,1
4400ec,EJU85QM,1
4ca623,RYR67TY,1
4d2421,WMT7679,1
44009e,EJU85QM,1
440cff,EJU98FX,1
440128,EJU3769,1
4d207c,RYR67TY,1
4d24b5,WMT7679,1
44061d,EJU85QM,1
4d251d,RYR62YQ,1
440da5,EJU5120,1
4d2248,RYR2AL,1
48c229,RYR62YQ,1
4cae92,RYR2AL,1
48c133,RYR62YQ,1
4d2213,RYR2AL,1
4d2213,RYR62YQ,1
4d2347,RYR62YQ,1
4d251d,RYR621J,1
4d2248,RYR3UK,2
4d22b4,RYR621J,1
4d22c1,RYR621J,1
4d22ae,RYR621J,1
4caee4,RYR3UK,1
4d2248,RYR621J,1
48c1a4,RYR66VB,1
49d563,TVQ6933,1
48e9f1,RYR66VB,1
4d2287,RYR66VB,1
4d2288,RYR66VB,1
49d328,TVQ6935,1
4d010d,ICV21,1
440daf,EJU47YQ,1
4d00ca,LGL68M,1
4d00ca,LGL96MC,1
4d00c6,LGL62M,1
4d0128,CLX67,1
4d00f5,LGL62M,1
4d010a,ICV81,1
4d010b,ICV31,1
4d00db,LGL68M,2
4d00d7,LGL62M,1
4d00d8,LGL68M,1
4d010d,ICV87,1
4d00d7,LGL96MC,1
4d00ca,LGL62M,1
44056b,EJU3913,1
4d00d4,LGL68M,1
4d00d4,LGL96MC,1
4d00c6,LGL68M,1
4d00d6,LGL96MC,1
4d00c6,LGL6994,1
4d242b,WMT73PP,1
4d251b,RYR55WH,1
4d24cb,RYR23ZG,1
4d2242,RYR23ZG,1
4d24b5,WMT73PP,1
4ca847,RYR1BC,1
4d251b,RYR1BC,2
4d221f,RYR1BC,1
4d251d,RYR89DU,1
4d2347,RYR1BC,1
4d221a,RYR908G,1
4cade2,RYR89DU,1
4ca643,RYR89DU,1
4ca643,RYR1BC,1
4d2248,RYR908G,1
4d2248,RYR1BC,1
4d2242,RYR89DU,1
471f36,WZZ4PN,2
4d2493,WMT5SE,1
4d251b,RYR58TF,1
471dba,WZZ4PN,1
4d200d,WMT5SE,1
4ca84a,RYR58TF,1
4d2007,WMT5SE,2
471d60,WZZ4PN,1
4d24b5,WMT5SE,1
4d2242,RYR58TF,1
4d245f,WZZ4PN,1
4d2068,WMT5SE,1
471d5a,WZZ4PN,1
4cae58,RYR58TF,1
4d2347,RYR58TF,1
471843,JSD02,1
471fae,WMT5SE,1
4d251d,RYR58TF,1
471d65,WZZ4PN,1
440daf,EJU3819,1
440582,EJU4982,1
4403bb,EJU17TU,1
44061d,EJU17TU,1
440cff,EJU17TU,2
440daf,EJU17TU,1
4400ec,EJU17TU,1
4d24b3,WZZ6318,1
4d24ad,WZZ6318,1
471db7,WZZ6318,1
4d2532,WZZ6318,1
440bbf,BCS7856,1
440bce,BCS7856,1
43e73d,MRLIV,2
440bc3,BCS7856,1
440bc0,BCS7856,1
461fa7,FIN50J,1
461fa8,FIN2CM,1
461fa5,FIN50J,1
461fa9,FIN2CM,1
461f9a,FIN2CM,2
461fa1,FIN50J,2
461fa3,FIN50J,2
461fa3,FIN2CM,1
461fa1,FIN2CM,1
4ca9d4,RYR83FL,1
4d2532,WMT4949,1
471f01,WMT4949,1
4cade2,RYR83FL,1
4d2134,VJT437,4
4cadfe,RYR83FL,1
4cae61,RYR9UH,1
471f68,WMT4949,1
4d2007,WMT4RD,1
471db3,WMT4949,1
4d2275,RYR94NW,2
4d2275,RYR49FZ,4
4d2216,RYR49FZ,3
4d2216,RYR94NW,1
44001f,EJU784Q,1
4401e4,EJU3825,1
44009e,EJU3825,1
4ca9a1,NOS1427,1
440053,EJU93RJ,1
440732,EJU59LY,1
44064a,EJU59LY,1
440128,EJU93RJ,2
440582,EJU93RJ,1
440128,EJU59LY,1
4400b2,EJU93RJ,1
440582,EJU59LY,1
440037,EJU93RJ,1
44009e,EJU59LY,1
44056b,EJU59LY,1
4d200c,WMT4PL,1
4d242b,WMT4PL,1
4c80a6,CYP343,1
440732,EJU9040,1
4cab80,NOS18VY,1
4d251b,RYR41X,1
48c1a9,RYR41X,1
4ca569,RYR6FR,1
48c126,RYR6FR,1
48c230,RYR9TG,1
4d21f7,RYR9TG,1
4ca73a,RYR9TG,1
4cadfe,RYR9TG,1
48c126,RYR9TG,1
4d221a,RYR9TG,1
48e9f2,RYR9TG,1
398640,CCM42PO,2
3e2282,PAV682,2
398495,CCM42PO,2
39dd41,CCM42PO,1
398640,CCM21AW,1
3985a9,AFR55ZD,2
39dd48,CCM87VQ,1
39dd58,CCM87VQ,1
39dd44,CCM406,1
39dd44,CCM87VQ,1
39dd58,CCM97RX,1
44ce66,BEL7YC,2
44ce76,BEL7YC,1
345084,VLG6814,1
39e68c,AFR25TM,1
345102,VLG4UQ,2
39e691,AFR23HN,2
39e691,AFR23HM,1
39e698,AFR23HN,2
345084,VLG4UQ,4
346188,VLG92TX,1
345102,VLG9CQ,2
39e690,AFR1767,2
39e690,AFR19XH,3
345084,VLG9CQ,1
39e698,AFR23HM,1
39e690,AFR25TM,1
345084,VLG92TX,1
345204,VLG9CQ,1
39e688,AFR19XH,1
39e688,AFR25TM,1
345102,VLG92TX,2
345205,VLG9CQ,1
39e68d,AFR25TM,1
346188,VLG4UQ,1
39e688,AFR1767,1
39e684,AFR23HN,1
39e684,AFR23HM,1
39a580,TLJ278H,2
345102,VLG9XD,2
346188,VLG1494,1
34260e,IBE0690,2
345102,VLG89WN,1
345084,VLG9XD,3
345204,VLG1494,2
345205,VLG1494,2
34324f,IBE0690,1
300393,DLA9VV,1
3009b8,DLA7JW,1
3009b7,DLA7JW,1
3003ad,DLA9VV,1
30055b,DLA9VV,1
3007f2,DLA3LK,1
486802,KLM50M,1
486494,KLM90Y,1
486494,KLM1654,1
486483,KLM50M,1
486953,KLM1654,1
486804,KLM90Y,2
4863db,KLM1654,1
4863db,KLM50M,1
486483,KLM90Y,1
4864ea,KLM1654,2
4864ee,KLM90Y,2
486492,KLM50M,1
486953,KLM90Y,1
486484,KLM1654,1
486800,KLM1654,1
486800,KLM50M,1
345205,VLG2TC,3
345204,VLG70YJ,2
346188,VLG15QR,2
345205,VLG70YJ,1
346188,VLG70YJ,1
346188,VLG2TC,3
345205,VLG15QR,2
345084,VLG70YJ,2
345204,VLG2TC,1
4ca973,ITY1676,3
4caaa7,ITY1676,1
4ca8f5,ITY1682,1
4ca8f5,ITY1678,1
4ca8f4,ITY1682,1
4ca8f4,ITY1678,2
4ca8f4,ITY1676,1
4ca973,ITY1678,1
4ca973,ITY1684,1
4ca973,ITY1682,1
3006b5,DLA8HW,1
300782,DLA2AC,1
300780,DLA8HW,1
300394,DLA8HW,1
30055b,DLA2AC,1
300781,DLA3TV,1
300394,DLA2AC,1
300782,DLA8HW,1
3461ce,VOE1448,3
49d663,OKTWT,1
39dd58,CCM31ED,1
46866b,AEZ2228,2
503c4c,LWG2200,1
46866b,AEZ2226,7
4ca8d6,RYR26AQ,2
4ca4f0,RYR26AQ,2
4ca2bf,RYR26AQ,1
3009b2,DLA4MF,1
300393,DLA2WM,2
3009b5,DLA6CW,1
3007f2,DLA5LY,2
3007f1,DLA7JT,1
3009b3,DLA6CW,1
3009b5,DLA7JT,2
300554,DLA4MF,1
3009b4,DLA2WM,1
3009b2,DLA5LY,1
3003ad,DLA4MF,1
300554,DLA2WM,1
300782,DLA4MF,1
3007f2,DLA6CW,1
300564,DLA7JT,1
3009b5,DLA2WM,1
3009b5,DLA5LY,1
3006b5,DLA6CW,1
3009b8,DLA4MF,1
300393,DLA6CW,1
300393,DLA7JT,1
3009b7,DLA5LY,1
3007ee,DLA4MF,2
3003ad,DLA6CW,1
48630e,AGR094,1
4d0261,FYL32GF,1
3c6447,DLH830,1
3c6635,DLH4PF,1
3c6485,DLH2XY,1
3c66ea,DLH828,1
3c6741,DLH4YF,1
4caf14,SAS1636,1
4aca7a,SAS676,1
3c658c,DLH4YF,1
3c65ca,DLH4PF,1
4ac9ed,SAS676,1
3c6635,DLH828,1
3c6588,DLH830,2
3c6752,DLH2XY,1
4cafd6,SAS1636,1
4cabda,SAS1636,2
4aca6f,SAS640,1
3c6487,DLH4PF,1
3c4dc4,DLH828,1
4aca78,SAS676,1
3c6744,DLH830,1
3c6595,DLH4YF,1
3c6635,DLH830,1
3c674a,DLH4YF,1
3c6482,DLH828,1
3c6637,DLH2XY,1
4a91fa,SAS640,1
4aca73,SAS676,2
3c6747,DLH4PF,1
4aca78,SAS640,1
3c6448,DLH830,1
3c6585,DLH4PF,1
3c6583,DLH4YF,1
4ca660,SAS1636,1
3c664e,DLH828,1
3c6448,DLH4PF,1
3c6487,DLH830,1
3c6589,DLH828,1
3c6589,DLH4YF,1
4caf16,SAS1636,1
3c6746,DLH2XY,1
4aca70,SAS640,1
4cabde,SAS1636,1
3c6442,DLH2XY,1
3c658e,DLH828,1
3c6654,DLH4PF,1
3c6447,DLH6MU,2
3c6442,DLH1TN,1
3c664c,DLH4YY,1
3c6653,DLH036,1
3c6448,DLH028,1
3c6469,CFG5YW,1
3c674f,DLH7HX,1
3c644a,DLH6KF,1
3c6473,CFG4DE,1
3c6473,CFG9NV,1
3c6648,DLH4AF,1
3c6666,DLH1FF,1
3c6445,DLH1FF,1
3c65cd,DLH2NL,1
ac91bb,N909MN,2
3c65ca,DLH1TN,1
3c658d,DLH4TT,1
3c6588,DLH4YY,1
3c667a,DLH4AF,1
3c648b,DLH7HX,1
3c6469,CFG2MJ,1
3c6667,DLH028,1
3c6442,DLH6MU,1
3c6745,DLH036,1
3c6473,CFG2EC,1
3c6473,CFG8YN,1
3c6449,DLH6KF,1
3c6663,DLH4AF,1
3c6754,DLH1FF,1
3c6657,DLH1TN,1
3c6583,DLH028,1
3c6637,DLH4TT,1
3c666f,DLH4YY,1
3c658b,DLH6KF,1
3c6469,CFG2YN,1
3c6753,DLH3VA,1
3c6442,DLH036,1
3c6668,DLH2NL,1
3c6745,DLH6MU,1
3c088d,CFG8JV,1
3c0acb,CFG2PM,1
3c674d,DLH1FF,1
3c6498,DLH6KF,1
3c664c,DLH7HX,1
3c6657,DLH036,1
3c0acc,CFG3PK,1
3c0acc,CFG9JE,1
3c6469,CFG2WR,1
3c644a,DLH028,1
3c664d,DLH4AF,1
3c6446,DLH4TT,1
3c6648,DLH4YY,1
3c6447,DLH036,1
3c658c,DLH7HX,1
3c6446,DLH028,1
3c6446,DLH1TN,1
3c6445,DLH4TT,1
3c6443,DLH1FF,1
3c6443,DLH6MU,1
3c6474,CFG2DL,1
3c6474,CFG1RA,1
3c6595,DLH4AF,1
3c6585,DLH6KF,1
3c6467,CFG3VR,1
3c6635,DLH3VA,1
3c674f,DLH4YY,1
3c664c,DLH2NL,1
3c6744,DLH6VA,2
3c6448,DLH4AF,1
3c674f,DLH1FF,1
3c0ac6,CFG9PT,1
3c0ac6,CFG6MJ,1
3c6444,DLH4YY,1
3c6444,DLH6MU,1
3c6752,DLH1TN,1
3c667a,DLH036,1
3c6743,DLH4TT,1
3c6743,DLH2NL,1
3c6588,DLH3VA,1
3c088d,CFG7FR,1
3c6742,DLH1TN,1
3c0acc,CFG3FJ,1
3c0acc,CFG1PR,1
3c658c,DLH4AF,1
3c7877,CFG2HN,1
3c674f,DLH6VA,1
3c6741,DLH036,1
3c674d,DLH2NL,1
3c6748,DLH4TT,1
3c6637,DLH1FF,1
3c6637,DLH4YY,1
3ce5d5,PTN79Q,1
3c6658,DLH5YR,1
3c6442,DLH194,1
3c6758,DLH186,1
3c6643,DLH196,1
3c66e8,DLH9LC,1
3c66e8,DLH176,1
3c644a,DLH178,1
3c6676,DLH7EE,1
3c7879,CFG2EJ,1
3c7879,CFG5ZR,1
3c6550,LHX180,5
3c6550,LHX172,6
3c088d,CFG3KD,1
3c66aa,DLH7EE,1
3c658c,DLH194,1
3c6743,DLH178,1
3c6634,DLH186,1
3c6676,DLH9LC,1
3c6658,DLH196,1
3c6742,DLH176,1
3c088d,CFG1TM,1
3c088d,CFG7WJ,1
3c6473,CFG4LH,1
3c66ae,DLH6JH,1
3c664e,DLH5YR,1
3c6585,DLH194,1
3c66aa,DLH186,2
3c6643,DLH178,1
3c6473,CFG1CD,1
3c6473,CFG6JH,1
3c6671,DLH176,1
3c65ca,DLH9LC,1
3c6650,DLH196,1
3c6676,DLH5YR,1
3c6745,DLH6JH,1
3c088d,CFG1RV,1
3c088d,CFG8JC,1
3c088d,CFG2FH,1
3c667a,DLH5YR,1
3c664c,DLH196,1
3c6743,DLH186,1
3c6758,DLH9LC,1
3c66ea,DLH7HW,1
3c66ea,DLH7EE,1
3c648c,DLH178,1
3c66e8,DLH194,1
3c6637,DLH9LC,1
3c6741,DLH176,1
3c644a,DLH194,1
3c6487,DLH5YR,2
3c6474,CFG2YU,1
3c6658,DLH178,1
3c088d,CFG1MP,1
3c088d,CFG3UX,1
3c6635,DLH7HW,1
3c6635,DLH7EE,1
3c6657,DLH196,2
3c6653,DLH6JH,1
3c0acc,CFG4RY,1
3c6473,CFG9EH,1
3c6473,CFG8TJ,1
3c6445,DLH176,1
3c6449,DLH5YR,1
3c6583,DLH194,1
3c6674,DLH196,1
3c4dc7,DLH186,1
3c654e,LHX180,1
3c654e,LHX172,1
3c664f,DLH178,1
3c66ea,DLH9LC,1
3c658e,DLH6JH,2
3c4dca,DLH7HW,1
3c6648,DLH7EE,1
3c6445,DLH194,1
3c658c,DLH186,1
3c658c,DLH178,1
3c787a,CFG1RD,1
3c674a,DLH176,1
3c658b,DLH9LC,1
3c658b,DLH7HW,1
3c658b,DLH7EE,1
3c6473,CFG2XU,1
3c6473,CFG6NZ,1
3c6583,DLH2HW,1
4a08ec,ROT306J,1
3c6743,DLH5KK,1
3c6449,DLH2HW,1
3c66e1,DLH2HW,2
3c66ea,DLH5KK,2
4a4d79,HYS202,2
3c6595,DLH5KK,1
3c6589,DLH2HW,1
4a08eb,ROT302R,1
3c6668,DLH2HW,1
4a08e7,ROT302R,2
3c65d9,DLH5KK,1
4a08ea,ROT302R,1
3c6741,DLH5KK,1
3c6749,DLH2HW,1
3c6583,DLH1JA,1
3c658d,DLH7VY,2
3c1aeb,KLM24J,2
4855d2,KLM46V,1
4852f5,KLM96H,1
3c6585,DLH8FN,1
3009b8,DLA5TK,1
3c4dc4,DLH7AA,1
4852f5,KLM46V,1
3c6589,DLH8FN,1
3009b3,DLA5TK,1
485779,KLM96H,1
3c6585,DLH1JA,1
3c4dcb,DLH7AA,1
3c01c3,KLM24J,1
3c644a,DLH8FN,1
3c4dc6,DLH1JA,1
3009b7,DLA5TK,1
3c6448,DLH7AA,1
485814,KLM44P,1
3c6445,DLH7VY,1
485207,KLM46V,1
3c5db0,KLM24J,3
485871,KLM96H,1
3c1459,KLM24J,1
3c6441,DLH7VY,2
4852f5,KLM44P,1
3c6655,DLH1JA,1
485206,KLM96H,1
48548d,KLM46V,1
780f3b,CES771,1
3c4dcc,DLH7AA,1
3c66ea,DLH7VY,1
71c045,KAL8517,1
440418,JVW739,2
486492,KLM96H,1
4855d2,KLM44P,1
3c66e1,DLH1JA,1
3009b2,DLA5TK,2
484bd1,KLM46V,1
440666,AUA1406,1
3c6444,DLH1JA,1
3c4dd4,DLH8FN,1
4855d2,KLM96E,1
3c5db0,KLM46V,2
4855d1,KLM44P,1
3c6585,DLH7AA,1
485874,KLM96H,1
3c6584,DLH7AA,1
3c4dd7,DLH1JA,1
484c53,KLM96E,1
485873,KLM96H,1
3006b5,DLA5TK,1
3c6637,DLH7VY,1
440c8d,AUA210,1
3c0ac6,CFG6NX,1
3c0ac5,CFG8CK,1
3c0ac5,CFG6VN,1
44065b,AUA20H,1
440609,AUA28K,1
440609,AUA200,1
4402a3,AUA214,1
44065c,AUA21G,1
440039,AUA202,1
44001a,AUA204,1
440052,AUA220,1
440052,AUA212,1
440052,AUA218D,1
440666,AUA218D,1
440052,AUA210,1
44006c,AUA28K,1
440667,AUA202,1
44065c,AUA212,1
44065c,AUA20H,1
440668,AUA220,1
3c0ac5,CFG5KC,1
3c0ac5,CFG6JZ,1
440608,AUA214,1
3c6758,DLH33U,1
3c79b7,CFG1RT,1
440606,AUA200,1
44022d,AUA204,1
44065b,AUA21G,1
440052,AUA204,1
440667,AUA212,1
440669,AUA220,1
440604,AUA202,2
44022d,AUA20H,1
4402a3,AUA28K,1
4402a3,AUA200,1
3c0ac5,CFG5NW,1
3c0ac5,CFG6ZP,1
3c0ac5,CFG6TJ,1
491188,NJE800R,1
44001b,AUA21G,1
44001b,AUA218D,1
44001a,AUA214,1
3c6446,DLH33U,1
440609,AUA210,1
4408df,AUA202,1
3ce686,PTN63Z,2
44004f,AUA220,1
440668,AUA21G,1
3c6424,CFG5JP,1
3c6424,CFG8LA,1
3c6424,CFG4JK,1
3c65cd,DLH33U,1
44020a,AUA204,1
44065b,AUA210,1
44022d,AUA28K,1
44001c,AUA200,1
44001a,AUA20H,1
3c7982,CFG9NW,1
4408df,AUA212,1
44022b,AUA20H,2
44006c,AUA218D,1
44001c,AUA212,1
440607,AUA210,1
440825,AUA204,1
4404d0,MJF73G,1
440cab,AUA202,1
44022b,AUA21G,1
3c6635,DLH33U,1
44020a,AUA220,1
3c7982,CFG6NA,1
3c6427,CFG8KU,1
3c6427,CFG7CJ,1
440c8c,AUA214,1
44065c,AUA28K,1
44065c,AUA200,1
4402a3,AUA204,1
440820,AUA212,1
440820,AUA20H,1
3c6643,DLH33U,1
440605,AUA200,1
44001b,AUA220,1
3c6426,CFG1JV,1
44081d,AUA21G,1
440828,AUA214,1
440826,AUA28K,1
86d5b6,ANA205,1
44022b,AUA210,1
3c6424,CFG9AP,1
3c6424,CFG4LN,1
44006e,AUA218D,1
71be46,AIH789,2
3c4dcb,DLH4EW,1
3c4dd7,DLH1CP,2
3c4dd7,DLH3ER,1
3c4dcc,DLH1CP,1
3c4dc6,DLH3ER,1
3c4dd5,DLH4EW,1
3c4dc4,DLH4EW,1
3c4dd5,DLH3ER,1
3c4dd4,DLH1CP,1
3c4dd4,DLH4EW,2
3c4dd5,DLH1CP,1
3c4dd4,DLH3ER,1
3c4dc6,DLH4EW,1
3c4dc6,DLH1CP,1
3c4dd7,DLH4EW,1
3c4dcb,DLH1CP,1
3c4dcb,DLH06M,1
3986e7,AFR36KF,1
a02cb5,FDX33,1
3c6449,DLH69E,1
3c6544,DLH84M,1
3c6487,DLH28X,1
39856f,AFR32WP,1
3c6474,CFG7WJ,1
3c6474,CFG9DA,1
398569,AFR1519,1
398602,AFR86BV,1
3c6468,CFG4KN,1
398565,AFR99ME,1
3986e2,AFR32WP,1
3986e9,AFR1519,1
3c6446,DLH17P,1
3c786c,CFG1UF,1
3c4dd5,DLH06M,1
3c6667,DLH28X,1
398570,AFR36KF,1
39856f,AFR86BV,1
3c6655,DLH84M,1
3c6448,DLH17P,1
399a28,VLJ061E,3
3c66e1,DLH28X,1
3c4dcc,DLH06M,1
a02cb5,FDX36,1
3c0acc,CFG3JM,1
398571,AFR1519,1
3986e1,AFR36KF,1
3986e9,AFR86BV,1
398566,AFR32WP,1
398566,AFR99ME,2
398562,AFR99ME,1
3c6663,DLH84M,1
3c6474,CFG4VR,1
3986e9,AFR32WP,1
3c6637,DLH69E,1
3c6637,DLH17P,1
3c0ac5,CFG7RY,1
3986e2,AFR36KF,1
398577,AFR86BV,1
a08321,FDX36,1
3986e1,AFR1519,1
39856a,AFR99ME,1
3c6429,CFG4HL,1
3c6650,DLH28X,1
3c6467,CFG4JW,1
39856f,AFR36KF,1
39856c,AFR86BV,1
3c6485,DLH84M,1
3986e5,AFR32WP,1
3c65cd,DLH06M,1
3c648b,DLH17P,1
398579,AFR1519,1
3c65ca,DLH17P,1
3c6654,DLH28X,1
398568,AFR32WP,1
3c674a,DLH02W,1
39856c,AFR99ME,1
398571,AFR86BV,1
3c6748,DLH69E,1
3c658e,DLH84M,1
3c6648,DLH06M,1
3c088d,CFG5AN,1
3c088d,CFG2WZ,1
3c4dc7,DLH06M,1
3c0acc,CFG2FA,1
3c64a6,DLH02W,1
398571,AFR32WP,1
3c664e,DLH28X,1
3c6641,DLH84M,1
3c0ac5,CFG3WU,1
3c644a,DLH69E,1
398562,AFR86BV,1
4d212b,HMJ209,2
3c6663,DLH79H,1
3c64a4,DLH79H,1
3c64a6,DLH79H,1
3c64b0,DLH79H,2
3c6483,DLH06E,1
3c6676,DLH79H,1
3c64b1,DLH06E,1
3c667a,DLH79H,1
3c4dc6,DLH9CL,2
3c4dc6,DLH6YX,1
3c664e,DLH7AX,1
3c4594,BOX915,1
440bc9,BCS2WP,1
3c4595,BOX294,1
3c6595,DLH6AV,2
3c458e,BOX126,1
3c5422,BCS2WP,1
3c644a,DLH6AV,1
3c6741,DLH7AX,1
3c4dd5,DLH6YX,1
3c4dc4,DLH9CL,1
3c4dd7,DLH6YX,2
3c5430,BCS2WP,1
3c6595,DLH7AX,1
3c5423,BCS2WP,1
3c4dc9,DLH9CL,1
3c4dc9,DLH6YX,1
3c6743,DLH6AV,1
3c542a,BCS9YP,1
3c4dcc,DLH9CL,2
3c4dcc,DLH6YX,2
3c6446,DLH6AV,1
3c6583,DLH7AX,1
3c5425,BCS2WP,1
3c6485,DLH7AX,1
3c4dc6,DLH6TF,1
501c49,CTN9HR,1
3c4dd5,DLH6TF,2
501c38,CTN19H,1
3c4dcc,DLH8JR,2
3c4dcc,DLH6TF,1
501c43,CTN415,1
501d18,CTN9HR,1
4bb850,PGT72EK,1
4ba9da,THY1AR,1
4ba902,TKJ4SB,2
4baa8a,THY9GK,1
4bc848,PGT138T,1
4baa56,THY3LF,1
3c674a,DLH1304,2
3c674d,DLH1300,1
4bc853,PGT62T,1
4baa76,THY6PY,1
4bc854,PGT72EK,1
4bb86e,PGT62T,1
4bc8d5,PGT138T,1
3c6658,DLH1300,1
4baa79,THY6PY,1
4b906c,PGT138T,1
4baa62,THY3LF,1
4b8e0b,PGT62T,1
4ba8f2,TKJ4SB,1
3c70c6,GEC8346,1
4ba9f9,THY6406,1
4bb1e3,THY1AR,1
4bc84a,PGT72EK,1
4baa6f,THY6PY,1
4bc88c,PGT62T,1
3c6744,DLH1304,1
4bb849,PGT138T,1
4bb0e5,THY3LF,1
4bab52,TKJ4SB,1
4ba9c1,THY1AR,1
4bc8c4,PGT72EK,1
4baa73,THY9GK,1
4bb14f,THY6408,1
4bb86b,PGT72EK,1
4bc894,PGT138T,1
4ba903,TKJ4SB,1
4ba9ef,THY6406,1
4baa84,THY6PY,1
4b8e47,PGT62T,1
3c56a1,GEC8346,3
4ba92f,THY1AR,1
3c66aa,DLH1304,1
4baa72,THY1AR,1
4b9067,PGT72EK,1
4bb107,THY3LF,1
4bb215,THY9GK,1
3c65c5,DLH1300,1
4bc88e,PGT138T,1
4baa74,THY6PY,1
4b9e03,TKJ4SB,1
4bc847,PGT62T,1
3c66ae,DLH1304,1
3c56a1,GEC8344,1
4ba9e7,THY3LF,1
3c65da,DLH1300,1
4baa6b,THY9GK,1
4baa87,THY1AR,1
4baa6c,THY6PY,1
4bc859,PGT138T,1
4bb876,PGT72EK,1
4bb156,THY6404,1
4bc88e,PGT62T,1
4ba905,TKJ4SB,1
3c4dce,DLH3FY,1
3c6489,DLH2VT,2
3c6747,DLH124,1
3c6744,DLH7YY,1
3c7981,CFG8JA,1
3c6584,DLH1TR,2
3c6671,DLH9FF,1
3c648b,DLH1KT,1
3c648b,DLH8PP,1
3c6674,DLH9LV,1
3c6589,DLH4YJ,1
3c6445,DLH3FY,1
3c6754,DLH6TX,1
3c6498,DLH2VT,1
3c6447,DLH6UJ,1
3c0ac7,CFG9NH,1
3c674f,DLH9FF,1
3c664d,DLH124,1
3c6676,DLH9LV,1
3c644a,DLH4YJ,1
3c4a02,DLH1KT,1
3c4a02,DLH8PP,1
48e899,ENT7FB,1
3c79b8,CFG7MC,1
3c6474,CFG9DT,1
3c6595,DLH7YY,1
3c6634,DLH9LV,1
3c6543,DLH124,1
3c4dcb,DLH3FY,1
3c658d,DLH6UJ,1
3c664c,DLH7YY,1
3c66aa,DLH4YJ,1
3c66ae,DLH9FF,1
3c49b1,TUI905P,1
3c6445,DLH1TR,1
3c7981,CFG7TR,1
3c6674,DLH6TX,1
3c6468,CFG2RX,1
3c4a15,DLH1KT,1
3c4a15,DLH8PP,1
3c6585,DLH9LV,1
3c6445,DLH124,1
3c6672,DLH4YJ,1
3c6672,DLH2VT,1
3c6666,DLH7YY,1
3c6427,CFG6YN,1
3c1bb0,BCS233P,1
3c0ac5,CFG6TX,1
3c6653,DLH6TX,1
3c6443,DLH6UJ,1
3c0c99,TUI909P,1
3c0ac6,CFG8YN,1
3c787a,CFG5MY,1
3c66ea,DLH3YY,1
3c6449,DLH1TR,1
3c6448,DLH124,1
3c6448,DLH9FF,1
3c6445,DLH4YJ,1
3c6663,DLH2VT,1
3c6749,DLH9LV,1
3c4a06,DLH1KT,1
3c4a06,DLH8PP,1
3c6563,OCN4080,1
3c664c,DLH3FY,1
3c0acc,CFG3YZ,1
3c0acc,CFG6JD,1
3c6655,DLH7YY,1
3c6498,DLH6TX,1
3c6498,DLH6UJ,1
3c4dd5,DLH108,1
3c6448,DLH6UJ,1
3c6469,CFG3JD,1
3c6485,DLH7YY,1
3c0aca,CFG6UM,1
3c658d,DLH8PP,1
3c6666,DLH9FF,1
3c6482,DLH6TX,1
3c6449,DLH1KT,1
3c6650,DLH9LV,1
3c664e,DLH3YY,1
3c6447,DLH4YJ,1
3c6653,DLH124,1
3c4dd7,DLH3FY,1
3c658e,DLH1TR,1
3c786c,CFG9TR,1
3c4dc7,DLH3FY,1
3c6655,DLH6TX,1
3c6449,DLH4YJ,1
3c6583,DLH1TR,1
3c6585,DLH3YY,1
3c6469,CFG2EH,1
3c6447,DLH8PP,1
3c6749,DLH6UJ,1
3c6749,DLH7YY,1
3c6562,OCN4080,1
3c6648,DLH9FF,1
3c088d,CFG4ME,1
3c088d,CFG5HJ,1
3c49b1,TUI1VJ,1
3c65d9,DLH884,1
3c6675,DLH880,2
3c65da,DLH882,1
3c65cd,DLH882,1
3c6447,DLH884,1
3c64b0,DLH884,1
3c6744,DLH880,1
3c6635,DLH882,1
3c64a4,DLH884,1
3c6487,DLH882,1
3c64a1,DLH884,1
3c65c3,DLH882,1
3c6487,DLH880,1
3c664f,DLH882,1
3c6674,DLH884,1
3c6483,DLH882,1
3c65d9,DLH1YE,1
3c6442,DLH2RX,1
3c6752,DLH5NW,1
3c6672,DLH2KT,1
3c66aa,DLH2KT,1
3c6584,DLH2RX,2
3c66e1,DLH1YE,1
3c6448,DLH9WT,1
3c6741,DLH2RX,1
3c6487,DLH2KT,1
3c658e,DLH1YE,1
3c6747,DLH5NW,1
3c6595,DLH9WT,1
3c6752,DLH9WT,1
3c658b,DLH2KT,1
3c658b,DLH9WT,1
3c6588,DLH2RX,1
3c6743,DLH2KT,1
3c6678,DLH1YE,1
3c6667,DLH5NW,1
3c6744,DLH2KT,1
3c644a,DLH1YE,1
3c658d,DLH9WT,1
3c6666,DLH2RX,1
3c6643,DLH5NW,1
3c6449,DLH2RX,1
3c658d,DLH2KT,1
3c6743,DLH1YE,1
3c6748,DLH5NW,1
3c0acb,CFG2KF,1
3c0c99,TUI6PB,1
3c7877,CFG3AH,1
3009b4,DLA2MM,1
3009b7,DLA2MM,1
300782,DLA7KJ,1
3009b7,DLA7KJ,1
3009b5,DLA7KJ,1
3006b5,DLA2MM,1
502d0e,BTI7EG,1
3c6585,DLH890,1
3c6446,DLH892,1
3c6741,DLH890,1
3c6754,DLH890,1
502d0d,BTI7EG,1
502dae,BTI7EG,1
502d88,BTI7KJ,1
a28bd3,N263TH,7
3c6585,DLH892,1
3c6634,DLH890,1
3c66aa,DLH890,1
3c6741,DLH892,1
502da9,BTI7KJ,1
3c6448,DLH890,1
3c56a3,GEC8328,1
780a6f,CPA014,1
3c6758,DLH9EE,1
300393,DLA5AH,1
3c6668,DLH2LL,1
3c6469,CFG3RW,1
3c6469,CFG9FY,1
3003ad,DLA6PY,1
3c6634,DLH9EE,1
3009b4,DLA6PY,1
3c6469,CFG6WN,2
3007ee,DLA5AH,1
3c7878,CFG5TW,1
3009b7,DLA5AH,1
3c66aa,DLH9EE,1
3009b8,DLA6PY,2
3c6473,CFG7KD,1
3c6469,CFG9XU,1
3c6441,DLH9EE,1
3c6468,CFG9XU,1
3009b5,DLA5AH,1
3009b7,DLA9KX,2
3c6469,CFG4NA,1
300782,DLA6PY,1
3c6641,DLH2LL,1
3c66ae,DLH9EE,1
3c7879,CFG4NA,1
3009b2,DLA5AH,2
300554,DLA6PY,1
780a3e,CPA068,1
71be09,KAL513,1
3c6741,DLH9EE,1
3c7878,CFG3RW,1
3c786c,CFG7WT,1
3c6467,CFG6VJ,1
3c6467,CFG6RM,1
3007ef,DLA9KX,1
3003ae,DLA5AH,1
3007ee,DLA6PY,1
3c6672,DLH9EE,1
3c6442,DLH9YA,1
3c6449,DLH9YK,1
3c658d,DLH052,1
3c6585,DLH054,1
3c4dd4,DLH050,2
3c4dcc,DLH050,1
3c6584,DLH054,1
3c6448,DLH9YA,1
3c6585,DLH9YA,1
3c6637,DLH054,2
3c6748,DLH9YA,1
3c6448,DLH052,1
3c6446,DLH054,1
3c658d,DLH9YK,1
3c6443,DLH9YA,1
3c6595,DLH052,2
3c4dd7,DLH050,1
3c666f,DLH054,1
3c6758,DLH9YK,1
3c4dc6,DLH050,2
3c6589,DLH9YA,1
3c6585,DLH9YK,1
3c66e8,DLH054,1
3c6444,DLH052,1
3c658e,DLH9YA,1
4406cb,OEHEY,1
34530e,ANE51QE,2
34604b,ANE1332,2
3c64b0,DLH19X,1
348412,AEA85CM,1
348412,AEA81ZL,2
3c6743,DLH66K,1
34260e,IBE07MB,2
3c64b1,DLH99F,1
345250,ANE1332,1
3c6742,DLH19X,1
348441,AEA85CM,2
348441,AEA81ZL,2
34134e,IBE07MB,1
3c6744,DLH66K,1
348085,AEA85CM,2
348085,AEA81ZL,2
3c542a,BCS6360,1
3c674a,DLH19X,1
344197,ANE60XM,1
345583,ANE51QE,1
3485d2,ANE1332,1
3c66a1,DLH99F,1
3c674f,DLH66K,1
3c664f,DLH99F,1
345597,ANE51QE,1
3c674a,DLH66K,1
344459,AEA85CM,1
3c664e,DLH88Y,1
345615,ANE1332,1
3c667a,DLH88Y,1
3c6483,DLH66K,1
34840a,AEA85CM,1
34840a,AEA81ZL,1
3c1bb0,BCS6360,1
34324f,IBE07MB,1
348402,ANE51QE,1
3c674d,DLH99F,1
3c648b,DLH19X,1
34224e,IBE07MB,1
3c6667,DLH99F,1
3c6543,DLH66K,1
3c6671,DLH88Y,1
348402,ANE1332,1
3c64a4,DLH19X,1
346204,IBE07MB,1
3c65ca,DLH19X,1
3c66eb,DLH99F,1
345687,ANE51QE,1
3c5430,BCS6360,1
344197,ANE1332,1
3c66ea,DLH66K,1
3c6637,DLH806,1
3c64a2,DLH7CK,1
3c66ae,DLH810,1
3c66ae,DLH802,1
3c6446,DLH806,1
3c648b,DLH802,1
3c674d,DLH810,1
3c6655,DLH7CK,1
3c66e1,DLH804,2
3c6758,DLH802,1
3c6666,DLH810,2
3c674d,DLH806,1
3c6498,DLH7CK,1
3c65c7,DLH802,1
3c56a3,GEC8324,1
3c6650,DLH804,1
3c6658,DLH806,1
3c64a7,DLH7CK,2
3c64a2,DLH802,1
3c64a4,DLH810,1
3c64a6,DLH7CK,1
3c6584,DLH806,1
3c6485,DLH804,1
3c6678,DLH810,1
3c6678,DLH802,1
3c6485,DLH806,1
3c64a1,DLH810,1
3c64a7,DLH804,1
3c6658,DLH802,1
3c6637,DLH282,1
3003af,DLA2FP,1
3007f2,DLA6RH,2
3007f2,DLA7KK,1
300393,DLA2FP,1
3009b3,DLA6RH,1
300554,DLA8FT,1
3009b7,DLA2FP,1
3c658b,DLH282,1
300564,DLA2FP,2
3c66ae,DLH282,1
3003ad,DLA6RH,1
30055b,DLA2FP,1
30055b,DLA1WR,1
3009b5,DLA6RH,1
300558,DLA6RH,1
3007ef,DLA1WR,1
3007ee,DLA2FP,1
3c6443,DLH282,1
3009b8,DLA6RH,1
3c6749,DLH136,1
3c4dcf,DLH126,1
3c6444,DLH8VM,1
3c658e,DLH9TX,2
3c4dcc,DLH126,1
3c658d,DLH3TT,1
440b91,TAY7TR,6
3c6667,DLH136,1
3c4dd7,DLH3TT,2
3c6442,DLH8VM,1
3c6635,DLH9TX,1
3c7878,CFG4789,1
3c6742,DLH9TX,1
3c6447,DLH8VM,1
3c6637,DLH9TX,1
3c6446,DLH136,1
396671,TAY7TR,2
3c4dcb,DLH126,1
3c66eb,DLH136,1
3c4dc6,DLH126,2
3c4dd4,DLH8VM,1
3c6595,DLH9TX,1
3c6748,DLH3TT,1
3c7879,CFG4827,1
3c6584,DLH136,1
3c4dd5,DLH3TT,1
3c644a,DLH9TX,1
3c4dcc,DLH8VM,1
3c4dcc,DLH8CR,1
3c4dc6,DLH8CR,1
3c4dcb,DLH8CR,1
3c4dc7,DLH8CR,1
3c4dcc,DLH206,1
3e353e,FSE1C,6
3c6584,DLH1TC,1
3c6584,DLH8NL,1
3c6445,DLH1TC,1
3c6743,DLH8NL,1
3c6449,DLH206,1
3c4dc6,DLH206,1
3c6449,DLH8NL,2
3c6448,DLH8NL,1
3c6741,DLH8HU,1
3c644a,DLH206,1
494108,NJE197A,1
3c6442,DLH1TC,1
3c4dd5,DLH206,1
3c6658,DLH8HU,1
3c6589,DLH8NL,1
3c6588,DLH1TC,1
3c4dd7,DLH206,1
3c644a,DLH8NL,1
3c6635,DLH1TC,1
3c6758,DLH8HU,1
45ab4f,FIN9ML,2
3c6653,DLH5NV,1
3c64a6,DLH854,1
461f6e,FIN1LP,1
3c6678,DLH850,1
3c66a1,DLH5NV,1
3c65c7,DLH854,1
3c65c2,DLH850,1
461f9b,FIN9ML,1
3c6752,DLH5NV,1
3c65c2,DLH854,1
461f67,FIN1LP,1
3c64a7,DLH850,1
461f65,FIN1LP,1
45ab54,FIN9ML,3
3c6655,DLH854,1
3c6544,DLH850,1
3c64b1,DLH5NV,2
461f36,FIN1LP,1
461e1d,FIN9ML,1
3c6674,DLH854,1
3c6667,DLH850,1
3c6498,DLH5NV,1
461f6c,FIN1LP,1
3c64a2,DLH854,1
3c6643,DLH850,1
3c6653,DLH850,1
461e17,FIN1LP,1
3c6650,DLH5NV,1
3c64a7,DLH854,1
44cdd1,BEL5EF,2
3c6745,DLH5KF,1
44cc42,BEL9DN,1
44ce78,BEL5PR,1
3c458a,BOX116,1
3c6753,DLH5KF,1
44d076,BEL5EF,1
44cdc5,BEL9DN,1
44cdd1,BEL9DN,1
44cdce,BEL9CJ,1
3c6583,DLH5KF,1
44cdcf,BEL4LZ,1
440bc6,BCS189,1
44ce6e,BEL5EF,1
44cdc2,BEL5PR,1
44d076,BEL4KY,1
3c458d,BOX448,1
44cdc9,BEL9CJ,1
44cdd0,BEL5PR,1
44cdd0,BEL4LZ,1
44ce77,BEL4KY,1
44d076,BEL4LZ,1
44cdca,BEL9DN,1
3c66eb,DLH5KF,1
44ce6e,BEL4KY,1
44cdc9,BEL9DN,1
3c6658,DLH5KF,1
300393,DLA39H,1
300781,DLA01A,1
3009b4,DLA27N,1
3003ae,DLA39H,1
300781,DLA39H,1
3009b2,DLA27N,1
3009b7,DLA27N,1
3003ad,DLA39H,1
3009b4,DLA01A,1
3007ef,DLA39H,1
300558,DLA39H,1
3009b8,DLA01A,1
300780,DLA39H,1
3003ad,DLA8064,1
440181,EJU49TA,2
3c6482,DLH232,1
3c65cd,DLH9PJ,1
3c6678,DLH9PJ,1
3c65ca,DLH1HN,1
3c66e8,DLH232,1
440484,EJU49TA,2
3c6543,DLH1HN,1
4cada8,ITY407,1
3c6654,DLH242,2
3c66e8,DLH9PJ,1
48e899,ENT7MC,1
3c666f,DLH232,1
4cadde,ITY407,1
440589,EJU49TA,2
3c6753,DLH9PJ,1
3c6653,DLH232,1
4caf1d,ITY407,1
4cad57,ITY407,1
3c6675,DLH9PJ,1
3c6753,DLH1HN,1
3c667a,DLH232,1
440065,EJU49TA,1
3c6653,DLH9PJ,1
3c66aa,DLH242,1
4cad5f,ITY407,1
3c6589,DLH1HN,1
3c6635,DLH232,1
3c658c,DLH3ML,1
3c66ea,DLH2RW,1
3c6654,DLH1WA,1
3c658d,DLH352,1
3c6588,DLH1WA,1
3c6448,DLH3ML,1
3c6634,DLH352,1
3c6447,DLH3ML,1
3c4dd4,DLH356,1
3c6589,DLH1WA,2
3c674a,DLH3ML,1
3c6449,DLH1WA,1
3c4dd5,DLH356,1
3c4dcc,DLH356,1
3c6445,DLH352,1
3c6583,DLH1WA,1
3c6442,DLH3ML,2
3c4dc6,DLH356,1
3c6449,DLH3ML,1
3c6749,DLH1WA,1
3c6653,DLH352,1
3c66aa,DLH352,1
3c4dcb,DLH356,1
3c658c,DLH3XA,1
3c6449,DLH6KK,1
3c6667,DLH5AV,1
3c6589,DLH6KK,1
3c6444,DLH5AV,1
3c64a1,DLH3LR,1
3c674d,DLH3XA,1
3c6758,DLH5AV,1
3c6749,DLH6KK,1
3c6676,DLH3LR,1
3c6442,DLH3XA,2
3c667a,DLH3LR,1
3c658d,DLH5AV,1
3c674f,DLH6KK,1
3c6544,DLH3XA,1
3c6447,DLH3XA,1
3c66e1,DLH5AV,1
3c6584,DLH3LR,1
3c6441,DLH6KK,1
3c66eb,DLH6KK,1
3c6676,DLH5AV,1
3c674d,DLH3LR,1
3c6449,DLH3XA,1
3c6585,DLH5AV,1
3c6748,DLH6KK,1
3c6449,DLH8EU,1
3c6752,DLH7MM,1
3003af,DLA9AL,1
4ca82e,EJU79JX,4
4406f0,EJU76EB,3
3c6589,DLH7KY,1
3007ee,DLA8NM,1
300781,DLA3MK,2
3009b3,DLA3MK,1
3c6753,DLH8EU,1
3009b8,DLA8NM,2
440062,EJU76EB,2
4ca82f,EJU79JX,1
3c674d,DLH7KY,2
3c6744,DLH7MM,1
3007ee,DLA9AL,1
3c6585,DLH7KY,1
3007f2,DLA9AL,1
3c66eb,DLH7MM,1
3c6595,DLH8EU,1
3006b5,DLA9AL,1
3c6666,DLH7MM,1
3003ad,DLA3MK,1
3c674f,DLH8EU,1
3007f2,DLA8NM,2
3c6748,DLH7MM,1
30055b,DLA8NM,1
3c644a,DLH7KY,1
3007f2,DLA3MK,1
4ca81d,EJU79JX,1
3009b3,DLA9AL,1
3c664d,DLH8EU,1
3009b4,DLA4MV,1
3009b4,DLA8NM,1
3c65c5,DLH8EU,1
4406f0,EJU79JX,1
440036,EJU76EB,1
3c6635,DLH7KY,1
300558,DLA9AL,1
4d02e9,JFA84L,1
3009b2,DLA3MK,1
300780,DLA9AL,1
3c65c7,DLH8EU,1
4ca81d,EJU76EB,1
3007f2,DLA4MV,1
3007ee,DLA3MK,1
3c6569,DLH9914,1
3c6443,DLH5TP,1
3c6595,DLH074,1
3c6634,DLH088,1
3c66e8,DLH1HE,1
3c6422,CFG5CE,1
3c6448,DLH074,1
3c64f7,DLH9916,1
3c4dc6,DLH078,2
3c6489,DLH1HE,1
3c6446,DLH074,1
a324a9,N301SR,1
3c664f,DLH088,1
3c6671,DLH078,1
3c6643,DLH088,1
3c6754,DLH1HE,1
3c666f,DLH074,1
3c6584,DLH5TP,1
3c6448,DLH5TP,1
3c6422,CFG1DY,1
3c6753,DLH074,1
3c6743,DLH1HE,1
3c658b,DLH078,1
3c6648,DLH088,1
3c6667,DLH088,1
3c4dd4,DLH078,1
3c66ea,DLH1HE,1
3c6668,DLH5NL,1
48ad03,LOT2RZ,1
48adae,LOT2PC,1
3c6754,DLH8YF,2
3c674d,DLH3VV,1
48e95a,LOT2EG,1
48ae80,LOT2PC,1
48af06,LOT2EG,1
3c674f,DLH8YF,2
3c6753,DLH5NL,1
48af01,LOT2RZ,1
3c658e,DLH7HY,1
48ada9,LOT2RZ,1
3c6752,DLH8YF,1
48ac82,LOT2PC,1
3c6747,DLH5NL,1
3c6445,DLH7HY,1
48af02,LOT2EG,1
48adad,LOT2PC,1
3c66a1,DLH5NL,1
3c6441,DLH7HY,1
3c6753,DLH3VV,1
3c66ae,DLH8YF,1
48ada7,LOT2RZ,2
48ae83,LOT2PC,1
3c6449,DLH5NL,1
48adad,LOT2EG,1
3c6442,DLH7HY,1
3c64b0,DLH3VV,1
3c6637,DLH5NL,1
3c6749,DLH7HY,1
48ad10,LOT2EG,1
48af10,LOT2PC,1
3c6742,DLH5NL,1
3c6449,DLH3VV,1
489786,LOT2RZ,1
3c66e1,DLH8YF,1
48ad0c,LOT2PC,1
48ad0c,LOT2EG,1
3c6745,DLH894,1
3c674f,DLH894,1
3c66ae,DLH894,1
3c6635,DLH898,1
3c65d9,DLH894,1
3c6758,DLH898,1
3c6641,DLH898,1
3c6754,DLH894,1
3c6752,DLH894,1
3c65ca,DLH898,1
3c65c3,DLH894,1
3c6588,DLH34U,1
3c65c7,DLH37M,1
3c6741,DLH15T,1
3c6672,DLH11J,1
3c6674,DLH11H,1
3c6666,DLH24N,1
3c66a1,DLH34U,1
3c667a,DLH24N,2
3c64a4,DLH11J,1
3c6595,DLH09H,1
3c6749,DLH11H,1
3c644a,DLH15T,1
3c6754,DLH34U,1
3c664d,DLH11H,1
3c6650,DLH37M,1
3c64a7,DLH11J,1
3c6675,DLH15T,1
3c6635,DLH37M,1
3c6634,DLH24N,1
3c6678,DLH11H,1
3c6543,DLH37M,1
3c6663,DLH15T,1
3c64a1,DLH11J,1
3c674a,DLH09H,1
3c6634,DLH34U,1
3c66e8,DLH37M,1
3c6641,DLH15T,1
3c6650,DLH11H,1
3c6650,DLH11J,1
3c66ae,DLH34U,1
3c6746,DLH09H,1
3c65d9,DLH11J,1
3c6583,DLH34U,1
3c6447,DLH09H,1
3c65c2,DLH37M,1
3c6753,DLH24N,1
3c6595,DLH15T,1
3c6672,DLH11H,1
3c6742,DLH44T,1
3c6634,DLH87E,1
3c66aa,DLH98N,1
3c6743,DLH44T,1
3c658e,DLH98N,1
3c6444,DLH87E,1
3c6752,DLH24C,1
3c658d,DLH44T,1
3c6743,DLH87E,1
3c6595,DLH98N,1
3c66a1,DLH44T,1
440bac,MOZ731,3
3c674f,DLH98N,1
3c658b,DLH98N,1
3c6442,DLH87E,1
3c664e,DLH24C,1
3c66eb,DLH44T,1
3c6753,DLH98N,1
3c674d,DLH24C,1
3c6585,DLH44T,1
3c6585,DLH87E,1
461a82,FSF120A,4
3c6641,DLH87E,1
3c6758,DLH44T,1
3c66ea,DLH98N,1
3c666f,DLH77P,1
3c66e8,DLH11F,1
4d217a,VJT645,9
3c65c7,DLH29Y,1
3c6487,DLH11F,1
3c6655,DLH29Y,1
3c666f,DLH11F,1
3c6675,DLH77P,1
3c66ea,DLH11F,2
3c6742,DLH29Y,1
3c65da,DLH77P,1
3c65c3,DLH11F,1
3c6641,DLH77P,1
3c65cd,DLH77P,1
3c674d,DLH29Y,1
3c66a1,DLH982,2
3c65c5,DLH980,1
3c6648,DLH976,1
4ca293,EIN65W,1
3c667a,DLH3XK,1
3c6445,DLH976,1
3c6655,DLH3XK,1
3c66e1,DLH982,1
3c66e1,DLH980,1
4ca216,EIN65W,1
3c6663,DLH976,1
4ca295,EIN65W,1
3c66eb,DLH982,1
3c6668,DLH980,2
3c65c7,DLH3XK,1
3c65cd,DLH3XK,1
3c6674,DLH980,1
3c6448,DLH976,1
3c6658,DLH982,1
4ca214,EIN65W,1
3c6489,DLH976,1
4ca770,EIN65W,1
3c6482,DLH3XK,1
3c6743,DLH980,1
3c674f,DLH982,1
4ca295,EIN65T,1
3c6654,DLH980,1
4ca27f,EIN65T,1
3c6489,DLH3XK,1
3c658b,DLH976,1
3c6744,DLH982,1
3c6444,DLH976,1
3c6676,DLH3XK,1
3c6752,DLH12E,1
3c6543,DLH21H,2
3c65c1,DLH21H,1
3c6584,DLH12E,1
3c6745,DLH12E,1
3c6654,DLH12E,1
3c66e8,DLH21H,2
3c6650,DLH12E,1
3c66e1,DLH21H,1
3c6643,DLH12E,1
3c6544,DLH21H,1
3c6653,DLH12E,1
3c6667,DLH6UX,1
3c6634,DLH842,1
3c66eb,DLH836,1
3c6583,DLH836,1
3c6668,DLH842,1
3c6447,DLH836,1
3c6743,DLH842,1
3c6745,DLH8WT,1
3c658e,DLH8WT,1
3c6742,DLH842,1
3c6443,DLH8WT,1
3c666f,DLH842,1
3c6589,DLH836,1
3c6758,DLH8WT,1
3c6584,DLH842,1
3c674a,DLH6UX,1
3c6445,DLH842,1
3c6584,DLH836,1
3c6583,DLH8WT,1
3003ad,DLA3NK,2
3009b8,DLA1KY,1
300554,DLA4AN,1
3009b7,DLA1KY,1
300564,DLA3NK,1
3009b2,DLA1KY,1
300554,DLA1KY,1
3009b8,DLA3NK,1
3006b5,DLA3NK,1
3009b8,DLA4AN,1
3009b4,DLA1KY,1
3007f2,DLA3NK,1
3007ef,DLA1KY,1
300780,DLA4AN,1
300564,DLA4AN,1
3009b2,DLA3NK,1
3007f2,DLA1KY,1
3009b7,DLA7AW,1
3007f1,DLA8JF,1
30055b,DLA4CY,1
30055b,DLA7KK,1
3007f2,DLA4CY,1
3009b3,DLA7KK,1
4692cc,AEE3FU,2
4692d2,AEE34,4
4692d2,AEE3FU,2
4692d8,AEE3FU,1
4691c2,AEE34,1
4690e4,AEE34,1
3c743a,TUI7PH,1
3003af,DLA1TK,1
300554,DLA6EM,1
3007f2,DLA1TK,1
300781,DLA7FF,1
3009b5,DLA6EM,1
3006b5,DLA1TK,2
3009b4,DLA6EM,1
3009b3,DLA6EM,1
300554,DLA1TK,1
300780,DLA1TK,1
3009b2,DLA6EM,1
470bc8,FCA2MA,2
3c6678,DLH69H,1
3c6498,DLH04K,1
3c65c7,DLH69H,1
3c64a4,DLH04K,1
3c6442,DLH55H,1
3c6672,DLH04K,1
3c658d,DLH55H,1
3c6447,DLH55H,1
3c6752,DLH69H,1
3c648b,DLH04K,1
3c6667,DLH04K,1
3c6635,DLH69H,1
3c658b,DLH55H,1
3c6744,DLH69H,1
3c6752,DLH55H,1
738c0b,ICL901,1
3c6663,DLH7LL,1
3c6474,CFG8UZ,1
3c6643,DLH7LL,1
300393,DLA5EF,1
3c6468,CFG7JE,1
3c6678,DLH5UV,1
3c6469,CFG4NT,1
3003ae,DLA4NK,1
3c664f,DLH7LL,1
3c0acc,CFG9KE,1
3c6671,DLH5UV,1
3006b5,DLA4NK,1
3c6468,CFG7NY,1
3003ae,DLA5EF,1
3c674d,DLH7LL,1
3c6474,CFG3JD,1
3c6468,CFG7JT,1
30055b,DLA4NK,1
3009b5,DLA5EF,1
3c658c,DLH5UV,1
3c6741,DLH7LL,1
3c674a,DLH8PT,1
3c6467,CFG7JM,1
3c6589,DLH5UV,1
3c786c,CFG9EC,1
300554,DLA4NK,1
300554,DLA5EF,1
3c6469,CFG7XR,1
3c6469,CFG2EJ,1
3c6443,DLH8PT,1
3c6467,CFG5YU,1
3c6583,DLH5UV,1
3007ef,DLA5EF,1
300780,DLA4NK,1
3c658b,DLH7LL,1
3c6467,CFG7UV,1
3c6469,CFG7XN,1
3c664c,DLH7LL,1
3c674a,DLH5UV,1
3009b2,DLA4NK,1
3009b2,DLA5EF,1
3c6584,DLH4WC,1
3c6446,DLH3EP,1
3c6657,DLH4WC,1
3009b5,DLA88H,1
3007ef,DLA03C,1
3003ad,DLA03C,1
3c6444,DLH1FU,1
3c4dd7,DLH8CT,2
3c674d,DLH9ET,1
3c4dd4,DLH3MC,1
3c4dcc,DLH8CT,1
3c6446,DLH3PH,1
3c644a,DLH1FU,1
3c6637,DLH9ET,1
3c4dcb,DLH8CT,2
3c658e,DLH9ET,1
3c4dc4,DLH3MC,1
3c674f,DLH1FU,1
3c6752,DLH9ET,1
3c658d,DLH3PH,1
3c6637,DLH3PH,1
3c658b,DLH1FU,1
3c4dd7,DLH3MC,2
3c6744,DLH9ET,1
3c674a,DLH9ET,1
3c658d,DLH1FU,1
3c6588,DLH3PH,1
3c4dc7,DLH3MC,1
3c6447,DLH9ET,1
3c6589,DLH3PH,1
3c6635,DLH8CT,1
3c6595,DLH1FU,1
3c6754,DLH9LP,1
3c6753,DLH7AC,1
3c6653,DLH7AC,1
3c56a9,GEC8300,2
3c64b0,DLH7AC,1
3c56a1,GEC8304,1
3c6650,DLH7AC,1
3c6657,DLH7AC,1
3c6485,DLH9LP,1
3c6543,DLH9LP,1
3c64a1,DLH7AC,1
3c6655,DLH7AC,1
3c6643,DLH3TW,1
3c6641,DLH9LP,1
3c6754,DLH03F,1
3c658c,DLH35J,2
3c6749,DLH03F,1
3c6637,DLH03F,1
3c6749,DLH35J,1
3c644a,DLH35J,1
3c6544,DLH72N,1
3c66aa,DLH03F,1
3c6744,DLH72N,1
3c6753,DLH35J,1
3c6758,DLH03F,1
3c64b1,DLH814,1
3c6543,DLH818,1
3c6676,DLH8RC,1
3c65da,DLH3VK,1
3c66aa,DLH818,1
3c6648,DLH8RC,1
3c6671,DLH814,1
3c6658,DLH3VK,1
3c65ca,DLH814,1
3c6447,DLH818,1
3c6446,DLH8RC,1
3c666f,DLH3VK,1
3c6758,DLH814,1
3c6449,DLH8RC,1
3c658c,DLH8RC,1
3c66ae,DLH3VK,1
3c6749,DLH814,1
3c6583,DLH818,2
3c66ae,DLH8RC,1
3c66e1,DLH814,1
3c6585,DLH8RC,1
3c6589,DLH4NM,1
3c6748,DLH3VK,1
3c79b7,CFG7EP,1
3c0c99,TUI9HK,1
3c66e7,OCN1XL,3
3c6473,CFG4MF,1
3c4969,TUI9HK,1
3c6474,CFG2AC,1
3c786c,CFG7CX,1
3c0aca,CFG8WH,1
3c6741,DLH77W,1
3c6589,DLH22C,1
3c658c,DLH77W,1
3c6671,DLH55E,2
3c674a,DLH22C,1
3c6447,DLH55E,1
3c644a,DLH77W,1
3c6741,DLH37F,1
3c664f,DLH55E,1
3c666f,DLH77W,1
3c658e,DLH22C,1
3c6675,DLH55E,1
3c6675,DLH77W,1
3c658c,DLH22C,1
3c66ae,DLH37F,1
3c6744,DLH77W,1
3c6485,DLH22C,1
3ce686,PTN97E,1
3c6672,DLH55E,1
3007f1,DLA9500,1
50012b,T7VIP,1
3c4dd7,DLH8NX,1
3c4dc4,DLH5PX,1
3c4dcb,DLH5PX,2
3c4dd4,DLH8NX,1
3c4dc9,DLH8NX,2
3c4dc9,DLH5PX,1
3c4dc6,DLH5PX,1
3c4dcb,DLH8NX,1
3c4dd7,DLH5PX,1
3c4dd5,DLH8NX,1
3c4dd4,DLH5PX,1
3cc187,AWH91Z,1
3c64a1,DLH98W,1
3c6666,DLH98W,1
3c648c,DLH16V,1
3c664f,DLH98W,1
3c6550,LHX1162,1
3c64a6,DLH16V,1
3009b8,DLA9JK,1
3009b3,DLA8CK,1
3007f2,DLA8CK,1
3009b4,DLA9JK,1
3006b5,DLA8CK,1
3009b2,DLA8CK,1
3009b8,DLA8CK,1
300782,DLA9JK,1
300393,DLA9JK,1
3007ef,DLA8CK,1
3c56a9,GEC8318,1
3009b5,DLA9JK,1
3c66b3,OCN9P,1
3c66b8,OCN4WJ,3
3c66e7,OCN9P,1
3c66b8,OCN9P,1
3c66b1,OCN4WJ,1
3c66b4,OCN9P,3
3c6741,DLH35N,1
3c743a,TUI5PG,1
3c64a1,DLH35N,1
3c66ba,OCN4WJ,1
3c66b9,OCN9P,1
3c66b4,OCN4WJ,2
3c0c99,TUI5PG,1
3c6653,DLH35N,1
3c49b1,TUI5PG,1
3c65d9,DLH35N,1
300781,DLA1AA,1
300781,DLA6UW,1
3003af,DLA1AA,1
3009b5,DLA6UW,1
3009b4,DLA1AA,1
3007ee,DLA6UW,1
300554,DLA6UW,1
3009b3,DLA1AA,1
300564,DLA6UW,1
300782,DLA1AA,1
3007ef,DLA6UW,2
300780,DLA1AA,1
3009b5,DLA4XM,1
4ca61e,RYR40KK,1
48c12c,RYR40KK,1
4ca61e,RYR5705,1
4d2240,RYR5705,1
49328c,NJE5DY,1
4d2346,RYR68PG,1
4d220a,RYR68PG,1
48c228,RYR68PG,1
4d2247,RYR68PG,1
4d2240,RYR68PG,1
4d221a,RYR97HJ,1
4ca75f,RYR97HJ,1
48c228,RYR21SP,1
4d2095,RYR21SP,1
4d2240,RYR21SP,2
48c228,RYR75NJ,1
4ca702,RYR9926,1
4d2223,RYR75NJ,1
4ca621,RYR75NJ,1
4d2238,RYR75NJ,1
4ca226,RYR96HD,1
4d227b,RYR96HD,1
4ca84d,RYR96HD,1
4d2260,RYR83BN,1
4d236b,RYR83BN,1
4d2260,RYR72UL,1
4d226e,RYR72UL,1
4ca61e,RYR72UL,2
4d2247,RYR72UL,1
4d21ef,RYR9965,2
3cdd18,LHB1,4
3c4668,ATV105,1
3c4668,ATV303,1
3c4668,ATV501,1
3c4668,ATV103,1
3c4668,ATV305,1
3c4668,ATV301,1
3c4668,ATV503,1
3c4668,ATV101,1
3c4668,ATV203,1
3c4668,ATV401,1
45d961,VKG1125,1
4aca0b,NSZ3615,1
4cad95,SAS2268,1
4951cc,TAP96AW,1
4951d3,TAP98CX,2
4951ca,TAP68JP,1
440b1e,EJU67PL,2
495039,TAP1692,1
440b1e,EJU46BR,1
4cafb3,RYR1FX,3
4951d2,TAP94KM,1
495153,TAP88TM,1
4400f3,EJU46BR,1
344545,SWT131,3
495145,TAP96AW,1
4951ca,TAP98CX,1
4cace0,RYR8WH,2
4cace0,RYR1FX,1
4951cc,TAP90EH,1
4951d2,TAP68JP,1
495149,TAP1692,1
495218,TAP3842,1
4951ce,TAP94KM,1
495149,TAP96AW,1
4952d0,TAP68JP,1
4952c1,TAP88TM,1
4cafb3,RYR8WH,1
495150,TAP1692,1
4951d3,TAP90EH,1
440117,EJU46BR,2
440117,EJU13XQ,1
440005,EJU67PL,1
4951d2,TAP1692,1
440117,EJU46AN,1
440117,EJU67PL,1
4951ee,TAP90EH,1
495153,TAP68JP,1
495146,TAP96AW,1
4952a6,TAP3842,1
495038,TAP94KM,1
4951d9,TAP88TM,1
4ca97a,RYR1FX,1
440248,EJU13XQ,1
4951cb,TAP98CX,1
440daf,EJU46BR,1
4ca97a,RYR8WH,1
49520f,TAP1692,1
4951d8,TAP94KM,1
495214,TAP88TM,1
495145,TAP68JP,1
4951ce,TAP96AW,1
4ca849,RYR386,1
440db0,EJU13XQ,1
440db0,EJU67PL,1
4951d6,TAP90EH,1
4951d6,TAP98CX,1
4d00c3,LGL7F,1
4d00f6,LGL7F,1
3c0ac6,CFG7FH,1
3c0c99,TUI8YC,1
3c66e7,OCN6U,3
3c7878,CFG4PH,1
3c4969,TUI8YC,1
3c6422,CFG3MC,1
3c56ef,EWG3EP,1
3c79b7,CFG2MV,1
3c496e,TUI3CH,1
3c6495,EWG3EP,1
3c6421,CFG7DP,1
3c7422,TUI3CH,1
3c5ee8,EWG9605,1
3c56f0,EWG3EP,1
3c6474,CFG5KW,1
471dc0,WZZ971K,1
49d3d4,TVP7307,1
4d2536,WZZ971K,1
4d2067,WZZ971K,1
49d41e,TVP7307,1
4d24d6,WZZ971K,1
4892c2,ENT7DK,1
4d24b0,WMT7SG,1
440cab,AUA488,1
4ca849,RYR43UZ,1
4cace0,RYR43UZ,1
4ca849,RYR6675,2
461fa0,FIN7PW,1
45d065,VKG1309,1
461fa1,FIN7PW,1
495292,TAP1712,3
495290,TAP1710,2
4402ac,EJU89MF,1
4cafd1,RYR4V,2
4402ac,EJU65FN,1
4cafc1,RYR4V,1
440175,EJU48ZT,1
4951d7,TAP1712,2
4951d7,TAP1710,1
440cc1,EJU65FN,4
440cc1,EJU48ZT,2
440d6e,EJU65FN,1
440d6e,EJU89MF,1
495292,TAP1710,4
4cae9d,RYR4V,2
4ca849,RYR4V,2
495290,TAP1712,1
4401dc,EJU48ZT,1
440cc1,EJU89MF,2
4cafd1,RYR605V,1
440057,EJU48ZT,1
495292,TAP1714,1
4ca849,RYR605V,1
4867b0,TRA3P,1
440c38,EJU12KP,1
4866e0,TRA3P,1
4868e2,TRA3P,1
4400b3,EJU12KP,1
4867eb,TRA3P,1
4866ee,TRA42Q,1
48683e,TRA3P,1
440073,EJU12KP,1
440c6f,EJU84AU,1
440cf8,EJU84AU,1
440612,EJU84AU,3
4400e3,EJU84AU,1
495245,RZO163,3
495266,RZO163,1
49526a,RZO163,1
511188,MBU3BP,2
4cace0,RYR6RX,1
4ca849,RYR6RX,2
4d240d,EWG3543,1
3c496d,TUI2YL,1
3c496a,TUI2YL,1
502d9f,BTI9CF,2
4b906d,PGT98Z,1
4bbd04,TKJ2GF,1
4bccae,SXS5WK,1
4bcde3,SXS5WK,1
4bce13,SXS5BQ,1
4bccae,SXS5BQ,1
4bc8c6,PGT2187,1
4bab2e,THY3AR,1
4bab4e,TKJ2CG,1
4ba902,TKJ8VC,1
4baa94,TKJ37L,1
4baa94,TKJ51N,1
4bb86c,PGT3306,1
4bb86c,PGT98XP,1
4bc8c9,PGT867L,1
4bb865,PGT36GG,1
4baa44,THY3PB,1
4bc84f,PGT446U,1
4bc8c5,PGT793R,1
4bc8c7,PGT82TU,1
4ba9a9,THY2329,1
4baa74,THY6ZQ,1
4baa74,THY2DR,1
4baa4d,THY8GR,1
4ba993,THY2329,1
4bc893,PGT69SP,1
4b8e05,PGT2189,1
4bab22,THY3AR,1
4bc859,PGT867L,1
4baa69,THY2DR,1
4bb2a9,TKJ37L,1
4ba8ca,TKJ8VC,1
4ba8ca,TKJ51N,1
4ba99a,THY6ZQ,2
4bc854,PGT2187,2
4ba919,THY5EF,1
4bc850,PGT2203,1
4bc8cd,PGT82TU,1
4baa64,THY3PB,1
4bb872,PGT474M,1
4baa0c,THY3ZM,1
4baa0c,THY6PH,1
4ba9a9,THY6ZQ,1
4bb202,THY2DR,1
4bb026,TKJ4UB,1
4bb854,PGT867L,1
4baa6c,THY6PH,1
4bc889,PGT82TU,1
4bc84b,PGT2189,1
4bb84e,PGT2197,1
4baa6f,THY3ZM,1
4b9e04,TKJ51N,1
4bb869,PGT474M,1
4bb296,TKJ3NA,1
4bc896,PGT2203,1
4bb85a,PGT2199,1
4bc8cc,PGT446U,1
4baa14,THY3PB,1
4baa76,THY6PH,1
4baac5,THY3AR,1
4bc85a,PGT793R,1
4bc845,PGT867L,1
4bb865,PGT98XP,1
4bc890,PGT82TU,1
4baa81,THY6PH,1
4bab53,TKJ2CG,1
4baa14,THY2DR,1
4bb84d,PGT474M,1
4ba902,TKJ37L,1
4bab22,THY8GR,1
4bab22,THY76N,1
4bc88d,PGT446U,1
4baac1,THY9LN,1
4ba94a,THY6RE,1
4ba8e3,TKJ4UB,1
4bb864,PGT3306,1
4bb864,PGT98XP,1
4bb869,PGT793R,1
4bb055,TKJ8VC,1
4ba952,THY4AG,1
4bc88b,PGT82TU,1
4bb274,THY2DR,1
4baa09,THY3ZM,1
4baa09,THY6PH,1
4bc8d3,PGT2199,1
4bb2a9,TKJ51N,1
4b9e06,TKJ2CG,1
4bc883,PGT63UR,1
4bab2a,THY5EF,1
4baa14,THY2329,1
4bb842,PGT2189,1
4baa75,THY3PB,1
4bab54,TKJ41V,2
4bb852,PGT1862,2
4bb852,PGT1868,1
4bb844,PGT1867,1
4bb84f,PGT1862,1
4bb842,PGT1867,1
4bb842,PGT1864,1
4bb842,PGT1955,1
4ba979,TKJ41V,1
4b9068,PGT1867,2
4b9068,PGT1955,2
4b906d,PGT1868,1
4bb84c,PGT1867,1
4bb848,PGT1955,1
4bb85a,PGT1862,1
4bcdce,SXS55H,1
4bb842,PGT5309,1
4bbd14,TKJ82C,1
4bab55,TKJ82C,1
4ca7b3,RYR748P,1
4d252b,WZZ95WN,2
471f6b,WZZ95WN,1
48a5f8,SAR1957,3
471f74,WZZ9WU,2
48c2ae,RYR14TR,3
4d2402,WZZ9WU,1
471f74,WZZ893,1
4d252b,WZZ893,1
471fa7,WZZ893,1
471f74,WZZ692Q,1
4d252b,WZZ692Q,1
471fa7,WZZ692Q,1
3c65d4,DLH2VV,1
3c6757,DLH2WT,1
440caf,TAY2UC,5
3c66ab,DLH2VV,2
3c66a6,DLH2VV,1
3c66ac,DLH2WT,1
440d4d,TAY8AJ,2
3c66a5,DLH2VV,1
4cacb5,SAS44T,2
4d241a,WZZ167L,1
4ab565,SAS758,1
4ca88c,RYR6844,2
4ab569,SAS756,1
4cafce,SAS1758,1
48c1a1,RYR6844,1
4ab569,SAS758,2
4cafce,SAS44T,1
4ab5d2,SAS756,2
471f74,WZZ167L,1
4ab565,SAS756,1
4ab5d2,SAS758,1
4ab5d5,SAS756,2
4d2402,WZZ167L,1
4cad94,SAS1758,1
4ab5d5,SAS758,1
4cafcc,SAS44T,1
4cadb8,RYR6844,1
4cad89,SAS1758,1
4d2021,WZZ167L,1
4ab564,SAS756,1
4caf29,RYR6844,1
4864ec,KLM52X,2
484c54,KLM24P,1
485873,KLM44E,1
4864ee,KLM24P,1
485814,KLM44E,1
484cc3,KLM62P,1
4855d0,KLM24P,1
4852f4,KLM44E,2
4864ef,KLM52X,1
486492,KLM24P,1
485064,KLM62P,1
484c50,KLM44E,1
48548c,KLM62P,1
485778,KLM24P,1
486800,KLM52X,1
491311,NJE9LB,2
486494,KLM62P,1
5001a1,T7TBM,1
48ad03,LOT3VC,1
48ada3,LOT5PG,1
48adab,LOT7CW,1
48ad82,LOT7YF,1
48ada3,LOT7YF,1
48d961,PLF106,6
48ad86,LOT3828,1
48ada1,LOT5PG,1
48ad87,LOT7CW,1
48adab,LOT7YF,1
48af10,LOT5PG,1
48ada3,LOT7CW,1
48ada6,LOT3VC,1
48ad0c,LOT7YF,1
489789,LOT7CW,1
48ad0e,LOT3VC,1
48ada2,LOT7VL,1
48ada2,LOT5PG,1
48adae,LOT3828,1
48ada4,LOT3828,1
48ad10,LOT7VL,1
48ada2,LOT7CW,1
491311,NJE494E,1
48ad0d,LOT7YF,1
48ad86,LOT3VC,1
48ada5,LOT5PG,1
48b6c6,SPNXG,5
48ad0f,LOT9WK,1
4d2259,RYR386B,1
4d2402,WZZ9138,1
471f71,WZZ9138,1
4d21f0,RYR9922,1
471f74,WZZ9138,1
471fa7,WZZ9138,1
4caf29,RYR386B,1
4601f5,FIN7NP,1
4601f3,FIN2EZ,1
4601f9,FIN2EZ,1
4601f3,FIN7NP,1
4d252b,WZZ96ES,2
48c131,RYR8UV,1
4d2228,RYR8UV,1
4d248e,WZZ96ES,1
48c12e,RYR8UV,1
4d2272,RYR8UV,1
4d241e,WZZ96ES,1
4d2143,WMT37JP,1
48c12e,RYR334,1
471f70,WZZ46,1
471fa7,WZZ46,1
4ca303,RYR334,1
471f31,WZZ46,1
471f31,WZZ4722,2
4d241a,WZZ4722,1
471db6,WZZ4722,1
4d2448,WZZ4722,1
4d252b,WZZ4722,1
4d2448,WZZ3XE,3
3c6584,DLH6RL,1
3c6657,DLH6RL,1
3c6583,DLH3PF,1
3c6753,DLH6RL,1
3c658d,DLH6RL,1
3c644a,DLH3PF,1
4ca8af,RYR9QP,1
48c134,RYR9QP,1
424b6a,MYAIC,3
3cc57d,AMB088,2
48c2ae,RYR3ZR,1
4cae65,RYR3ZR,1
4d21f0,RYR3ZR,1
48ada1,LOT2301,1
4ca303,RYR8588,1
4ca303,RYR78TD,1
4ca303,RYR44SA,1
4d2244,RYR65UT,1
4d252b,WZZ2PZ,1
48c12e,RYR65UT,1
4d2402,WZZ2PZ,1
4d2402,WZZ6107,2
471f6b,WZZ3174,2
4caf29,RYR316Y,1
48c131,RYR6NJ,1
48c2ae,RYR6NJ,1
48c12e,RYR6NJ,1
4ca226,RYR24BG,1
4ca84d,RYR24BG,1
4cad5b,ITY1384,1
4cad5e,ITY1392,1
4d207b,AEZ2426,6
4d207b,AEZ2424,6
4ca798,ITY1380,2
33fca5,IAM3173,2
4cad5d,ITY1392,1
4ca798,ITY1386,1
320007,POLIB18,5
4caefa,ITY1380,1
4ca783,ITY1392,1
4cad5d,ITY1386,1
4cadde,ITY1384,1
300575,IXPRA,5
4ca783,ITY1380,1
4cad52,ITY1386,1
4cad57,ITY1384,1
4ca973,ITY1392,1
4ca85c,ITY1392,1
4caddd,ITY1380,1
33fca3,IAM3191,3
4cad5e,ITY1384,1
4cae11,ITY1386,1
4caf1d,ITY1380,1
4cad5f,ITY1384,1
4caefb,ITY1392,1
4cad52,ITY1384,1
4ca85c,ITY1380,1
4cad5b,ITY1386,1
4cad3c,RYR8AE,1
4cac88,RYR8AE,1
4d242d,WZZ35LU,1
4d2067,WZZ35LU,1
4d2536,WZZ35LU,1
4ca8d6,RYR540K,1
4ca2bf,RYR540K,1
4d236b,RYR540K,1
4855d2,KLM1646,1
484bd1,KLM1646,1
484c54,KLM1646,1
48548d,KLM1646,1
485873,KLM1646,1
4852f6,KLM1646,2
345612,VOE8VP,2
4d0281,JFA03E,1
346614,VOE7YB,1
3430cd,VOE7YB,1
345612,VOE7YB,1
300738,DLA5TN,1
3003af,DLA5TN,1
300738,DLA8KV,1
300780,DLA5TN,1
300781,DLA8KV,1
300393,DLA8KV,1
4ca9cf,RYR98NN,1
4d2232,RYR685H,2
4ca243,RYR685H,1
4ca84e,RYR685H,1
4ca73e,RYR685H,1
4ca84e,RYR13ZL,1
4405a6,GAC711Z,1
4caa57,RYR2DP,3
4caa57,RYR21YN,1
3451ca,RSC5YM,1
34558d,RSC35NX,1
34558c,RSC93QE,1
345616,RSC31MJ,1
347348,AEA89JG,1
4aca99,NSZ5714,1
394f03,FGTYD,1
394f06,NAK317,1
4932a1,NJE055M,1
3c6549,LHX6CN,1
3c6549,LHX9CJ,1
3c48e8,LHX8XV,2
3c66ad,DLH4RT,1
3c48f0,LHX9CJ,2
3c48f0,LHX8XV,2
3c6551,LHX9MN,1
3c6522,LHX6CN,1
3c09f2,LHX9CJ,3
3c6521,LHX8XV,1
3c48f0,LHX9MN,2
3c09f2,LHX8XV,2
3c6548,LHX6CN,1
3c4dc8,DLH4RT,1
3c48e8,LHX9MN,1
4d2214,RYR43HF,1
4d226d,RYR43HF,1
485a84,TFL10D,1
485a82,TFL10D,1
493282,NJE3KX,1
a6fec8,N55TN,2
abf0c7,FDX5237,1
4ca6d6,ABR737,1
ab8b7f,FDX5810,1
aba7d9,FDX5810,1
440cec,TAY1GG,1
396669,FPO112,1
ab96a4,FDX5810,1
39d30c,TVF89YN,1
ac34a0,FDX5217,1
06a2df,QTR8379,1
782079,CAO1027,1
440d90,TAY3VQ,1
440b90,TAY3VQ,1
780c5c,CAO8439,1
440cec,TAY3VQ,1
440d92,TAY3VQ,1
04008c,ETH3483,1
780d8f,CAO8439,1
4cac64,ABR176,3
4cac64,ABR426,1
4cad4b,ABR426,4
4caca3,ABR7XP,3
710103,SVA932,1
4cac66,ABR176,3
06a1eb,QTR8240,1
4cac62,ABR426,1
4d24c0,CHZ610,1
500194,ELY842,1
7802fd,CSS101,1
500194,ELY872,1
440b61,TAY4999,1
4cabc4,ABR5TW,4
47ba0d,SAS164,1
4cad93,SAS150,3
45d962,VKG4535,1
4ac9ee,SAS80A,2
4cad97,SAS32J,1
4acac6,SWE53L,5
4acac6,SWE51L,6
4cad86,SAS63A,2
4cac8a,SAS81Z,1
4cac8a,SAS59Z,1
4ac9f3,SAS80A,2
4cac8a,SAS164,1
4ac9d2,EUW2289,2
4cad87,SAS81Z,1
4cad91,SAS32J,1
47bb0a,SAS148,1
4cae75,SAS32J,1
4cad40,SAS63A,1
4cad97,SAS81Z,1
4cad97,SAS59Z,1
47bb0a,SAS164,1
4cac7b,SAS150,2
4cad88,SAS63A,1
4cafce,SAS59Z,1
4ac9f2,SAS148,1
4caf94,SAS164,1
45ac33,SAS146,1
4cad93,SAS81Z,1
4cac8a,SAS32J,1
4ac9c5,BLX543,1
4cad41,SAS63A,1
4cad41,SAS81Z,1
45ac32,SAS148,1
4ac9c6,BLX9267,1
4cacb5,SAS59Z,1
4cacb5,SAS32J,1
45ac30,SAS80A,1
4ab56f,SAS81Z,1
4cacb0,SAS2160,1
4cad86,SAS9250,1
4ac9d2,EUW5432,3
4cad94,SAS32J,1
4ab565,SAS144,1
458667,CAT9417,1
440570,PEV969,1
4ab568,SAS63A,1
4d253b,EWG5079,1
4ca7b3,RYR4011,2
4ca2c1,RYR4011,1
4d222c,RYR4011,1
4ca893,RYR7841,1
4ca8e4,RYR4011,1
4ca7b3,RYR474P,1
4ca569,RYR474P,1
4aca92,NSZ5357,1
4d2236,RYR474P,1
4ca2c1,RYR474P,1
4aca4f,NSZ5359,1
4aca46,NSZ5359,1
4ca8e4,RYR474P,1
4ca893,RYR9021,1
4caf27,RYR474P,1
45ab54,JTD9658,1
4601f6,FIN91Z,3
4ac96e,SERKN,4
461e17,FIN872,1
461e1b,FIN2JA,1
4601fa,FIN7RC,1
461f69,FIN9LK,1
4601f8,FIN7RC,1
4601f7,FIN870,1
461e1f,FIN2JA,1
461e1a,FIN9LK,1
4601f7,FIN2JA,1
4601fb,FIN7RC,1
4601fa,FIN870,1
461e1f,FIN9LK,1
461e18,FIN9LK,1
4601f2,FIN91Z,1
461e16,FIN7RC,1
4601f5,FIN870,1
4601f3,FIN2JA,2
4601f4,FIN870,1
461e1e,FIN2JA,1
4601f3,FIN7RC,1
461e17,FIN9LK,1
461e17,FIN91Z,1
4601f3,FIN9LK,1
4601f2,FIN7RC,1
4601f8,FIN870,1
4601f7,FIN9LK,1
4601f3,FIN91Z,1
4601f9,FIN2JA,1
461e1f,FIN870,1
4cafcd,SAS48P,2
4cad41,SAS431,2
4cad41,SAS87T,2
4cabdb,SAS449,1
45d06e,VKG4958,1
4cacbd,SAS449,1
4cac8a,SAS87T,1
4cad91,SAS48P,1
4cad42,SAS431,1
4caf24,SAS449,1
4cad42,SAS48P,1
4cad86,SAS87T,1
4cafcd,SAS431,1
4cac7b,SAS431,2
4cac7b,SAS87T,1
4cad94,SAS48P,1
4aca70,SAS48P,1
4cad87,SAS431,1
4cad97,SAS87T,1
4cad87,SAS87T,1
4ab564,SAS437,1
4aca78,SAS449,1
398562,AFR54RA,1
440d91,TAY6SL,4
398570,AFR55GJ,1
398562,AFR55GJ,1
39856f,AFR54RA,1
398578,AFR54RA,1
398563,AFR55GJ,1
4ca6d6,TAY6SL,1
39856b,AFR54RA,1
39856b,AFR55GJ,1
39856a,AFR54RA,1
398578,AFR55GJ,1
398600,AFR55GJ,1
398579,AFR54RA,1
39856a,AFR55GJ,1
398568,AFR54RA,1
3c6489,DLH7MA,1
3c64b1,DLH815,1
3c6543,DLH819,1
3c6676,DLH4JW,1
3c66aa,DLH819,1
3c6648,DLH4JW,1
3c65da,DLH7MA,1
3c6671,DLH815,1
3c65ca,DLH815,1
3c6447,DLH819,1
3c6446,DLH4JW,1
3c6758,DLH815,1
3c6449,DLH4JW,1
3c6658,DLH7MA,1
3c658c,DLH4JW,1
3c6749,DLH815,1
3c666f,DLH7MA,1
3c6583,DLH819,2
3c66ae,DLH4JW,1
3c6748,DLH7MA,1
3c66e1,DLH815,1
3c66ae,DLH7MA,1
3c6585,DLH4JW,1
3c6589,DLH5UP,1
3cc8c8,JEI515,2
4d2213,RYR520D,1
4d2095,RYR520D,1
4d252b,WZZ22UE,2
48af03,LOT496,1
48ae82,LOT496,1
48ae83,LOT496,1
48e959,LOT496,1
48418b,KLM60Q,2
485875,KLM78G,1
485779,KLM52R,2
484c52,KLM52R,1
484558,KLM60Q,1
48418c,KLM92B,1
485874,KLM78G,1
4855d2,KLM52R,1
485207,KLM78G,1
48415e,KLM60Q,1
484f80,KLM78G,1
484161,KLM60Q,1
4841a6,KLM92B,1
4864ec,KLM78G,1
4ac8cc,EUW5436,1
484f06,KLM60Q,1
484161,KLM92B,1
4852f5,KLM78G,1
484132,KLM92B,1
48548e,KLM52R,1
48548d,KLM1232,1
48455d,KLM92B,1
3c1aeb,KLM78G,1
485064,KLM1232,1
486492,KLM52R,1
3c66a6,DLH6YY,1
3c64ac,DLH7YA,1
3c64ac,DLH7FL,1
3c66a3,DLH6YY,1
3c65d1,DLH7FL,1
3c644b,DLH7YA,1
3c66ad,DLH6YY,2
3c675a,DLH7YA,1
3c65d2,DLH6YY,2
3c66ac,DLH6YY,1
3c66a7,DLH7YA,1
3c6759,DLH7FL,1
3c66a3,DLH7YA,1
3c6542,DLH7FL,1
3c66ad,DLH7YA,1
3c5424,BCS3265,1
3c5428,BCS3265,2
3c542b,BCS3265,1
3c5424,BCS3906,1
3c5428,BCS3906,2
3c5425,BCS3906,1
3c542b,BCS3264,2
4d22b7,RYR74DA,1
4d22b0,RYR74DA,1
4baa73,THY1MT,1
4bb070,THY1MT,1
4bb214,THY60N,1
4bb28b,THY1MT,1
4baada,THY1MT,1
4baa53,THY60N,1
4baa50,THY60N,1
4bab29,THY1MT,1
4ca569,RYR8724,1
4ab5d0,SAS2130,1
4ab563,SAS2132,2
4ab563,SAS2136,1
4ab56f,SAS2132,1
4ab56b,SAS2130,1
4ab56b,SAS2136,3
4ab566,SAS2132,1
4ab566,SAS2130,1
4ab564,SAS2136,1
4ab568,SAS2132,1
493281,NJE061F,1
4ab568,SAS2134,1
4ab5d0,SAS2132,1
4ab565,SAS2134,1
458667,CAT521,1
4caf13,SAS21M,2
4ab5d5,SAS652,3
4cacb0,SAS648,1
4ab5d2,SAS1648,1
4cafd8,SAS51R,1
4caf14,SAS21M,1
4ab5d5,SAS1648,1
4cabda,SAS51R,1
4caf24,SAS648,1
4cafd6,SAS51R,1
4caf24,SAS21M,1
4ab565,SAS652,1
45b4ef,MMD6685,1
4caf13,SAS648,1
4cacbd,SAS51R,1
4cabde,SAS648,1
4ab569,SAS1648,2
4ab5d2,SAS652,2
4cabda,SAS21M,1
4cacbd,SAS648,1
4ca1cc,SAS51R,1
4ab5d2,SAS51R,2
4ab5d2,SAS21M,1
4ab5d2,SAS648,2
4ab564,SAS652,1
3c6447,DLH8HH,2
3c6442,DLH6LF,1
3c664c,DLH021,1
3c6449,DLH3WT,1
3c6448,DLH3MA,1
3c6469,CFG6UY,1
3c674f,DLH011,1
3c644a,DLH9JV,1
3c6654,DLH4RX,1
3c6473,CFG3YN,1
3c6473,CFG4AF,1
3c6666,DLH3YE,1
3c6445,DLH3YE,1
3c65cd,DLH6CK,1
3c65ca,DLH6LF,1
3c6648,DLH3WT,1
3c6653,DLH4RX,1
3c658d,DLH8HV,1
3c6588,DLH021,1
3c648b,DLH011,1
3c6469,CFG6AL,1
3c6667,DLH3MA,1
3c6442,DLH8HH,2
3c6473,CFG2DA,1
3c6449,DLH9JV,1
3c6754,DLH3YE,1
3c6657,DLH6LF,1
3c6583,DLH3MA,1
3c667a,DLH4RX,1
3c6637,DLH8HV,1
3c666f,DLH021,1
3c658b,DLH9JV,1
3c6469,CFG7EJ,1
3c6753,DLH8KW,1
3c6668,DLH6CK,1
3c6745,DLH8HH,1
3c6745,DLH3WT,1
3c088d,CFG2HK,1
3c0acb,CFG7VN,1
3c6663,DLH3WT,1
3c674d,DLH3YE,1
3c6498,DLH9JV,1
3c664c,DLH011,1
3c0acc,CFG3WZ,1
3c0acc,CFG3AH,2
3c6469,CFG7VJ,1
3c644a,DLH3MA,1
3c7982,CFG002,1
3c6446,DLH8HV,1
3c6648,DLH021,1
3c658c,DLH011,1
3c6446,DLH3MA,1
3c6446,DLH6LF,1
3c6445,DLH8HV,1
3c6443,DLH3YE,1
3c6443,DLH8HH,1
3c6474,CFG7RW,1
3c6474,CFG2CA,1
3c6585,DLH9JV,1
3c6635,DLH8KW,1
3c6657,DLH3WT,1
3c674f,DLH021,1
3c664c,DLH6CK,1
3c664d,DLH4RX,1
3c6469,CFG7LC,1
3c6744,DLH2AE,2
3c7877,CFG2RV,1
3c674f,DLH3YE,1
3c0ac6,CFG1WJ,1
3c0ac6,CFG9FD,1
3c6741,DLH4RX,1
3c6444,DLH021,1
3c6444,DLH8HH,1
3c6752,DLH6LF,1
3c658c,DLH3EL,1
3c6743,DLH8HV,1
3c6743,DLH6CK,1
3c6588,DLH8KW,1
3c6467,CFG4FP,1
3c6742,DLH6LF,1
3c0acc,CFG7HR,1
3c0acc,CFG3JH,1
3c6447,DLH3WT,1
3c674f,DLH2AE,1
3c674d,DLH6CK,1
3c6748,DLH8HV,1
3c6637,DLH3YE,1
3c6637,DLH021,1
3c6595,DLH4RX,1
3c56f4,EWG8WT,1
3c5ef6,EWG8WT,1
3c5eed,EWG3PT,1
3c56ed,EWG8WT,1
3c5ee8,EWG2MP,1
3c5ee8,EWG3PT,1
3c48f1,EWG8WT,1
493291,NJE174D,1
3c5ef6,EWG2MP,1
3c5ef2,EWG1H,1
3c56ea,EWG3PT,1
3c5ee9,EWG8WT,1
3c48f1,EWG1RC,2
3c48f1,EWG2BA,2
44004f,AUA22F,1
440668,AUA25L,1
3c54a4,EWG85P,4
44006c,AUA26Y,1
3c5eeb,EWG85P,1
44006e,AUA25Y,1
3c5ee9,EWG1RC,2
440609,AUA22F,1
3c5ee8,EWG2BA,4
440824,AUA22F,1
44001c,AUA25L,1
4408df,AUA25Y,1
3c5eef,EWG1RC,4
3c56ea,EWG85P,2
3c5eef,EWG2BA,2
440052,AUA25Y,1
44082c,AUA22F,2
440609,AUA25L,1
3c5ef0,EWG2BA,2
3c56f2,EWG1RC,2
440606,AUA25L,1
44001b,AUA25Y,1
440827,AUA25L,1
3c56f5,EWG85P,2
3c48f1,EWG6RM,2
3c5ee9,EWG6RM,2
3c48ea,EWG6RM,2
4632b2,ABF4,3
3c5ee6,EWG6RM,2
3c5eef,EWG70X,4
440484,EJU45HR,1
440181,EJU45HR,1
3c5ee9,EWG70X,2
440065,EJU45HR,2
440589,EJU45HR,3
3c48ea,EWG70X,2
3c56f6,EWG70X,2
3c5eef,EWG2N,6
3c66a7,DLH5E,1
3c66a3,DLH5M,1
3c66a8,DLH1E,1
3c4dc1,DLH9950,1
49130d,NJE281G,1
3c66b0,DLH9E,1
3c6598,DLH8M,1
3c666a,DLH3E,1
3c666a,DLH6M,2
3c675a,DLH6E,1
3c66a2,DLH7M,1
3c5ee9,EWG3HP,2
3c6597,DLH4E,1
3c6590,DLH9M,1
3c648d,DLH3M,2
3c66a7,DLH1E,1
3c6751,DLH7M,1
3c66ac,DLH8M,1
3c66ac,DLH9E,1
3c6759,DLH9M,1
3c66ad,DLH3E,1
3c644d,DLH5M,1
3c6750,DLH6E,1
3c6590,DLH5E,1
3c5eef,EWG3HP,2
3c6598,DLH9E,1
3c48f1,EWG3HP,2
3c48f1,EWG2N,2
3c66a8,DLH5M,1
3c66ac,DLH1E,1
3c674e,DLH5E,1
3c66a3,DLH6E,1
3c648d,DLH8M,1
3c6670,DLH6M,1
3c65c8,DLH9M,1
3c66a5,DLH7M,1
3c6488,DLH3E,1
3c6488,DLH3M,2
3c6593,DLH9E,1
3c6486,DLH6E,1
3c66a2,DLH9M,1
3c644e,DLH5E,1
3c65ce,DLH6M,1
3c6757,DLH7M,1
3c648e,DLH3E,1
3c648e,DLH3M,1
3c66ad,DLH1E,1
3c5ee6,EWG17F,2
3c648d,DLH3E,1
3c6488,DLH7M,1
3c6590,DLH5M,1
3c64a5,DLH9853,1
3c66a3,DLH1E,1
3c644c,DLH8M,1
3c5ef6,EWG3HP,2
3c66a2,DLH6E,1
3c66a6,DLH9M,1
489009,SAH53P,1
3c6451,DLH5E,1
3c66a9,DLH8M,1
3c56ec,EWG3HP,2
3c644c,DLH5M,1
3c6486,DLH6M,2
3c6757,DLH9M,1
3c666b,DLH3E,1
3c66a5,DLH6E,1
3c6597,DLH7M,1
3c6597,DLH5E,1
3c66af,DLH3E,1
3c66a2,DLH1E,1
3c6582,DLH5M,1
3c675a,DLH8M,1
3c666b,DLH9E,1
3ccc64,EUL5B,4
3c6750,DLH9M,1
345116,VLG6BF,1
345041,VLG38FW,1
342592,VLG6BF,1
347690,VLG6BF,1
34440b,VLG6BF,1
3c49d4,EWG9D,1
34768e,VLG38FW,1
3424d1,VLG38FW,1
344156,VLG6BF,1
3c5eef,EWG9D,1
34454a,VLG6BF,1
48ad81,LOT2CF,2
48ad83,LOT6KG,1
48ada4,LOT398,1
48ad03,LOT398,1
48ad0e,LOT6KG,2
48ad80,LOT398,1
48ac81,LOT6KG,1
48ad83,LOT2CF,1
48ad81,LOT6KG,1
48ad81,LOT398,1
48ada3,LOT2CF,1
489786,LOT398,1
48ada2,LOT2CF,1
48ad84,LOT2CF,1
48ad19,LOT6KG,1
3cc253,AWH55M,1
4ca640,EIN39A,1
4cad28,RYR91QG,1
4ca770,EIN39A,1
4ca4f5,RYR91QG,1
4ca27f,EIN39A,1
48c1a7,RYR91QG,1
4ca63b,EIN39A,1
4ca7b6,RYR91QG,1
4ca92d,EIN39A,1
4ca770,EIN395,1
4cae6d,RYR91QG,1
395d69,BGA132J,1
395d68,BGA232Y,1
395d6d,BGA132N,3
3c5ee1,EWG29N,4
3c5eed,EWG65J,1
3c49cc,EWG2029,1
3c5eeb,EWG29N,2
3c5eee,EWG65J,4
3c56f7,EWG55R,2
3c5ee4,EWG29N,4
3c5ee5,EWG57M,1
3c5ee5,EWG73A,2
3c5ef0,EWG55R,2
3c5ee4,EWG65J,2
3c5ee6,EWG57M,2
3c5ee5,EWG2029,1
3e5671,LEJ888,4
3c48ea,EWG73A,4
3c48ea,EWG57M,2
3c56ec,EWG29N,2
3c54a4,EWG57M,2
3e198a,AWH97B,1
34620b,IBE07FP,1
34444b,IBE07RR,1
347454,IBE07FP,2
3445d4,IBE07RR,1
34620b,IBE07RR,1
346147,IBE07RR,1
342091,IBE07FP,1
347287,IBE07FP,1
344648,IBE07RR,1
344449,IBE07FP,1
346316,IBE07RR,1
344417,IBE07RR,1
346186,IBE07FP,1
3ce686,PTN67K,1
484165,KLM59W,2
4853f4,KLM66J,2
3c5db0,KLM1756,4
484c1b,KLM1754,1
486492,KLM1750,3
486648,CND092P,1
48418a,KLM59W,1
4868a6,KLM1754,1
3c1459,KLM1756,1
486800,KLM1750,1
4855d0,KLM66J,1
486803,KLM1754,1
484442,KLM59W,1
484131,KLM59W,1
4864ee,KLM1754,1
484c1b,KLM66J,1
486953,KLM1754,1
485a34,KLM59W,1
484b32,KLM1756,1
486953,KLM1750,1
484c52,KLM1754,2
484162,KLM59W,1
486495,KLM66J,1
485875,KLM1756,1
4852f4,KLM66J,1
4b9e05,TKJ2GK,2
4bb873,PGT1046,1
4ba912,THY97U,1
4bc8d3,PGT54ZB,1
4bab48,THY3GE,1
4bb26b,THY5RZ,1
4bb206,THY7VH,1
4bc8d0,PGT54ZB,1
4bb2ad,TKJ2GK,1
4bc848,PGT1046,1
4bb287,THY97U,1
4baac9,THY3GE,2
4bc848,PGT54ZB,1
4bb262,THY7VH,1
4baa96,TKJ2GK,1
4bc890,PGT1046,1
4b9e02,TKJ2GK,1
4baa6e,THY3GE,1
4baacd,THY97U,1
4bc8d4,PGT1046,1
4b8750,PGT54ZB,1
4baa8d,THY7VH,1
4bb263,THY5RZ,1
4bb853,PGT54ZB,1
4ba905,TKJ2GK,1
4bc84e,PGT1046,1
4baa69,THY5RZ,1
4bb87a,PGT54ZB,1
504e61,HYS408,1
4baa50,THY97U,1
4bb283,THY7VH,1
4bb286,THY3GE,1
4b8e03,PGT1046,1
4b9067,PGT54ZB,1
4bb208,THY97U,1
4b9e03,TKJ2GK,1
4baac2,THY3GE,1
4baa52,THY5RZ,1
4bc854,PGT1046,1
4bb20e,THY7VH,1
440132,EJU93QT,1
440735,EJU93QT,1
4402e8,EJU93QT,1
440732,EJU93QT,1
44009e,EJU93QT,1
440128,EJU93QT,1
440047,EJU93QT,1
4d2413,EWG28U,6
500351,T7RRR,3
440536,OEGIE,2
4d253b,EWG7274,1
3c68b3,LUA834C,1
4d2414,EWG7274,1
3c56ec,EWG28U,2
3c48ea,EWG7274,1
3c5ee8,EWG64T,1
4d2407,EWG8CR,1
4d22ba,RYR16LJ,1
4d2414,EWG15M,1
3cc243,AWH56S,1
4d2407,EWG64T,1
4d2414,EWG8CR,1
4ca2ab,RYR16LJ,1
4d2416,EWG64T,2
4d223b,RYR16LJ,1
4d2081,EWG6875,1
4d22c6,RYR16LJ,1
3c56ea,EWG15M,1
4d2405,EWG64T,1
4d2410,EWG64T,1
4d24cb,RYR16LJ,1
4d216e,EWG8CR,1
4d2416,EWG8CR,1
4ca815,RYR2JZ,1
4d2264,RYR16LJ,1
4d216e,EWG64T,1
3c7982,CFG9HE,1
3c56ea,EWG7CK,1
44ce78,BEL5MQ,2
44ce76,BEL5MQ,1
44ce66,BEL8CL,1
44ce72,BEL5MQ,1
44cdcf,BEL8CL,1
461e17,FIN69V,1
461e18,FIN2KE,1
461e1f,FIN1422,1
461f65,FIN69V,1
461e1e,FIN1422,1
461e1b,FIN2KE,3
461e17,FIN1422,1
461e21,FIN69V,1
461e1d,FIN69V,2
461e1a,FIN1422,2
461f39,FIN69V,1
461e1a,FIN2KE,1
461e1d,FIN2KE,1
3e1c91,BFX41E,1
39bda3,AFR97GD,1
3c56ea,EWG98V,2
398602,AFR1711,1
3c5ee9,EWG3BR,2
39e691,AFR29UG,1
39bdaf,AFR97GD,1
39bb21,AFR380V,1
398578,AFR1711,1
39bb22,AFR1611,1
39e689,AFR29UG,1
39bb21,AFR1611,1
3c56f5,EWG3BR,2
3986e1,AFR1711,1
398e49,AFR1411,1
3c5ef0,EWG3BR,2
39bda2,AFR1711,1
39bda4,AFR97GD,1
398570,AFR29UG,1
39bdb5,AFR1611,1
392aed,AFR1711,1
3c48ea,EWG3BR,2
39e687,AFR29UG,1
39bdb1,AFR97GD,1
39bdb7,AFR1611,1
39bda6,AFR97GD,1
3c5ef6,EWG3BR,2
392af0,AFR1711,1
39bdb3,AFR1611,1
398604,AFR29UG,1
39bdb4,AFR97GD,1
398566,AFR29UG,1
39bda4,AFR1611,1
502da9,BTI25K,1
502d88,BTI2J4,1
502d89,BTI2J4,1
502ce7,BTI2J4,1
4d00c6,LGL9512,1
4d00d9,LGL9514,1
4d00c6,LGL9514,1
4d00c9,LGL9514,1
511170,MBU4KV,1
471f6b,WZZ5340,2
3455d7,VOE7349,4
3455d7,VOE7347,2
395d6e,BGA131R,1
395d69,BGA131J,2
395d6e,BGA231R,1
395d6e,BGA331R,1
395d69,BGA231J,1
395d67,BGA131H,1
3c4668,ATV106,1
3c4668,ATV304,1
3c4668,ATV502,1
503c92,DMS2HA,2
3986e2,AFR13SQ,1
398562,AFR33EQ,1
45a6b6,FXT20V,2
398569,AFR99CR,1
39856d,AFR99CR,1
39856e,AFR13SQ,1
398569,AFR33EQ,1
39856f,AFR13SQ,1
398571,AFR99CR,1
398578,AFR13SQ,1
398577,AFR33EQ,1
3986e1,AFR99CR,1
3986e7,AFR99CR,1
398568,AFR13SQ,1
3cc24b,AWH32F,1
39856c,AFR13SQ,1
398579,AFR13SQ,1
398568,AFR33EQ,1
3e3a1d,DINEZ,5
3f7e3d,GAF101,2
3e3f1e,AWH77E,1
3cc24b,AWH41E,1
3cc24f,AWH94A,1
3cc187,AWH55D,1
3cc187,AWH94F,1
3cc24b,AWH75E,1
3480da,SWT4646,1
3480da,SWT5HJ,3
4bb842,PGT822A,1
4baada,THY8ZX,1
4b9e03,TKJ2AU,1
4b8e47,PGT1036,2
4b8e05,PGT1036,1
4baa93,TKJ2AU,1
4bb84a,PGT822A,1
4baada,THY9CU,1
4bb325,THY9CU,1
4b8e05,PGT822A,1
4bb067,THY8ZX,2
4ba904,TKJ2AU,2
4bb2a1,TKJ2AU,1
4bc883,PGT822A,1
4bb84f,PGT822A,1
4bb2a2,TKJ2AU,1
4ba8c8,TKJ6650,1
4baa5a,THY9CU,1
4baac2,THY8ZX,1
4b8750,PGT822A,1
4bb072,THY9CU,1
4bb862,PGT822A,1
4ab565,SAS670,3
4ab569,SAS1668,1
4ab565,SAS1668,3
4ab569,SAS670,2
4ab5d5,SAS670,1
4ab5d2,SAS1668,2
484bd1,KLM1788,1
484c51,KLM68V,1
485779,KLM22A,1
484cc2,KLM22A,1
48548c,KLM68V,1
4855d2,KLM22A,1
485814,KLM68V,1
484cc3,KLM1788,1
485875,KLM22A,1
48548e,KLM1788,2
485873,KLM68V,1
48548d,KLM68V,1
485873,KLM22A,1
484b32,KLM1788,1
48548e,KLM68V,1
48548e,KLM22A,1
4852f5,KLM68V,1
48548c,KLM1788,1
4853f4,KLM22A,1
3c65cb,DLH6MC,1
3c66ac,DLH1CL,1
3c48e8,LHX8YN,1
3c48f0,LHX5KW,3
3c4dc2,DLH6MC,1
3c6549,LHX4TV,1
3c48f0,LHX8YN,2
3c48e8,LHX5KW,2
3c6598,DLH1CL,1
3c644d,DLH6MC,1
3c6757,DLH4TV,1
3c6590,DLH1CL,1
3c09f2,LHX8YN,3
3c65d5,DLH1CL,1
3c48f0,LHX4TV,1
3e1988,AWH92T,1
3c6522,LHX4TV,1
3cc187,AWH91D,1
3c644e,DLH1CL,1
3c6598,DLH6MC,1
3c48e8,LHX4TV,1
3c6549,LHX8YN,1
3c6549,LHX1CL,1
3c6548,LHX5KW,1
3c644c,DLH4TV,1
3c654d,LHX1CL,1
3e1988,AWH97A,1
3c6449,DLH5MW,1
3c6742,DLH049,1
3c658d,DLH1XC,1
3cc187,AWH91H,1
3c6585,DLH2KX,1
3c4dd4,DLH7EL,2
3c4dcc,DLH7EL,1
3c6584,DLH2KX,1
3c6442,DLH049,1
3c6448,DLH049,1
3c6637,DLH2KX,2
3c6585,DLH5MW,2
3c6448,DLH1XC,1
3c6446,DLH2KX,1
3c658d,DLH5MW,1
3c6748,DLH049,1
3c6595,DLH1XC,2
3c4dd7,DLH7EL,1
3c666f,DLH2KX,1
3c6758,DLH5MW,1
3c4dc6,DLH7EL,2
3c658e,DLH049,1
3c66e8,DLH2KX,1
3c6443,DLH049,1
3c6444,DLH1XC,1
440822,AUA28R,1
440827,AUA272,1
3cc187,AWH93A,2
440826,AUA28R,2
440826,AUA272,1
440824,AUA28R,1
44065b,AUA272,1
44081d,AUA272,1
3cc253,AWH91L,1
44082b,AUA28R,1
440821,AUA272,1
3c7878,CFG9324,2
4cad4b,ABR468,1
4cac66,ABR468,2
4cac64,ABR468,3
346107,LAV8054,1
345617,LAV8052,1
4d2411,EWG3592,1
3c496a,TUI3BL,1
4d240d,EWG4FP,2
4d2411,EWG5YT,1
3c7425,TUI3BL,1
4d240d,EWG5YT,1
3c0d0c,TUI3BL,1
3c496d,TUI3BL,1
4d2411,EWG4FP,2
4d240d,EWG6861,1
3c7421,TUI3BL,1
3c0ca7,TUI9WT,1
3451d5,VLG4PY,1
346692,VLG4PY,1
345204,VLG4PY,1
01024f,MSC2933,1
3c7424,TUI2HY,1
3c496a,TUI911P,1
4cad4c,ABR403,6
4d240d,EWG3542,1
3c496d,TUI75C,1
3c496a,TUI75C,1
4601fa,FIN321,1
4601f2,FIN9VM,1
392af0,AFR96WJ,1
39bda4,AFR27WF,1
461f35,FIN3EF,3
461f64,FIN9AK,1
461e1b,FIN50F,2
461e21,FIN9CE,2
461e15,FIN50F,1
461fa3,FIN9AK,1
461e1d,FIN9CE,1
39bda1,AFR96WJ,1
461f65,FIN9AK,1
39bda6,AFR27WF,1
461e17,FIN9CE,2
39e687,AFR96WJ,1
39bda3,AFR27WF,1
39e683,AFR363V,1
461e17,FIN50F,1
461f6e,FIN3EF,1
39e697,AFR96WJ,1
461e1a,FIN9CE,2
461fa2,FIN9AK,1
39bdb4,AFR27WF,1
39bb22,AFR96WJ,1
461f63,FIN3EF,1
461f63,FIN9AK,1
39e690,AFR96WJ,1
45ab23,FIN9AK,1
39bda1,AFR27WF,1
461e21,FIN50F,1
39bb20,AFR27WF,1
461fa7,FIN9AK,1
39bdab,AFR96WJ,1
461e1a,FIN50F,1
4601fd,FIN58E,1
4601fd,FIN1DK,1
4601f7,FIN1DK,3
4601f5,FIN58E,1
4601fb,FIN58E,1
4601f6,FIN58E,1
4601f8,FIN1DK,1
4601fd,FIN391,1
4601f3,FIN58E,1
4601fd,FIN1077,1
502d0e,BTI32M,1
4601f6,FIN8ZE,2
502ccf,BTI3R6,1
502d0d,BTI30Y,1
4601f7,FIN8X,2
502d29,BTI2PG,1
4601fa,FIN1KE,1
502d58,BTI30Y,1
4601f7,FIN1077,1
4601f3,FIN8ZE,1
4601f5,FIN8X,3
4601f6,FIN1KE,1
502d3e,BTI2PG,1
4601fb,FIN1KE,2
502d9f,BTI32M,1
4601f8,FIN1077,1
502d0f,BTI3R6,1
4601f9,FIN1077,1
4601f9,FIN8ZE,2
4601f2,FIN8X,2
502d3f,BTI30Y,1
502d5c,BTI32M,1
502ce4,BTI3R6,1
502d59,BTI2PG,1
502ccf,BTI32M,1
502d5c,BTI30Y,1
502d59,BTI3R6,1
4601f7,FIN8ZE,1
4601fc,FIN1077,1
502da9,BTI2PG,1
4601f5,FIN1077,1
4601f5,FIN8ZE,1
502ce6,BTI3R6,1
502d3f,BTI32M,1
502dae,BTI2PG,1
4601f6,FIN1077,1
461e1a,FIN1KE,1
502d0c,BTI32M,1
502d3e,BTI30Y,1
4601fd,FIN439,1
461f9a,FIN4PV,2
4601f9,FIN455,1
461f9d,FIN6EM,1
4601f8,FIN22D,1
461f64,FIN5RB,1
461f36,FIN451,1
461f69,FIN4MW,1
461f39,FIN4B,2
461f9d,FIN4PV,2
4601f7,FIN439,1
461f67,FIN4MW,1
4601fb,FIN22D,3
461f6c,FIN5RB,1
4601f5,FIN455,1
461e17,FIN7DZ,1
461e17,FIN4CL,1
461f65,FIN5RB,2
4601fa,FIN439,1
4601fd,FIN22D,1
461f36,FIN7DZ,1
461f36,FIN4CL,1
461e1d,FIN4MW,1
4601f3,FIN455,1
461f69,FIN7DZ,1
4601f8,FIN455,1
4601f4,FIN22D,1
461e16,FIN4CL,1
461f35,FIN4MW,1
4601f5,FIN439,1
461f36,FIN4B,2
461f9b,FIN5RB,1
461fa1,FIN4MW,1
4601f9,FIN439,1
4601f7,FIN455,1
461f9b,FIN7DZ,1
4601f3,FIN4MW,1
461e1f,FIN4CL,1
461f35,FIN4B,2
461f36,FIN5RB,1
461f64,FIN4PV,1
461f6e,FIN22D,1
4601fb,FIN7DZ,1
4601f9,FIN4MW,1
461f69,FIN4PV,1
45ab54,JTD95T,1
4601f6,FIN863,3
461e1b,FIN7WB,1
4601f7,FIN869,1
4601fa,FIN6HA,1
461f69,FIN4NR,1
4601f8,FIN6HA,1
4601fa,FIN869,1
461e1f,FIN7WB,1
461e1a,FIN4NR,1
4601f7,FIN7WB,1
4601fb,FIN6HA,1
4601f5,FIN869,1
461e1f,FIN4NR,1
461e18,FIN4NR,1
4601f2,FIN863,1
4601f4,FIN869,1
461e16,FIN6HA,1
4601f3,FIN7WB,2
461e1e,FIN7WB,1
4601f3,FIN6HA,1
461e1f,FIN871,1
461e17,FIN4NR,1
461e17,FIN863,1
4601f3,FIN4NR,1
4601f2,FIN6HA,1
461e18,FIN871,1
4601f8,FIN869,1
4601f7,FIN4NR,1
4601f3,FIN863,1
4601f9,FIN7WB,1
486740,KLM70A,1
486651,KLM60A,1
4867c1,KLM1248,2
461fa5,FIN47U,1
461f63,FIN4AZ,1
4867c3,KLM70A,2
461f50,FIN47U,1
461f6d,FIN4AZ,1
461fa8,FIN47U,1
486897,KLM70A,1
461f6e,FIN4AZ,1
4867c3,KLM60A,1
486651,KLM1248,2
461f49,FIN47U,1
4867c2,KLM60A,1
461fa8,FIN4AZ,1
461fa2,FIN47U,1
4867c1,KLM70A,1
461f9d,FIN4AZ,1
486897,KLM60A,1
486742,KLM1248,1
461fa7,FIN47U,1
485a33,KLM70A,1
461f9a,FIN4AZ,2
4867c4,KLM60A,1
486651,KLM70A,1
486741,KLM60A,1
486741,KLM1248,1
461fa3,FIN47U,1
4ca4ed,RYR375K,1
4d226d,RYR375K,1
4d2501,RYR375K,2
4aca85,NSZ2940,1
4aca8c,NSZ2940,1
4ca9d0,RYR375K,1
3c5425,BCS8EL,1
440059,BCS8EL,2
440304,BCS8EL,1
4601f9,FIN375,1
4601f6,FIN3PJ,2
4601f5,FIN3KC,1
4601fa,FIN42T,1
4601f7,FIN375,1
4601fc,FIN3PJ,1
4601f9,FIN42T,1
4601fd,FIN3KC,1
4601f8,FIN42T,1
4601f8,FIN3KC,1
4601f3,FIN375,3
4601f9,FIN3PJ,2
4601f2,FIN42T,1
4601f8,FIN375,1
4601f3,FIN3KC,1
4601f8,FIN3PJ,1
4601f7,FIN3KC,1
4601fb,FIN42T,1
4601f5,FIN375,1
4601f6,FIN42T,1
4601fc,FIN3KC,1
4601f6,FIN3KC,1
4601fd,FIN42T,1
4601f3,FIN3PJ,1
4601f9,FIN8AZ,1
45cf23,UPS291,8
4aca8a,NSZ4282,1
4601fb,FIN40T,3
4601fb,FIN50A,1
461fa0,FIN1TC,1
4aca96,NSZ2614,1
4aca96,NSZ2612,1
461f39,FIN7YB,1
4ca660,SAS705,1
4cac9f,SAS723,1
4cad91,SAS57F,1
4cafcc,SAS50T,1
461e1d,FIN5LA,1
461e1f,FIN3EJ,1
461e1a,FIN5LQ,1
461f64,FIN5LQ,1
4ab566,SAS705,2
4aca8d,NSZ2612,1
45d969,VKG818,1
4601f7,FIN50A,2
4aca8c,NSZ2602,1
461fa7,FIN7YB,1
4cad40,SAS50T,1
461e21,FIN8AZ,1
4ca660,SAS723,1
461fa1,FIN1TC,1
461f65,FIN1NX,1
461e1e,FIN40T,1
461e1e,FIN3EJ,1
4601f6,FIN5LA,1
461fa7,FIN5LQ,1
461e16,FIN8AZ,1
4aca86,NSZ2612,1
45d96f,VKG819,1
4601fa,FIN50A,1
461f6d,FIN1TC,2
4aca82,NSZ2602,1
461e1a,FIN5LA,1
461e18,FIN3EJ,2
4cad87,SAS50T,1
4caf94,SAS723,1
4ab5d0,SAS705,1
461f9b,FIN1NX,1
463aea,JEF11,8
461fa9,FIN7YB,2
461f39,FIN1TC,1
461f69,FIN5LQ,1
461f9a,FIN7YB,1
461f67,FIN3EJ,1
4aca8a,NSZ2614,1
4aca8a,NSZ2612,1
4aca81,NSZ2602,1
4601f6,FIN50A,1
4cad87,SAS723,1
4601f7,FIN8AZ,1
4cad41,SAS50T,1
461fa5,FIN1NX,1
461f36,FIN5LA,1
4601f4,FIN50A,1
461fa2,FIN7YB,1
4aca85,NSZ2602,1
461f9b,FIN5LA,1
4601f6,FIN8AZ,1
4ab564,SAS705,1
461f67,FIN1NX,1
4aca89,NSZ2614,1
4aca89,NSZ2612,1
461f6c,FIN3EJ,1
4631cc,ABF1,6
4cae75,SAS50T,1
45ab54,FIN5LQ,1
4ac9ee,SAS9038,1
4aca95,NSZ4282,1
4aca81,NSZ2616,1
4aca81,NSZ2614,1
461e16,FIN3EJ,1
4601f2,FIN40T,1
461e18,FIN8AZ,1
4ab568,SAS725,1
4601fd,FIN5LA,1
461f36,FIN1NX,1
4cad93,SAS719,1
4ab563,SAS711,1
4ab56f,SAS709,1
4aca4a,NSZ4282,1
4601f2,FIN8AZ,1
461faa,FIN1NX,1
4cad94,SAS9030,1
461f62,FIN5LQ,1
4601f4,FIN40T,1
4ac9ee,SAS9028,1
4601f9,FIN5LA,1
4ab56b,SAS705,1
461f65,FIN2PG,3
461fa7,FIN52V,1
461e1a,FIN2L,2
461f6e,FIN52V,2
461f35,FIN52V,1
461f62,FIN2PG,1
461e1f,FIN2L,1
461e18,FIN2L,1
461f67,FIN2PG,1
461f36,FIN52V,1
461e15,FIN52V,1
781ec1,CSC9609,1
461e17,FIN2L,1
461e1d,FIN2L,1
461f9d,FIN2PG,1
461f65,FIN4BX,1
461e16,FIN579,1
461fa0,FIN579,1
461e16,FIN583,1
461f9a,FIN4BX,1
461f9a,FIN5PK,1
4baa4e,THY8EL,1
4bc886,PGT39ME,2
4bb20a,THY3BP,1
4bc853,PGT39ME,1
4bb28a,THY8EL,1
4bc850,PGT39ME,1
4baa8a,THY3BP,1
4bb876,PGT39ME,1
4bb214,THY8EL,1
4bb26f,THY8EL,1
4bb203,THY3BP,1
4b8e45,PGT39ME,1
4bb28e,THY3BP,1
4bb261,THY8EL,1
4bc85a,PGT39ME,1
45ab4f,FIN1HA,1
45ab54,FIN5DM,2
461e1f,FIN5DM,1
461e15,FIN1HA,1
45ab4f,FIN1AB,2
3c6653,DLH849,1
3c64a6,DLH2HP,2
461f6e,FIN7RA,1
3c6678,DLH851,1
7820d7,CSC9611,1
3c66a1,DLH849,1
3c65c2,DLH851,1
461f9b,FIN1AB,1
3c6752,DLH849,1
461f67,FIN7RA,1
3c64a7,DLH851,1
3c65c7,DLH2HP,1
3c65c2,DLH2HP,1
461f65,FIN7RA,1
45ab54,FIN1AB,3
3c6544,DLH851,1
3c64b1,DLH849,2
461f36,FIN7RA,1
461e1d,FIN1AB,1
3c6655,DLH2HP,1
3c6667,DLH851,1
3c6498,DLH849,1
461f6c,FIN7RA,1
3c56a3,GEC8329,2
3c6643,DLH851,1
3c64a7,DLH2HP,1
3c6653,DLH851,1
461e17,FIN7RA,1
3c6674,DLH2HP,1
3c56a3,GEC8325,1
781ec1,CSC9613,1
3c6650,DLH849,1
461f62,FIN26D,1
461e15,FIN9KC,2
461f9c,FIN26D,1
45ab54,FIN26D,1
461e21,FIN26D,1
461e1f,FIN9KC,2
461e15,FIN26D,1
461fa2,FIN9KC,1
461f62,FIN8DA,2
4ab823,NSZ2884,1
4ab823,NSZ4AW,2
461fa2,FIN78Q,1
461fa7,FIN8DA,1
4aca81,NSZ2884,1
4aca95,NSZ4AW,2
461fa3,FIN8DA,1
4ab824,NSZ5121,1
4aca81,NSZ4AW,1
461faa,FIN8DA,1
461f62,FIN1673,1
4aca85,NSZ2884,1
461fa5,FIN1673,1
461fa8,FIN8DA,1
34224e,FIN01AD,1
342189,FIN01AD,2
342210,FIN01AD,4
4601f5,FIN5UT,1
4601f3,FIN1175,1
4601f9,FIN1175,1
4601f3,FIN5UT,1
461fa9,FIN96W,1
461f9c,FIN96W,1
461f64,FIN96W,2
461f63,FIN96W,1
45ab23,FIN95C,1
45ab23,FIN50M,1
461f67,FIN3AW,2
461f63,FIN3AW,2
461e1f,FIN50M,1
45ab54,FIN95C,2
461f6c,FIN50M,2
461fa0,FIN3AW,1
461f39,FIN50M,1
461fa7,FIN95C,1
461f62,FIN95C,1
461f62,FIN50M,1
461f64,FIN3AW,2
461f35,FIN95C,1
461fa0,FIN95C,1
461f69,FIN50M,1
342059,FIN08PL,3
342210,FIN08PL,1
424709,VPCJK,1
342211,FIN08PL,1
342189,FIN08PL,2
461f67,FIN3WR,2
461e18,FIN1BL,2
461f39,FIN7LT,1
45ab21,SAS1717,1
45ab21,SAS1707,1
4cad40,SAS1705,1
4caf82,SAS1713,2
461fa2,FIN8RK,2
461e1d,FIN1PM,1
4cae75,SAS1705,1
461fa8,FIN8RK,1
4cac8e,SAS1707,1
461e1f,FIN1BL,1
4aca73,SAS1717,2
4ac9e6,SAS1707,1
461fa3,FIN7LT,2
461e1a,FIN1PM,1
4aca78,SAS1717,1
4cad94,SAS1705,1
4cad41,SAS1713,1
4cad86,SAS1707,1
4cad91,SAS1713,1
4cad96,SAS1705,2
461e1b,FIN1BL,1
461e1b,FIN3WR,1
461f36,FIN1PM,1
461e15,FIN1BL,1
461f6e,FIN8RK,1
461f35,FIN1PM,1
4cafce,SAS1713,1
45ab4f,JTD913,1
4cadd9,SAS1707,1
461f6d,FIN3WR,1
4cad95,SAS1705,1
4caf94,SAS1717,1
461f9a,FIN3WR,1
461f69,FIN8RK,1
461e16,FIN1BL,1
461e21,FIN1PM,1
461f6e,FIN7LT,1
4ca660,SAS1707,1
4cafcd,SAS1713,1
4cacbd,SAS1717,1
4cac7b,SAS1705,1
461fa8,FIN7LT,1
4cabdb,SAS1707,1
461e1d,FIN1BL,1
461f35,FIN8RK,1
4aca73,SAS1713,1
3c64a8,DLH5LX,1
461f6d,FIN6BC,1
461f6c,FIN1DH,1
3c65ce,DLH7HP,1
3c65d2,DLH5LX,1
45ab4f,FIN6BC,1
45ab4f,FIN1DH,1
3c66a3,DLH7HP,1
3c66b0,DLH7HP,1
3c65d1,DLH5LX,1
45ab54,FIN1DH,1
45ab23,FIN6BC,2
45ab23,FIN1DH,2
3c65cc,DLH7HP,1
3c65cc,DLH5LX,1
3c6759,DLH5LX,1
3c64a3,DLH7HP,1
3c66ac,DLH2465,1
3c64ac,DLH2465,1
461f62,FIN1DH,1
3c65c9,DLH7HP,1
3c65c9,DLH5LX,2
45ab54,FIN6BC,2
461f6d,FIN1DH,1
3c6488,DLH7HP,1
3c6488,DLH2465,1
461fa0,FIN36M,1
45d065,VKG1308,1
461fa1,FIN36M,1
461e17,FIN26J,1
461e18,FIN91Y,1
461e1f,FIN50C,1
461f65,FIN26J,1
461e1e,FIN50C,1
461e1b,FIN91Y,3
461e17,FIN50C,1
461e21,FIN26J,1
461e1d,FIN26J,2
461e1a,FIN50C,2
461f39,FIN26J,1
461e1a,FIN91Y,1
461e1d,FIN91Y,1
461f9d,FIN1691,1
4aca86,NSZ2876,1
461f9d,FIN7AC,1
461e16,FIN8AL,2
461e16,FIN1HF,2
461e1e,FIN1143,1
461f36,FIN8AL,1
461f67,FIN1HF,1
461e1a,FIN1143,2
461e15,FIN1143,1
461e18,FIN8AL,1
461e1f,FIN8AL,1
461e1f,FIN1143,1
461e1e,FIN1HF,1
491311,NJE909G,1
461e15,FIN8AL,2
461f6c,FIN1HF,1
461e1b,FIN1143,1
461e17,FIN1HF,1
461e17,FIN1143,1
461e21,FIN1HF,1
461f6d,FIN78D,2
461f6c,FIN3AN,1
461f39,FIN3AN,1
461f63,FIN3AN,1
461f64,FIN78D,1
461f9d,FIN3AN,1
461f6c,FIN78D,1
461f69,FIN3AN,1
461f65,FIN78D,3
461fa8,FIN3AN,1
461f35,FIN7PM,2
461e15,FIN8DM,2
461f6e,FIN8DM,1
461e17,FIN7PM,1
461f36,FIN7PM,1
461f6d,FIN8DM,1
461e16,FIN7PM,2
461e1f,FIN8DM,1
461e1e,FIN7PM,1
461f69,FIN8DM,1
461f35,FIN8DM,1
461fa7,FIN45M,1
461fa8,FIN6Y,1
461fa5,FIN45M,2
461fa9,FIN6Y,1
461f9a,FIN6Y,2
461fa1,FIN45M,2
461fa3,FIN45M,2
461fa3,FIN6Y,1
461fa1,FIN6Y,1
45ab23,FIN6Y,1
4601f8,FIN6LE,1
4601f3,FIN1T,1
4601fb,FIN6LE,2
4601fd,FIN1T,2
4601f7,FIN1T,1
4601f7,FIN6LE,1
467891,T52,2
4601f4,FIN6LE,1
4601fc,FIN1T,1
4601f6,FIN1T,1
4601f2,FIN6LE,1
4caff6,RYR9856,1
461e1d,FIN6RL,2
461f36,FIN5H,1
461f67,FIN5H,1
461f6c,FIN5H,1
461e1e,FIN6RL,1
461e18,FIN6RL,1
461f39,FIN5H,1
4d22b3,RYR9856,1
461fa7,FIN5H,1
461e18,FIN5H,2
4d22ae,RYR9856,1
461e15,FIN6RL,1
440118,TAY1804,6
48c224,RYR2LQ,1
4ca259,RYR2LQ,1
4d2368,RYR2LQ,1
4cae62,RYR2LQ,1
4631cd,ABF2,4
4601f7,FIN80U,2
4601fa,FIN3V,1
4601f3,FIN1RE,1
4601f2,FIN1RE,2
4601f5,FIN80U,3
4601fd,FIN3V,1
4601fb,FIN3V,2
4601f6,FIN1RE,2
4601f7,FIN3V,1
4601fd,FIN1RE,1
4601f9,FIN80U,1
4601f7,FIN1RE,1
461e1a,FIN3V,1
461e1a,FIN62K,1
461e1f,FIN1EG,1
461e21,FIN62K,1
461e16,FIN62K,1
461fa2,FIN1EG,1
461f62,FIN62K,1
461e15,FIN4EA,1
461f35,FIN4EA,1
461e1e,FIN9YC,1
461e21,FIN9YC,2
461e16,FIN9YC,1
461f6d,FIN4EA,1
461e1f,FIN9YC,1
49d24d,OKUWE,6
494105,NJE158E,1
3964ef,TVF56VG,1
39d301,TVF56VG,1
39d300,TVF56VG,1
39d305,TVF56VG,1
393da9,LEA333J,2
39ceb9,TVF93QM,1
3964f8,TVF93QM,1
3b7b3f,MILAN7F,1
3e3524,DILIA,1
342090,IBS1692,1
344455,IBS16YR,2
4d222a,RYR99DT,1
48c233,RYR142G,1
34644e,IBS1704,1
344341,AEA42VP,1
4cad29,RYR99DT,1
344498,IBS1700,1
344498,IBS16YR,1
344459,AEA42VP,1
347247,IBS1704,1
344485,SWT103P,2
3474da,IBS16YR,1
34644b,IBS1700,1
344297,AEA42VP,1
48c12d,RYR99DT,1
34644c,IBS1704,2
48c2b1,RYR142G,1
342188,IBS1692,2
342090,IBS1700,1
344485,SWT104,1
48c2ac,RYR2085,1
3474da,IBS1704,1
345218,AEA42VP,2
344446,AEA42VP,1
342188,IBS1704,1
342188,IBS1700,1
4ca9c3,RYR5TF,1
48c2b1,RYR99DT,2
4d2224,RYR142G,1
344485,SWT104P,1
344498,IBS169R,1
344498,IBS1692,1
34448d,IBS1700,1
4d2263,RYR142G,1
48c2b2,RYR99DT,1
343385,IBS1700,1
343141,IBS16YR,1
347307,AEA42VP,1
4cad4f,RYR142G,1
44046e,GCK17,1
4d222c,RYR8147,2
471838,JSF596,1
48ea4d,RYR9RY,1
48c2b9,RYR8147,1
4cae63,RYR8147,1
347601,VLG8QN,1
4ca7b5,RYR4NW,1
345204,VLG2QU,1
4d2210,RYR313Y,1
34440b,VLG5QH,1
3443d1,VLG28U,1
348208,VLG3JZ,1
348208,VLG5VE,1
348208,VLG3501,2
4d2237,RYR3175,1
345642,VLG5QH,1
348208,VLG28U,1
4ca97c,RYR4NW,1
348203,VLG2QU,1
4d2223,RYR4NW,1
342582,VLG3JZ,2
342582,VLG5VE,3
342582,VLG3501,4
4ca702,RYR313Y,1
3ce690,PTN77D,2
348208,VLG5QH,1
3472c3,VLG28U,1
345206,VLG8AB,1
3444d1,VLG5QH,1
346610,VLG28U,1
346610,VLG2QU,1
4d2219,RYR4NW,1
4ca7b5,RYR313Y,1
346692,VLG8AB,1
4ca303,RYR3175,1
4ca6fc,RYR313Y,1
342592,VLG2QU,1
4d228f,RYR4NW,1
342582,VLG28U,1
34768e,VLG5QH,1
348206,VLG8AB,1
346184,VLG8QN,1
342591,VLG28U,1
342591,VLG5VE,2
342591,VLG3501,1
342592,VLG5QH,1
345041,VLG2QU,1
4cae97,RYR4NW,1
3430cc,VLG3JZ,1
4d228f,RYR313Y,1
4ca6fc,RYR4NW,1
4d2223,RYR3175,1
4d2223,RYR313Y,1
345107,VLG2QU,1
493297,NJE650T,1
3442cc,ANE15AA,1
4cad11,RYR7567,1
4d251b,RYR7567,1
343694,ANE15AA,3
4d2271,RYR7567,1
4d2301,RYR7567,1
484186,TRA75K,1
44e193,OOXLS,1
48597e,TRA72W,1
48663e,TRA78T,1
485209,TRA75K,1
490d84,NJE2AD,1
485873,KLM20T,1
486442,PHGHZ,5
3452c7,ANE12YZ,1
3452c7,ANE74XV,1
4d225f,RYR27GM,2
3434c9,HRN127,2
344218,ANE12YZ,1
344218,ANE74XV,1
3451d8,ANE12YZ,1
4cad4f,RYR27GM,1
34604c,ANE006,1
343694,ANE39EG,1
3451da,ANE12YZ,1
aa84a1,N777SJ,1
4d2263,RYR5UK,1
4ca61d,RYR5UK,1
4d2303,RYR5UK,2
4854cd,TRA36N,2
484c59,TRA76K,1
440826,AUA102,1
44082c,AUA108,1
44082c,AUA10X,1
440358,FTY6,4
440822,AUA102,1
44081e,AUA108,1
44081e,AUA10X,1
440827,AUA108,2
440827,AUA10X,1
44081e,AUA102,1
440b93,OEFLO,2
44082a,AUA102,1
440820,AUA108,1
440820,AUA10X,1
440828,AUA108,1
440828,AUA10X,1
3cd50b,TYW211F,1
440824,AUA10X,1
440824,AUA104,1
440668,AUA1436,1
4853d4,TRA6K,2
48520c,TRA6K,1
4853d4,TRA66A,1
4854cb,TRA96Y,2
484c9b,TRA96Y,1
48597e,TRA6K,2
4854cf,TRA96Y,1
4854cf,TRA66A,1
4854c7,TRA96Y,1
484b2a,TRA66A,1
48520b,TRA7B,1
4854c7,TRA7B,1
44001a,AUA323,1
4853d4,TRA26K,1
48520c,TRA1R,1
484c9b,TRA6834,2
484c9b,TRA1R,1
4853d3,TRA1R,2
4853d2,TRA26K,1
4853d3,TRA6834,1
48520b,TRA26K,1
484f6c,TRA6834,1
4854cb,TRA1R,1
449682,JAF4AX,2
485009,TRA89P,1
4853d2,TRA61H,1
4853d3,TRA61H,2
48520d,TRA89P,1
48520d,TRA61H,1
4854cd,TRA61H,2
4854cd,TRA89P,1
484c9b,TRA6J,1
484c9b,TRA89P,1
4853d3,TRA89P,1
4854ca,TRA89P,1
3964f8,TVF75MP,1
ac2d32,FDX6083,1
4bb20e,THY7HG,1
4bb025,TKJ5YC,1
4bc84c,PGT24SD,1
39de40,TVF64LR,1
4bb0ea,THY8AL,1
4ba9e8,THY4VD,1
4bb215,THY4DW,1
4ba9d4,THY5DV,2
392af8,AFR1391,1
4baa93,TKJ1LB,1
a07f6a,FDX6917,1
4bc84e,PGT13BP,1
4bca69,RHH060,1
39de42,TVF38RR,1
4bb215,THY4FJ,2
4baa59,THY5DV,1
4bb20a,THY4DW,1
4bc85a,PGT24SD,1
392af9,AFR1391,1
abaf47,FDX5217,2
4bc8cb,PGT13BP,1
4bb0ee,THY4VD,1
a0996b,FDX6927,1
4bab2a,THY25P,1
4bb203,THY8AL,1
39de48,TVF75MP,1
4bb28e,THY7HG,1
4bb2a1,TKJ1LB,1
4b8ed2,TCCVR,1
39de4a,TVF75MP,2
4ba9d3,THY5DV,1
4bb20d,THY4FJ,1
39de4d,TVF38RR,1
4bb279,THY8AL,1
ac5fd6,FDX5023,1
4bc8ce,PGT24SD,1
4baa8d,THY7HG,1
4bc88d,PGT13BP,1
4bab24,THY4DW,1
4bd8ac,THY6431,1
3991e6,AFR1391,1
4bca66,RHH507,1
39de46,TVF64LR,1
4bb206,THY4DW,1
abab90,FDX5025,1
4bbd06,TKJ1LB,1
4bb275,THY8AL,2
4bb287,THY7HG,1
3991e8,AFR1391,1
4bc847,PGT13BP,1
4bb285,THY25P,1
4baa6c,THY5DV,1
4baa88,THY4FJ,1
a0996b,FDX6321,1
4bb1e4,THY4VD,1
4bc899,PGT24SD,1
4bc844,PGT24SD,1
4bc8c9,PGT13BP,1
4bb262,THY7HG,1
4d224a,FHM7310,1
39de45,TVF38RR,1
4a5243,TOY241,1
4ba9ca,THY5DV,1
4baa84,THY4DW,1
a01f37,FDX6335,1
39ceb0,TVF75MP,1
4ba94d,THY8AL,1
4bb187,THY4VD,1
4bb299,TKJ1LB,1
4bb154,THY6431,1
392af0,AFR1391,1
4bbd12,TKJ5YC,1
440d4d,FDX4727,1
4baa87,THY4FJ,1
4bb2ab,TKJ1LB,1
392ae9,AFR1391,1
4bb279,THY7HG,1
4bb261,THY4DW,1
4bb1e1,THY4VD,1
4bc852,PGT24SD,1
4bbd06,TKJ5YC,1
4bc84f,PGT13BP,1
3964e4,TVF3309,1
3964ee,TVF64LR,1
4bc8c5,PGT13BP,1
3991e7,AFR1391,1
39a201,FDX4730,1
abab90,FDX5174,1
4bb21a,THY4FJ,1
4b9521,TKJ5YC,1
4bb186,THY4VD,1
4bbd08,TKJ1LB,1
4baa59,THY7HG,1
4bc8d3,PGT24SD,1
4bb1e1,THY5DV,1
ac0d21,FDX21,1
4bd8ac,THY6433,1
4bb212,THY25P,1
39de49,TVF3309,1
4bb0e5,THY8AL,1
4baa5a,THY4DW,1
39de48,TVF38RR,1
4bb2a9,TKJ86V,1
4bc890,PGT879F,1
4baa75,THY7GC,1
4baa96,TKJ7WK,1
4b8e0b,PGT5YE,2
4bc842,PGT378K,1
4bb214,THY4QJ,1
a3ea54,UPS269,1
4bc882,PGT96WD,1
4b8e46,PGT1667,1
4bb289,THY7GC,1
4baa8c,THY4QJ,1
4bc899,PGT879F,1
4bc8d4,PGT96WD,1
4bab52,TKJ7WK,1
a3ee0b,UPS269,2
4bc884,PGT378K,1
4b8e47,PGT879F,1
4bb288,THY4QJ,1
4bc887,PGT378K,1
4bc8ca,PGT96WD,1
4b9e03,TKJ7WK,1
4bb284,THY7GC,1
a3376c,UPS269,1
4bc844,PGT96WD,1
a3ca43,UPS269,1
4baa4e,THY4QJ,1
4bb848,PGT378K,1
4bbd06,TKJ7WK,1
4bb055,TKJ86V,1
4b8e0b,PGT879F,1
4baa87,THY7GC,1
4bc88d,PGT879F,1
4baa72,THY4QJ,1
4bb853,PGT5YE,1
4bbd09,TKJ7WK,1
4b8e03,PGT96WD,1
4b8e03,PGT378K,1
4bc8c6,PGT96WD,1
4bb87a,PGT5YE,1
4baa7a,THY7GC,1
4b9e04,TKJ86V,1
4bc850,PGT378K,1
4baa52,THY4QJ,1
4bc881,PGT879F,1
4bb028,TKJ7WK,1
4bc8c5,PGT96WD,1
4bb282,THY4QJ,1
4b9e02,TKJ86V,1
4bc855,PGT378K,1
4bc883,PGT879F,1
4b9e04,TKJ7WK,1
4baa92,THY7GC,1
4b8e04,PGT3XG,1
4bc884,PGT3DX,1
4bc8ca,PGT93MQ,1
4bc896,PGT93MQ,1
4bc8d4,PGT3XG,1
4bc881,PGT93MQ,1
4bc8c4,PGT3DX,1
4bc84b,PGT3XG,1
4bc8d3,PGT3XG,1
4bc8d0,PGT93MQ,1
4bc885,PGT3XG,1
4bc850,PGT93MQ,1
4b8e45,PGT3DX,1
4bc8d0,PGT3XG,1
4b8e46,PGT3DX,1
4bc8c2,PGT3XG,1
4bc8d2,PGT3DX,1
4bc848,PGT93MQ,1
4baad5,THY4JH,1
4bb842,PGT56JB,1
4b8e05,PGT1035,1
4b9e03,TKJ6DK,1
4baa93,TKJ6DK,1
4bb075,THY6FG,1
4bb84a,PGT56JB,1
4baada,THY4JH,1
4b8e47,PGT1035,1
4bb325,THY4JH,1
4b8e05,PGT56JB,1
4bb067,THY6FG,2
4ba904,TKJ6DK,2
4bb2a1,TKJ6DK,1
4bb068,THY6FG,1
4bb070,THY4JH,1
4bc883,PGT56JB,1
4bab24,THY4JH,1
4bb84f,PGT56JB,1
4bab2f,THY6FG,1
4bb2a2,TKJ6DK,1
4baa5a,THY4JH,1
4baac2,THY6FG,1
4b8e45,PGT1035,1
4b8750,PGT56JB,1
4bb072,THY4JH,1
4bb862,PGT56JB,1
4bbd03,TKJ72W,1
4baa6c,THY8RK,1
4bc88c,PGT977,1
4bc8c5,PGT981,1
4bb20b,THY2ZY,1
4bb286,THY1PN,1
4bb20f,THY9AZ,1
4bc8c4,PGT3VU,1
4bb199,THY1LE,1
4bb262,THY8RK,1
4bda47,TCVRG,3
4bb28b,THY2ZY,1
4ba92f,THY9AZ,1
4bc8ce,PGT977,1
4baad4,THY1PN,1
4bab52,TKJ72W,1
4b9065,PGT2RB,1
4bc8cf,PGT3VU,1
4baa55,THY8RK,1
4bbd02,TKJ72W,1
4bc8cf,PGT2RB,1
4baa4d,THY2ZY,1
4bb0ef,THY9AZ,1
4bc846,PGT3VU,1
4bc8d0,PGT977,1
4bb0ea,THY1LE,1
4bb105,THY1LE,1
4bb289,THY8RK,2
4bc887,PGT3VU,1
4bc8cf,PGT981,1
4baa73,THY2ZY,1
4bb2b2,TKJ72W,1
4bb192,THY9AZ,1
4bc88b,PGT977,2
4bb26f,THY2ZY,1
4ba9e1,THY1LE,1
4bc88b,PGT2RB,1
4bc849,PGT3VU,1
4bb283,THY1PN,1
4ba975,TKJ72W,1
4ba9ea,THY9AZ,1
4baa70,THY2ZY,1
4bb0ec,THY1LE,1
4bb201,THY8RK,1
4ba9da,THY9AZ,1
4bc8c7,PGT977,1
4baa81,THY1PN,1
4bc8d2,PGT3VU,1
4bb868,PGT2RB,1
4bb2a9,TKJ72W,1
4b9067,PGT2RB,1
4bb284,THY2ZY,1
4baa84,THY1LE,1
4bc88c,PGT3VU,1
4bc8cc,PGT981,1
4baa86,THY1PN,1
4bc8cd,PGT977,1
4bb02b,TKJ72W,1
4baac6,THY1JR,1
4bb04d,TKJ50X,1
4bc8c8,PGT795K,1
4b8e47,PGT3DY,1
4bab48,THY1SJ,1
4bb321,THY2HR,1
4bc859,PGT795K,1
4bc889,PGT3DY,1
4baad9,THY1HB,1
4baacd,THY2HR,1
4bb84c,PGT889D,1
4ba976,TKJ50X,1
4bb275,THY1HB,1
4bc8cd,PGT795K,1
4bab30,THY2HR,1
4bc8c5,PGT3DY,1
4bc850,PGT889D,1
4ba904,TKJ50X,1
4bc882,PGT3DY,1
4bbd12,TKJ1CU,1
4bb263,THY1HB,1
4baa8c,THY2HR,1
4bc8c2,PGT795K,1
4bc88e,PGT3DY,1
4bc8cd,PGT889D,1
4ba91a,THY1HB,1
4bc883,PGT795K,1
4bb055,TKJ50X,1
4baad5,THY2HR,1
4baad0,THY1JR,1
4bab46,THY1SJ,1
4bab29,THY1SJ,1
4bc845,PGT795K,1
4baac3,THY1JR,1
4bc893,PGT3DY,1
4bb285,THY1HB,1
4bb285,THY2HR,1
4bb296,TKJ1CU,1
4bc89a,PGT889D,1
4baa93,TKJ50X,2
4bc8cf,PGT795K,1
4bc849,PGT3DY,1
4baad3,THY1SJ,1
4bb28d,THY1HB,1
4baac3,THY2HR,1
4baa53,THY1JR,1
4bb84e,PGT6FR,1
4bb26f,THY9AG,1
4baa53,THY9AG,1
4bb286,THY9AG,1
4baa66,THY3XN,1
4bc852,PGT6FR,1
4baa4e,THY9AG,1
4bb282,THY3XN,1
4bb28b,THY9AG,1
4bb2b0,THY3XN,1
4a068d,ROT264A,1
4a068d,ROT262R,1
4a1eae,AWG725R,3
4bb84f,PGT318K,1
4bb0ef,THY9HW,1
4ba9e2,THY3RQ,1
4bb190,THY9DP,1
4b99c8,TCFNH,1
4a08e9,ROT266Y,1
4a08e9,ROT262R,1
4bb109,THY9HW,1
4a068b,ROT264A,3
4bb149,THY9DP,2
4a1aae,AWG725R,2
4bc884,PGT318K,1
4bb162,THY3RQ,1
06a095,QTR221,1
4ba9e5,THY6895,1
4a08e7,ROT262R,2
4bc8c4,PGT7361,1
4bb141,THY9HW,1
4a08ea,ROT1266,1
4b8e05,PGT318K,1
4bb1e2,THY3RQ,1
4bb189,THY9DP,1
4a068b,ROT262R,2
4bb192,THY9HW,1
4a068a,ROT266Y,2
4bb142,THY9DP,1
4bb181,THY9HW,1
4bc842,PGT318K,1
4bb1e6,THY3RQ,1
4bb1e3,THY3RQ,1
4bb18d,THY9HW,1
4bb212,THY1ER,1
4bc8c2,PGT9GP,1
4bbd12,TKJ3BQ,1
4bb879,PGT3BP,1
4baa6e,THY3AM,1
4bcced,THY6607,1
4bcced,THY6509,1
4bc845,PGT9GP,1
4bb876,PGT3BP,1
4bb285,THY1ER,1
4bb069,THY7QX,1
4bb219,THY3AM,1
4bc84e,PGT9GP,1
4bb288,THY1ER,1
4bc8c7,PGT3BP,1
4bb06c,THY7QX,1
4bb1e2,THY3AM,1
4bc894,PGT9GP,1
4ba892,THY6509,2
4bb214,THY1ER,1
4bc89a,PGT3BP,2
4baa79,THY7QX,1
4bb295,TKJ3BQ,1
4baacd,THY7QX,1
4bb84d,PGT9GP,1
4baa7a,THY1ER,1
4baa90,THY3AM,1
4bc853,PGT3BP,1
4bb26a,THY1ER,1
4b9e02,TKJ3BQ,1
4bb212,THY3AM,1
4baac4,THY7QX,1
4bca62,RHH080,1
504e86,FIA5713,1
4bc8cb,PGT9GP,1
4bc8c4,PGT9GP,1
4bb299,TKJ3BQ,1
4b9065,PGT3BP,1
4bb206,THY1ER,1
4bb06e,THY7QX,1
4baa70,THY3AM,1
4bb2ab,TKJ5LJ,1
4bb27a,THY7ZS,1
4baa96,TKJ5KZ,1
4bc881,PGT259F,1
4bb1c6,THY8QX,1
4bc889,PGT41HD,1
4b8750,PGT917H,1
4bb056,TKJ5LJ,1
4b9e03,TKJ5KZ,1
4bc88d,PGT917H,1
4baa7a,THY8CA,1
4bb875,PGT41HD,1
4bb181,THY8QX,1
4bb263,THY7ZS,1
4ba9ca,THY44E,1
4bb28c,THY8QX,1
4bb212,THY8CA,1
4b8e45,PGT259F,1
4b8e47,PGT41HD,2
4bc8c2,PGT917H,1
4bc854,PGT8YC,1
4b9e02,TKJ5KZ,1
4baa96,TKJ5LJ,1
4bb26c,THY7ZS,1
4ba9e1,THY44E,1
4baa93,TKJ5KZ,1
4bc850,PGT8YC,1
4bc846,PGT259F,1
4bb26b,THY8CA,1
4bb26b,THY7ZS,2
4bb866,PGT41HD,1
4baa70,THY8QX,1
4bb86b,PGT917H,1
4bc885,PGT41HD,1
4baa56,THY8CA,1
4b9e04,TKJ5LJ,1
4bc8cf,PGT917H,1
4bc8cb,PGT259F,1
4bc8cd,PGT8YC,1
4bbd0a,TKJ5KZ,1
4bb265,THY7ZS,1
4ba9e9,THY8QX,1
4baa69,THY44E,1
4bc84c,PGT917H,1
4b8533,PGT41HD,1
4bb0f4,THY8QX,1
4bb287,THY8CA,1
4bb289,THY7ZS,1
4bc885,PGT259F,1
4ba976,TKJ5LJ,1
4ba9e7,THY44E,1
4bb026,TKJ5KZ,1
4bb0e1,THY8QX,1
4ba8e3,TKJ5KZ,1
4bc882,PGT259F,1
4b9e05,TKJ5LJ,1
4bc8c7,PGT917H,1
4baa86,THY8CA,1
4bc88e,PGT8YC,1
4bb850,PGT9ZR,1
3c6482,DLH1305,1
4baa8a,THY9FV,1
4bc848,PGT800H,1
4baa56,THY6YK,1
3c674d,DLH1301,1
4bc853,PGT3TD,1
4baa79,THY2GR,1
3c6498,DLH1301,1
4ba902,TKJ1AF,1
4bc854,PGT9ZR,1
4bb86e,PGT3TD,1
4ba9f9,THY6403,1
3c674a,DLH1305,2
4bb108,THY6YK,1
4bb212,THY3EN,1
4bc8d5,PGT800H,1
3c6658,DLH1301,1
4baa6f,THY2GR,1
4b906c,PGT800H,1
4baa62,THY6YK,1
4b8e0b,PGT3TD,1
4ba892,THY6609,1
4ba9f9,THY6405,1
4bb1e3,THY3EN,1
4bc84a,PGT9ZR,1
4baa84,THY2GR,1
4bb28d,THY9FV,1
3c65c3,DLH1301,1
3c56a1,GEC8355,1
4bd8ac,THY6552,1
4bc88c,PGT3TD,1
4bb849,PGT800H,1
3c70c6,GEC8347,1
4bb0e5,THY6YK,1
4bab52,TKJ1AF,1
4ba9c1,THY3EN,1
4bc8c4,PGT9ZR,1
3c6741,DLH1305,1
4baa73,THY9FV,1
4baa6c,THY2GR,1
4bb14f,THY6407,1
3c6487,DLH1301,1
4bb86b,PGT9ZR,1
4bc894,PGT800H,1
4ba9ef,THY6405,1
4ba9e8,THY6YK,1
4b8e47,PGT3TD,1
4ba92f,THY3EN,1
3c6744,DLH1305,1
3c56a1,GEC8347,2
4baa72,THY3EN,1
4b9067,PGT9ZR,1
4bb107,THY6YK,1
4bb215,THY9FV,1
3c65c5,DLH1301,1
4bc88e,PGT800H,1
4b9e03,TKJ1AF,1
4bb26e,THY2GR,1
3c66ae,DLH1305,1
4bc847,PGT3TD,1
3c70c7,GEC8473,1
4ba9e7,THY6YK,1
3c65da,DLH1301,1
4baa6b,THY9FV,1
4baa87,THY3EN,1
4bc859,PGT800H,1
4bb876,PGT9ZR,1
4bc88e,PGT3TD,1
4ba905,TKJ1AF,1
4baa74,THY2GR,1
4bb850,PGT1914,1
4bab29,THY2PR,1
4bb282,THY5SC,1
4bb842,PGT1928,1
4baa0a,THY53Z,1
4b9068,PGT1918,1
4ba8e3,TKJ5AR,1
4bb299,TKJ9SE,1
4baac7,THY7FX,1
4bb86c,PGT1982,1
4bb84f,PGT1922,1
4bb86b,PGT1930,1
4baa09,THY6JS,1
4bbd0a,TKJ1PF,1
4bbd0a,TKJ4BE,2
4bb86a,PGT1920,1
4bc850,PGT1912,1
4bb2ad,TKJ4HD,1
4baac9,THY2UX,2
4baad6,THY7FX,1
4ba912,THY2UX,1
4bc849,PGT1932,1
4bb84e,PGT1858,1
4b9069,PGT1984,1
4baa0b,THY53Z,1
4ba8d2,TKJ4HD,1
4bc88b,PGT1914,1
4bb2b2,TKJ5AR,1
4bc8ce,PGT1928,1
4b8533,PGT1922,1
4b8533,PGT1912,2
4bb2aa,TKJ9SE,2
4bb841,PGT1918,1
4bb86f,PGT1930,1
4baa73,THY2PR,1
4bb863,PGT1926,1
4bc8c3,PGT1920,1
4baa50,THY5SC,1
4bb850,PGT1930,1
4bc8c4,PGT1918,1
4b906d,PGT1984,1
4b906d,PGT1982,1
4bb272,THY7FX,1
4bb2a3,TKJ4HD,1
4bc893,PGT1914,1
4bc848,PGT1928,1
4bc885,PGT1922,1
4bb879,PGT1934,1
4bb026,TKJ5AR,1
4bab23,THY2PR,1
4bbd07,TKJ1PF,1
4bbd07,TKJ4BE,1
4bb86a,PGT1916,1
4baa56,THY53Z,1
4bc853,PGT1926,1
4baaca,THY2UX,1
4bc88c,PGT1920,1
4b9065,PGT1928,1
4bb844,PGT1984,1
4bb844,PGT1982,1
4baa09,THY53Z,1
4bb850,PGT1918,1
4bb876,PGT1912,1
4bc8ce,PGT1926,1
4baa0c,THY5SC,1
4baad3,THY2PR,1
4bc882,PGT1914,1
4bbd08,TKJ9SE,1
4bb04d,TKJ4HD,1
4b9ece,TCGVN,2
4bc88e,PGT1924,1
4bb84c,PGT1922,1
4ba8ca,TKJ1PF,1
4bb843,PGT1930,1
4ba9ab,THY7FX,1
4bb879,PGT1914,1
4bb873,PGT1850,1
4bccef,TCSGO,2
4b8e0b,PGT1916,1
4bc8c8,PGT1932,1
4bb848,PGT1930,1
4bb844,PGT1920,1
4bc854,PGT1928,1
4ba996,THY5SC,1
4bb865,PGT1924,1
4baa42,THY2PR,1
4baa42,THY53Z,1
4ba9a9,THY6JS,1
4baa1a,THY2UX,1
4bc883,PGT1922,1
4b8533,PGT1926,1
4bbd01,TKJ9SE,1
4bb055,TKJ7LE,1
4bb026,TKJ4HD,1
4baa0c,THY58K,1
4ba8c8,TKJ1PF,1
4ba8c8,TKJ4BE,1
4baa75,THY7FX,1
4bc8c2,PGT1912,1
4baa90,THY2UX,1
4bb865,PGT1984,1
4bb865,PGT1982,1
4ba996,THY58K,1
4baa41,THY5SC,1
4bb2a3,TKJ4BE,1
4baa44,THY7FX,1
4bbd08,TKJ1PF,1
4bb86a,PGT1926,1
4ba999,THY2PR,1
4bb853,PGT1930,1
4b8e05,PGT1922,1
4bb848,PGT1920,1
4ba8e3,TKJ35N,1
4bb027,TKJ7LE,1
4baa0c,THY6JS,1
4bc881,PGT1928,1
4bc881,PGT1924,1
4bb028,TKJ4HD,1
4bb026,TKJ9SE,1
4bb294,TKJ5AR,1
4b8e03,PGT1914,1
4b9065,PGT1916,1
4bae41,TCKRA,2
4bbd05,TKJ4HD,1
4bb864,PGT1984,1
4bb864,PGT1982,1
4bb869,PGT1928,1
4bc890,PGT1926,1
4bc84b,PGT1912,1
4bb849,PGT1930,1
4b9068,PGT1924,1
4b9068,PGT1916,1
4b9068,PGT1914,1
4ba8ce,TKJ5AR,1
4bb296,TKJ4BE,1
4b8e05,PGT1918,1
4baa44,THY5SC,1
4bb026,TKJ1PF,1
4bb061,THY7FX,1
4baa4d,THY53Z,1
4ba995,THY2PR,1
4baad5,THY2UX,1
4690e2,AEE991,1
4baa42,THY3JL,2
46a5e4,SEH671,3
4bab25,THY6VX,1
4bc84e,PGT1191,1
7811e5,CSC3827,2
4ba94c,THY3JL,1
4932a1,NJE908K,1
4ba996,THY6VX,1
4baa42,THY6KE,1
4b858e,TCALN,2
4bb28d,THY6KE,1
46b82d,AEE995,1
4690e9,AEE993,1
4bc8c5,PGT1191,1
781698,CSC3827,1
4bb26b,THY3JL,1
4baa56,THY7NU,1
46a5e2,SEH671,1
4bb06f,THY6VX,1
4b9c62,THY6513,1
4baa4f,THY6KE,1
46a5e1,SEH671,1
781403,CSC3827,1
4bb212,THY7NU,1
4bab46,THY6VX,1
4baa90,THY6KE,1
4691c3,AEE993,1
4bb287,THY7NU,1
46b825,AEE991,1
46dca2,SEH671,1
4bc84f,PGT1191,1
4bc8c5,PGT1193,1
46b82b,AEE995,1
4baa65,THY6KE,1
4bcced,THY6513,1
491d84,NJE008K,1
4bc882,PGT1191,1
4baa84,THY6VX,1
4691c1,AEE993,1
4baa88,THY7NU,1
4692d8,AEE991,1
46b8b4,AEE995,1
4bb1e4,THY3JL,1
4b9067,PGT91YH,1
4bb192,THY3LT,1
4ba8d2,TKJ5DA,1
4bc849,PGT5TA,1
4ba91a,THY9NY,2
4bb055,TKJ5CJ,1
4bab4f,TKJ6ZM,1
4ba999,THY8EC,1
4baacc,THY2UB,1
4bc84e,PGT98FA,2
4ba8c8,TKJ5CJ,1
4baa5a,THY5MH,1
4b8e03,PGT2034,1
4baad4,THY2BM,1
4ba915,THY6PQ,1
4b8e46,PGT91YH,1
4baad3,THY2LU,1
4bb84b,PGT4744,1
4bbd02,TKJ9EU,1
4b9521,TKJ6ZM,1
4bb875,PGT61SF,1
4bb028,TKJ71C,2
4bb028,TKJ5DA,1
4bb864,PGT5TA,1
4bb068,THY6HX,1
4bc841,PGT25V,1
4bc841,PGT15Z,1
4ba976,TKJ3UD,1
4bb19a,THY3LT,1
4baac1,THY82X,1
4bb86e,PGT73TR,1
4baac6,THY5TG,1
4baac2,THY1ZR,1
4baac2,THY1ZG,1
4bc889,PGT2036,1
4b9065,PGT2004,1
4bb876,PGT88MD,1
4bc842,PGT4758,1
4bb028,TKJ6ZM,1
4baa42,THY5MH,1
4bb295,TKJ5CJ,1
4bb872,PGT91YH,1
4bb872,PGT144C,1
4bab29,THY82X,1
4bb855,PGT4746,1
4baa10,THY5TG,1
4b9e05,TKJ71C,1
4bb848,PGT61SF,1
4bb108,THY3LT,1
4bc896,PGT5TA,1
4ba91a,THY2LU,1
4b906c,PGT6PM,1
4bb84b,PGT15Z,1
4bc847,PGT98FA,1
4bce03,SXS058,1
4bb87a,PGT73TR,1
4bb86e,PGT2038,1
4bc8cd,PGT25V,1
4bb28e,THY8EC,1
4bab26,THY2BM,1
4bab24,THY2UB,1
4baacf,THY1ZG,1
4ba99a,THY6HX,1
4bb02b,TKJ3UD,1
4baaca,THY1ZR,1
4bb843,PGT53BN,1
4bb843,PGT2004,1
4bb056,TKJ9EU,1
4bc890,PGT25V,1
4bb050,TKJ3UD,1
4bc84c,PGT15Z,1
4bb86b,PGT4020,1
4b8e46,PGT2004,1
4bc859,PGT98FA,1
4baa61,THY7PB,1
4bb056,TKJ5CJ,2
4bb028,TKJ9EU,1
4bb866,PGT73TR,1
4b9907,FHY764,1
4bab28,THY2BM,1
4bab29,THY6PQ,1
4bb84f,PGT2040,1
4baac1,THY2LU,1
4bb166,THY3LT,1
4bb212,THY5MH,1
4bab2c,THY8EC,1
4bab25,THY8EC,1
4bc8cc,PGT25V,1
4ba916,THY1ZG,1
4baa41,THY7PB,1
4bb199,THY3LT,1
4bb84c,PGT73TR,1
4b9521,TKJ71C,1
4bc850,PGT98FA,1
4bab23,THY6PQ,1
4bb876,PGT61SF,1
4bb863,PGT2004,1
4bab28,THY5MH,1
4bb868,PGT144C,1
4bb026,TKJ9EU,1
4bab30,THY2LU,1
4bab28,THY82X,1
4bc88d,PGT73TR,1
4baa63,THY5TG,1
4baa54,THY6PQ,1
4bab48,THY2BM,1
4bc8c1,PGT25V,1
4bb027,TKJ9EU,1
4bb86e,PGT2004,1
4ba9a8,THY5MH,1
4ba8da,TKJ3UD,1
4bb050,TKJ6ZM,1
4b9069,PGT61SF,1
4ba975,TKJ71C,1
4baac5,THY8EC,1
4bab4e,TKJ5CJ,1
4baa50,THY3LT,1
4baa8c,THY2UB,1
4baac3,THY2LU,1
4bb86a,PGT2006,1
4bb84a,PGT15Z,1
4bbd01,TKJ3ZA,1
4bb06a,THY1ZG,1
4bb2a5,TKJ9BL,1
4bb721,MNB149,2
4bb296,TKJ40L,2
4bb10a,THY2LE,1
4bb1e4,THY3SX,1
4bc849,PGT1251,1
485a34,KLM1960,1
4bb1c6,THY39T,1
4bc894,PGT1253,1
4bb879,PGT1259,1
4bb188,THY39T,1
4bb296,TKJ9BL,1
4b906c,PGT1259,1
4bb0eb,THY2LE,1
4bc8c4,PGT1251,1
4841a6,KLM1960,2
4ba9c5,THY3SX,1
4bb2a5,TKJ40L,1
4bb865,PGT1253,1
4bb0ec,THY6NW,1
4bc8cc,PGT1251,1
4baa62,THY39T,1
4bc8c7,PGT1259,1
4bb875,PGT1253,1
4b9c63,THY6411,2
4bb2ad,TKJ40L,1
4ba9e2,THY6NW,1
4bb1c3,THY2LE,1
4bb2a9,TKJ9BL,1
4bb2ab,TKJ9BL,1
4ba9cb,THY6NW,1
4bb1e8,THY39T,2
4bb199,THY2LE,1
4bc89a,PGT1259,1
484fdf,KLM1960,1
4bb14c,THY6409,1
4bc855,PGT1253,1
4bc8c9,PGT1251,1
4bb2b2,TKJ9BL,1
4bc88c,PGT1251,1
484b90,KLM1960,1
4bb2a3,TKJ40L,1
4ba9d2,THY2LE,1
4bc8d4,PGT1253,2
4ba9d4,THY6NW,1
4ba930,THY39T,1
4bb1e8,THY3SX,1
4bc853,PGT1259,1
4ba930,THY6NW,1
4bb2a3,TKJ9BL,1
4bc8d4,PGT1251,1
4bb2a1,TKJ40L,2
4ba92f,THY39T,1
4bc884,PGT1259,1
4bb0e6,THY2LE,1
4bb148,THY3SX,1
4bc8cf,PGT1253,1
4bb2ad,TKJ9BL,1
4ba9c5,THY2LE,1
4bc899,PGT1259,1
4bc894,PGT1251,1
4bb1e7,THY3SX,1
48ada0,LOT1KM,2
48ada0,LOT7MW,2
4bb28e,THY4KR,1
4bb215,THY4YX,1
48ada3,LOT4JH,1
4bb287,THY9UJ,1
48ada3,LOT1KM,2
48ada3,LOT7MW,1
48ada4,LOT4JH,1
4bb219,THY9UJ,1
4bb219,THY4KR,1
48ad80,LOT1KM,1
48adae,LOT4JH,1
48ad83,LOT7MW,1
4bb262,THY9UJ,1
4bb202,THY4KR,1
48ada5,LOT4JH,2
4baa8a,THY9UJ,1
4baa75,THY7RQ,1
4bb210,THY4KR,1
48ad81,LOT4JH,1
4ba9ab,THY7RQ,1
48ad86,LOT7MW,1
4baa63,THY9UJ,1
4bb275,THY4KR,1
48ad86,LOT4JH,1
48ada2,LOT1KM,1
48ada2,LOT7MW,1
4baa73,THY9UJ,1
4baa55,THY4KR,1
48ad81,LOT1KM,1
48ad81,LOT7MW,1
4baa8a,THY4KR,1
4ba9c3,THY3FR,1
4d2038,KMM785,1
4bb068,THY1WM,1
4d24ba,KMM785,1
4bb2b0,THY1WM,1
4bb26b,THY3FR,1
4bb287,THY3FR,1
4baad6,THY1WM,1
4baad0,THY1WM,1
4ba90d,THY3FR,1
4d21db,KMM785,1
4baac4,THY1WM,1
4baa8a,THY3FR,1
4d22ab,KMM785,1
4bb207,THY3FR,1
4bb064,THY1WM,1
4ba915,THY1WM,1
4baac9,THY3FR,1
4bc8c6,PGT450Z,1
4bc88a,PGT87RQ,1
4bab46,THY7TQ,1
4bc890,PGT87RQ,1
4baad9,THY7TQ,1
4baa66,THY7FA,1
4bab29,THY7FA,1
4bc889,PGT87RQ,1
4baacb,THY7TQ,1
4bc886,PGT450Z,1
4baad0,THY7TQ,1
4bc84a,PGT87RQ,1
4bab27,THY7FA,1
4bc84f,PGT87RQ,1
4bc8cc,PGT450Z,1
4ba916,THY7FA,1
4baada,THY7TQ,1
4baa65,THY7TQ,1
4baa6f,THY7FA,1
4bc8ca,PGT450Z,1
4baa61,THY7FA,1
4bc896,PGT87RQ,1
4bc8c6,PGT64FX,1
4bb209,THY9SF,1
34440a,VLG7851,1
4baac7,THY5GM,1
4ba9cd,THY9RB,1
4bc8d0,PGT4EZ,1
342581,VLG7851,1
4bb26e,THY9RB,1
4ba9da,THY9SF,1
4bb068,THY5GM,1
4bc8c7,PGT4EZ,1
4bb1e1,THY9SF,1
4bc8cb,PGT64FX,1
4bb06c,THY5GM,1
4bb26a,THY9RB,1
4bc849,PGT4EZ,1
34768e,VLG7851,1
3444c9,VLG7851,1
4baac1,THY5GM,1
4bb279,THY2AU,1
4bb20b,THY9RB,2
4bb1c3,THY9SF,1
4bc854,PGT4EZ,1
345642,VLG7851,1
4bc846,PGT64FX,1
4baa14,THY1811,1
4bb1e6,THY9RB,1
4bc8ce,PGT4EZ,1
4baa75,THY9SF,1
4bc8cc,PGT4EZ,1
4bab21,THY5GM,1
4bb273,THY9SF,1
347690,VLG7851,1
4baa8d,THY9RB,1
4baa64,THY2AU,1
4ba9e8,THY9SF,1
4bc8cb,PGT4EZ,1
4bb15a,THY6401,1
4baa4d,THY5GM,1
3443d5,VLG7851,1
4baa75,THY2AU,1
4bb325,THY4ZL,1
4bb061,THY8HC,1
4bb06e,THY8HC,1
4baada,THY8HC,1
4ba919,THY4ZL,1
4ba919,THY8HC,1
4bab29,THY4ZL,1
4bb324,THY4ZL,1
4baacf,THY8HC,1
4bb27a,THY4ZL,1
4bb075,THY8HC,1
4bc854,PGT95VX,1
4bb0e5,THY3SP,1
4bb299,TKJ8TP,1
4bc84f,PGT49J,1
4baa79,THY2ZD,1
4baa6e,THY6BA,1
4bc8cd,PGT824B,1
4bc893,PGT95VX,1
4bc84a,PGT49J,1
4baa55,THY6BA,1
4bb86a,PGT824B,1
4bbd07,TKJ8TP,1
4bb286,THY3SP,1
4bb142,THY55C,1
4baa84,THY3SG,1
4baa72,THY2ZD,1
4baa65,THY3SG,2
4baa84,THY2ZD,1
4bc8d5,PGT49J,1
4bc896,PGT824B,1
4bc845,PGT95VX,1
4bb182,THY3SP,1
4ba953,THY55C,1
4bab4f,TKJ8TP,1
4baa5a,THY3SG,1
4bc886,PGT49J,1
4bc88d,PGT95VX,1
4baa4d,THY2ZD,1
4bb202,THY3SP,1
4bc8c8,PGT824B,1
4baa8e,THY6BA,1
4bb190,THY55C,1
4bb219,THY55C,1
4bb293,TKJ8TP,1
4bb208,THY55C,1
4baa4e,THY3SG,1
4bc88d,PGT824B,1
4bc8c3,PGT95VX,1
4baa52,THY3SP,1
4bc854,PGT49J,1
4bc896,PGT907,1
4baa4f,THY2ZD,1
4bc8cf,PGT7005,1
4bc8c3,PGT49J,1
4ba9ef,THY6419,1
4baa81,THY6BA,1
4bb056,TKJ6652,1
4bc88a,PGT7175,1
4baa4f,THY3SG,1
4bc889,PGT824B,1
4bc8c6,PGT95VX,1
4bb2ab,TKJ8TP,1
4baa86,THY6GD,1
4bb26d,THY68J,1
4bb2a1,TKJ1KQ,1
4baa6c,THY1NB,2
4b9521,TKJ8SJ,1
4bab56,TKJ8SJ,1
4bb284,THY68J,1
4baa69,THY1NB,1
4baa8a,THY2XV,1
4baa90,THY6GD,2
4bb04d,TKJ1KQ,3
4bb282,THY1NB,1
4bb294,TKJ8SJ,1
4bb289,THY68J,1
4ba88f,THY6445,2
4b9e06,TKJ1KQ,1
4baa4f,THY2XV,1
4baa67,THY6GD,1
4bb28b,THY6GD,1
4baa6f,THY2XV,1
4bb285,THY1NB,1
4b9c61,BBT7034,1
4bb28e,THY68J,2
4bb2a3,TKJ1KQ,1
4bb1e3,THY2XV,1
4bb266,THY6GD,1
4bb056,TKJ8SJ,2
4baa55,THY1NB,1
4bb208,THY68J,1
4bb1e7,THY2XV,1
4bb20d,THY6GD,1
4bb2a5,TKJ1KQ,1
4bb20c,THY1NB,1
4bb26f,THY68J,1
4baa90,THY4TU,1
4bb21a,THY7YS,1
4bc893,PGT465A,1
4baa88,THY4TU,1
4bb06c,THY7YS,1
4bc88a,PGT465A,1
4bc847,PGT465A,1
4baa69,THY4TU,1
4bb205,THY7YS,1
4baa86,THY7YS,1
4bb213,THY4TU,1
4bc889,PGT465A,1
4baa67,THY4TU,1
4baa90,THY7YS,1
4bc8c4,PGT465A,1
4bb20a,THY7YS,1
4bc88b,PGT465A,1
4bb207,THY4TU,1
4bc84b,PGT465A,1
4baa85,THY7YS,1
4bab23,THY4TU,1
4b8533,PGT5AL,1
4bb841,PGT5AL,1
4b9069,PGT5AL,1
4bb201,THY1ED,1
4bb069,THY6FD,1
4baa67,THY6JU,1
4ba8ca,TKJ3XU,1
4bb867,PGT6WG,1
4b8e0b,PGT54VC,1
4bb219,THY5CV,1
4bb20d,THY6JU,1
4bbd12,TKJ3XU,1
4bb207,THY5CV,1
4bb20c,THY1ED,1
4b8e47,PGT54VC,1
4bc84c,PGT6WG,1
4baa65,THY1ED,1
4bb276,THY5CV,1
4baa70,THY6JU,1
4bab2c,THY6FD,1
4bab52,TKJ3XU,1
4bc842,PGT54VC,1
4baa5a,THY1ED,1
4bc842,PGT6WG,1
4bb203,THY5CV,1
4bc84f,PGT54VC,1
4b9c62,THY6503,1
4bb28c,THY6JU,1
4b8750,PGT54VC,1
4baa8d,THY6JU,1
4bc847,PGT6WG,1
4bb26a,THY1ED,1
4bb028,TKJ3XU,1
4baacf,THY6FD,1
4baa92,THY5CV,1
4bb213,THY6JU,1
4bb208,THY5CV,1
4bc846,PGT54VC,1
4bb322,THY1ED,1
4ba905,TKJ3XU,1
4ba9ef,THY6503,1
4bc8c9,PGT6WG,1
4bc84f,PGT6WG,1
4bb281,THY6JU,1
4ba90b,THY1ED,1
4bab4f,TKJ3XU,1
4bb209,THY5CV,1
4bc844,PGT54VC,1
4b9e05,TKJ39Q,2
4bb873,PGT1045,1
4bc8d3,PGT774R,1
4bb26b,THY9AF,1
4bb206,THY60R,1
4bc8d0,PGT774R,1
4bb27a,THY60R,1
4bb2ad,TKJ39Q,1
4baac9,THY3FW,2
4bc848,PGT1045,1
4bb287,THY3TD,1
4baa6e,THY3FW,1
4bc848,PGT774R,1
4bb262,THY60R,1
4baa96,TKJ39Q,1
4bc890,PGT1045,1
4b9e02,TKJ39Q,1
4bab48,THY9AF,1
4baacd,THY3TD,1
4bc8d4,PGT1045,1
4b8750,PGT774R,1
4baa8d,THY60R,1
4bb263,THY9AF,1
4ba9d3,THY60R,1
4bb853,PGT774R,1
4baac2,THY3FW,1
4bc84e,PGT1045,1
4baa70,THY3TD,1
4baa69,THY9AF,1
4bb87a,PGT774R,1
4bab45,THY3FW,1
4baa50,THY3TD,1
4bb283,THY60R,1
4b8e03,PGT1045,1
4b9067,PGT774R,1
4bb208,THY3TD,1
4b9e03,TKJ39Q,1
4baa52,THY9AF,1
4bb286,THY3FW,1
4bc854,PGT1045,1
4bb20e,THY60R,1
4baa4e,THY4MG,1
4bc886,PGT774T,2
4bb20a,THY8HE,1
4bc853,PGT774T,1
4bb20f,THY8HE,1
4bb28a,THY4MG,1
4bb272,THY4MG,1
4bc850,PGT774T,1
4baa8a,THY8HE,1
4632b0,ABF9,3
4bb876,PGT774T,1
4bb210,THY4MG,1
4bb21a,THY8HE,1
4bb214,THY4MG,1
4bb20b,THY8HE,1
4bb26f,THY4MG,1
4bb203,THY8HE,1
4b8e45,PGT774T,1
4bb28e,THY8HE,1
4bb261,THY4MG,1
4bc85a,PGT774T,1
4b8533,PGT89Z,1
4ba8d2,TKJ6QP,1
4ba8d2,TKJ69N,1
4ba90b,THY9TG,1
4bc8cc,PGT63W,1
4bc881,PGT31QC,1
4bb055,TKJ4GN,1
4baa66,THY6NV,1
4bab48,THY7BR,1
4ba979,TKJ1DK,1
4bc8d2,PGT69WT,1
4baa76,THY8TJ,1
4bb875,PGT31RA,1
4ba8ca,TKJ4GN,1
4baac5,THY3PN,1
4baa0d,THY7BR,1
4bbd0a,TKJ6QP,2
4b8582,TCALB,3
4bab2f,THY9TG,1
4bc8cd,PGT69WT,1
4baa70,THY6NV,1
4bb872,PGT559U,1
4b9e02,TKJ3NF,1
4b9e02,TKJ69N,1
4baacc,THY3PN,1
4ba99a,THY7XC,1
4bab56,TKJ69N,1
4b8750,PGT89Z,1
4baac3,THY7BR,1
4ba976,TKJ3NF,1
4bc896,PGT31QC,2
4baa0b,THY6NV,1
4bc85a,PGT31RA,1
4bc899,PGT69WT,1
4bc88c,PGT2830,1
4bbd0a,TKJ4GN,1
4bab47,THY7BR,1
4baa93,TKJ6QP,1
4bb872,PGT31RA,1
4bc894,PGT31QC,1
4b8e05,PGT89Z,1
4ba993,THY8TJ,1
4bc84f,PGT69WT,1
4ba99a,THY6NV,2
4bab25,THY3PN,1
4ba995,THY9TG,1
4baacd,THY3PN,1
4bc89a,PGT31RA,1
4bc8cf,PGT69WT,1
4ba912,THY7BR,1
4bc852,PGT2830,1
4bab45,THY9TG,1
4bb84a,PGT89Z,1
4bb2aa,TKJ69N,1
4b9e06,TKJ6QP,1
4baaca,THY8TJ,1
4baa10,THY3PN,1
4bc855,PGT559U,1
4bc899,PGT31QC,1
4ba916,THY3892,1
4ba904,TKJ6QP,1
4baac9,THY9TG,1
4ba90d,THY7BR,1
4b9521,TKJ69N,1
4baa67,THY8TJ,1
4bc8d5,PGT31RA,1
4bb862,PGT69WT,1
4bb02b,TKJ4GN,1
4b9e02,TKJ36M,1
4baacb,THY8TJ,1
4bb028,TKJ69N,1
4bab46,THY3890,1
4bc8c2,PGT69WT,1
4bc8ce,PGT31QC,1
4bb027,TKJ4GN,1
4ba914,THY6NV,1
4bb026,TKJ6QP,1
4baa1a,THY3PN,1
4baace,THY7BR,1
4bc8c6,PGT89Z,1
4baaca,THY9TG,1
4b8e05,PGT78NY,1
4bab2c,THY30H,1
4bb841,PGT991H,1
4bbd01,TKJ5BU,1
4bb287,THY5MJ,1
4bb853,PGT991H,1
4bc887,PGT78NY,1
4b9e05,TKJ5BU,2
4bb26b,THY30H,1
4bb861,PGT78NY,1
4bbd09,TKJ5BU,1
4bb286,THY30H,1
4bc8c9,PGT991H,1
4baa88,THY5MJ,1
4bc8c7,PGT78NY,1
4b8533,PGT991H,1
4bb283,THY30H,1
4bb28a,THY5MJ,1
4bc84d,PGT991H,1
4baa87,THY30H,1
4baa79,THY5MJ,1
4bb26c,THY4QL,1
4bc899,PGT78NY,1
4b9e02,TKJ5BU,1
4baa92,THY30H,1
4bc844,PGT991H,1
4bc859,PGT78NY,1
4bb205,THY5MJ,1
4b8e46,PGT991H,1
4bc850,PGT78NY,1
4bb206,THY30H,1
4bc885,PGT86RA,1
4bb26f,THY2XA,1
4bb283,THY1DU,1
4baa84,THY8TW,1
4bb2a2,TKJ75T,1
4bc882,PGT4RP,1
4baa6e,THY2XA,1
4baa8d,THY8TW,1
4bb289,THY50V,1
4bb281,THY1DU,1
4bc8d3,PGT86RA,1
4bc8d3,PGT4RP,1
506ca5,RMB2,3
4baa94,TKJ75T,1
4baa64,THY50V,1
4bc854,PGT86RA,1
4bb207,THY1DU,1
4baa76,THY8TW,1
4bc8c3,PGT4RP,1
4bbd0a,TKJ75T,1
4bc841,PGT86RA,1
4bc893,PGT4RP,1
4bb20c,THY1DU,1
4b9521,TKJ75T,1
4baa75,THY2XA,1
4bb205,THY50V,1
4bb262,THY8TW,1
4bb21a,THY2XA,1
4baa66,THY8TW,1
4bc841,PGT4RP,1
4bb26f,THY1DU,1
4baa93,TKJ75T,1
4ba9d0,THY50V,1
4bc855,PGT86RA,1
4bb205,THY1DU,1
4baa7a,THY50V,1
4ba9e8,THY2XA,1
4bc8cd,PGT86RA,1
4bb203,THY8TW,1
4bc8c5,PGT4RP,1
4bbd05,TKJ75T,1
4ba8d2,TKJ75T,1
4bb210,THY1DU,1
4bc8cc,PGT86RA,1
4bc89a,PGT4RP,1
4bb1a3,THY50V,1
4bb26c,THY8TW,1
4baa70,THY2XA,1
4bc859,PGT1157,1
4bb263,THY1CU,1
4bb203,THY9WR,1
4bc8c9,PGT1157,1
4ba9fa,THY6615,1
4bb273,THY1CU,1
4bb26c,THY9WR,1
4bb075,THY8RU,1
4ba90d,THY9WR,1
4bb863,PGT1157,1
4bb28f,THY1CU,1
4bb265,THY9WR,1
4baac2,THY8RU,1
4bb215,THY1CU,1
4bb86a,PGT1157,1
4bc8c7,PGT1157,1
4bb288,THY1CU,1
4ba9f9,THY6548,1
4bb063,THY9WR,1
4bc841,PGT1157,2
4bb270,THY1CU,1
4baa75,THY9WR,1
4bb284,THY1CU,1
4baac6,THY8RU,1
4bb86e,PGT460,1
4bb20a,THY8EQ,1
4baa72,THY9FH,1
4baa69,THY9FH,1
4bab47,THY8EQ,1
4ba90f,THY8EQ,1
4bb28e,THY9FH,1
4baa65,THY8EQ,1
4baada,THY9FH,1
4bb856,PGT460,1
4baa6b,THY9FH,1
4baa4d,THY8EQ,1
4baa76,THY8EQ,1
4bb202,THY9FH,1
4baa7a,THY8EQ,1
4bb87a,PGT460,1
4bb20d,THY9FH,1
4baa55,THY4VK,1
4bc896,PGT738L,1
4bb262,THY6XR,1
4bc882,PGT738L,1
4d24ff,FJO67M,3
4baa53,THY4VK,1
4baa52,THY4KN,1
4bb275,THY6XR,1
4bc8d4,PGT738L,1
4baa74,THY4KN,1
4baa64,THY4VK,1
4baac4,THY6XR,1
4baa70,THY4KN,1
4bc84e,PGT738L,1
4baa6c,THY6XR,2
4bc89a,PGT738L,1
4bab48,THY4VK,1
4bb203,THY4KN,1
4baa73,THY4VK,1
4bc887,PGT738L,1
4baa59,THY4KN,1
4baa86,THY6XR,1
4bb209,THY4KN,1
4bc852,PGT738L,1
4bb284,THY1FM,1
4bab2f,THY3UM,1
4ba91a,THY3UM,1
4bb28d,THY1FM,1
4bb274,THY3UM,1
4bb26e,THY1FM,1
4bb212,THY1FM,1
4bb276,THY3UM,1
4ba90e,THY20V,1
4bb067,THY6BS,1
4bb064,THY6BS,1
4b9c63,THY6754,1
4bab2c,THY20V,1
4bb075,THY20V,1
4bb069,THY6BS,1
4bb322,THY20V,1
4bb324,THY6BS,1
4bb06d,THY20V,1
4baac8,THY6BS,1
4bb321,THY1471,1
4bb069,THY20V,1
4bb068,THY6BS,1
4bb28a,THY7WB,1
4ba9e9,THY57E,1
4bb0e9,THY2TL,1
4baa62,THY57E,1
4bb207,THY7JM,1
4baac5,THY7WB,1
4bb219,THY57E,1
4baa8e,THY2TL,1
4bb285,THY7WB,1
4bb20c,THY7JM,1
4baa84,THY7WB,1
4baa64,THY7JM,1
4bb288,THY57E,1
4bb108,THY2TL,1
4b9c62,THY6429,1
4bb21a,THY2TL,1
4bb14e,THY6427,1
4bb26a,THY7JM,1
4bb0ef,THY57E,1
4bb20c,THY7WB,1
4ba9cd,THY2TL,1
4bb212,THY57E,1
4bb201,THY7JM,1
4bb26c,THY7WB,1
4bb1e6,THY2TL,1
4bb205,THY7JM,1
4bb28c,THY7WB,1
4bb848,PGT99SH,1
4bb263,THY5VM,1
4baa65,THY3UY,1
4baa63,THY5UK,1
4bb47a,MNB631,1
4d2427,WZZ221F,2
4bb287,THY5VM,1
471db0,WZZ221F,1
4ba9f5,THY6511,1
4baa87,THY3UY,1
4bb20e,THY5UK,1
4bb863,PGT99SH,1
471f36,WZZ221F,3
4bb261,THY5UK,2
4b9df5,THY6551,1
4bb86a,PGT99SH,1
4bb275,THY5VM,1
4bb027,TKJ7DT,1
4bc8cd,PGT99SH,1
4bb208,THY5UK,1
4bab25,THY3UY,1
4baa8e,THY3UY,1
4bb46f,MNB431,1
4b8e46,PGT99SH,1
4bb210,THY5UK,1
4ba88f,THY6743,1
4baa86,THY5VM,1
4bcced,THY6555,2
4b9e06,TKJ7DT,1
4baa10,THY3UY,1
4bb28d,THY5VM,1
4bb861,PGT99SH,1
4bab4e,TKJ7DT,1
4bcced,THY6630,1
471dbd,WZZ221F,1
4bb203,THY5UK,1
4bc887,PGT220W,1
4b8e05,PGT99SH,1
4bb47a,MNB531,1
4bab21,THY3UY,1
4bb28e,THY5VM,1
4baa48,THY2CY,1
4baa0d,THY6801,1
4bb026,TKJ98Y,1
4bc848,PGT83JD,1
4baa74,THY9EX,1
4baa14,THY6801,1
4baa96,TKJ98Y,1
4ba8e3,TKJ85G,1
4bc8d2,PGT36XZ,1
4baa47,THY6AK,2
4baa46,THY9EX,1
4ba8c8,TKJ98Y,1
4bb055,TKJ85G,1
4bb853,PGT36XZ,1
4baa49,THY2CY,2
4b9e02,TKJ85G,1
4bb028,TKJ1XN,1
4bb043,THY9EX,1
4b9e06,TKJ98Y,1
4bc8c6,PGT2862,1
4bb2aa,TKJ2RL,1
4bc8cb,PGT2SZ,1
4baa52,THY2TD,1
4baa8e,THY4CA,1
4bc88b,PGT161K,1
4baa54,THY4PD,1
4baac9,THY9CP,1
4bc8d2,PGT37EJ,1
4bb322,THY2TD,1
4baa87,THY9CP,1
4bb84c,PGT2SZ,1
4ba90d,THY30W,1
3c65a1,DLH763,1
4bb841,PGT161K,1
4baa84,THY4PD,1
4baa96,TKJ2RL,2
4bb879,PGT37EJ,1
43eade,MILTA,2
4baa92,THY30W,1
4baa79,THY9CP,1
4bc88b,PGT37EJ,1
4bc8d2,PGT161K,1
4bab4e,TKJ2RL,1
4bab45,THY2TD,1
4bb203,THY4PD,1
4bc84d,PGT2SZ,1
4baac7,THY9CP,1
4ba9c3,THY2TD,1
4bc8ce,PGT37EJ,1
4bb868,PGT161K,1
4ba919,THY30W,1
4bc8d5,PGT2SZ,1
4baa76,THY4PD,1
4bb294,TKJ2RL,1
4bb189,THY30W,1
4bb848,PGT2SZ,1
4bb209,THY4CA,1
4bc859,PGT37EJ,1
4baa8c,THY9CP,1
4bc8d3,PGT161K,1
4ba916,THY2TD,1
4bab46,THY4PD,1
4bb281,THY4CA,1
4baac4,THY9CP,1
4bab45,THY4PD,1
4ba9cb,THY2TD,1
4bc8d3,PGT37EJ,1
4bb283,THY30W,1
4bc88f,PGT161K,1
4ba8d2,TKJ2RL,1
4bb844,PGT2SZ,1
4baa6e,THY4PD,1
4bc842,PGT161K,1
3c56a1,GEC8345,1
4bc84c,PGT2SZ,1
4baad6,THY9CP,1
4baa6f,THY30W,1
4b9e06,TKJ2RL,1
4bc846,PGT37EJ,1
4bc844,PGT663R,1
4bb026,TKJ7PL,1
4bc8ce,PGT5VB,1
4bc84f,PGT5VB,1
4bb2a2,TKJ7PL,1
4bc885,PGT5VB,1
4ba8e3,TKJ7PL,1
4bc849,PGT663R,1
4bb2a9,TKJ7PL,1
4bc8ca,PGT5VB,1
4ba8d2,TKJ7PL,1
4bb866,PGT663R,1
4bc848,PGT5VB,1
4bc85a,PGT663R,1
4bb2b2,TKJ7PL,1
4bc886,PGT5VB,1
4bc8ce,PGT663R,1
4bc88b,PGT5VB,1
4ba975,TKJ7PL,1
4ba993,THY3VG,1
4bb86f,PGT91VL,1
4ba914,THY8XT,1
4bab21,THY3VG,1
4b8e47,PGT91VL,2
4ba995,THY8XT,1
4bc886,PGT91VL,1
4baa69,THY82F,1
4bc846,PGT3BR,1
4baacd,THY8NZ,1
4baad6,THY8NZ,1
4ba90d,THY82F,1
4bc8cd,PGT3BR,1
4bb065,THY8NZ,1
4bc89a,PGT3BR,1
4bb208,THY8NZ,1
4ba8e3,TKJ53D,1
4bc84c,PGT3BR,1
4bb205,THY82F,1
4bc882,PGT3BR,1
4ba9cd,THY82F,1
4bb202,THY8NZ,1
4bc889,PGT3BR,1
4ba9e1,THY82F,1
4ba904,TKJ53D,1
4bb20f,THY8NZ,1
4bc881,PGT3BR,1
4bb296,TKJ53D,1
4bb20d,THY8NZ,1
4a524f,TOY442,1
4bb28d,THY82F,1
484345,BFY366P,1
4d20e1,AXY553Y,1
4bb722,MNB9401,1
4baacb,THY4JY,3
506ca0,MNB9350,1
506c30,MNB9345,5
4ba90b,THY9ES,1
4bb722,MNB9403,1
4bb721,MNB9405,1
4baad5,THY9ES,1
4bb722,MNB9407,1
4bb722,MNB9409,1
4bc899,PGT1099,1
4bb272,THY2LZ,2
4bb207,THY1PV,1
4bb20d,THY9HD,1
4b9c63,THY6634,1
4bc885,PGT344M,1
4bb209,THY9HD,1
4bb201,THY1PV,1
347692,AEA1684,1
4bb282,THY2LZ,1
4bc8c2,PGT1099,1
4bb153,THY6417,1
4bb208,THY9HD,1
4bb155,THY6415,1
4bc8d3,PGT1099,1
4bb20c,THY1PV,1
4bc8ca,PGT344M,1
4bb281,THY8LJ,1
4baa7a,THY2LZ,1
347348,AEA1684,1
4bb196,THY2LZ,1
344297,AEA1684,1
4bb153,THY6757,1
4ba890,THY6421,1
4bc85a,PGT1099,1
4bb219,THY1PV,1
4bb26e,THY9HD,1
4bb206,THY1PV,1
346181,AEA1684,1
4bb20c,THY8LJ,1
4bc8d2,PGT344M,1
4bc8ca,PGT1099,1
706074,KAC133,1
4ba9fa,THY6417,1
4bb26b,THY2LZ,1
4bc894,PGT1099,1
3450d8,AEA1684,2
4bc8d5,PGT344M,1
4bab30,THY9HD,1
4bb287,THY1PV,1
4bc893,PGT1099,1
4ba869,THY6447,1
4bb262,THY2LZ,1
4bb283,THY9HD,1
4bb14f,THY6682,1
4bb868,PGT35JN,1
4bb870,PGT35JN,1
4bb87a,PGT35JN,1
4bb84a,PGT35JN,1
4bb875,PGT35JN,1
4bb863,PGT35JN,1
4bb066,THY7SP,1
4baac2,THY2SM,1
4bab21,THY9NL,1
4bb86a,PGT17YG,1
4bc85a,PGT2256,1
4bc8d0,PGT800B,1
4bab23,THY1LK,1
4ba99a,THY7SP,1
4baa6f,THY2SM,1
4bc84c,PGT17YG,1
4bab25,THY1LK,1
4bc848,PGT2256,1
4bb06d,THY7SP,1
4ba8c8,TKJ4KC,1
4bab28,THY7SP,2
4ba90c,THY2SM,1
4bb850,PGT87MP,1
4bbd07,TKJ4KC,1
4ba9a9,THY1LK,1
4ba902,TKJ4ZG,1
4bb075,THY1297,1
4bc8c9,PGT852E,1
4bb06b,THY41L,1
4bc8cc,PGT852E,1
4bc884,PGT852E,1
4bb066,THY1297,1
4bc84d,PGT852E,2
4bb321,THY41L,1
4bc8d5,PGT852E,1
4ba912,THY41L,1
4bc8c4,PGT852E,1
4bb285,THY1297,1
4bb06b,THY1YA,1
4b8e46,PGT11NW,1
4bb056,TKJ5QY,1
4baa93,TKJ3SY,1
4bb065,THY3YS,1
4bab30,THY3YH,1
4bb06e,THY3YS,1
4bb06b,THY3YH,1
39ceb8,TVF92EU,1
4bb205,THY3YS,1
39cea3,TVF92EU,1
4bb292,THY3YH,1
4bab2f,THY1XY,1
4bb324,THY7VM,1
4baacf,THY7VM,1
4baac7,THY7VM,1
4baac1,THY1XY,1
4bb879,PGT375,1
4ba90c,THY1XY,1
4bab2f,THY7VM,1
4bb20b,THY1XY,1
4bab2c,THY7VM,1
4bab2d,THY7VM,1
4ba91a,THY6LM,1
440d92,FDX4797,1
4bb154,THY6033,1
a5d4c3,THY6044,1
a5d4c3,THY6047,1
440d92,FDX4725,1
ac01fc,FDX5217,1
a5dc31,THY6051,1
a5d4c3,THY6015,1
4bb150,THY6087,1
4ba919,THY7DL,1
4ba90c,THY7DL,1
4bab2d,THY9KJ,1
4caeaf,NOS9022,1
4bab2f,THY7DL,1
4baa54,THY9KJ,1
4baad9,THY9KJ,1
4baac7,THY7DL,1
4bb072,THY9YG,1
4bb062,THY6DS,1
4bb324,THY9YG,1
4bb321,THY6DS,1
4baa88,THY6DS,1
4bb282,THY9YG,1
4bb323,THY6DS,1
4bab2f,THY6DS,1
4baac9,THY9YG,1
4bab2d,THY9YG,1
4baa84,THY7XR,1
4bb066,THY6ZP,1
4bb20d,THY7XR,1
4bb075,THY6ZP,1
4bb219,THY7XR,1
4bb214,THY7XR,1
4bb322,THY6ZP,1
4bc850,PGT583G,1
4bc894,PGT583G,1
4bc8c8,PGT583G,1
4b9065,PGT583G,1
4bc855,PGT583G,1
4b8e45,PGT583G,1
4baa64,THY4GW,1
4bab45,THY4GW,1
4baa64,THY7PU,1
4baad5,THY7PU,1
4baad6,THY4GW,1
4bcced,THY6603,1
4ba914,THY4GW,1
4bab2f,THY7PU,1
4bb279,THY7PU,1
4baa4e,THY4GW,1
4baa65,THY7PU,1
4bb274,THY4GW,1
4bb292,THY4GW,1
4baa73,THY2WS,1
4bb288,THY1SA,1
4bb202,THY1SA,1
4bb070,THY2WS,1
4bb214,THY1SA,1
4bb28b,THY2WS,1
4baada,THY2WS,1
4baa53,THY1SA,1
4baa50,THY1SA,1
4bb281,THY6QQ,1
4bb20c,THY2BH,2
4ba90f,THY6QQ,1
4bb283,THY2BH,1
4bb21a,THY6QQ,1
4bb26b,THY2BH,1
4bb266,THY6QQ,1
4baacb,THY2BH,1
500262,T7SAS,1
4bb261,THY6QQ,1
4bb207,THY2BH,1
4bb26e,THY6QQ,1
4bda8e,TCVTN,1
4bb286,THY2BH,1
4bb274,THY6QQ,1
4bb070,THY70A,1
4bb321,THY8KS,1
4bab45,THY70A,1
4bb062,THY8KS,1
4692d2,AEE505,2
4bb262,THY1DJ,1
4b18d9,PJZ063,1
4baa09,THY1DJ,1
4ba92f,THY6881,1
4baac7,THY2MQ,1
4bb26a,THY1DJ,1
4baacc,THY2MQ,1
4bb321,THY1DJ,1
4bb325,THY2MQ,1
4ba90b,THY2MQ,1
4ba914,THY1DJ,1
4ba9ab,THY2MQ,1
4bb28c,THY1DJ,1
4baacb,THY6VZ,1
4bb061,THY6VZ,1
4bb072,THY6ES,1
502d9f,BTI712,1
4bab2d,THY6VZ,1
4bb323,THY6VZ,1
4bab2d,THY6ES,2
502cce,BTI712,1
4baa6e,THY6ES,1
502d3e,BTI712,1
4bb06f,THY6VZ,1
4ba90f,THY6VZ,1
4baa8a,THY6ES,1
4baac3,THY2UW,1
4baacd,THY94S,1
4ba919,THY2UW,1
4bab2f,THY94S,1
4bc847,PGT718P,1
4bc844,PGT718P,1
4b9065,PGT1263,1
4bb84f,PGT718P,1
4bb854,PGT718P,1
4bca68,RHH443,1
4bb876,PGT1263,1
4bbd07,TKJ301,1
4bc8ca,PGT718P,1
3c08bd,LUA698Y,1
440890,TYW758,1
a9a20d,N72JT,5
3c4dc8,DLH3UP,1
3c8481,ADN87D,6
3c4dd2,DLH7KW,1
3c4dc9,DLH7KW,1
3c4dd0,DLH3UP,1
3c4dd0,DLH7KW,1
3c4dce,DLH3UP,1
3c4dce,DLH7KW,1
3c4dc2,DLH3UP,1
3c4dcd,DLH7KW,1
3c4dc1,DLH7KW,1
3c4dc1,DLH3UP,1
48e95c,LOT3EN,1
48adb9,LOT8AU,1
48ad87,LOT3808,1
48ad0f,LOT6MJ,1
48ada2,LOT8AU,1
489789,LOT3EN,1
48ad03,LOT3808,3
48ad80,LOT6MJ,1
48ac82,LOT8AU,1
48e95b,LOT3EN,1
48ac81,LOT8AU,1
489788,LOT3808,1
48ac82,LOT3EN,1
48ada2,LOT6MJ,1
48d960,PLF105,3
489789,LOT3808,1
48af05,LOT3EN,1
48ad80,LOT8AU,1
48ae85,LOT6MJ,1
48ada6,LOT8AU,1
48ad83,LOT6MJ,1
48ada8,LOT8AU,1
4cae6c,RYR4163,1
4ca8e8,RYR923,1
4d251b,RYR8QU,1
3452c8,ANE57LC,1
345388,ANE32ZP,1
345543,ANE75NV,1
3485d2,ANE32ZP,1
345250,ANE32ZP,1
3451da,ANE75NV,1
490d08,NJE214P,1
4911f7,TES232,1
348402,ANE15VN,1
4d02c4,JFA35P,1
4d021d,SVW74VI,1
3c49b1,TUI64L,1
490d01,NJE606Q,1
3c0c9e,TUI9FY,1
3c4b45,EWG47EZ,1
3c0ca7,TUI5JM,1
3451d4,VLG5UB,1
348208,VLG5UB,1
34258f,VLG5UB,1
348209,VLG5UB,1
3451d5,VLG7YA,1
345101,VLG7YA,1
345314,VLG7YA,1
4601f2,FIN8G,1
4601f5,FIN8G,1
4601f3,FIN8TQ,1
4601f6,FIN8TQ,1
4601fc,FIN8G,1
4601fc,FIN8KH,2
4601f8,FIN286,1
4601f3,FIN8KH,1
4601fb,FIN286,2
4601f7,FIN286,1
467891,T42,5
4601fd,FIN8KH,1
4601f4,FIN286,1
4601f7,FIN8KH,1
4601f2,FIN286,1
467891,T24,3
467893,T25,3
46788d,W11,5
467891,FNF122,1
458664,CAT519,1
471f72,WZZ405,1
48c825,AMQ4F,4
48c5f9,SAR1981,1
48c5e8,SAR1981,2
48c5e6,SAR1981,2
4d2020,WZZ55NS,2
48c235,RYR8VT,1
471f4a,WZZ55NS,1
471f3d,WZZ55NS,1
4d200e,WZZ55NS,1
48c225,RYR8VT,1
471f5d,WZZ55NS,1
4d24ca,RYR8VT,1
4d2402,WZZ55NS,1
4d2434,WZZ7KD,2
48c235,RYR3YB,1
501e45,JSY3C,1
4d200d,WZZ7KD,1
4d2212,RYR3YB,1
48c135,RYR8686,1
48ad0d,LOT8WZ,1
48ad83,LOT2LW,1
48ad0f,LOT4KH,1
48ad0f,LOT2LW,1
48b2d1,LPR41,6
48ad86,LOT3886,1
48ad81,LOT4KH,1
48af0b,LOT3KZ,1
48adad,LOT8WZ,1
48ada6,LOT4KH,1
471f3d,WZZ805,1
48adad,LOT4KH,1
48ada1,LOT3KZ,1
489786,LOT3886,1
489789,LOT8WZ,1
4d24b6,SEU7581,1
48ada2,LOT2LW,1
48af08,LOT9002,1
48ada8,LOT9004,1
48ad0e,LOT4KH,1
48ad87,LOT4KH,1
48ada5,LOT3KZ,1
4d24ab,WZZ405,1
48ad0f,LOT3886,1
48ad80,LOT2LW,1
48ad0c,LOT4KH,1
4892c5,ENT5103,1
4d24b4,WZZ72BN,1
4d248d,WZZ72BN,1
4d200e,WZZ401,1
4d2479,WZZ72BN,1
4d2402,WZZ72BN,1
471f4a,WZZ1AD,1
4d248d,WZZ39TT,3
4d248d,WZZ1AD,2
4d24b4,WZZ93TT,2
4d24b4,WZZ39TT,2
4d248d,WZZ93TT,1
4d2479,WZZ1AD,1
471f5d,WZZ1AD,2
4d2479,WZZ93TT,1
4d2479,WZZ39TT,1
4d2434,WZZ93TT,1
4d2434,WZZ39TT,1
471f4a,WZZ6SQ,1
3480ce,WFL7203,1
4d24b4,WZZ6SQ,1
4d2479,WZZ6SQ,1
4cae60,RYR493X,1
4ca566,RYR22BW,1
4cae4b,RYR493X,1
48c12b,RYR493X,1
48c235,RYR816U,1
48c26c,RYR816U,1
4d248d,WZZ98KT,2
48c26c,RYR28MV,1
48c225,RYR28MV,2
48c26c,RYR14DJ,1
4d248d,WZZ6M,2
471f4a,WZZ6M,1
3007f1,DLA2NC,1
3009b8,DLA3CH,1
3009b3,DLA2NC,1
3007f2,DLA2NC,1
3009b4,DLA3CH,1
3006b5,DLA2NC,1
300782,DLA3CH,1
3009b2,DLA2NC,1
300393,DLA3CH,1
3007ef,DLA2NC,1
3009b8,DLA2NC,1
3c56a9,GEC8319,1
3009b5,DLA3CH,1
48e9f6,RYR1277,1
4d2216,RYR2615,1
48c26c,RYR2615,1
471f4a,WZZ89RG,1
48c12b,RYR5PM,1
48c12b,RYR2615,2
4d2216,RYR99QA,1
48c225,RYR99QA,1
48c12b,RYR99QA,1
4caca1,ABR6TW,1
4cabc4,ABR6TW,3
341119,BCS5917,1
4caed4,BCS5917,1
4caed4,BCS3AL,1
440bcd,BCS5917,1
440bbf,BCS3AL,1
4cac65,BCS3AL,1
3c1baf,BCS5917,1
3c5431,BCS5917,1
4d2368,RYR60SX,2
4cae6a,RYR58PD,1
4cae6a,RYR60SX,1
4cae96,RYR60SX,1
48c2a7,RYR60SX,1
4ca244,RYR25GQ,1
4d2255,RYR25GQ,1
4ca24e,RYR2YT,1
4caa61,RYR2YT,1
48c1a1,RYR2YT,1
4d220b,RYR2YT,1
4ca647,RYR2YT,1
4ca804,RYR3PD,1
341699,SWT38U,1
3451d6,SWT38U,2
4cadb8,RYR6156,1
4d2387,RYR6156,2
4ca763,RYR6156,1
4cae54,RYR54VV,1
3f4ba9,GAF232,1
3f4ba9,GAF215,1
48c124,RYR25UT,1
4cae4b,RYR25UT,1
4caa61,RYR25UT,1
341699,SWT41C,2
4b9322,TCDYB,1
3d6a4b,DFMMT,1
3d4a9b,EIS34,2
3cf62a,UNI137,1
44081e,AUA110,1
440822,AUA110,1
440828,AUA110,1
44012f,AUA6004,1
4601fd,FIN394,1
4601f9,FIN396,1
4601f7,FIN394,3
4601fd,FIN396,1
4601f5,FIN396,1
4601fb,FIN396,1
4601f6,FIN396,1
4601f8,FIN394,1
4601fd,FIN392,1
46bc4e,AEE5GS,2
46bc52,AEE1GS,1
46bc4b,AEE3GS,1
46d1cf,SEH5KA,2
46bc4d,AEE1GS,1
46bc54,AEE1GS,2
46bc4e,AEE7AR,1
46ced4,SEH3KA,1
46d276,SEH7KA,2
46bc53,AEE3GS,1
46bc52,AEE3GS,1
46bc3a,AEE7AR,1
46bc4e,AEE3GS,1
46d0ad,SEH3KA,1
46bc4b,AEE7AR,1
46d0c9,SEH7KA,1
46d0c9,SEH2AK,1
4692cd,AEE223,1
4690f9,AEE6401,1
489788,LOT518,1
48ad10,LOT1EB,1
48ad0d,LOT1EB,1
48ada9,LOT518,1
48ad86,LOT1EB,1
48ada4,LOT518,1
505e8e,EAT421,1
4d2258,RYR3FK,1
49d64c,PRG031,1
4d2080,RYR3FK,2
4d223f,RYR3FK,1
4ca810,RYR3FK,1
3007ef,AUA65C,1
300557,AUA652Z,3
300557,AUA65C,2
300738,AUA652Z,1
300394,AUA652Z,1
300781,AUA652Z,1
471dc1,WZZ3VJ,1
471dc1,WZZ7W,5
471db6,WZZ3VJ,2
471db6,WZZ7W,1
46788d,W12,2
467891,T32,1
4601f6,FIN5ET,2
4601f5,FIN3G,1
4601f5,FIN27J,1
4601fa,FIN6YP,1
4601fc,FIN5ET,1
4601f9,FIN6YP,1
4601f9,FIN27J,1
4601fd,FIN3G,1
4601f7,FIN27J,1
4601f8,FIN6YP,1
4601f8,FIN3G,1
4601f9,FIN5ET,2
4601f2,FIN6YP,1
4601f3,FIN3G,1
4601f3,FIN27J,3
4601f8,FIN5ET,1
4601f8,FIN27J,1
4601f7,FIN3G,1
4601fb,FIN6YP,1
4601f6,FIN6YP,1
4601fc,FIN3G,1
4601f6,FIN3G,1
4601fd,FIN6YP,1
4601f3,FIN5ET,1
4bb2a9,TKJ9NB,1
4bb875,PGT82DP,1
4bc8c6,PGT26WB,1
4bc890,PGT694Z,1
4baa75,THY6CX,1
4bc842,PGT1YH,1
506ca0,MNB752,1
4bb214,THY5TX,1
4bbd08,TKJ7CD,1
a3ea54,UPS268,1
4b8e46,PGT82DP,1
4bc882,PGT26WB,1
4baa8c,THY5TX,1
4bc899,PGT694Z,1
a3ee0b,UPS268,2
4baa96,TKJ7CD,1
4bc884,PGT1YH,1
4bc8d4,PGT26WB,1
4b8e47,PGT694Z,1
4bb47a,MNB601,1
4bb288,THY5TX,1
4bc887,PGT1YH,1
4bb284,THY6CX,1
a3376c,UPS268,1
4bab52,TKJ7CD,1
4b9e03,TKJ7CD,1
a3ca43,UPS268,1
4bb848,PGT1YH,1
4bc8ca,PGT26WB,1
4bb055,TKJ9NB,1
4b8e0b,PGT694Z,1
4bc844,PGT26WB,1
4bb46d,MNB601,1
4bc88d,PGT694Z,1
4b8e0b,PGT82DP,1
4bbd06,TKJ7CD,1
4b8e03,PGT1YH,1
4bca68,RHH446,1
4baa7a,THY6CX,1
4b9e04,TKJ9NB,1
4b9e04,TKJ7CD,1
4bc850,PGT1YH,1
4baa52,THY5TX,1
4bc881,PGT694Z,1
4bc8c5,PGT26WB,1
4bb282,THY5TX,1
4b9e02,TKJ9NB,1
4bc855,PGT1YH,1
4bb853,PGT82DP,1
4bc883,PGT694Z,1
4baa92,THY6CX,1
4d2228,RYR4772,1
45cf23,UPS292,9
a50c4b,UPS282,1
a53013,UPS282,3
4ca809,RYR4772,1
48c228,RYR4772,1
3d5403,DFEBJ,9
4403ec,OEGRB,4
3ea12c,GAF916,1
3f4e27,GAF635,1
45ce4f,SRR6228,2
3c5ee7,EWG3Y,1
4520d2,CGF7228,1
3e95ca,GAF610,3
3c54a3,EWG86Y,1
3c4b4e,EWG24X,1
490d81,NJE793L,1
45ce47,SRR6228,2
3f6533,GAF639,2
3c56f6,EWG5589,1
440bc8,BCS4621,1
3f5407,GAF736,1
3474cb,BCS4621,1
3c49ce,EWG6901,1
440bbf,BCS4621,1
3c6594,DLH9952,1
440bc4,BCS4621,1
3c56eb,EWG5589,1
4d22b3,RYR74SE,1
440820,AUA246,1
3c5eea,EWG16G,2
45cf21,UPS274,4
3c5eec,EWG7EU,2
3c49ce,EWG4ER,2
4d2304,RYR74SE,1
440828,AUA246,1
3c5eea,EWG7EU,4
44082c,AUA20C,1
3c56f7,EWG7EU,2
4d2410,EWG4ER,2
4d2410,EWG16G,2
4d22ba,RYR74SE,2
440822,AUA20C,1
3c5ef5,EWG16G,2
4d240e,EWG4ER,2
3c48ee,EWG16G,1
45cf21,UPS6274,1
4d236c,RYR74SE,1
3c56f3,EWG4ER,2
4408de,AUA20C,1
4d22c3,RYR6TC,1
4cad12,RYR74SE,1
4d22b3,RYR6TC,1
45cf22,SRR6498,8
45ce55,SRR6402,10
4d236c,RYR68VG,1
501c55,TDR397,1
45ce4d,SRR6498,2
4d235d,VJT691,7
4d2210,RYR68VG,1
4d226e,RYR68VG,1
4cadf5,RYR64AN,1
4cadf5,RYR68VG,2
440bc6,BCS169,1
440bcc,BCS165,1
440bc3,BCS167,1
4cae28,BCS167,1
440bc8,BCS169,1
440bcd,BCS165,1
3c542e,BCS167,1
45ce4e,DJ760P,1
440bcf,BCS169,1
440bc1,BCS165,1
440bbf,BCS169,1
4cae24,BCS167,1
440bc6,BCS165,1
3c1bad,BCS169,1
440bc7,BCS165,1
3c1baf,BCS167,1
3c56f1,EWG1908,1
45ce46,SRR6382,5
3451d6,SWT1CW,3
341699,SWT1CW,2
4cae9f,RYR62ZF,1
45ce49,SRR6646,7
4cafd1,RYR62ZF,1
4ca302,RYR62ZF,1
4ca95e,RYR1QA,1
4cae9d,RYR62ZF,1
a53013,UPS272,1
4520d2,CGF7872,1
45ce4d,UPS272,1
a3ca43,UPS272,1
a39b56,UPS272,1
a49375,UPS272,1
ac148f,FDX5135,1
45ce57,SRR6316,6
abb2fe,FDX5135,1
abba6c,FDX6092,1
45ce56,SRR6316,4
a8521f,UPS4,1
ac148f,FDX6092,1
a84343,UPS4,1
ac0d21,FDX5135,1
a7ff6a,UPS4,1
abfa8e,FDX5135,1
abaf47,FDX6092,1
a757a7,UPS4,1
ac5868,FDX6092,1
a7df59,UPS22,1
48c5f9,SAR1980,1
48c5e8,SAR1980,2
48c5e6,SAR1980,2
a3866a,UPS256,1
a3ea54,UPS256,1
345292,BCS4EP,3
a49375,UPS256,2
3cd5aa,DCS606,2
485d61,AGR1012,1
a3ca43,UPS256,1
4d2383,RYR92HH,1
a41cf8,UPS266,1
a41941,UPS266,1
a4158a,UPS266,2
4d2087,EWG79X,2
a49e9a,UPS266,1
4ca811,RYR92HH,1
3c5ef5,EWG79X,2
4d236c,RYR92HH,1
3c48ee,EWG79X,2
48c228,RYR92HH,2
48c229,RYR8WJ,1
440409,BCS409,1
440bc3,BCS409,1
440bc1,BCS409,1
440bc0,BCS409,1
505ca6,AXE6810,5
45ce4b,SRR4084,8
4d22c6,RYR40BE,1
3c56f5,EWG3NB,1
4d2409,EWG62A,2
4d240e,EWG63F,3
4d22ba,RYR148M,1
4d2410,EWG63F,1
3c5eec,EWG96Y,1
4d236c,RYR40BE,1
4d240e,EWG3NB,1
4d2410,EWG3NB,1
4cadbc,RYR40BE,1
3cfaf9,DCWIR,2
4d240e,EWG62A,1
4ca701,RYR148M,1
4ca701,RYR40BE,1
3c54a1,EWG63F,1
3c54a1,EWG3NB,1
4d2410,EWG62A,1
4d2087,EWG3NB,1
48c228,RYR40BE,1
4d22be,RYR148M,1
4d2087,EWG96Y,1
48c139,RYR148M,1
4d2409,EWG63F,1
4d2409,EWG3NB,1
4d223b,RYR40BE,1
a4158a,UPS284,2
a48850,UPS284,1
a41cf8,UPS284,1
a41941,UPS284,1
4d2221,RYR158E,1
3c49ce,EWG50J,1
4d2237,RYR158E,1
3c56f3,EWG50J,1
3c5ee7,EWG50J,2
4d2304,RYR158E,1
4cae59,RYR158E,1
4ca95e,RYR158E,1
4d2087,EWG50J,1
4ca303,RYR2512,1
3c56f1,EWG50J,1
4d2223,RYR158E,1
4d228f,RYR158E,1
3c48ee,EWG50J,1
48c2a9,RYR5276,1
4ca95e,RYR5276,1
4d2304,RYR5276,1
4cad12,RYR5276,1
4ca804,RYR5602,1
341699,SWT1KR,3
4d2255,RYR5602,1
3c644c,DLH3RY,1
3c48f0,LHX2FF,1
3c4dcd,DLH7KA,2
3c49ce,EWG26G,2
45ce47,SRR6118,2
3c6597,DLH2FF,1
3c654d,LHX7KA,1
3c5eec,EWG18R,2
3c66ab,DLH3RY,1
3c5ee7,EWG26G,4
48d982,PLF120,4
4d240e,EWG18R,4
3c66a6,DLH3RY,1
3c48e8,LHX2FF,1
3c48e8,LHX7KA,1
3c5eea,EWG5T,3
3c5eea,EWG26G,2
45ce4f,SRR6118,4
45ce4d,SRR6118,2
3c648e,DLH3RY,1
3c48f0,LHX7KA,1
3c6582,DLH2FF,1
3c644b,DLH3RY,1
3c5099,NGN856P,1
3c644d,DLH3RY,1
3c6593,DLH2FF,1
3c6750,DLH7KA,1
3c4dd0,DLH3RY,1
3c648d,DLH7KA,1
3c09f2,LHX2FF,1
493296,NJE758F,1
48c5e6,SAR1922,3
48c5e8,SAR1922,2
4d2304,RYR63GJ,1
48c2b7,RYR63GJ,1
4cae6d,RYR63GJ,1
4d236c,RYR26AY,1
4cad11,RYR26AY,1
4d240e,EWG77B,1
4ca621,RYR49ZK,1
4caf27,RYR26AY,1
4cadf2,RYR26AY,1
4d226e,RYR49ZK,1
4cad12,RYR49ZK,1
3c5eea,EWG77B,1
4d2304,RYR26AY,1
4cac63,ABR140,5
49d053,DFC31M,1
a50c4b,UPS294,8
a53013,UPS294,2
4d2304,RYR58ZC,1
4cad12,RYR58ZC,1
4cadc4,RYR58ZC,1
4d2304,RYR7ED,1
4cad29,RYR7ED,1
4d21fe,RYR7ED,1
4cad39,RYR71NP,1
4d2304,RYR71NP,1
3c5eec,EWG3UC,1
4d24ca,RYR18WN,1
48c223,RYR8769,1
348345,RGN1NS,4
348049,RGN1NS,1
393644,NAK733,1
39bd74,FHPLU,1
3451d8,ANE28LD,1
3453d3,ANE28LD,1
3451da,ANE28LD,1
345250,ANE28LD,1
345543,ANE28LD,1
44013f,OEEKA,9
3e44a3,DIREP,1
3d57c6,DFFMK,3
4cad5b,ITY1170,2
4cad5c,ITY1162,1
4ca798,ITY1168,1
4ca730,ITY1168,1
4caefb,ITY1170,1
4cad5d,ITY1170,2
4caddd,ITY1168,1
4cad5f,ITY1162,1
4caddd,ITY1170,1
4cadcb,ITY1168,1
4caefa,ITY1162,1
4ca907,MSA9893,1
4ca90a,ITY1168,1
4ca798,ITY1162,1
4cad5b,ITY1168,1
4cae12,ITY1162,1
4ca718,ITY1168,1
4caaa8,ITY1184,1
4caf1e,ITY1176,1
4ca8f5,ITY1184,1
4ca85c,ITY1176,1
4ca759,ITY1176,2
4cadee,ITY1184,1
4caaa7,ITY1184,1
4ca98a,ITY1184,1
4cad5c,ITY1176,1
4cadec,ITY1176,1
4caab4,ITY1184,1
300a3b,ITY1176,1
4caf1e,ITY1184,1
44009e,EJU42TP,1
4ca73a,RYR6498,1
4d2287,RYR75LN,1
4d2248,RYR969E,3
440732,EJU3520,1
440170,EJU56VN,1
4d2248,RYR75LN,2
440115,EJU56VN,1
4d251d,RYR6498,1
4ca643,RYR75LN,1
48c126,RYR969E,1
440d10,EJU56VN,1
440732,EJU56VN,1
4d251d,RYR6528,1
4d251d,RYR75LN,1
440c36,EJU57AB,1
440c32,EJU56VN,1
4ca84d,RYR6498,1
4ca84d,RYR969E,1
4d2242,RYR75LN,1
440c32,EJU42TP,1
4ca643,RYR6498,1
4d221a,RYR969E,1
4d221a,RYR75LN,1
4cadf4,RYR7DX,2
4cadf4,RYR1895,1
4cae95,RYR7DX,1
4d227b,RYR7DX,1
4d21fe,RYR1895,1
4d21fe,RYR7DX,1
4cae95,RYR412Y,1
4d234f,RYR1895,1
4cad29,RYR7DX,1
4ca857,RYR7DX,1
4ca907,MSA94S,4
48c132,RYR4759,1
4ca8d7,RYR4759,1
4cafcf,RYR6EV,1
4cae48,RYR48MJ,1
4cae48,RYR5QT,1
4d2501,RYR48MJ,1
4cac86,RYR48MJ,1
4ca643,RYR6EV,1
4d2386,RYR48MJ,1
4d21ed,RYR6EV,1
4ca643,RYR5QT,2
4cadfc,RYR6EV,1
4ca259,RYR48MJ,1
4ca73f,RYR48MJ,1
4ca84d,RYR6EV,1
4ca624,RYR5QT,1
4cada4,RYR48MJ,1
4ca84d,RYR5119,1
4ca643,RYR953Q,1
4cac85,RYR547D,1
4ca643,RYR547D,1
4d223a,RYR547D,1
4ca245,RYR547D,1
4ca226,RYR9311,1
4ca84d,RYR9311,1
4ca226,RYR997K,1
4d227b,RYR997K,1
4ca84d,RYR997K,1
4ca226,RYR201H,2
4ca643,RYR2FY,1
4ca643,RYR35KA,1
4ca643,RYR201H,1
4ca84d,RYR201H,1
4d2209,RYR2FY,1
4d23f9,RYR201H,1
4ca76a,RYR201H,2
4d2242,RYR35KA,1
4d23f9,RYR35KA,1
4ca226,RYR8VW,1
471dc1,WZZ947,1
4ca643,RYR8VW,1
471db6,WZZ947,1
4d2242,RYR8VW,1
4ca56a,RYR2VL,1
4ca84d,RYR2VL,1
4ca643,RYR34XL,1
4d228b,RYR34XL,1
4ca643,RYR65RV,2
4ca84d,RYR65RV,2
4d2242,RYR65RV,1
4d20a2,AXY305V,1
46b8b6,AEE545,1
46a5e7,SEH650,2
471f7a,WZZ44ZL,1
4692d8,AEE545,1
4691c2,AEE545,3
46a5e4,SEH650,1
471eff,WZZ44ZL,2
46b8b3,AEE545,1
46a5e3,SEH650,1
4692d7,AEE545,1
471dbc,WZZ44ZL,1
471f7a,WZZ9GN,1
471efc,WZZ9GN,1
48ae82,LOT172,1
471f38,WZZ63WQ,1
4d206c,WZZ63WQ,1
48af11,LOT172,1
4d2067,WZZ63WQ,1
471db4,WZZ63WQ,1
440834,GCK18,1
4d242b,WZZ63WQ,1
48e958,LOT172,1
4d204a,WZZ63WQ,1
48e959,LOT172,1
3c65cb,DLH1761,1
3c64a3,DLH1769,1
3c64a5,DLH1769,1
3c64aa,DLH1769,1
3c65c8,DLH1761,1
3c65d5,DLH1769,1
3c65d2,DLH1769,1
3c66ad,DLH1761,1
3c648d,DLH1769,1
3c66af,DLH1761,1
8960dc,UAE17K,1
4cac63,ABR141,5
896209,UAE17K,1
89611c,UAE17K,2
896118,UAE17K,1
8960e0,UAE17K,1
89621b,UAE17K,1
46b8b6,AEE488,1
46b8b4,AEE488,1
46b8b3,AEE488,2
46b8b5,AEE488,1
469dc1,SEH8TC,2
46b831,AEE3K,3
46b8b4,AEE913,2
46b8b4,AEE911,2
4c808f,CYP31A,4
440304,BCS7277,2
46b8b6,AEE6005,1
4c8096,CYP312,2
46b8b4,AEE907,2
3c56a9,GEC8343,3
46b828,AEE3K,2
468e45,SEH8TC,1
4c8090,CYP312,2
4c8090,CYP31A,1
46a5e7,SEH2TC,1
46b831,AEE909,2
46b831,AEE52R,2
46b831,AEE3LK,2
4692da,AEE913,1
4692da,AEE907,1
739572,4XCMC,1
46da6c,SEH4TC,2
4d2486,VJT464,4
440189,BCS7277,1
46b82b,AEE3K,1
46b828,AEE52R,1
46b833,AEE3LK,1
46b82a,AEE3K,1
4692da,AEE909,1
46b8a2,AEE913,1
46b8a2,AEE907,1
46a5e2,SEH601,1
3c56a3,GEC8343,2
46a5e7,SEH8TC,1
4692cd,AEE52R,1
468e45,SEH2TC,1
46a5e1,SEH4TC,1
46b8b3,AEE907,1
46b8b3,AEE911,1
46b8b4,AEE6005,1
4c80a6,CYP38P,1
4c8090,CYP38P,1
4d2059,FLW176,1
471eff,WZZ1TX,3
a5df79,N478GS,1
471eff,WZZ581B,2
440c8c,AUA796B,2
4d22c4,RYR257K,1
440604,AUA796B,1
440039,AUA796B,2
4d22b2,RYR257K,1
440666,AUA796B,1
471f06,WMT1010,1
471f68,WMT1010,1
471efb,WMT1010,1
471efa,WMT1010,1
4d200c,WMT116,1
4c80a6,CYP342,2
440057,EJU9041,1
471fa0,WMT116,1
471f41,WZZ35ME,3
459a62,FRO901,4
459a62,FRO501,4
3d2a8a,DEOJA,1
34660e,VOE2773,2
346648,VOE8ZA,2
34660e,VOE8ZA,3
3455d7,VOE8ZA,1
4400e3,EJU656M,1
440051,EJU656M,1
44028c,EJU845P,2
34660e,VOE93AA,1
346648,VOE93AA,1
440ca9,EJU845P,1
4401f7,EJU97WJ,2
440c96,EJU783X,2
4401f7,EJU616K,1
4402f1,EJU783X,1
346648,VOE6QR,1
4d2264,RYR7YR,1
4cafc1,RYR7YR,1
346648,VOE2FM,1
4ca566,RYR6006,1
4d2245,RYR6006,1
4cad64,RYR6006,2
30080e,IACVL,5
46bc4e,AEE7XS,1
46bc4b,AEE7XS,1
46d2f2,SEH8LH,1
469596,SEH8LH,1
46d276,SEH8LH,1
46bc39,AEE7XS,1
46bc51,AEE7XS,1
469534,SEH051,2
46d2ef,SEH051,2
46bc4a,OAL099,3
46bc4a,OAL089,1
485778,KLM1246,1
4853f4,KLM1246,1
485875,KLM78Y,1
485064,KLM1246,1
48548d,KLM78Y,1
485779,KLM1246,1
4853f4,KLM78Y,1
485206,KLM78Y,1
484b31,KLM1246,1
48548d,KLM1246,1
484cc3,KLM78Y,1
440aca,MOZ866,4
440cdb,JFL651,2
440669,AUA1424,1
44003a,AUA1440,1
44020a,AUA1436,1
44001c,AUA1438,1
440607,AUA1428,1
440604,AUA1422,1
440184,AUA1442,1
440666,AUA1448,1
4d209e,BCS4127,5
a88b88,N65MV,2
3481c9,BCS4301,2
3420c6,BCS4301,1
3474ce,BCS4301,1
4d24cb,RYR12SK,1
495039,TAP94EV,1
495217,TAP92VC,1
495214,TAP94EV,1
495217,TAP1096,1
495037,TAP92VC,1
49520f,TAP94EV,1
495219,TAP1934,1
495298,TAP1924,1
4952cc,TAP1928,1
4951cd,TAP1922,1
4952c2,TAP1926,1
4952cd,TAP1932,1
45ce49,SRR6645,9
4951d3,TAP1920,1
4951d7,TAP36RC,1
4951d4,TAP1930,1
495039,TAP1920,1
495302,TAP1928,1
495218,TAP1924,1
495211,TAP1926,1
495299,TAP1922,1
4951cd,TAP36RC,1
4952ce,TAP1932,1
4952c3,TAP3964,1
495210,TAP1930,1
495293,TAP1934,2
4951d6,TAP1922,2
49530c,TAP9266,1
49530c,TAP1924,1
4951ce,TAP1920,1
495218,TAP1934,1
495219,TAP1930,1
495216,TAP36RC,1
495297,TAP3964,1
4952c2,TAP1932,1
495037,TAP1928,1
495308,TAP1926,1
4952c8,TAP1932,1
49514b,TAP1920,1
495293,TAP1928,1
495293,TAP1924,1
495216,TAP1922,1
495214,TAP3964,2
495038,TAP1930,1
495210,TAP1934,1
4952ae,TAP9268,1
49526b,RZO172,2
4951d6,TAP36RC,2
49526b,RZO174,1
49514c,TAP1920,1
495211,TAP1928,1
4952c4,TAP1932,1
4951d5,TAP1930,1
495293,TAP1926,2
4ca97a,RYR4DP,1
4951cb,TAP1924,1
4951cc,TAP36RC,1
4952c2,TAP1924,1
495039,TAP1930,1
495145,TP1938,1
4951ca,TAP1922,1
495305,TAP1920,1
4952cf,TAP1932,1
4951d9,TAP1928,1
4952c4,TAP1934,1
495293,TAP1920,1
4951cd,TAP1928,1
495216,TAP1934,1
440005,EJU9043,1
4951cc,TAP3964,1
4952cb,TAP1932,1
495297,TAP1922,1
495037,TAP1924,1
49529a,TAP1930,1
4951d2,TAP36RC,1
491221,NJE937A,1
49410a,NJE159T,1
495219,TAP5DL,1
495214,TAP542U,1
4d216e,EWG55N,1
495039,TAP542U,1
3c6495,EWG55N,1
49521a,TAP5DL,1
495037,TAP542U,1
495038,TAP5DL,1
3c56ed,EWG55N,2
3c56f0,EWG55N,2
49521a,TAP542U,1
495039,TAP5DL,1
4951d6,TAP828,1
495145,TAP826,2
49514b,TAP822W,1
4403f0,EJU47VT,1
4402f0,EJU92FC,2
440db0,EJU42BH,1
495150,TAP828,1
4400f3,EJU92FC,2
4952c2,TAP822W,2
440c36,EJU47VT,1
440b1e,EJU42BH,1
4951cd,TAP828,1
495153,TAP822W,2
4951cb,TAP826,1
440d6e,EJU74HE,1
495153,TAP826,2
4402f0,EJU42BH,1
440175,EJU47VT,1
49514b,TAP828,1
44061d,EJU35NM,1
4951d2,TAP828,1
4402f0,EJU9048,1
440075,EJU42BH,1
4400b2,EJU74HE,1
4951d9,TAP828,1
4400ec,EJU47VT,1
4400f3,EJU42BH,1
4951d6,TAP30BS,1
4cae51,RYR38SG,1
4952c1,TAP532B,1
4ca806,RYR38SG,1
4cae92,RYR38SG,1
4952c1,TAP30BS,1
4951ca,TAP4BE,1
4951d6,TAP532B,1
4952c6,TAP30BS,1
4952c9,TAP532B,1
4cae55,RYR38SG,1
4951d9,TAP4BE,1
4952c8,TAP4BE,1
3cf106,UNI134,4
4952cd,TAP30BS,1
4cae55,RYR49BG,1
4d21ed,RYR14LZ,1
4ca809,RYR96PN,1
4caff7,RYR14LZ,1
4d2501,RYR96PN,1
4cac86,RYR14LZ,1
4cadc4,RYR49BG,1
4ca301,RYR49BG,1
4d2215,RYR96PN,1
4d21ea,RYR14LZ,1
495210,TAP48N,1
495217,TAP482,1
495219,TAP482,1
4400f3,EJU63ZQ,1
495216,TAP482,1
440db0,EJU63ZQ,1
495210,TAP484H,1
495214,TAP48N,1
495298,TAP1324,1
495039,TAP1322,1
4ca2c9,EIN4LK,1
4cade7,RYR10BJ,1
4cad3b,RYR95DY,1
4ca9ed,RYR10BJ,1
4cae57,RYR10WB,1
495299,TAP1324,1
4ca295,EIN4LK,1
4cae9b,RYR10BJ,1
495211,TAP1326,1
495210,TAP1324,1
4cac1e,RYR10WB,1
4cac1e,RYR95DY,1
4cade4,RYR10BJ,1
495039,TAP1326,1
4ca836,EIN4LK,1
49529a,TAP1322,1
4ca92b,RYR10BJ,1
4ca63a,EIN4LK,1
495297,TAP1326,1
495038,TAP1324,1
49529a,TAP1326,1
4ca2cb,EIN4RL,1
48e9f6,RYR7389,1
4951cc,TAP832,1
4951d5,TAP836A,1
4d2280,RYR9688,1
4d2533,WMT8JY,1
4952ce,TAP834A,1
4951d4,TAP838Z,1
4951d5,TAP832,2
4d2095,RYR9688,1
495146,TAP836A,1
495150,TAP834A,1
4951cc,TAP838Z,1
4951ce,TAP834A,2
49514e,TAP836A,1
495145,TAP832,1
4d2212,RYR84FT,1
495146,TAP838Z,3
4d2383,RYR9688,1
4cafb3,RYR84FT,1
49514b,TAP834A,1
4951d8,TAP836A,1
471f73,WMT8JY,1
49514e,TAP832,1
4cae55,RYR9688,1
4ca811,RYR9688,1
4951cd,TAP836A,1
4951d3,TAP838Z,1
48c135,RYR9688,1
471f75,WMT8JY,1
49514f,TAP832,1
4d2493,WMT8JY,1
48c229,RYR9688,1
4951ca,TAP838Z,1
495153,TAP836A,1
4951d8,TAP1905,1
495145,TAP1901,1
4951cd,TAP1907,1
020182,CNTMH,1
4951cd,TAP1905,1
4952c2,TAP1907,1
495037,TAP1901,1
4d211c,9HGME,5
495211,TAP1905,1
4952c7,TAP1907,2
49514a,TAP1901,1
495211,TAP1901,1
4951d2,TAP1907,1
4951cb,TAP1905,1
49529a,TAP1905,1
4952cb,TAP1901,1
495038,TAP1905,1
4951cc,TAP1901,1
4952cd,TAP1907,1
4952c8,TAP1907,1
4951d9,TAP1901,1
3ce8c7,LUA309P,2
4951d8,TAP432,1
392af3,AFR53EM,1
39de54,TVF76DV,1
4952cc,TAP442,1
440117,EJU86DW,3
4952c3,TAP438T,1
495146,TAP436,2
39e690,AFR78RP,1
39de51,TVF29NG,1
39de45,TVF50SV,1
39bdb3,AFR48WP,1
39de4d,TVF46UG,1
3e272b,PAV661,2
345313,VLG1DC,1
4951d2,TAP430,1
440d4c,TAY2MN,2
4402f0,EJU79PF,1
392ae8,AFR16MV,2
4952c6,TAP43TR,1
495149,TAP440,1
39de54,TVF50SV,1
392aee,AFR48WP,1
392aef,AFR78RP,1
392af3,AFR16MV,2
495146,TAP430,1
34454b,VLG1DC,1
4951d9,TAP436,1
4951cd,TAP432,1
4952cc,TAP438T,1
394c14,AFR53EM,1
440075,EJU79PF,1
39de46,TVF76DV,1
4952c7,TAP442,1
4952c8,TAP440,1
3964f3,TVF76DV,1
4951d8,TAP438T,1
394c09,AFR78RP,1
4951ca,TAP436,1
39bdb7,AFR48WP,2
39de57,TVF50SV,2
440db0,EJU86DW,2
4951d4,TAP430,1
39348e,TVF44VH,1
4952ca,TAP440,1
49514c,TAP43TR,2
39de41,TVF46UG,1
392aef,AFR53EM,1
4952cd,TAP442,2
495309,TAP432,1
3991ea,AFR48WP,1
39de46,TVF46UG,1
392af9,AFR78RP,1
4952cb,TAP430,1
392af1,AFR16MV,1
4952ca,TAP442,1
3964e1,TVF7657,1
4951d3,TAP438T,1
440237,EJU86DW,1
495301,TAP432,1
343046,VLG1DC,1
4952cd,TAP440,1
4952cd,TAP43TR,1
392ae8,AFR53EM,1
495149,TAP442,1
39de57,TVF29NG,1
39de47,TVF44VH,1
495145,TAP438T,1
495145,TAP432,1
3991e1,AFR78RP,1
39de46,TVF50SV,1
39de41,TVF76DV,2
39de4b,TVF46UG,1
4952cc,TAP440,1
344099,VLG1DC,1
39bda4,AFR48WP,1
440159,EJU78VX,1
4951d4,TAP436,1
440005,EJU86DW,1
39d30b,TVF44VH,1
4951d3,TAP430,1
393323,AFR53EM,1
471841,JSD302,2
398e49,TVF80MF,1
4952cb,TAP43TR,1
3991e9,AFR78RP,1
4952c7,TAP440,1
4952c9,TAP442,1
34768d,VLG1DC,1
3991e5,AFR16MV,1
34440a,VLG1DC,1
49514a,TAP440,1
4951ce,TAP438T,1
4951cb,TAP430,1
39de47,TVF46UG,1
392af0,AFR78RP,1
3991e3,AFR53EM,1
3453cc,AEA82SG,2
49514b,TAP1016,1
3420cc,IBE05RH,1
346083,AEA85PZ,1
34604d,AEA72VR,1
440117,EJU87AF,1
3451d9,ANE69NZ,1
34444b,IBE05DD,1
342059,IBE05BT,1
4cae4a,RYR3GK,1
3483da,ANE89UJ,1
440b1e,EJU42FB,2
495293,TAP1014,1
495293,TAP10MD,1
344217,AEA78ED,1
4952c8,TAP12LM,1
4951d2,TAP1022,1
4952c6,TAP20L,1
342189,IBE1400,1
440237,EJU7651,3
345691,IBE05KG,1
344341,AEA78ED,2
34750a,AEA82SG,1
4951d3,TAP1022,1
4952cc,TAP1014,1
346204,IBE05RH,1
4400f3,EJU87AF,1
34324f,IBE05VW,1
3420cc,IBE05KG,3
495217,TAP20L,1
346082,AEA85PZ,1
34538e,AEA72VR,1
348402,ANE69NZ,1
344449,IBE05DD,1
49529a,TAP10MD,1
4951cc,TAP1016,1
3423c4,IBE05BT,1
440237,EJU87AF,2
49520f,TAP20L,1
4951ca,TAP12LM,2
34604b,ANE55CZ,1
344481,IBE05RH,1
495299,TAP1016,1
4951d4,TAP1022,1
344417,IBE05DD,1
342210,IBE1402,1
345543,ANE69NZ,1
3453c1,AEA85PZ,1
4951d2,TAP1014,1
4951d2,TAP10MD,1
342211,IBE05BT,1
34444b,IBE05KG,1
345691,IBE05RH,1
346147,IBE05DD,1
495146,TAP12LM,1
4952cb,TAP1022,1
4ca251,RYR3GK,1
440b1e,EJU7651,2
347344,IBE05VW,1
34134d,IBE05BT,1
4952c7,TAP20L,1
440db0,EJU42FB,2
4952cc,TAP1016,1
495309,TAP1014,1
4951d6,TAP10MD,1
345250,ANE69NZ,1
346082,AEA72VR,1
346082,AEA78ED,1
440b1e,EJU87AF,1
495299,TAP20L,1
800b60,VTSDK,1
4952ca,TAP1022,1
342091,IBE05RH,2
4951ce,TAP10MD,1
347344,IBE05BT,1
346499,IBE05DD,1
345698,ANE55CZ,1
7da3de,ANE69NZ,1
4951cc,TAP12LM,1
4400f3,EJU42FB,1
48c1a6,RYR8RZ,1
49514a,TAP12LM,1
3453cc,AEA72VR,1
495153,TAP1022,1
3445d4,IBE05KG,1
345597,ANE55CZ,1
440db0,EJU87AF,1
4951d4,TAP1016,1
49520f,TAP1014,1
495211,TAP20L,1
3485d2,ANE69NZ,1
495039,TAP10MD,1
347453,IBE05KG,1
495219,TAP20L,1
4952c2,TAP1022,1
3423c3,IBE05BT,1
342059,IBE05DD,1
34530d,ANE55CZ,1
344648,IBE05RH,1
3c55c2,EWG6C,2
3c5eeb,EWG6C,1
3c56f2,EWG6C,2
3c5ee5,EWG6C,2
4caee8,RYR993X,1
471d65,WZZ495,1
4cac1e,RYR993X,1
4d2427,WZZ495,2
4cad3a,RYR993X,1
471db0,WZZ495,1
471dbd,WZZ495,1
471fae,WZZ495,1
471d64,WZZ495,1
346090,VLG42TG,1
348205,VLG1EN,1
345248,VLG3ZF,1
34440a,VLG93NU,1
440b1e,EJU57VB,1
4951d9,TAP1036,1
49514a,TAP1034,1
495216,TAP1030,1
4d228f,RYR35PY,1
4952c4,TAP1040,1
495037,TAP1032,1
4951ca,TAP1040,1
495153,TAP1036,1
4951d8,TAP38KJ,1
345116,VLG3ZF,1
4952c6,TAP1030,1
342591,VLG1EN,1
440237,EJU57VB,1
345212,VLG42TG,1
4951d3,TAP1032,1
495150,TAP1040,2
495293,TAP1036,1
4951cc,TAP1034,1
34440b,VLG3ZF,1
4cac86,RYR35PY,1
495297,TAP38KJ,1
4951cb,TAP1030,1
4ca6fc,RYR35PY,1
342592,VLG93NU,1
495305,TAP1034,1
345212,VLG3ZF,1
4400f3,EJU57VB,2
34454a,VLG1EN,1
495145,TAP38KJ,1
4952c1,TAP1040,1
495297,TAP1036,1
495297,TAP1030,1
495217,TAP1032,1
34454b,VLG1EN,1
49514e,TAP1034,1
4400f3,EJU45PQ,1
345206,VLG42TG,1
3451d3,VLG3ZF,1
4951d4,TAP1040,1
495153,TAP1030,1
495039,TAP38KJ,1
495210,TAP1036,1
440005,EJU7693,1
4951d2,TAP1040,1
440237,EJU7693,1
495218,TAP38KJ,1
344501,VLG93NU,1
3472c4,VLG1EN,1
346691,VLG3ZF,1
3430cc,VLG42TG,1
34744c,VLG42TG,1
495038,TAP1030,1
4951cc,TAP1032,1
495149,TAP1034,1
345642,VLG93NU,1
440117,EJU45PQ,1
485a35,KLM74L,2
49530c,TAP67AM,1
484c5a,TRA10P,1
484557,KLM80Z,1
4952cd,TAP6MS,2
4952c1,TAP67NP,1
49530b,TAP67AM,1
485a33,KLM44L,1
4854cb,TRA14L,1
484fdf,KLM80Z,2
484ee5,KLM74L,1
4952ce,TAP6MS,1
4952cc,TAP67AM,1
4867eb,TRA10P,1
4952c4,TAP67NP,1
4952cf,TAP67AM,1
4952c9,TAP67NP,1
4952c3,TAP67AM,1
4952ce,TAP67NP,1
484b2a,TRA14L,1
4866ee,TRA14L,1
4952cc,TAP67NP,1
4952c1,TAP6MS,1
49521a,TAP470,1
440031,EJU45GH,1
495211,TAP472C,1
440237,EJU41EM,1
495218,TAP472C,1
440219,EJU45GH,1
440191,EJU45GH,1
495298,TAP470,1
49521a,TAP474,1
495219,TAP472C,1
440c32,EJU73RA,1
44064a,EJU45GH,1
49520f,TAP474,1
49520f,TAP470,1
440db0,EJU41EM,1
440db0,EJU63UZ,1
495299,TAP474,1
4402ac,EJU73RA,1
4d22bf,RYR957G,1
4caff6,RYR98FD,1
3cc8c8,JEI535,5
4cad3b,RYR98FD,1
4952c9,TAP1270,1
4d22bb,RYR98FD,1
4951d9,TAP1272,1
4d22b6,RYR98FD,1
49514c,TAP1270,1
4d22b4,RYR98FD,1
4952a5,TAP1270,1
4d22bf,RYR98FD,1
4d22c2,RYR98FD,1
495153,TAP57LK,1
3c6544,DLH43U,1
4952ca,TAP72LP,1
3c6543,DLH51J,2
495303,TAP7AB,1
3c64a7,DLH66N,1
4952ca,TAP7AB,1
3c66eb,DLH66N,1
4952cd,TAP72LP,1
4951d6,TAP57LK,1
3c6637,DLH43U,1
3c6758,DLH51J,1
4951d6,TAP72LP,1
3c65c1,DLH66N,1
4951cc,TAP57LK,2
3c66ea,DLH51J,1
4952c2,TAP7AB,1
3c674f,DLH43U,1
3c66a1,DLH51J,1
4951d2,TAP72LP,1
4952c7,TAP7AB,1
3c6749,DLH66N,1
3c6754,DLH43U,1
3c6758,DLH43U,1
495308,TAP7AB,1
4951d3,TAP57LK,1
495309,TAP72LP,1
3c65ca,DLH43U,1
4952ca,TAP57LK,1
3c6498,DLH66N,1
3c658d,DLH51J,1
495302,TAP7AB,1
4d00f5,LGL3760,1
4951ca,TAP6LX,1
440b1e,EJU45FH,2
4951ca,TAP69D,1
4ca806,RYR62DM,1
4cae55,RYR62DM,1
440075,EJU45FH,1
4951d5,TAP6LX,1
4402f0,EJU45FH,1
4cad3a,RYR62DM,1
4d00f1,LGL3760,2
440237,EJU45FH,1
4951d6,TAP69D,1
4d00ee,LGL3754,1
4951cd,TAP6LX,1
4951ca,TAP91SR,1
49520f,TAP93MA,1
440075,EJU32NZ,2
440075,EJU79XA,2
440075,EJU38PH,1
495211,TAP1687,1
4ca806,RYR4YQ,1
4ca806,RYR385,1
4ca806,RYR63VM,1
495214,TAP1695,1
495149,TAP89WT,1
4951d5,TAP91SR,1
344545,SWT130,5
495267,RZO160,1
495297,TAP93MA,1
49521a,TAP1695,1
4951d6,TAP89WT,1
4951ca,TAP1685,1
495216,TAP1687,1
4ca849,RYR63VM,1
440b1e,EJU38PH,2
495039,TAP91SR,1
4952c8,TAP89WT,1
440db0,EJU7621,1
4952cc,TAP97LS,1
440b1e,EJU32NZ,1
495145,TAP1695,1
495299,TAP1685,1
495149,TAP1687,1
4cafb3,RYR63VM,1
4951d2,TAP93MA,1
495153,TAP1687,1
4400f3,EJU32NZ,1
4cace0,RYR385,2
4951d2,TAP1685,1
495149,TAP1695,1
495149,TAP91SR,1
495218,TAP3841,1
4951ce,TAP93MA,1
4952d0,TAP1685,1
4951d6,TAP1695,1
4952c1,TAP1687,1
4cafb3,RYR385,1
4951d3,TAP89WT,1
4951d3,TAP97LS,1
440117,EJU79XA,1
440005,EJU38PH,1
49514a,TAP1695,1
495038,TAP93MA,1
4951d9,TAP1687,1
440daf,EJU32NZ,1
4951d8,TAP93MA,1
495214,TAP1687,1
495145,TAP1685,1
4951ce,TAP97LS,1
440db0,EJU79XA,1
440db0,EJU38PH,1
4952c7,TAP780,2
49514f,TAP782,1
4951ce,TAP780,1
4952c8,TAP782,1
4acb03,NSZ278Y,1
49520f,TAP1136,1
49520f,TAP34CC,1
4d222c,RYR5VA,1
495210,TAP1136,1
495210,TAP34CC,1
495039,TAP11AG,1
495217,TAP34CC,1
495211,TAP11AG,1
495214,TAP1136,1
495216,TAP11AG,2
4cae63,RYR5VA,1
495297,TAP34CC,1
49529a,TAP34CC,1
495297,TAP11AG,1
49514f,TAP1240,1
4951ce,TAP1242,1
440237,EJU36XP,1
4952c4,TAP1240,1
440248,EJU36XP,1
440daf,EJU36XP,1
440117,EJU48PB,1
4402f0,EJU48PB,1
440db0,EJU48PB,1
440db0,EJU59YN,1
440248,EJU7627,1
440237,EJU48PB,1
49514e,TAP120Y,1
48af03,LOT5JL,1
48af19,LOT5JL,1
471fa0,WZZ5RK,1
49514f,TAP120Y,1
48af0d,LOT5JL,1
4952c3,TAP1206,1
4952ce,TAP120Y,1
4d204a,WZZ5RK,1
48e95e,LOT5JL,1
48e95b,LOT5JL,1
4952c9,TAP120Y,1
4952c3,TAP868,1
4d222d,RYR12JZ,1
4cad29,RYR12JZ,1
495298,TAP870,1
4cae95,RYR12JZ,1
495211,TAP868,1
4d21fe,RYR8591,1
495216,TAP868,1
461fa9,FIN1RY,1
461f63,FIN1RY,2
461fa0,FIN1RY,1
461f9c,FIN1RY,1
461f64,FIN1RY,2
3c542a,BCS1LG,1
3c5426,BCS1LG,2
3c5421,BCS1LG,1
3c5424,BCS1LG,1
3c5434,BCS2RA,1
495299,TAP400,1
495215,TAP02MR,1
4cafd3,RYR21BP,1
49520f,TAP02MR,1
495216,TAP400,1
4ca61c,RYR21BP,1
4ca8af,RYR21BP,1
495210,TAP400,1
495214,TAP404W,1
495219,TAP404W,1
495214,TAP02MR,1
49521a,TAP404W,1
4cad2b,RYR95KW,1
4d2087,EWG603,1
4d2304,RYR95KW,1
3c49ce,EWG603,1
4ca804,RYR95KW,1
3c5eea,EWG603,1
4952cf,TAP1859,1
495149,TAP1863,1
49514e,TAP1859,1
49514c,TAP1865,1
344545,SWT132,1
49526b,RZO121,1
4952d0,TAP1859,1
495215,TAP49L,1
4d222e,RYR4QR,1
495037,TAP492,1
49521a,TAP492,2
4d2260,RYR4QR,1
495211,TAP49L,1
495038,TAP494Y,1
495039,TAP492,1
49529a,TAP494Y,1
495298,TAP49L,1
49521a,TAP494Y,1
4d225e,RYR4QR,1
495298,TAP494Y,1
495302,TAP752,1
4ac9e9,SAS2802,1
4aca4f,NSZ7WJ,1
4952cf,TAP754A,1
4951d5,TAP75LC,1
4ac9f4,SAS2802,1
495303,TAP752,1
4951cb,TAP75LC,1
49514a,TAP75LC,1
49530c,TAP752,1
4ac9e6,SAS2802,1
4951ce,TAP75LC,1
4acaa3,SAS2802,1
49514d,TAP752,1
4cac1e,RYR675A,1
48c227,RYR675A,1
4cafb3,RYR883N,3
4d234f,RYR883N,2
4cafcf,RYR883N,1
4d228b,RYR71CU,1
4d2504,RYR57UW,1
4d2385,RYR57UW,1
4ca27a,RYR71CU,1
4cadf9,RYR4919,1
4d2504,RYR4919,1
4cac88,RYR57UW,1
4ca73e,RYR71CU,1
4d2238,RYR57UW,1
4951d9,TAP646,2
4951d5,TAP640,1
4952c4,TAP44BR,1
4951d8,TAP640,2
4952c6,TAP44BR,1
44cdc9,BEL3HE,1
495293,TAP646,1
49514b,TAP640,1
44ce76,BEL2ET,1
49514a,TAP44BR,1
4952c4,TAP646,1
44ce6e,BEL3HE,1
4952c7,TAP640,1
4951cc,TAP44BR,1
4951d4,TAP646,1
44ce66,BEL2ET,1
495309,TAP640,1
4400f3,EJU19GM,2
39ceaf,TVF77SG,1
4402f0,EJU82UW,1
39d309,TVF77SG,3
4401e8,EJU68GX,1
440248,EJU19GM,1
440b1e,EJU82UW,1
3c6542,DLH05E,2
3c6542,DLH03K,1
4952c8,TAP556,1
495304,TAP552N,1
4951d3,TAP554M,1
4952ca,TAP556,1
495305,TAP552N,1
3c66a9,DLH03K,1
49514a,TAP554M,1
3c65c8,DLH05E,2
3c65ce,DLH03K,1
4952c6,TAP552N,1
3c65cc,DLH05E,1
4952c1,TAP556,1
4952ce,TAP554M,1
4952c3,TAP552N,1
495293,TAP556,1
4951d5,TAP554M,1
3c675a,DLH03K,1
4951d2,TAP552N,1
49514e,TAP556,1
4952ca,TAP554M,1
3c64ac,DLH05E,1
4952cb,TAP556,1
3c65d1,DLH03K,1
4952d0,TAP552N,1
4bb28b,THY5LH,1
4bb28b,THY7TE,1
4bb26a,THY5LH,1
4bb206,THY9XS,1
4bb287,THY5LH,1
4bb282,THY7TE,1
4bb265,THY5LH,1
4bb20f,THY6912,1
4baa76,THY5LH,1
4bb272,THY7TE,1
348311,ECOMT,4
440062,EJU19NY,1
4406f0,EJU19NY,2
4932a2,NJE505C,1
440036,EJU19NY,3
4854ca,TRA46G,2
4cafb3,RYR1CC,1
4cad3a,RYR1CC,2
48520d,TRA46G,1
48c2a4,RYR116P,1
4ca73b,RYR116P,1
4cac1e,RYR116P,1
48ad80,LOT3966,1
489789,LOT1966,1
48ad0e,LOT3966,1
48ad0c,LOT3966,1
47ba0d,SAS83L,1
4aca8c,NSZ44L,1
4aca8c,NSZ36J,1
4aca8c,NSZ3LW,1
4ac9e3,SAS019,2
4ac9f8,SAS46C,2
490d81,NJE399H,1
4a91fa,SAS007,1
4ac9ee,SAS93D,2
4ac9ee,SAS30P,2
4ac9f9,SAS82K,1
4cafcc,SAS005,1
4cac8a,SAS2005,1
4ac9e7,SAS30P,1
4ac9f8,SAS019,1
490d85,NJE103G,1
4acb02,NSZ44L,2
4acb02,NSZ36J,1
4acb02,NSZ3LW,1
4caf16,SAS2003,1
4ac9e5,SAS93D,2
4ac9f8,SAS83L,1
4ac9f5,SAS46C,1
4aca8e,NSZ44L,1
4aca8f,NSZ36J,2
4aca8f,NSZ3LW,1
4cafce,SAS2003,1
4caddb,SAS005,1
4cacb0,SAS2003,1
4acac4,SWE04W,1
4acb43,SAS019,1
4ac9f3,SAS93D,1
4ac9f3,SAS30P,1
4aca4a,NSZ44L,1
47bb0a,SAS46C,1
45ac30,SAS015,1
4aca86,NSZ36J,1
4aca86,NSZ3LW,1
4ac9ee,SAS83L,2
4cad91,SAS2005,1
47bb0a,SAS30P,1
4acb43,SAS82K,2
4cae75,SAS005,1
4cacb0,SAS007,1
4ac9f3,SAS46C,1
4ac9ec,SAS019,1
4aca82,NSZ36J,1
4ac9ee,SAS019,1
4acac2,SWE32A,1
4ac9f5,SAS30P,1
47bb0a,SAS007,1
4acac1,SWE02W,1
4ac9f4,SAS015,1
45ac30,SAS2003,1
4ab556,JON37,1
4cafd8,SAS82K,1
4cac9f,SAS46C,1
4acac5,SWE02C,1
4aca86,NSZ2KY,1
4cafd8,SAS93D,1
4cac9f,SAS2003,1
4cac9f,SAS30P,1
458664,CAT9519,1
4acac4,SWE14U,1
4acac4,SWE25V,1
4acac4,SWE23V,1
3009b2,DLA8NC,1
300393,DLA8EM,2
3007f2,DLA8VV,2
3007f1,DLA1LL,1
3009b3,DLA9502,1
4d02e0,JFA65S,1
3009b5,DLA1LL,2
3009b5,DLA8XC,1
300554,DLA8NC,1
3009b4,DLA8EM,1
3009b3,DLA8XC,1
3009b2,DLA8VV,1
3003ad,DLA8NC,1
300554,DLA8EM,1
300782,DLA8NC,1
300564,DLA1LL,1
3007f2,DLA8XC,1
3009b5,DLA8EM,1
3009b5,DLA8VV,1
3009b8,DLA8NC,1
3003ad,DLA8XC,1
300393,DLA1LL,1
3009b7,DLA8VV,1
3007ee,DLA8NC,2
3006b5,DLA8XC,1
4d00d5,LGL63EV,1
4d00d5,LGL681Q,1
4d00d8,LGL681Q,1
3c4dc8,DLH8UV,1
3c4dcd,DLH4ER,1
4d00da,LGL9731,1
300738,DLA5UW,1
3c4dc8,DLH4ER,1
3c4dc8,DLH6MW,1
4d00d4,LGL9737,1
3c4dd0,DLH6MW,1
4d00d5,LGL9737,2
3c4dc9,DLH8UV,1
3c4dd6,DLH4ER,1
3c4dce,DLH4ER,1
3c4dc2,DLH6MW,1
3c4dd2,DLH8UV,1
3c4dc2,DLH4ER,1
3003ad,DLA5UW,1
4d00da,LGL9737,1
4d00d7,LGL9737,1
3c4dc4,DLH4ER,1
3c4dc1,DLH8UV,1
4d00d9,LGL9733,1
3c4dce,DLH6MW,1
45caa8,LGL785,1
4d00f4,LGL787R,2
4d00f3,LGL787R,1
45caa8,LGL3761,1
4401dc,EJU31AM,2
4cae92,RYR883F,1
495292,TAP687,2
4d00f3,LGL767P,1
4cafd1,RYR58LL,2
4d00ee,LGL767P,1
4cae9d,RYR883F,2
4cae92,RYR58LL,1
4cae9d,RYR58LL,1
4d00f4,LGL767P,3
495290,TAP687,2
440cc1,EJU31AM,1
4d0119,CLX48B,1
4d00f2,LGL31LP,1
48c224,RYR58LL,1
4d00f4,LGL31LP,1
4401dc,EJU12FL,2
440209,EJU31AM,1
48c22f,RYR58LL,1
4d00f5,LGL767P,1
440005,EJU31AM,2
4cac56,RYR883F,1
4d224f,RYR58LL,1
4d251b,RYR883F,1
4d00f5,LGL3769,1
4d00c3,LGL3RU,1
4d00f2,LGL3RU,1
4d00c3,LGL71MA,1
4d00f6,LGL71MA,1
4bb325,THY1354,1
4bb061,THY3YB,1
4bb064,THY1354,1
4baada,THY3YB,1
4ba919,THY3YB,1
4bb324,THY1354,1
4baacf,THY3YB,1
4bb27a,THY1354,1
4bb075,THY3YB,1
4d00f5,LGL59T,1
440b1e,EJU91CH,1
4cae55,RYR83AJ,1
4402f0,EJU91CH,1
4cad3a,RYR83AJ,1
4952c1,TAP69UX,1
4d00f1,LGL59T,2
440237,EJU91CH,1
4951d6,TAP69UX,1
495302,TAP69UX,1
4cafb3,RYR83AJ,1
4d00ee,LGL3753,1
440248,EJU91CH,1
4ca97a,RYR83AJ,1
4951cd,TAP691P,1
4d00db,LGL51P,1
4cadc0,RYR46YM,1
4d227a,RYR46YM,1
4cafd3,RYR46YM,2
4d2269,RYR73RF,1
4d00f2,LGL37LM,4
493291,NJE806L,1
4d00db,LGL37LM,1
4cae4a,RYR73RF,1
4ca564,RYR73RF,1
4cae9f,RYR73RF,1
4d23fd,RYR2MJ,1
4d2518,RYR73RF,1
4d00f1,LGL37LM,1
4cad4f,RYR73RF,1
4d0290,LRQ067G,3
4d00f6,LGL1E,1
4d00f2,LGL1E,2
4d00f5,LGL1E,1
4d00f3,LGL665,1
4d00db,LGL35EK,1
4d00d8,LGL5433,1
4d00d9,LGL35EK,2
4d00d8,LGL7KC,1
4d00ca,LGL35EK,1
4d00c9,LGL7KC,1
4d00db,LGL3591,2
4caff8,RYR74MZ,2
4d00da,LGL3591,1
4ca97c,RYR74MZ,1
4d2237,RYR74MZ,2
4d00c6,LGL3591,1
4d00d4,LGL3591,1
4d00db,LGL35L,1
4ca8d9,RYR74MZ,1
4d00d7,LGL93B,1
4d00d4,LGL3W,1
4cae91,RYR18BY,1
4d00ca,LGL3W,1
4d225d,RYR18BY,1
4d00d9,LGL3W,1
4cae64,RYR18BY,1
4cae8d,RYR18BY,1
4d00da,LGL4887,1
4d00c9,LGL3W,1
4d010d,ICV67,1
440daf,EJU73EY,1
4d00ca,LGL67M,1
4d00ca,LGL95EK,1
4d00c6,LGL691M,1
4d00f5,LGL691M,1
4d00db,LGL67M,2
4d00d7,LGL691M,1
4d00d8,LGL67M,1
4d010d,ICV79,1
4d00d7,LGL95EK,1
4d00ca,LGL691M,1
44056b,EJU36RY,1
4d00d4,LGL67M,1
4d00d4,LGL95EK,1
4d00c6,LGL67M,1
4d00d6,LGL95EK,1
4d00c6,LGL993S,1
4d00d7,LGL9473,2
4d00c9,LGL91B,2
4d00ca,LGL9473,2
4d00c6,LGL9473,1
4d00d9,LGL91B,1
4d00d9,LGL9473,1
4d00d7,LGL8011,3
4d00c9,LGL8013,2
4d00da,LGL8011,1
4d00f5,LGL8013,1
4d20b9,AJD19ST,5
4d00c9,LGL8011,1
4d00d7,LGL8013,1
4d02bf,JFA10M,1
4d00d4,LGL8011,1
4d00ca,LGL8013,1
4d00d7,LGL8021,1
4d02e2,JFA70Z,1
4d00ca,LGL8011,1
4d00da,LGL8021,1
4d00d5,LGL8013,1
4d00c9,LGL8021,1
4d00da,LGL8013,1
48ada7,LOT252,1
489789,LOT252,1
48ada3,LOT2YM,1
48e8f9,JDI24W,2
48ad0d,LOT2YM,1
48ada0,LOT2YM,1
48ac82,LOT2YM,1
3c1459,KLM20D,3
4855d0,KLM1708,1
4852f4,KLM56H,1
484c52,KLM1708,1
4855d2,KLM56H,1
48548c,KLM56H,1
4852f5,KLM1708,2
3c01c3,KLM20D,1
4d02ec,JFA13R,1
3c1aeb,KLM20D,1
4855d2,KLM1708,2
485874,KLM56H,2
3c5db0,KLM20D,1
485206,KLM66H,1
485876,KLM56H,1
484b31,KLM66H,1
4d00c6,LGL853A,1
4d00f2,LGL851W,1
4d00c9,LGL857W,1
4d00d4,LGL853A,1
4d00d7,LGL857W,1
4d00db,LGL851W,2
4d00f3,LGL857W,1
4d00d8,LGL851W,2
4d00d5,LGL853A,3
4d00d4,LGL857W,1
4d00d8,LGL857W,1
4d00ca,LGL857W,1
4d00c6,LGL11H,1
494105,NJE437U,1
4d00d9,LGL9513,1
4d00c6,LGL9513,1
4d00c9,LGL9513,1
4d00f2,LGL53RC,2
4d00db,LGL53RC,2
4d00f6,LGL65R,1
4d00c9,LGL651F,1
4d00ed,LGL65R,1
4d00ed,LGL651F,1
4ca9d1,RYR23HR,1
4cad4f,RYR23HR,1
4ca73e,RYR23HR,1
4ca623,RYR23HR,1
4d2504,RYR23HR,1
4d2263,RYR23HR,1
4d00d8,LGL51KV,2
4406f0,EJU71HA,4
440062,EJU71HA,3
300762,VND08E,4
440417,TSW1M,2
300979,VND01G,7
4d00ca,LGL6495,1
4d00d9,LGL6491,1
4bb159,THY6024,1
4bb14e,THY6678,1
4bb14f,THY6042,1
4bb14f,THY6683,1
4bb153,THY6040,1
440201,TAY8AD,3
392aef,AFR39DT,1
34134e,IBE05KR,2
34134e,IBE05KA,2
346499,IBE0585,1
34604d,AEA71NR,1
34134d,IBE0591,2
34134d,IBE05TH,2
34608e,IBE05KK,1
34608e,IBE05AP,1
3423c3,IBE05WL,1
347453,IBE05AL,1
344297,AEA64LR,2
3950cf,AFR66LR,1
3950cf,AFR95BR,1
3991e7,AFR49BW,1
344446,AEA31YT,4
392ae8,AFR57PK,1
34250a,IBE0581,2
39de48,TVF78LC,1
39de48,TVF14XM,1
3420cb,IBE0567,1
39d319,TVF57QT,1
39d319,TVF22JR,1
347309,AEA64LR,1
344297,AEA71NR,1
3964e1,TVF57QT,1
345692,IBE05KK,1
3950cd,AFR66LR,1
342059,IBE05WL,1
39e68c,AFR95BR,1
34134d,IBE05KA,1
346316,IBE0581,2
39bb21,AFR39DT,1
34444b,IBE0585,1
a145d2,N181QS,1
39ceb1,TVF22JR,2
440d90,TAY8AD,1
34250a,IBE05KR,2
392aed,AFR49BW,1
39e682,AFR57PK,1
39de4c,TVF78LC,1
3423c3,IBE05AP,1
34224e,IBE0591,1
34224e,IBE05TH,1
347288,IBE05AL,1
344449,IBE05KK,1
347287,IBE0585,1
39d300,TVF22JR,1
342107,IBE05WL,1
34224e,IBE05KA,1
440b90,TAY8AD,1
398565,AFR95BR,1
39ceb1,TVF29SU,1
39b228,CMA153,1
39bda9,AFR66LR,1
345692,IBE05AL,1
39de4f,TVF78LC,1
3991e3,AFR49BW,1
3423c4,IBE05AP,2
342210,IBE05KR,1
345218,AEA64LR,1
3991e4,AFR57PK,1
3991e4,AFR39DT,1
3b7b3f,MILAN7M,5
342211,IBE0591,1
342211,IBE05TH,1
34538e,AEA71NR,1
39de42,TVF78LC,1
392af4,AFR28XM,1
34620b,IBE0585,1
3420cc,IBE05KK,2
392af1,AFR57PK,1
394c09,AFR66LR,1
3445d4,IBE05TV,1
34604d,AEA64LR,1
3423c4,IBE05AL,2
39856f,AFR95BR,1
34134d,IBE05KR,1
3950cf,AFR49BW,1
34134e,IBE0591,1
34134e,IBE05TH,1
39de54,TVF14XM,1
34608f,IBE05AP,1
34224e,IBE05WL,1
342107,IBE05KA,1
39d6a0,VLJ198D,3
342059,IBE0581,1
347306,AEA31YT,1
347306,AEA71NR,1
39cea3,TVF57QT,1
39de40,TVF78LC,1
34250a,IBE0591,1
34250a,IBE05TH,1
34134d,IBE05TV,1
39cead,TVF57QT,2
392ae9,AFR388V,1
39e68a,AFR57PK,1
344297,AEA31YT,1
39e4ac,AFR39DT,1
39de42,TVF14XM,1
345218,AEA71NR,1
347306,AEA64LR,1
347288,IBE0585,1
39d307,TVF22JR,1
342211,IBE05WL,1
346516,FPO137,1
39e682,AFR95BR,1
440cec,TAY8AD,1
34224e,IBE0585,2
344449,IBE05TV,1
39de44,TVF14XM,1
392aed,AFR66LR,1
3423c3,IBE05KK,1
3423c3,IBE05AL,1
3946e5,AFR57PK,1
344481,IBE0581,1
392af9,AFR49BW,1
344446,AEA71NR,1
39ceb5,TVF22JR,1
39e687,AFR39DT,1
39de4b,TVF78LC,1
394c13,AFR28XM,1
346204,IBE05AP,1
348547,IBE05KA,1
3423c4,IBE05WL,1
39e698,AFR95BR,1
394c10,AFR95BR,1
3964f3,TVF57QT,1
3964f3,TVF22JR,1
39e4ac,AFR49BW,1
39e683,AFR57PK,1
39de51,TVF78LC,1
344459,AEA31YT,1
34134d,IBE05KK,1
34134d,IBE05AL,1
34134d,IBE05AP,1
344341,AEA71NR,1
3445d4,IBE0591,1
3445d4,IBE05TH,1
34250a,IBE05KA,1
34134e,IBE05WL,1
3453cc,AEA64LR,1
394c0c,AFR66LR,1
3991ea,AFR39DT,1
a3866a,UPS257,1
a3ea54,UPS257,1
a49375,UPS257,1
346499,IBE0441,1
34224e,IBE0441,1
3445d4,IBE04ZA,1
342090,IBS15WZ,1
342090,IBS15WY,1
344455,IBS15XQ,1
34750f,AEA98HT,3
3472c9,IBS1581,1
3472c9,IBS1565,1
342105,IBS15WW,1
348541,AEA9059,3
34631a,SWT186,2
344498,IBS15WP,1
348212,IBB8AQ,1
348212,IBB5WU,1
347647,IBB6075,1
344217,AEA13QD,3
344217,AEA85DC,6
347481,AEA9055,1
348213,IBB40MW,1
347501,IBS15WW,2
348306,IBB40MW,1
343141,IBS15KJ,1
3472c9,IBS15WP,1
344455,IBS1565,1
347645,IBB6075,2
347645,IBB5WU,1
344416,IBS15XQ,1
345686,IBS15WW,1
347501,IBS15WP,1
348307,IBB40MW,2
3472c9,IBS15WY,1
34631a,SWT180,1
348383,IBB6075,1
348383,IBB5WU,2
34448d,IBS15XQ,1
346199,SWT186,1
347247,IBS15WW,2
347247,IBS15WY,2
342188,IBS1581,1
345686,IBS15WP,1
345686,IBS15KJ,1
34750f,AEA9059,1
34644e,IBS1565,1
34644e,IBS15XQ,1
342104,IBS15WP,1
34745a,AEA98HT,1
347501,IBS15WY,1
342105,IBS15KJ,1
348212,IBB6075,1
344485,SWT651,1
347247,IBS1565,1
347645,IBB40MW,1
342105,IBS15XQ,1
3465d4,IBB5WU,1
347692,AEA98HT,1
3474da,IBS1565,1
343385,IBS1581,1
34644e,IBS15WP,1
34644e,IBS15KJ,1
346398,IBB8AQ,1
347308,SWT186,1
348212,IBB40MW,1
342188,IBS15WY,1
343183,INI261,1
348213,IBB8AQ,1
34840a,AEA98HT,1
34644b,IBS1565,1
3474da,IBS15XQ,1
344498,IBS15WZ,1
341682,IBS15WP,1
345686,IBS15FZ,1
3465d4,IBB6075,1
3472c9,IBS15WW,1
342090,IBS1691,1
344455,IBS1695,2
4d222a,RYR11UP,1
48c233,RYR64VR,1
34644e,IBS1703,1
344341,AEA15GV,1
4cad29,RYR11UP,1
344498,IBS1699,1
344498,IBS1695,2
344459,AEA15GV,1
347247,IBS1703,1
3474da,IBS1695,1
34644b,IBS1699,1
344297,AEA15GV,1
48c12d,RYR11UP,1
34644c,IBS1703,2
48c2b1,RYR64VR,1
342188,IBS1691,2
342090,IBS1699,1
48c2ac,RYR3SL,1
3474da,IBS1703,1
345218,AEA15GV,2
344446,AEA15GV,1
342188,IBS1703,1
342188,IBS1699,1
4ca9c3,RYR7WM,1
48c2b1,RYR11UP,2
4d2224,RYR64VR,1
344498,IBS1691,1
34448d,IBS1699,1
4d2263,RYR64VR,1
48c2b2,RYR11UP,1
343385,IBS1699,1
343141,IBS1695,1
347307,AEA15GV,1
4cad4f,RYR64VR,1
4841a6,KLM82Z,1
34530c,AEA23MJ,1
348541,AEA19MG,4
348401,ANE45CZ,1
3485d2,ANE1343,1
484160,KLM42Y,1
346316,IBE07WV,1
484558,KLM66U,2
346204,IBE07LT,1
484556,KLM1504,1
484132,KLM42Y,1
345250,ANE1343,1
34608f,IBE07LZ,1
347349,AEA23MJ,1
344481,IBE07LT,1
484130,KLM1504,2
48415e,KLM66U,1
48415f,KLM82Z,1
34660b,IBE07WV,1
344449,IBE07LZ,1
345388,ANE1343,2
484b90,KLM66U,1
348441,AEA19MG,1
3420cb,IBE07LT,1
484165,KLM42Y,1
34615a,AEA23MJ,1
3475d5,IBE07WV,1
484133,KLM82Z,1
48418a,KLM82Z,1
484162,KLM42Y,1
348085,AEA19MG,1
3c71a7,BCS72E,1
34530d,ANE1343,1
347219,IBE07LT,1
3462c9,AEA23MJ,1
34608f,IBE07WV,1
347287,IBE07LZ,1
485a33,KLM66U,1
34530e,ANE1343,1
780c5c,CAO8440,1
348412,AEA19MG,1
344449,IBE07LT,1
484162,KLM1504,2
346147,IBE07WV,1
346499,IBE07LZ,1
484165,KLM66U,1
484557,KLM42Y,1
347605,AEA23MJ,1
48415e,KLM82Z,1
484556,KLM1508,1
780d8f,CAO8440,1
344648,IBE07LT,1
34604b,ANE1343,1
345251,AEA23MJ,1
345691,IBE07WV,1
48418b,KLM66U,1
484559,KLM42Y,1
346204,IBE07LZ,1
34444b,IBE07LT,1
484fdf,KLM82Z,1
347692,AEA23MJ,1
3c5430,BCS72E,1
346499,IBE07WV,1
484555,KLM42Y,1
3475d5,IBE07LZ,1
4867c2,KLM1504,1
49d3ac,BOH711,4
344218,ANE72UZ,1
4cad29,RYR39BJ,1
3453d3,ANE72UZ,1
4d23f9,RYR39BJ,1
345615,ANE72UZ,2
344213,ANE72UZ,1
4d2247,RYR39BJ,1
4d2149,VJT449,3
4d2209,RYR3JE,1
4d2224,RYR39BJ,1
348401,ANE72UZ,1
4d223f,RYR39BJ,1
345385,ANE72UZ,1
48c231,RYR39BJ,1
345597,ANE17PJ,1
345597,ANE29VH,1
347309,AEA97CU,1
341207,XTX112,1
345687,ANE86ZR,2
344216,AEA52CA,1
344195,ANE17PJ,1
347306,AEA52CA,2
345543,ANE29VH,2
347481,AEA97CU,1
345388,ANE86ZR,1
34604d,AEA97CU,1
3451d9,ANE86ZR,1
49118d,NJE347H,1
345388,ANE17PJ,1
344459,AEA52CA,1
34750a,AEA97CU,1
346083,AEA97CU,1
347307,AEA52CA,1
345385,ANE17PJ,1
34604d,AEA52CA,1
345687,ANE17PJ,1
345687,ANE29VH,1
3453c1,AEA97CU,1
344197,ANE86ZR,1
34750a,AEA52CA,1
344213,ANE17PJ,1
345218,AEA97CU,1
3485d2,ANE29VH,1
34310d,BCS209P,1
344213,ANE95RP,1
4d222a,RYR68MZ,1
345543,ANE84YP,1
345615,ANE71DM,2
4cad29,RYR81BP,1
344197,ANE84YP,1
345687,ANE95RP,1
348401,ANE84YP,1
344218,ANE71DM,2
34530e,ANE95RP,1
345583,ANE95RP,2
3451d8,ANE71DM,1
34604b,ANE84YP,1
4d251a,RYR68MZ,1
4ca64e,RYR68MZ,2
3485d2,ANE84YP,1
4d227b,RYR81BP,1
34604c,ANE95RP,1
345698,ANE71DM,1
4d23fd,RYR81BP,1
34604c,ANE84YP,1
345583,ANE84YP,1
3452c7,ANE95RP,1
348401,ANE71DM,1
4ca857,RYR68MZ,1
3452c8,ANE61TH,1
347501,IBS1755,1
344416,IBS1757,2
3474da,IBS1751,1
491d8d,NJE477A,1
341682,IBS1761,1
347501,IBS1751,3
34644e,IBS1755,2
34530d,ANE61TH,1
440201,TAY3VQ,4
343358,GLJ231E,6
3465d4,IBB002P,1
34644b,IBS1755,1
3485d2,ANE61TH,2
3e31d8,PAV611,2
34630d,ECNEQ,1
347501,IBS1761,1
34554f,FSMK1E,1
34644c,IBS1755,1
34644c,IBS1751,1
3451d9,ANE61TH,1
343183,INI241,1
343385,IBS1761,1
01024b,MSC3116,1
3451d9,ANE8008,1
34644b,IBS1751,1
3451da,ANE8083,1
344197,ANE61TH,1
347542,AEP2BT,1
345583,ANE61TH,1
3474da,IBS1755,1
343385,IBS1757,1
34644e,IBS1751,1
3452c8,ANE89CU,1
345615,ANE61HB,1
3452c8,ANE23FL,1
344195,ANE23FL,1
34318a,GES121L,2
348401,ANE23FL,1
7da3de,ANE96WU,1
3452c7,ANE23FL,1
348402,ANE96TC,2
49410a,NJE059P,1
4caa59,RYR2DL,1
344455,IBS1679,1
342104,IBS16YJ,2
345218,AEA17NU,1
4d2269,RYR2775,1
4d2269,RYR58QH,1
345686,IBS16WP,1
4cafc4,RYR55VD,1
4d22b8,RYR6931,1
3474da,IBS16HN,1
3474da,IBS16WU,1
344459,AEA86JZ,2
344459,AEA97VW,1
344297,AEA6031,2
4ca816,RYR468J,1
3453c1,AEA52QV,4
34644e,IBS16VK,2
344341,AEA61CV,1
341682,IBS1679,1
341682,IBS16VK,1
344341,AEA97VW,1
3453c1,AEA17NU,4
34520a,GES021A,1
493291,NJE194R,1
34448d,IBS16KD,1
343385,IBS16WU,2
344459,AEA61CV,1
344459,AEA6031,1
344485,SWT101,5
4d2361,VJT607,4
344216,AEA006,1
3453cc,AEA52QV,1
342104,IBS16WP,1
342188,IBS16HN,1
4cac1f,RYR6931,1
4cac1f,RYR468J,1
3453cc,AEA17NU,1
48c220,RYR55VD,2
343385,IBS16HN,2
343141,IBS16WP,1
344416,IBS1679,2
5004cf,T7GERO,1
4ca2ab,RYR468J,1
342105,IBS16VK,1
344297,AEA61CV,1
342090,IBS16YJ,1
342090,IBS16KD,1
347306,AEA97VW,1
3472c9,IBS16VK,1
34448d,IBS1679,1
342188,IBS1661,1
348412,AEA86JZ,1
343141,IBS16KD,1
346082,AEA97VW,1
34520a,GES022A,2
4cae9c,RYR58QH,1
4ca701,RYR468J,1
4cadbc,RYR6931,1
342105,IBS16WP,1
345218,AEA61CV,2
345218,AEA6031,2
4d22c6,RYR6931,1
344446,AEA52QV,1
344446,AEA61CV,1
344446,AEA6031,1
4d2264,RYR55VD,1
4d2264,RYR468J,1
48c2ac,RYR58QH,1
3ce71a,PAV561,1
344416,IBS16YJ,2
344416,IBS16KD,2
4d2271,RYR2DL,1
3472c9,IBS16HN,1
348305,IBB9901,1
4d244c,RYR2775,1
347306,AEA41YF,1
48c2b2,RYR25TK,1
343141,IBS16WU,1
34604d,AEA97VW,1
34750b,AEA86JZ,1
342090,IBS16WP,1
4d23fd,RYR55VD,1
34448d,IBS16WU,1
342105,IBS1679,1
34604d,AEA52QV,1
34644c,IBS16VK,1
3474da,IBS16SK,1
343385,IBS1661,1
4d02c4,JFA63R,1
4ca56b,RYR58QH,1
4ca56b,RYR6931,1
4d2263,RYR468J,1
344455,IBS16HN,1
346083,AEA86JZ,1
346083,AEA97VW,1
48c220,RYR2DL,1
347309,AEA86JZ,1
347309,AEA97VW,1
34448d,IBS16HN,1
4d2263,RYR58QH,1
344295,ANE7014,1
3474da,IBS1679,1
4d226c,RYR2775,1
344446,AEA17NU,1
4cae9a,RYR2DL,1
4cae9a,RYR55VD,1
344498,IBS16VK,1
345543,ANE3023,1
48c2ac,RYR468J,1
34644e,IBS16WP,1
34644e,IBS16WU,1
347307,AEA61CV,1
347307,AEA6031,1
4ca4f5,RYR6931,1
4d2368,RYR52TF,2
4caa59,RYR67EL,1
4cad29,RYR69AS,1
48c220,RYR69AS,1
4d2228,RYR69AS,1
4d23fd,RYR69AS,1
4d2263,RYR69AS,1
344213,ANE14LZ,1
347309,AEA7302,1
348401,ANE17ZM,1
3445d4,IBE05CC,1
3420cc,IBE05DH,1
345388,ANE10NZ,1
344417,IBE0517,1
345388,ANE14LZ,1
4d2222,RYR706,1
347454,IBE04BT,1
3445d4,IBE04SL,1
342188,IBE05CC,1
34444b,IBE05DH,1
34530d,ANE10NZ,1
345385,ANE14LZ,1
345250,ANE10NZ,1
344197,ANE68DM,1
342107,IBE05DH,1
3475c9,EVE130P,1
3420cc,IBE04EB,1
3420cc,IBE04LB,1
495066,EVE120P,1
342107,IBE04VL,1
34608e,IBE04BR,1
34224e,IBE04ZM,1
3423c3,IBE04EP,1
348203,VLG1007,1
347288,IBE04WD,1
347288,IBE04AY,1
3ceee1,VJH313,1
346183,VLG1005,1
3423c4,IBE04VV,2
347344,IBE0427,1
347604,AEA73CB,1
347604,AEA71HJ,1
344481,IBE04KC,1
344481,IBE04EE,1
344481,IBE04GA,1
347344,IBE04KC,1
347344,IBE04EE,1
34744c,VLG1007,3
34744c,VLG1005,2
346291,AEA71HJ,1
346204,IBE04EP,1
342189,IBE04ZM,1
3420cb,IBE04RW,1
344481,IBE04BR,1
345691,IBE04EB,1
345691,IBE04LB,1
3420cc,IBE04WD,1
34250a,IBE04VL,2
34250a,IBE04VV,2
346147,IBE0427,1
346147,IBE04AY,1
34635a,AEA73CB,1
347288,IBE04GA,1
344449,IBE04LB,1
491d89,NJE558U,1
342107,IBE04VV,1
346186,IBE0427,1
346186,IBE04AY,1
345692,IBE04GA,1
346385,AEA73CB,2
344417,IBE04WD,1
34134d,IBE04VL,2
34134e,IBE04RW,1
34134e,IBE04EB,1
34620b,IBE04ZM,1
342091,IBE04EP,1
347187,ORO1043,1
3482d6,AEA71HJ,1
3475d4,LVL036,1
346204,IBE04KC,2
346204,IBE04EE,2
345646,VLG1005,1
3423c3,IBE04EB,1
346186,IBE04BR,1
346186,IBE04GA,1
344417,IBE0427,1
3420cb,IBE04WD,1
342210,IBE04ZM,1
34604d,AEA7705,1
06a1ed,QTR8597,1
342189,IBE04LB,1
3462c9,AEA73CB,1
347287,IBE04EP,1
3472cc,IBE04AY,1
344648,IBE04RW,1
347349,AEA71HJ,1
a80d30,N618HL,1
34558e,AEA73CB,1
34660b,IBE04BR,1
3e2bf6,PAV523H,1
34224e,IBE04AY,1
344417,IBE04KC,1
344417,IBE04EE,1
344417,IBE04GA,1
34444b,IBE04VL,1
347219,IBE0427,1
3e31d8,PAV612H,1
342091,IBE04EB,3
342091,IBE04LB,3
347306,AEA7705,1
493291,NJE244M,1
342591,VLG1005,1
345299,AEA71HJ,1
344156,VLG1007,1
342211,IBE04EP,1
344648,IBE04VV,1
34604c,ANE8024,1
344648,IBE0427,1
34608f,IBE04BR,2
3420cc,IBE04KC,1
347643,AEA71HJ,1
34615a,AEA73CB,1
34444b,IBE04RW,1
345642,VLG1007,1
346204,IBE04WD,1
3462c9,AEA71HJ,1
3472cc,IBE04WD,1
342059,IBE04KC,1
342592,VLG1005,1
34608f,IBE04VL,1
34608f,IBE04VV,1
346499,IBE04ZM,1
49410c,NJE670P,1
345218,AEA5047,1
345218,AEA14UN,1
3445d4,IBE05GC,1
34745a,AEA5031,1
347219,IBE05GW,1
344446,AEA5041,1
346082,AEA5043,1
346082,AEA53GZ,1
34750b,AEA5049,1
34620b,IBE05GC,1
344459,AEA5031,1
34604d,AEA14UN,1
34604d,AEA5043,1
34604d,AEA53GZ,1
3485d2,ANE14QH,3
3485d2,ANE64VU,2
34745a,AEA5041,1
346083,AEA5047,1
347309,AEA5041,1
34750a,AEA5043,1
34750a,AEA53GZ,1
34134d,IBE05GC,1
3451da,ANE64VU,1
344297,AEA5031,2
34538e,AEA5047,1
34538e,AEA14UN,1
34745a,AEA5043,1
34745a,AEA53GZ,1
3cd28f,EFD3T,6
345583,ANE93PG,1
344197,ANE64VU,1
34750b,AEA5047,1
34750b,AEA14UN,2
3451d9,ANE14QH,1
3e2274,PAV693,1
49d5d7,AAN251,7
345692,IBE05GC,1
347307,AEA5031,1
344297,AEA5041,1
345385,ANE64VU,1
34604d,AEA5047,1
34750b,AEA5043,2
34750b,AEA53GZ,3
491139,DBT526,5
347309,AEA5031,1
342211,IBE05GC,1
344297,AEA5043,1
345250,ANE14QH,1
347307,AEA5047,1
347307,AEA14UN,1
4cad4f,RYR5765,1
4d2127,VJT418,2
01024b,MSC3110,1
344417,IBE05GC,1
01023a,MSC3118,1
344213,ANE64VU,1
34530d,ANE14QH,1
34745a,AEA5047,1
34745a,AEA14UN,1
3453cc,AEA86DN,3
495293,TAP11WQ,1
4400f3,EJU7640,1
34324f,IBE0531,1
346082,AEA1153,1
49529a,TAP11WQ,1
440237,EJU43CM,2
49520f,TAP21MM,1
34745a,AEA58TY,1
440b1e,EJU65XC,1
495299,TAP1017,1
34134d,IBE0539,1
345543,ANE44TG,1
345691,IBE05AD,1
346147,IBE05SE,1
495146,TAP1013,1
4ca251,RYR57EF,1
3420cc,IBE05BZ,2
440b1e,EJU43CM,2
34604d,AEA63QN,1
347344,IBE0539,1
347344,IBE0531,1
4951d4,TAP1023,1
440237,EJU7640,2
346083,AEA1153,2
4952c7,TAP21MM,1
440db0,EJU65XC,2
4952cc,TAP1017,1
34538e,AEA58TY,1
495309,TAP15NC,1
4951d6,TAP11WQ,1
345250,ANE44TG,1
346082,AEA58TY,1
346082,AEA63QN,2
3423c3,IBE0539,1
440b1e,EJU7640,1
495305,TAP15NC,1
495299,TAP21MM,1
342091,IBE05AD,2
4951ce,TAP11WQ,1
346499,IBE05SE,1
345698,ANE10GR,1
7da3de,ANE44TG,1
4951cc,TAP1013,1
4952cb,TAP1023,1
34224e,IBE0539,1
4952c2,TAP1023,1
4400f3,EJU65XC,1
48c1a6,RYR94EG,1
49514a,TAP1013,1
3453cc,AEA58TY,1
3453cc,AEA1153,2
3445d4,IBE05BZ,1
345597,ANE10GR,1
495290,TAP11WQ,1
440db0,EJU7640,1
4951d4,TAP1017,1
49520f,TAP15NC,1
346082,AEA86DN,2
495211,TAP21MM,1
3485d2,ANE44TG,1
347309,AEA63QN,1
495039,TAP11WQ,1
48c220,RYR57EF,1
4952c4,TAP15NC,1
347453,IBE05BZ,1
495219,TAP21MM,1
342059,IBE05SE,1
34530d,ANE10GR,1
34604d,AEA58TY,1
4951ca,TAP1013,1
4952ca,TAP1023,1
495290,TAP1017,1
344481,IBE05BV,1
344648,IBE05AD,1
3453cc,AEA35SH,3
34134e,IBE06GC,2
346499,IBE06SC,1
346083,AEA1047,3
34134d,IBE0647,1
4ca912,RYR16XT,1
4d2022,WMT8NP,2
4cade9,ITY063,1
4cae1c,ITY061,1
4d227b,RYR84WW,1
346316,IBE06MF,1
471f75,WMT4TX,1
4cada7,ITY059,2
342091,IBE06MT,2
34250a,IBE06WM,2
4ca783,ITY059,1
4cae54,RYR696K,1
34608e,IBE06SC,2
346316,IBE06WM,2
4caf2a,RYR84WW,1
4cada7,ITY063,1
34250a,IBE06GC,1
346082,AEA1047,1
3423c3,IBE06MF,1
34224e,IBE0647,2
4ca8ff,ITY061,1
3423c4,IBE06MT,2
4d204b,WMT8NP,1
4caded,ITY063,2
4d248e,WMT8NP,1
34608f,IBE06MT,1
34608f,IBE0659,1
4ca701,RYR84WW,1
4ca27c,RYR696K,1
3423c4,IBE06MF,1
346083,AEA35SH,1
4ca90a,ITY061,2
342059,IBE06GC,1
4ca798,ITY061,1
4cadea,ITY063,2
4ca2c0,RYR696K,1
34620b,IBE06MT,1
34608e,IBE0647,1
347453,IBE06SC,1
4d2535,WMT4TX,2
34134d,IBE06GC,1
34608f,IBE06MF,1
4cae92,RYR16XT,1
4cada8,ITY059,1
34538e,AEA35SH,2
4d2259,RYR84WW,1
342059,IBE06WM,1
4d241f,WMT8NP,1
4d242e,WMT4TX,1
344481,IBE06MT,1
48c229,RYR696K,1
4d2535,WMT8NP,1
3423c3,IBE06SC,1
4cae17,ITY061,1
4d2224,RYR4QH,1
4ca718,ITY063,1
4d2228,RYR84WW,1
347344,IBE0659,1
34538e,AEA1047,3
34134e,IBE06SC,1
34134e,IBE0647,1
48c133,RYR696K,1
344481,IBE06WM,1
34620b,IBE06MF,1
4ca56b,RYR4QH,1
4cae18,ITY061,1
4d2493,WMT8NP,1
4d2423,WMT412,1
342189,IBE06GC,1
34660b,IBE06GC,1
4d204b,WMT4TX,1
342211,IBE06SC,1
342211,IBE0647,1
4ca759,ITY059,1
4d226c,RYR84WW,1
48c2b2,RYR16XT,1
346082,AEA35SH,1
4ca4f5,RYR696K,1
346147,IBE06WM,1
344481,IBE06MF,1
344648,IBE0659,1
346147,IBE06EM,1
3423c3,IBE06PA,3
345691,IBE06SG,1
34620b,IBE06PA,1
347287,IBE06SG,1
3423c3,IBE06EM,1
344648,IBE06EM,1
347288,IBE06SG,1
343183,INI232,1
346204,IBE06SG,1
491d87,NJE212G,1
342189,IBE06EM,2
347454,IBE06SG,1
34608e,IBE06PA,1
3423c4,IBE06EM,1
342059,IBE06PA,1
34608f,IBE06SG,1
342211,IBE06DK,1
34608e,IBE06EM,1
491d8d,NJE156V,1
34660b,IBE06SG,1
342059,IBE06DK,1
347287,IBE0645,1
347454,IBE06PA,1
4d200d,WMT554,1
4d200d,WMT4GS,1
34538e,AEA37VZ,1
4ca703,RYR43GY,1
347453,IBE06BC,1
4d2287,RYR28FF,1
342189,IBE06FZ,1
3453c1,AEA57RJ,6
4cac66,ABR2206,1
34608f,IBE06BC,1
346204,IBE06VK,1
4ca56a,RYR28FF,1
34310d,BCS216,1
346186,IBE06FZ,1
347555,NOS830,1
346083,AEA37VZ,3
4d2242,RYR28FF,1
347287,IBE06FZ,1
347344,IBE06BC,1
344481,IBE06VK,1
346318,BCS216P,2
346082,AEA37VZ,2
4d200c,WMT4GS,1
3423c3,IBE06BC,2
34250a,IBE06FZ,1
4d2208,RYR28FF,1
3c1bb0,BCS37R,1
48c2ac,RYR43GY,1
4d2248,RYR28FF,1
34608e,IBE06VK,1
3445d4,IBE06BC,1
347288,IBE06FZ,1
34604d,AEA37VZ,1
4d2421,WMT554,2
347219,IBE06FZ,1
34604d,AEA57RJ,1
471fa0,WMT4GS,1
600bbe,AZG271,1
4ca9c3,RYR25FJ,1
48c231,RYR28FF,1
347344,IBE06FZ,1
4cadfe,RYR43GY,1
48c2ac,RYR28FF,1
4d206b,WMT4GS,1
34324f,IBE07KY,1
4d22b2,RYR5004,1
3445d4,IBE07HA,1
346204,IBE07SP,1
342091,IBE07VB,1
4d22c8,RYR5004,1
3445d4,IBE07KY,1
34444b,IBE07SP,2
346186,IBE07VB,1
34324e,IBE07KY,2
4d22b6,RYR5004,1
34260e,IBE07VB,1
3420cb,IBE07SP,2
344481,IBE07VB,1
34608e,IBE07SP,1
3475d5,IBE07KY,1
4c31e1,MPC003,2
4d22c1,RYR5004,1
34620b,IBE07KY,1
347219,IBE07VB,1
3472cc,IBE07SP,1
4d22b3,RYR5004,1
4caee4,RYR5004,1
34260e,IBE07KY,1
345691,IBE07VB,1
34324f,IBE07CY,2
342107,IBE07CT,2
34444b,IBE07LA,1
34608f,IBE07LA,1
34134d,IBE07CT,1
344449,IBE07FT,1
344648,IBE07CY,1
347344,IBE07CT,1
34608e,IBE07CY,1
3423c4,IBE07LA,1
490d08,NJE596P,1
345692,IBE07CT,1
345692,IBE07CY,1
34660b,IBE07LA,1
34260e,IBE07CY,1
342189,IBE07LA,1
342189,IBE07FT,1
346316,IBE07LA,1
3420cc,IBE07FT,1
34810b,IBE07CT,1
347219,IBE07CT,1
346186,IBE07LA,1
4d210e,VJT634,1
34530e,ANE32BD,2
3c664c,DLH19Y,1
345250,ANE88SC,1
3c64b0,DLH66U,1
348412,AEA1509,1
348412,AEA22RZ,2
34260e,IBE07ZE,2
3c64b1,DLH67T,1
3c6743,DLH21A,1
3483da,ANE32BD,1
3c6742,DLH66U,1
348441,AEA1509,2
348441,AEA22RZ,2
3485d2,ANE88SC,1
34134e,IBE07ZE,1
345615,ANE88SC,1
348085,AEA1509,2
348085,AEA22RZ,2
3c674a,DLH66U,1
344197,ANE56CP,1
345583,ANE32BD,1
3c66a1,DLH67T,1
3c6744,DLH21A,1
3c5430,BCS6359,2
3c664f,DLH67T,1
345597,ANE32BD,1
344459,AEA1509,1
34604b,ANE88SC,1
3c674f,DLH21A,1
34840a,AEA1509,1
34840a,AEA22RZ,1
4d2078,SVA929,1
3c674a,DLH21A,1
34324f,IBE07ZE,1
344197,ANE88SC,1
3c542a,BCS6359,1
348402,ANE32BD,1
3c664e,DLH19Y,1
3c674d,DLH67T,1
3c648b,DLH66U,1
34224e,IBE07ZE,1
3c6667,DLH67T,1
3c64a4,DLH66U,1
345597,ANE88SC,1
3c66ea,DLH21A,1
346204,IBE07ZE,1
3c65ca,DLH66U,1
3c66eb,DLH67T,1
345687,ANE32BD,1
3c6483,DLH21A,1
3c56a3,GEC8307,1
348402,ANE88SC,1
3c667a,DLH19Y,1
348085,AEA63MK,2
348085,AEA53LF,2
3c65d5,DLH95E,2
34530d,ANE1315,1
3485d2,ANE98ZC,1
3c65d1,DLH27Y,1
3c66ab,DLH27X,3
3c675a,DLH27X,1
3c674e,DLH95E,1
344197,ANE1315,2
348412,AEA63MK,2
348412,AEA53LF,2
3c65ce,DLH27Y,1
348401,ANE98ZC,2
348541,AEA63MK,1
348541,AEA53LF,1
3c64aa,DLH27X,1
344218,ANE98ZC,1
347288,IBE07AB,1
3c644b,DLH27Y,1
345250,ANE1315,1
3c6759,DLH95E,2
345698,ANE55UZ,1
3c6759,DLH27Y,1
34530d,ANE98ZC,1
3c65d2,DLH95E,1
34840a,AEA63MK,1
34840a,AEA53LF,1
34604b,ANE1315,1
3c6542,DLH27Y,1
3452c7,ANE55UZ,1
3452c7,ANE98ZC,1
3c6750,DLH27X,1
3451d9,ANE98ZC,1
3452c8,ANE1315,1
348441,AEA63MK,1
348441,AEA53LF,1
34324f,IBE07AB,1
3c65ce,DLH27X,1
3c65d2,DLH27Y,1
3451da,ANE1315,1
345687,ANE55UZ,1
3c66ac,DLH27Y,1
4ca244,RYR17UC,1
4d23f9,RYR17UC,1
4d228a,RYR17UC,1
4ca245,RYR17UC,1
4d2229,RYR9VR,1
48c220,RYR17UC,1
4d2287,RYR9VR,1
4d2279,RYR17UC,1
48c231,RYR9VR,1
4d2385,RYR17UC,1
4acb44,SAS92U,1
4cadb8,RYR7701,2
34448d,IBS18JR,3
4ca88c,RYR7701,1
45ac54,SAS92U,1
342105,IBS18JR,2
343385,IBS18JR,1
4ac9e4,SAS92U,1
4ac9e7,SAS92U,1
4aca13,NSZ3705,1
4d2387,RYR7701,1
342188,IBS18JR,1
45ab4d,SAS92U,1
4d2501,RYR7701,1
4aca0b,NSZ3705,1
4a91fa,SAS92U,1
4cafce,SAS92U,1
4ca568,RYR17NE,1
341682,IBS1881,2
4ca92d,EIN5KE,1
4d2271,RYR73CK,1
48ea4d,RYR38CV,1
4ca836,EIN5KE,1
34448d,IBS1881,1
4caa59,RYR17NE,1
4ca63b,EIN5KE,1
4cac54,RYR38CV,1
4d2241,RYR38CV,1
4cae91,RYR17NE,1
342090,IBS1881,1
4cabd3,EIN5KE,1
343141,IBS1881,1
3c1bae,BCS6006,1
4cac54,RYR17NE,2
4ca76f,EIN595,1
4cae35,EIN5KE,1
344416,IBS1881,2
4ca935,EIN595,1
4d225e,RYR38CV,1
4cadc1,RYR38CV,1
4cae9c,RYR38CV,1
4cae9c,RYR7206,1
4ca837,EIN595,1
4cae52,RYR73CK,1
4ca764,RYR17NE,1
4cae94,RYR40BG,1
4cad0f,RYR17NE,1
4cadc0,RYR73CK,1
4ca770,EIN5KE,1
34530e,ANE98GQ,1
346644,VOE4SR,2
344197,ANE23JP,1
3452c8,ANE23JP,1
345583,ANE101H,1
345583,ANE98GQ,1
34530e,ANE23JP,2
345388,ANE23JP,2
3444c8,VOE4SR,1
34530d,ANE23JP,1
3452c8,ANE98GQ,1
345388,ANE98GQ,1
346614,VOE4SR,1
345698,ANE98GQ,1
34620b,IBE0979,2
347219,IBE0981,1
4cae56,RYR655P,2
34260e,IBE0981,1
3475d5,IBE0981,1
4cadb9,RYR655P,1
4bca69,RHH055,1
4bc899,PGT3DQ,1
4bb272,THY4SC,2
4bb207,THY3TQ,1
4bb20d,THY24S,1
346181,AEA1683,1
4b9c63,THY6635,1
4bc885,PGT1102,1
4bb209,THY24S,1
4bb201,THY3TQ,1
347692,AEA1683,1
06a2e0,QTR8264,1
4bb282,THY4SC,1
4bc8c2,PGT3DQ,1
4bb208,THY24S,1
4bb153,THY6418,1
4bc8d3,PGT3DQ,1
4bb20c,THY3TQ,1
4bc8ca,PGT1102,1
347348,AEA1683,1
4bb159,THY6771,1
4bb153,THY6758,1
4bc85a,PGT3DQ,1
4bb155,THY6416,1
4bc8d2,PGT1102,1
4bc8ca,PGT3DQ,1
4ba9fa,THY6418,1
4bb26b,THY4SC,1
4bc894,PGT3DQ,1
3450d8,AEA1683,2
4bc8d5,PGT1102,1
4ba9ea,THY3TQ,1
4bab30,THY24S,1
4bb287,THY3TQ,1
4bc893,PGT3DQ,1
4bb262,THY4SC,1
4bb283,THY24S,1
4bb20c,THY98U,1
345388,ANE96WU,1
490d01,NJE216Y,1
345543,ANE17SQ,1
348401,ANE96TC,1
3485d2,ANE96WU,1
34530e,ANE17SQ,1
345250,ANE96WU,1
3451da,ANE17SQ,1
344197,ANE96WU,1
49410b,NJE479K,1
348401,ANE17SQ,1
7da3de,ANE23FL,1
344213,ANE96WU,1
44cdca,BEL7AD,1
344648,IBE0597,1
4ca769,RYR67ZJ,1
34840a,AEA26SA,4
34840a,AEA1171,3
3423c4,IBE06BD,1
3420cb,IBE06SH,1
44d071,BEL2UE,1
344449,IBE05KB,2
347344,IBE0597,2
34620b,IBE05KB,1
342091,IBE06BD,1
48c2ab,RYR67ZJ,1
344481,IBE06SH,1
348085,AEA1171,1
346147,IBE06BD,1
346147,IBE0597,1
44d068,BEL7AD,1
34310d,BCS225P,1
3c542a,BCS2UR,1
44cdcf,BEL2UE,1
4d2348,RYR67ZJ,1
44cc45,BEL2FR,1
34444b,IBE06SH,1
44cdcd,BEL2UE,1
341119,BCS225P,1
346186,IBE06SH,1
344417,IBE0597,1
348541,AEA26SA,2
348541,AEA1171,3
342189,IBE05KB,1
44cc45,BEL6ZJ,1
4ca564,RYR67ZJ,1
48c2ac,RYR2952,1
44cdce,BEL7AD,1
342107,IBE06BD,1
44d068,BEL2FR,1
348249,IBE06BD,1
3420cb,IBE0597,1
48c2b2,RYR67ZJ,1
34608f,IBE06SH,1
346186,IBE06BD,1
48c2b1,RYR67ZJ,1
44cdc6,BEL2UE,1
347219,IBE0597,1
4d23fd,RYR67ZJ,1
34530d,ANE79EJ,1
440179,EJU4796,2
3453d3,ANE96FH,1
3455d8,VOE67SK,1
345543,ANE79EJ,1
344213,ANE96FH,1
346614,VOE67SK,1
3483da,ANE79EJ,1
348401,ANE96FH,1
347256,VOE67SK,1
345615,ANE96FH,2
345615,ANE79EJ,1
345250,ANE79EJ,1
3455d7,VOE67SK,1
345385,ANE96FH,1
348402,ANE79EJ,1
4d2269,RYR69PC,1
4d00f2,LGL338C,4
4d00db,LGL338C,1
4cae4a,RYR69PC,1
4ca564,RYR69PC,1
4cae9f,RYR69PC,1
4d23fd,RYR39DN,1
4d2518,RYR69PC,1
4d00f1,LGL338C,1
4cad4f,RYR69PC,1
34604b,ANE67TP,2
34538e,AEA40WM,1
34538e,AEA45YH,1
34224e,IBE04ED,1
34750b,AEA72UE,1
34750b,AEA7233,1
34260e,IBE04BT,1
346186,IBE04SL,1
34324e,IBE04BT,2
34324e,IBE04SY,2
347481,AEA72UE,1
347481,AEA7233,1
344197,ANE67TP,1
3472cc,IBE04SL,1
346204,IBE04ED,1
34745a,AEA40WM,1
34745a,AEA45YH,1
34745a,AEA72UE,2
34745a,AEA7233,2
344459,AEA45YH,1
347306,AEA40WM,1
34444b,IBE04SY,1
347307,AEA45YH,1
346499,IBE04SL,1
34250a,IBE04ED,1
346082,AEA40WM,1
347344,IBE04SY,1
344341,AEA72UE,1
344341,AEA7233,1
344481,IBE04SY,1
3420cc,IBE04BT,1
34750a,AEA40WM,1
34750a,AEA45YH,1
344213,ANE1271,1
34134e,IBE04ED,1
3452c8,ANE67TP,1
344417,IBE04BT,1
348306,IBB28YR,1
347481,AEA40WM,1
347481,AEA45YH,1
3e3ee4,HRN124,7
34750f,AEA72UE,2
34750f,AEA7233,2
344218,ANE67TP,1
346204,IBE04BT,1
34750f,AEA40WM,1
34750f,AEA45YH,1
3452c8,ANE14LZ,1
34604b,ANE81BU,2
345583,ANE22XP,1
348402,ANE22XP,1
3485d2,ANE1217,1
4401f7,EJU13RQ,2
440c96,EJU13RQ,1
345698,ANE1217,1
345687,ANE22XP,1
34608f,IBE05DM,1
3451d9,ANE77EM,1
4ca4ee,RYR8FJ,1
347306,AEA24KY,1
347306,AEA78FJ,1
345583,ANE84ME,1
346316,IBE05KH,1
344216,AEA29NP,1
344216,AEA78QJ,1
040143,ETH740,1
4cae9c,RYR56AB,1
3445d4,IBE05KH,1
040126,ETH740,1
347306,AEA29NP,1
347306,AEA78QJ,1
34608e,IBE05YV,1
345218,AEA24KY,2
345218,AEA78FJ,2
345388,ANE84ME,1
344417,IBE05DM,1
344341,AEA29NP,5
344341,AEA78QJ,5
345385,ANE31WP,1
345250,ANE77EM,1
345543,ANE84ME,1
3475d5,IBE05KH,1
4d2228,RYR56AB,1
3453cc,AEA24KY,1
3453cc,AEA78FJ,1
3420cc,IBE05YV,1
040103,ETH740,1
3420cb,IBE05KH,1
4d221a,RYR56AB,1
34530e,ANE84ME,1
34444b,IBE05DM,1
347287,IBE05DM,1
34620b,IBE05KH,1
344341,AEA24KY,2
344341,AEA78FJ,2
347301,BCS209P,1
4cafc1,RYR56AB,1
345385,ANE84ME,1
34324e,IBE05YV,1
4cae52,RYR8FJ,1
4cac53,RYR8FJ,1
345691,IBE05KH,1
346499,IBE05DM,1
4ca24d,RYR56AB,1
34444b,IBE05YV,1
3452c7,ANE84ME,1
345385,ANE73AZ,1
4ca251,RYR8FJ,1
4ca251,RYR56AB,1
3453c1,AEA24KY,1
3453c1,AEA78FJ,1
3483da,ANE77EM,1
440bc4,BCS5HM,1
4cae9a,RYR4EA,1
04004b,ETH740,1
34134e,IBE05DM,1
34260e,IBE05GV,1
34608f,IBE0807,1
48c1a7,RYR91NN,1
347344,IBE08KC,1
4d2269,RYR91NN,1
49d328,TVS4CE,2
344648,IBE08TP,1
347453,IBE0807,2
3445d4,IBE08KC,1
346186,IBE0807,1
4ca564,RYR91NN,1
346499,IBE08KC,1
505a88,TVS4CE,1
4d223f,RYR91NN,1
344449,IBE08TP,1
4d2271,RYR91NN,1
342107,IBE0807,1
3420cb,IBE08TP,1
49d53f,ECC282,1
49d38c,TVS4CE,1
48c231,RYR91NN,1
49d5ef,TVS4CE,1
3423c4,IBE08KC,1
4ca9c3,RYR53BN,1
4cad4f,RYR91NN,1
3c70aa,BCS7JG,2
3c5432,BCS7JG,1
3c71a7,BCS7JG,1
3c5426,BCS7JG,1
347191,BCS870P,1
3c5430,BCS7JG,1
344195,ANE39JK,1
345687,ANE98CV,1
344213,ANE39JK,2
345250,ANE98CV,1
345543,ANE74KE,1
3452c8,ANE74KE,1
346499,IBE1401,1
34620b,IBE1403,1
344195,ANE70XF,1
3483da,ANE1173,1
3453d3,ANE84QQ,1
345615,ANE84QQ,1
344213,ANE70XF,2
345583,ANE1173,1
345597,ANE1173,1
348401,ANE70XF,1
345687,ANE84QQ,1
348402,ANE1173,1
345250,ANE84QQ,1
34530e,ANE84QQ,1
345388,ANE70XF,1
345687,ANE1173,1
34604c,ANE70XF,1
3452c7,ANE84QQ,1
344213,ANE1173,1
345615,ANE70XF,1
345698,ANE84QQ,1
34530e,ANE1173,1
344195,ANE54ER,1
345543,ANE02TH,1
345583,ANE44ER,1
34604b,ANE44ER,1
34604b,ANE02TH,2
345687,ANE54ER,1
348402,ANE44ER,2
34530d,ANE54ER,2
348402,ANE54ER,1
344197,ANE02TH,2
34714e,VOE2371,1
345698,ANE54ER,1
345385,ANE44ER,1
345597,ANE54ER,1
3485d2,ANE02TH,1
34530d,ANE44ER,1
34604c,ANE02TH,1
4a08eb,ROT416M,4
4d2143,WMT583,1
4d2384,RYR10XX,2
4d2420,WMT226,1
48c2ab,RYR10XX,1
4cae9f,RYR10XX,1
471f70,WMT226,1
4a08ea,ROT416M,1
471efa,WMT583,1
4cadc0,RYR10XX,1
4caf28,RYR10XX,1
471f62,WMT583,1
4d244c,RYR2539,1
4d201d,WMT583,1
471f62,WMT226,1
48e958,LOT4YJ,1
471fa0,WZZ1FT,1
4d20bd,WZZ1FT,1
48ae82,LOT4YJ,1
4d204a,WZZ1FT,1
48af01,LOT4YJ,1
48e95b,LOT4YJ,1
471dbe,WZZ1FT,1
4d24ab,WZZ1FT,1
48e959,LOT4YJ,1
48af06,LOT4YJ,1
4d245f,WZZ1FT,1
4d2536,WZZ1FT,1
48e95e,LOT4YJ,1
34444b,IBE07SY,1
347454,IBE07TG,2
3445d4,IBE07SY,1
34620b,IBE07SY,1
342091,IBE07TG,1
346147,IBE07SY,1
347287,IBE07TG,2
346186,IBE07TG,1
344648,IBE07SY,1
346316,IBE07SY,1
344449,IBE07TG,1
344417,IBE07SY,1
440031,EJU35YM,2
345583,ANE1179,2
346350,VOE6KY,1
344197,ANE1185,1
344197,ANE1183,1
3452c8,ANE1185,2
3452c8,ANE1183,2
344213,ANE1179,1
3483da,ANE001,1
3451d9,ANE1185,1
3451d9,ANE1183,1
7da3de,ANE1179,1
44061c,EJU35YM,1
34660f,VOE6KY,2
345597,ANE1185,1
345597,ANE1183,1
34530e,ANE1179,1
440c31,EJU35YM,1
345583,ANE1185,1
344213,ANE1183,1
3452c8,ANE1179,1
345698,ANE1185,1
345698,ANE1183,1
346649,VOE6KY,1
44064a,EJU35YM,1
34604c,ANE1179,1
341682,IBS1621,1
347348,AEA71TD,1
3474da,IBS16RA,1
3465d4,IBB3RE,1
34644b,IBS16WD,1
342090,IBS16PL,1
345686,IBS1531,1
346689,IBB60SP,1
343385,IBS1535,1
342104,IBS1531,2
343141,IBS1531,1
342105,IBS1531,1
341682,IBS1531,1
342059,FIN09DM,3
342210,FIN09DM,1
342211,FIN09DM,1
342189,FIN09DM,2
7da3de,ANE81PN,1
344218,ANE1083,1
344218,ANE20JV,1
344459,AEA4063,1
347481,AEA21PG,1
344195,ANE150N,1
3453d3,ANE1083,1
346516,LAV1941,1
34750b,AEA21PG,1
34750b,AEA4063,1
34530e,ANE20JV,1
345583,ANE81PN,1
343694,ANE002,1
34604d,AEA4063,1
34604b,ANE81PN,1
344197,ANE1083,1
4d235f,FJO649,5
34530d,ANE20JV,1
3451da,ANE150N,1
346082,AEA21PG,1
342213,INI331H,1
343694,ANE81PN,1
345388,ANE20JV,1
4911f7,TES241,1
34750a,AEA4063,1
347309,AEA21PG,1
3451d8,ANE1083,1
341207,XTX143H,1
342213,INI341H,1
345250,ANE004,1
46b822,AEE7MA,1
346186,IBE08VD,2
347219,IBE08VD,1
46b826,AEE7MA,1
469e45,SEH921,1
46b832,AEE3EM,1
34660b,IBE08VD,1
344449,IBE08VD,1
346499,IBE08VD,1
46b927,SEH921,1
46b830,AEE7MA,1
347453,IBE0839,1
46b82b,AEE7MA,1
471f4a,WZZ53DY,1
4d24b4,WZZ53DY,1
4d2479,WZZ53DY,1
4ca27a,RYR81FG,1
4cadfd,RYR62FA,1
4d228a,RYR62FA,1
3cc247,AWH75C,1
494144,NJE137T,1
4d2386,RYR62FA,1
4ca2ab,RYR62FA,1
4ca6a9,RYR81FG,1
4d21ed,RYR81FG,1
4d23fd,RYR41VM,1
4cae97,RYR62FA,1
4cac1e,RYR62FA,1
4cae62,RYR81FG,1
48c220,RYR94TN,1
4ca624,RYR41VM,1
48e9f0,RYR94TN,1
4caee5,RYR62FA,1
344295,ANE62NC,1
344307,ANE29MQ,1
3474da,IBS1813,1
48c2b2,RYR886B,1
34448d,IBS18YQ,1
343141,IBS18UE,1
344498,IBS1813,1
34644c,IBS18UE,1
343385,IBS1813,1
344455,IBS18UE,1
4cae92,RYR886B,2
342090,IBS1813,1
342090,IBS18UE,1
48c2ab,RYR886B,1
4d2398,KFE307,2
345686,IBS1813,1
347247,IBS18YQ,1
342104,IBS18YQ,1
34448d,IBS1813,2
4caf28,RYR886B,1
345686,IBS18UE,1
344416,IBS18YQ,1
4d2213,RYR886B,1
4d24ba,KMM587,1
4cade6,RYR1HD,1
4d226f,RYR1HD,2
48c2a4,RYR1HD,1
4caf2a,RYR97QV,1
4cae9f,RYR97QV,1
4d21a2,KMM587,1
48c2b2,RYR97PW,1
4cae4a,RYR97QV,1
347519,IBE0052,1
4d226c,RYR97QV,1
4d23fa,RYR1HD,1
4caf2a,RYR1HD,1
345250,ANE87AT,1
345687,ANE74FA,1
3483da,ANE74FA,1
342213,INI321H,1
348402,ANE91DH,1
345597,ANE87AT,2
345615,ANE48ZX,1
34604b,ANE74FA,1
3451da,ANE91DH,1
3452c7,ANE87AT,1
34530e,ANE74FA,1
7da3de,ANE48ZX,1
34530d,ANE48ZX,1
3452c8,ANE74FA,1
34604c,ANE87AT,1
345698,ANE91DH,1
3452c7,ANE74FA,1
345597,ANE48ZX,1
345698,ANE74FA,1
3452c7,ANE91DH,1
344197,ANE48ZX,1
459a62,FRO500,3
48e9f3,RYR8259,1
4d223a,RYR8259,1
4d221e,RYR8259,1
4ca9cf,RYR1EV,1
4d2384,RYR8259,1
48c232,RYR8259,1
48c2b2,RYR8259,1
4d221e,RYR1EV,1
4cae54,RYR26KU,1
4d2067,WZZ5070,1
3420cb,IBE08WB,2
4d200d,WZZ5070,1
344417,IBE08WB,2
4d2219,RYR816F,1
4caf2a,RYR816F,1
4d2423,WZZ5070,1
48c1a2,RYR816F,2
471dbd,WZZ5070,1
48c2b2,RYR26KU,1
4d224d,RYR816F,1
345692,IBE08WB,1
48c12d,RYR26KU,1
3472cc,IBE0869,1
3475d5,IBE08WB,1
48c2ab,RYR816F,1
471f74,WZZ5070,1
4caee6,RYR26KU,1
344449,IBE08WB,1
471f74,WZZ2372,1
4d200f,WZZ5070,1
344304,IBE0031,1
347685,GES301E,2
344345,IBE0031,1
344417,IBE08KP,1
347454,IBE08HC,1
3475d5,IBE08HC,1
3420cc,IBE08HC,1
34444b,IBE08HC,1
346186,IBE08HC,1
3445d4,IBE08KP,1
347287,IBE08HC,1
345692,IBE08HC,1
4ca56a,RYR5834,1
4ca84d,RYR5834,1
345612,VOE3940,2
3442cb,ANE19KG,1
4d2367,ANE2298,3
4d2367,ANE76YM,2
344295,ANE29LW,1
344307,ANE29LW,1
344307,ANE19KG,1
3483d9,ANE76YM,1
4d2366,ANE76YM,1
345687,ANE53PJ,1
344213,ANE1041,1
345615,ANE1041,1
34530d,ANE53PJ,1
345388,ANE53PJ,1
490d08,NJE147V,1
4cad4c,ABR402,6
491222,NJE438K,1
343183,INI221,1
3461c1,GES561J,1
345615,ANE60GG,1
3451d9,ANE60GG,1
348402,ANE60GG,1
345583,ANE60GG,1
344156,VLG7DP,1
3424d1,VLG7DP,1
344158,VLG1MB,1
342592,VLG3BG,1
3444d1,VLG7DP,1
346184,VLG1MB,1
3424d5,VLG5LG,1
344157,VLG8VF,1
345642,VLG62VX,1
342397,VLG3BG,1
3430cc,VLG3BG,1
3452c7,ANE26AP,1
345687,ANE41EW,1
345385,ANE10CM,1
34530d,ANE41EW,1
48a5f8,SAR1956,2
4cacb6,SAS2112,1
4cad97,SAS126,4
4cac7b,SAS106,1
4cad97,SAS2112,3
4cad97,SAS130,2
4cad87,SAS126,1
494108,NJE152V,1
4cad91,SAS106,1
4cae75,SAS106,1
4cacb6,SAS128,1
4cad87,SAS130,1
4ac9f9,SAS100,1
4cad88,SAS2112,1
4caf94,SAS106,1
4cad87,SAS128,1
45ac30,SAS100,1
4ab561,SAS108,1
4cad88,SAS130,1
4ac994,GFM1T,4
4cac7a,SAS128,1
4cafd8,SAS106,1
4ac9ee,SAS100,1
45d962,VKG4557,1
4cac7b,SAS2112,1
4ab565,SAS106,1
4cac7a,SAS132,2
4ab566,SAS6052,1
4cac9f,SAS126,1
4ab5d0,SAS110,1
4ab566,SAS106,1
493299,NJE382Q,1
a4158a,UPS287,1
a48850,UPS285,1
a41cf8,UPS285,1
a4158a,UPS285,1
a41941,UPS285,1
472fd0,JSD196,1
3cc803,PWF30,4
3cd71c,PWF30,1
3d7f74,JMP901,4
39dd59,CCM64XG,1
39dd45,CCM55FH,2
39dd45,CCM46TY,2
398495,CCM61AT,1
39a206,FPO773,1
347303,SWT5777,3
398640,CCM55FH,3
398640,CCM46TY,2
45214b,FPO5775,4
39dd45,CCM61AT,2
399549,AGH22A,3
39dd41,CCM61AT,3
39dd41,CCM55FH,1
39dd49,CCM46TY,1
39dd59,CCM46TY,1
39dd49,CCM55FH,1
39dd41,CCM46TY,1
396669,FPO775,1
4cad3c,RYR6317,1
4d2245,RYR96EZ,1
4d2245,RYR3JU,1
4ca301,RYR3JU,1
4cadc0,RYR3JU,1
4cad3c,RYR3JU,1
4cac88,RYR96EZ,1
4cae98,RYR3JU,1
4d2229,RYR6317,1
4d2260,RYR3JU,1
4ca738,RYR96EZ,1
4ca704,RYR6317,1
4d2260,RYR96EZ,1
4d2243,RYR3JU,1
39dd42,CCM19LC,4
399541,AGH02A,2
347303,SWT5781,1
39dd49,CCM49LK,1
39dd58,CCM64XG,6
39dd48,CCM71BI,1
39dd42,CCM32TA,3
39dd45,CCM58GS,1
39dd45,CCM19LC,1
39dd42,CCM58GS,1
39cd33,TJT777A,1
39dd45,CCM49LK,1
396669,FPO771B,1
39dd57,CCM19LC,1
346489,SWT5781,1
396669,FPO785,1
3c674e,DLH08K,1
3c6486,DLH09W,1
3c6451,DLH92A,1
3c66ab,DLH08K,1
3c66ab,DLH09W,1
3c6451,DLH08K,1
3c4dce,DLH92A,1
3c6542,DLH08K,1
3c66a8,DLH09W,1
3c6598,DLH92A,1
3c674e,DLH09W,1
3c66a3,DLH08K,1
440bc6,BCS1683,1
45ce46,SRR6381,5
4baa90,THY5MF,1
4bb21a,THY9LW,1
4bc893,PGT1126,1
4baa88,THY5MF,1
4bc88a,PGT1126,1
4bc847,PGT1126,1
4baa69,THY5MF,1
4bb205,THY9LW,1
4bb213,THY5MF,1
4bc889,PGT1126,1
4baa67,THY5MF,1
4baa90,THY9LW,1
4bc8c4,PGT1126,1
4bb20a,THY9LW,1
4bc88b,PGT1126,1
4bb207,THY5MF,1
4bc84b,PGT1126,1
4baa85,THY9LW,1
4bab23,THY5MF,1
3465d8,VOE85YU,3
34714d,VOE85YU,1
4ca73b,RYR7796,1
4caf2a,RYR7796,1
4cae4a,RYR7796,1
44ce6c,BEL8RN,1
44cdc9,BEL1PD,1
44ce62,BEL8RN,1
44ce61,BEL8RN,1
44ce75,BEL1PD,1
44cdcf,BEL8RN,1
4cadc0,RYR944,1
345617,LAV921P,1
45ce46,ITY9480,1
4ca624,RYR944,1
4d227a,RYR944,1
4cad64,RYR9118,1
4cae98,RYR944,2
4d227a,RYR9118,1
4cadc0,RYR7AJ,1
4d227a,RYR7AJ,1
399a88,AGH12A,1
4cad64,RYR7AJ,1
395184,ITI221A,1
4cadc0,RYR601U,1
4d227a,RYR601U,1
4cafd3,RYR601U,2
4cadc0,RYR93BF,1
3e232e,PAV621,1
4cac53,RYR93BF,1
4cae57,RYR93BF,2
4863db,KLM62C,1
484132,KLM22C,1
484966,KLM72C,3
48455d,KLM72C,1
484160,KLM22C,1
484f06,KLM72C,2
48455d,KLM22C,1
484133,KLM62C,1
48415f,KLM72C,1
484fde,KLM22C,1
484442,KLM22C,1
48418c,KLM62C,1
484162,KLM62C,1
48418a,KLM22C,1
392af1,AFR78ZK,1
3985a6,AFR71BY,1
348101,SWT6RS,4
347303,SWT5748,4
39e692,AFR94UK,1
393323,AFR47AJ,1
3950cc,AFR78NH,1
3950cc,AFR9405,1
3985a1,AFR88UP,2
39bdb8,AFR93YQ,1
394c10,AFR7345,2
392ae8,AFR7337,2
39e4ac,AFR32HH,1
39a206,FPO720,1
394c19,AFR94UK,1
3991e6,AFR7345,1
392af3,AFR7337,1
3991e5,AFR32HH,1
393269,ASJ01TJ,5
392aec,AFR78NH,1
392aec,AFR9405,1
392af2,AFR71BY,1
394c14,AFR47AJ,2
392ae8,AFR78ZK,1
45214b,FPO5720,4
3985a6,AFR88UP,1
394c10,AFR93YQ,1
394c10,AFR32HH,1
3991e8,AFR78ZK,2
393323,AFR93YQ,1
394c18,AFR94UK,2
3985a1,AFR71BY,1
3985a4,AFR78NH,1
3985a4,AFR9405,1
392aef,AFR7345,1
3950cc,AFR88UP,1
394c19,AFR7345,1
39cea7,TVF8091,1
392af3,AFR394V,1
392af1,AFR7337,1
393322,AFR32HH,1
3985a3,AFR78NH,2
3985a3,AFR9405,1
394c13,AFR47AJ,2
39bda1,AFR78ZK,1
3950cf,AFR91QD,1
3985a4,AFR71BY,1
394c0c,AFR93YQ,2
392ae8,AFR94UK,1
3950ce,AFR78NH,1
3950ce,AFR9405,1
346489,SWT5748,1
392af3,AFR71BY,1
393322,AFR7345,1
3950cf,AFR32HH,1
392af2,AFR88UP,1
3991e7,AFR78ZK,1
3991e6,AFR7337,1
392aee,AFR32HH,1
394c10,AFR91QD,1
394c10,AFR47AJ,1
39bdb3,AFR94UK,1
3950cc,AFR73ZT,1
3985a1,AFR78NH,1
3985a1,AFR9405,1
3991e5,AFR94UK,1
3991e5,AFR7337,1
392af2,AFR91QD,1
392af2,AFR9405,1
394c18,AFR7345,1
392ae9,AFR32HH,1
392af3,AFR88UP,1
3950cd,AFR47AJ,1
39e691,AFR93YQ,1
3c6653,DLH01H,1
3c6678,DLH17V,1
3c6498,DLH01H,1
3c65c7,DLH17V,1
3c6442,DLH79P,1
3c64a4,DLH01H,1
3c6672,DLH01H,1
3c658d,DLH79P,1
3c6447,DLH79P,1
3c6752,DLH17V,1
3c6635,DLH17V,1
3c658b,DLH79P,1
3c6744,DLH17V,1
3c648b,DLH01H,1
3c6752,DLH79P,1
344195,ANE92WD,1
3485d2,ANE1174,1
3453d3,ANE471Q,1
7da3de,ANE51QE,1
345615,ANE471Q,1
344213,ANE92WD,2
348401,ANE92WD,1
345583,ANE1174,1
345687,ANE471Q,1
345597,ANE1174,1
345250,ANE471Q,1
34530e,ANE471Q,1
348402,ANE1174,1
345388,ANE92WD,1
34530e,ANE1174,1
34604c,ANE92WD,1
3452c7,ANE471Q,1
345615,ANE92WD,1
345698,ANE471Q,1
345687,ANE1174,1
394ea2,TJT1511,1
395184,TJT1517,2
395184,TJT1511,1
34714d,VOE9022,1
3939e4,TJT1517,1
3939e4,TJT1511,1
392da4,TJT1511,1
39cd33,TJT1517,2
45b86a,SUS1332,4
45b870,SUS1445,4
3444d1,VLG4154,1
347690,VLG1HY,1
3424d1,VLG1HY,1
342592,VLG1HY,1
344695,VLG1HY,1
34440a,VLG1HY,1
344157,VLG1HY,1
39a182,PVR72A,1
34714d,VOE5WT,4
346489,SWT1335,3
34714d,VOE2515,2
34714d,VOE3LY,2
3465d8,VOE3LY,1
440ca9,EJU89DL,1
4409c0,EJU47EB,1
346644,VOE51GG,2
44028c,EJU493W,3
4409c0,EJU493W,1
440ca9,EJU47EB,1
44028c,EJU47EB,2
440053,EJU493W,1
4401d1,EJU454K,1
4401d1,EJU47EB,1
440ca9,EJU493W,1
346613,VOE51GG,1
440053,EJU47EB,1
44028c,EJU89DL,3
3444c8,VOE51GG,1
3939e4,TJT95SZ,3
3939e4,TJT91SZ,1
392da5,TJT95SZ,1
392da4,TJT95SZ,1
39cea4,TVF707,1
4ca97a,RYR75DL,1
39d313,TVF52VN,1
4d21fd,RYR27DL,1
39cea7,TVF7091,1
4cad64,RYR55KF,1
4cadc0,RYR75DL,2
39d307,TVF52VN,1
3964f8,TVF52VN,1
39ceaf,TVF52VN,3
4d2245,RYR75DL,1
4ca8af,RYR27DL,1
4ca61c,RYR75DL,1
4ca61c,RYR55KF,1
39ceaf,TVF7091,1
4d2260,RYR27DL,1
4cae98,RYR75DL,1
39d301,TVF7097,1
4cafd3,RYR55KF,1
4cafd3,RYR75DL,1
4cad64,RYR27DL,1
39ceab,TVF1550,2
4ca97a,RYR95VZ,1
4cafd3,RYR95VZ,1
4caf27,RYR40AX,1
4ca24f,RYR40AX,1
4cadf2,RYR40AX,1
4cad11,RYR40AX,1
4d2236,RYR40AX,1
3b7b85,MILAN74,1
4d244c,RYR56RJ,1
48c123,RYR56RJ,1
4ca623,RYR56RJ,1
4cad64,RYR56RJ,1
4d21fd,RYR534C,1
4ca61c,RYR534C,1
4d21fd,RYR51PY,1
49d5e8,NTF97T,2
4ca810,RYR51PY,1
4ca61e,RYR51PY,1
4ca566,RYR8BW,1
4d224e,RYR8BW,1
4cad64,RYR8BW,1
4ca61c,RYR8BW,1
4ca566,RYR2004,1
4d227a,RYR2004,1
4ca566,RYR85XH,1
4d2245,RYR85XH,1
4cad64,RYR85XH,2
4cafd3,RYR1JP,1
347301,BCS9LE,1
3c70b5,BCS9LE,2
3c70b0,BCS9LE,1
34310d,BCS9LE,1
39cea7,TVF7378,1
39ceb9,TVF7378,2
398e28,AIA133,1
34838b,VOE4BM,2
3964f8,TVF7378,1
399164,FHELE,7
4ca24d,RYR552T,1
4cad64,RYR552T,1
4ca566,RYR552T,1
4cac56,RYR552T,1
4cac53,RYR552T,1
4d2245,RYR6VN,1
4ca75f,RYR552T,1
4cae9d,RYR6VN,1
4ca24d,RYR6VN,1
4ca61c,RYR552T,1
4cad64,RYR58EV,1
4cadc0,RYR58EV,1
4cae98,RYR58EV,1
4cad64,RYR56NF,1
4cafd3,RYR56NF,1
4ca738,RYR56NF,1
35360a,AZOR12,1
4d247c,ANE82DH,1
4d2095,RYR1AE,1
4d2228,RYR1AE,1
48c2b0,RYR227P,1
4cae6c,RYR227P,1
4ca566,RYR227P,1
4cae49,RYR227P,1
48c2b0,RYR1848,1
4d250b,WMT1K,1
4caa5a,RYR930,1
43ed0d,2FEEL,1
4caa5a,RYR4947,1
4d225b,RYR18SK,1
4d225b,RYR4947,1
48c221,RYR4947,1
4d21ec,RYR7883,1
4d225b,RYR7883,1
4ca815,RYR7883,1
48c22c,RYR7883,1
4d225b,RYR9JH,2
4d201e,WMT153,1
4d24d6,WMT153,1
4d21ec,RYR9JH,1
471db4,WMT153,1
4d2491,WMT153,1
48c221,RYR9JH,1
4d225b,RYR141H,1
4d2236,RYR141H,1
48c221,RYR141H,1
4cae5a,RYR141H,1
48c22c,RYR141H,1
3e3463,LHB4,2
48c1a5,RYR24WM,1
48c2b0,RYR24WM,1
48c125,RYR24WM,1
4d21eb,RYR24WM,1
4d2233,RYR24WM,1
39e698,AFR69VB,1
39bdae,AFR91ET,1
39e682,AFR48QW,1
39ceac,TVF90KB,1
398579,AFR16TB,1
39c642,FIZ355,1
3964e1,TVF98UH,2
392ae9,AFR69VB,1
3991e1,AFR48QW,1
39cea5,TVF98UH,1
39d313,TVF79CR,1
39e684,AFR16TB,1
39e684,AFR91ET,2
39bda0,AFR69VB,1
39ceb0,TVF98UH,1
39d319,TVF79CR,1
39bdaf,AFR91ET,1
394c10,AFR16TB,1
39bdb1,AFR48QW,1
3964f4,TVF90KB,1
39ceac,TVF98UH,1
39ceb1,TVF79CR,1
39e698,AFR48QW,1
394c13,AFR69VB,1
39666f,AFR16TB,1
39e68d,AFR365V,1
398601,AFR91ET,1
39cea3,TVF90KB,1
39de4f,TVF703,1
39d300,TVF79CR,1
398570,AFR69VB,1
39bdb0,AFR48QW,2
39cea8,TVF98UH,1
398575,AFR16TB,2
3991e7,AFR16TB,1
393323,AFR69VB,1
398e49,TVF7139,1
39bda3,AFR91ET,1
39d311,TVF98UH,1
39bda1,AFR91ET,1
39bdb9,AFR48QW,1
502ce8,TVF80ZW,1
3991e3,AFR69VB,1
34569a,VOE4UN,1
345613,VOE91PU,2
34568d,VOE91PU,3
34568d,VOE4UN,2
346614,VOE91PU,1
345613,VOE4UN,2
3455d8,VOE1RB,1
346611,VOE4UN,1
34838b,VOE8FN,1
345613,VOE8FN,1
34714e,VOE7QX,1
347641,VOE7QX,1
34714e,VOE4TP,1
346648,VOE4TP,1
346648,VOE3BE,2
3a2e68,DSO21TI,1
346648,VOE3UB,1
347641,VOE3UB,1
48ad10,LOT504,1
48ad86,LOT502,1
489789,LOT502,1
48ad0d,LOT502,2
a70378,N551DL,4
43eaad,MATTI,8
44ce6e,BEL9SW,1
3c66a9,DLH7AH,1
44ce75,BEL7DD,1
44ce78,BEL9BP,1
44ce6a,BEL3CQ,2
44ce6a,BEL7DD,2
3c66ab,DLH7AH,1
44ce62,BEL9BP,1
3c644e,DLH7AH,1
44ce72,BEL3CQ,1
44cdc9,BEL6AK,1
44ce6c,BEL9SW,1
44ce76,BEL7DD,1
44cdc9,BEL9SW,1
44ce6c,BEL7DD,1
44ce66,BEL3CQ,1
44ce72,BEL9BP,1
3c6757,DLH7AH,1
44ce6f,BEL9FU,1
3c6451,DLH7AH,1
44cdd1,BEL9FU,1
3c6590,DLH7AH,1
44ce62,BEL7DD,1
484131,KLM1856,1
3c4dc8,DLH9MR,1
3c674e,DLH1ER,2
3c66a8,DLH2ME,1
300394,DLA7MC,2
484130,KLM68J,1
3c4dd2,DLH3WF,1
4855d0,KLM40Q,1
4855d0,KLM1850,1
484f06,KLM34E,2
3c675a,DLH5HH,1
4852f5,KLM40Q,1
3c6597,DLH3WF,1
3c66a8,DLH1ER,1
3c49b7,BMW71,1
3c6757,DLH2ME,1
484b8f,KLM1856,1
484b8f,KLM34E,1
485874,KLM1850,1
3c4dd0,DLH9MR,1
48415f,KLM68J,2
3c4dd2,DLH5HH,1
3c66af,DLH2ME,1
4852f5,KLM1850,1
484cb4,KLM1856,1
3c65d2,DLH1ER,1
3c4dc2,DLH3WF,1
48548e,KLM40Q,1
3c644e,DLH5HH,1
484b8f,KLM68J,1
3c644d,DLH3WF,1
3c66a6,DLH2ME,1
3c66b0,DLH9MR,1
48415e,KLM34E,2
484b90,KLM1856,1
3c675a,DLH1ER,1
484cc3,KLM40Q,1
4864ec,KLM1850,1
484556,KLM1856,1
3c6582,DLH3WF,1
3c4dd0,DLH5HH,1
3c66a3,DLH2ME,3
3c644c,DLH9MR,1
485871,KLM9935,1
3c6451,DLH5HH,1
48415f,KLM1856,1
48415f,KLM34E,1
484cc2,KLM40Q,2
485875,KLM40C,1
3c66a6,DLH9MR,1
3c01c3,KLM1850,1
3c4dcd,DLH3WF,1
3c6750,DLH1ER,1
485a34,KLM68J,1
3c65d1,DLH1ER,1
484b32,KLM1856,1
484c54,KLM1850,1
3c6590,DLH3WF,1
3c6451,DLH9MR,1
3c4dcb,DLH111,2
3c6635,DLH9PH,1
3c6563,OCN4081,1
3c6489,DLH6LJ,2
3c6744,DLH8AA,2
3c6634,DLH093,1
3c79ba,CFG7JT,1
3c6584,DLH9PL,2
3c6657,DLH1411,1
3c6671,DLH2MK,1
3c648b,DLH7MN,1
3c648b,DLH2HH,1
3c6589,DLH4JF,1
3c6445,DLH111,1
3c6674,DLH093,1
3c6498,DLH6LJ,1
3c6447,DLH9PH,1
3c6747,DLH2FR,1
3c0ac7,CFG7LA,1
3c674f,DLH2MK,1
3c0acc,CFG2UV,1
3c644a,DLH4JF,1
3c4a02,DLH7MN,1
3c4a02,DLH2HH,1
3c0acb,CFG4UZ,1
3c6595,DLH6NX,1
3c7878,CFG7HD,1
3c658d,DLH9PH,1
3c664c,DLH6NX,1
3c6754,DLH8AA,1
3c66aa,DLH4JF,1
3c66ae,DLH2MK,1
3c49b1,TUI906P,1
3c664f,DLH3HJ,1
3c79b8,CFG2VT,1
3c6445,DLH9PL,1
3c664d,DLH093,1
3c6676,DLH2FR,1
3c6468,CFG6YR,1
3c4a15,DLH7MN,1
3c4a15,DLH2HH,1
3c6672,DLH6LJ,1
3c6666,DLH6NX,1
3c6427,CFG4792,1
3c0ac5,CFG6RZ,1
3c656b,OCN4081,1
3c6634,DLH8AA,1
3c6674,DLH2FR,1
3c6653,DLH4JF,1
3c6443,DLH9PH,1
3c6543,DLH093,1
3c6429,CFG7NV,1
3c66ea,DLH3HJ,1
3c6449,DLH9PL,1
3c6448,DLH2MK,1
3c6445,DLH4JF,1
3c6445,DLH093,1
3c6663,DLH6LJ,1
3c6672,DLH8AA,1
3c6585,DLH2FR,1
3c4a06,DLH7MN,1
3c4a06,DLH2HH,1
3c664c,DLH111,1
3c0acc,CFG6ZU,1
3c6655,DLH6NX,1
3007ef,DLA9910,1
3c6498,DLH9PH,1
3c4dd5,DLH4LP,1
3c6448,DLH9PH,1
3c6469,CFG4NW,1
3c6485,DLH6NX,1
3c6655,DLH8AA,1
3c0aca,CFG1ML,1
3c658d,DLH2HH,1
3c6666,DLH2MK,1
3c6449,DLH7MN,1
3c664e,DLH3HJ,1
3c6447,DLH4JF,1
3c4dd7,DLH111,1
3c658e,DLH9PL,1
3c786c,CFG1RT,1
3c4dc7,DLH111,1
3c6498,DLH093,1
3c6449,DLH4JF,1
3c6583,DLH9PL,1
3c6585,DLH3HJ,1
3c6447,DLH2HH,1
3c6448,DLH2FR,1
3c6749,DLH9PH,1
3c6749,DLH6NX,1
3c6749,DLH8AA,1
3c6648,DLH2MK,1
3c0c99,TUI910P,1
3c088d,CFG2JP,1
3c088d,CFG1AT,1
3c0ac6,CFG8VX,1
3c0aca,CFG3UZ,1
3c66ad,DLH1RW,1
300394,DLA5YC,1
452084,BCS4243,3
300558,DLA9HH,2
3006b5,DLA6AW,1
4401e9,EJU98HD,1
30055b,DLA9HH,1
3c64aa,DLH1RW,1
3006b5,DLA5YC,1
300780,DLA6AW,1
300780,DLA5YC,1
3003af,DLA6AW,1
3003af,DLA9HH,1
3c644c,DLH1RW,1
3007ee,DLA9HH,1
440c36,EJU98HD,1
3003af,DLA5YC,1
3c4dc2,DLH1RW,1
300738,DLA6AW,2
300394,DLA9HH,1
3c6757,DLH1RW,1
440d10,EJU98HD,1
3474cb,BCS4245,1
3003ad,DLA6AW,1
440128,EJU98HD,1
3c66a2,DLH1RW,1
300782,DLA9HH,1
3c6751,DLH1RW,1
300554,DLA6AW,1
3c66ad,DLH8LL,1
3c674e,DLH5AF,1
3c66a8,DLH3PN,1
4ac9e9,SAS662,1
3c65cc,DLH8LY,1
4cafd6,SAS57R,1
3c66a7,DLH8LL,1
3c6751,DLH5AF,1
4caddb,SAS662,1
4ca6d9,SAS57R,1
3c6598,DLH3PN,1
3c66a7,DLH5AF,1
4cafd7,SAS57R,2
3c66a8,DLH8LL,1
4cac8e,SAS662,1
3c65d2,DLH3PN,1
3c66a5,DLH8LY,2
3c66af,DLH8LL,1
3c6597,DLH5AF,1
4cad94,SAS662,1
3c6750,DLH3PN,1
47ba78,SAS662,1
3c6757,DLH8LL,1
4cabda,SAS57R,1
3c675a,DLH3PN,1
3c644b,DLH5AF,1
3c6751,DLH8LY,1
3c666a,DLH8LY,1
4ac9e9,SAS57R,1
3c66ac,DLH3PN,1
3c644c,DLH5AF,1
3c66a3,DLH8LL,2
4cafcd,SAS662,1
4aca70,SAS57R,1
4aca79,SAS662,1
3c66a2,DLH3PN,1
3c65cc,DLH5AF,1
3c66a7,DLH8AH,1
3c66a7,DLH4UV,1
3c66a3,DLH2RL,1
3c4dc1,DLH5PP,1
3c66b0,DLH4LJ,1
3c6598,DLH7XT,1
3c666a,DLH5TW,1
3c666a,DLH1WN,1
3c675a,DLH8AN,1
3c66a2,DLH9TK,1
3c6597,DLH7FT,1
3c6590,DLH2NW,1
3c648d,DLH8CJ,2
3c6751,DLH9TK,1
3c66ac,DLH8AH,1
3c66ac,DLH7XT,1
3c66ac,DLH4LJ,1
3c6759,DLH2NW,1
3c66ad,DLH1WN,1
3c644d,DLH2RL,1
3c6750,DLH8AN,1
3c6670,DLH5TW,1
3c6590,DLH4UV,1
3c6598,DLH4LJ,1
3c66ad,DLH8AH,1
3c66a8,DLH2RL,1
3c674e,DLH4UV,1
3c66a3,DLH8AN,1
3c65ce,DLH5TW,1
3c648d,DLH7XT,1
3c65c8,DLH2NW,1
3c66a5,DLH9TK,1
3c6488,DLH1WN,1
3c6488,DLH8CJ,2
3c6593,DLH4LJ,1
3c6486,DLH8AN,1
3c66a2,DLH2NW,1
3c644e,DLH4UV,1
3c6757,DLH9TK,1
3c648e,DLH1WN,1
3c648e,DLH8CJ,1
3c64a5,DLH5TW,1
3c648d,DLH1WN,1
3c6488,DLH9TK,1
3c6590,DLH2RL,1
3c6486,DLH8AH,2
3c644c,DLH7XT,1
3c66a2,DLH5TW,1
3c66a2,DLH8AN,1
3c66a6,DLH2NW,1
3c6451,DLH4UV,1
3c66a9,DLH7XT,1
3c644c,DLH2RL,1
3c66ab,DLH8AH,1
3c64aa,DLH5TW,1
3c6757,DLH2NW,1
3c666b,DLH1WN,1
3c666b,DLH4LJ,2
3c66a5,DLH8AN,1
3c6597,DLH9TK,1
3c6597,DLH4UV,1
3c66af,DLH1WN,1
3c6582,DLH2RL,1
3c675a,DLH7XT,1
3c6750,DLH2NW,1
3c4dc8,DLH9KK,1
3c4dd0,DLH5ET,2
3c4dd0,DLH3WY,2
3c4dc8,DLH3WY,1
3c4dce,DLH5ET,1
3c4dce,DLH3WY,1
3c4dcd,DLH9KK,1
3c4dc1,DLH5ET,1
3c4dc1,DLH3WY,1
3c4dc2,DLH3WY,1
3c4dce,DLH9KK,1
3c4dcd,DLH5ET,1
3c4dc4,DLH9KK,1
3c4dd2,DLH3WY,1
3c4dc8,DLH1RX,1
3c4dcd,DLH2KK,1
4d00da,LGL9732,1
300738,DLA9YJ,1
3c4dc8,DLH2KK,1
3c4dc8,DLH4EE,1
4d00d4,LGL98ED,1
3c4dd0,DLH4EE,1
4d00d5,LGL98ED,2
3c4dc9,DLH1RX,1
3c4dd6,DLH2KK,1
3c4dce,DLH2KK,1
3c4dc2,DLH4EE,1
3c4dd2,DLH1RX,1
3c4dc2,DLH2KK,1
3003ad,DLA9YJ,1
4d00da,LGL98ED,1
4d00d7,LGL98ED,1
3c4dc4,DLH2KK,1
3c4dc1,DLH1RX,1
4d00d9,LGL9734,1
3c4dce,DLH4EE,1
3c4dc8,DLH1RP,1
3c66af,DLH6CF,1
3c66b0,DLH8NJ,1
3c66b0,DLH7LY,2
3c66a6,DLH8JV,1
3c48f0,LHX7EC,1
3c6593,DLH1MY,1
3c6593,DLH2000,1
3c644d,DLH3HH,1
3c644c,DLH3HH,2
3c66af,DLH1MY,1
3c66a9,DLH8JV,1
3c6451,DLH2000,2
3c674e,DLH6CF,1
3c65d1,DLH8NJ,1
3c66ad,DLH7EC,1
3c644e,DLH1RP,1
49410b,NJE641U,1
3c6598,DLH1RP,1
3c66b0,DLH6CF,1
3c644e,DLH1MY,1
3c6597,DLH8JV,1
3c66a5,DLH7EC,1
3c6488,DLH8NJ,1
3c6598,DLH2000,1
3c4dd0,DLH6CF,2
3c65d4,DLH8JV,1
3c6590,DLH7EC,1
3c66a8,DLH1RP,1
3c6594,DLH1MY,1
3c648e,DLH7EC,1
3c6451,DLH8JV,1
3c66ab,DLH6CF,1
3c65c9,DLH8NJ,1
3c66a6,DLH1MY,1
3c6597,DLH1RP,1
3c6751,DLH6CF,1
3c648d,DLH8NJ,1
3c64aa,DLH7LY,1
3c6548,LHX1MY,1
3c48e8,LHX1RP,1
3c66ac,DLH8NJ,1
3c654d,LHX7LY,1
3c66af,DLH3KL,1
3c6750,DLH1MW,1
3c6598,DLH9AE,1
3c66ac,DLH2CK,1
3c66a8,DLH1MW,1
3c65c9,DLH3KL,1
3c66a9,DLH2CK,1
3c6542,DLH2CK,1
3c6593,DLH3KL,2
3c6597,DLH9AE,1
3c66a2,DLH1MW,2
3c6751,DLH1MW,2
3c65cb,DLH2CK,1
3c65d1,DLH3KL,1
3c648e,DLH2CK,1
3c66af,DLH1MW,1
3c66ac,DLH3KL,1
3c66a2,DLH2CK,1
3c644b,DLH9AE,1
3c66a5,DLH2CK,1
3c65d4,DLH2AJ,1
3c66ab,DLH2AJ,1
3c66a6,DLH2AJ,1
3c66a7,DLH2T,2
3c66a3,DLH5N,1
3c66a3,DLH5T,1
3c6486,DLH8N,2
3c64a3,DLH2N,1
3c666a,DLH4X,1
3c6451,DLH2X,1
3c6488,DLH7T,1
3c66a2,DLH6T,1
3c66ab,DLH4N,1
3c66a6,DLH6T,1
3c6759,DLH5T,1
3c65cb,DLH2N,1
3c6757,DLH7T,1
3c648e,DLH8N,1
3c644d,DLH2X,1
3c66a2,DLH4X,1
3c6590,DLH4N,1
3c644b,DLH2T,1
3c6598,DLH4N,1
3c65cb,DLH6T,1
3c4dc8,DLH2T,1
3c644e,DLH5N,1
3c666b,DLH4X,1
3c66a3,DLH2X,1
3c65c9,DLH2N,1
490d84,NJE235K,1
3c6751,DLH7T,1
3c6750,DLH5T,1
3c6593,DLH5N,1
3c6670,DLH8N,2
3c6542,DLH2N,1
3c64a3,DLH6T,1
3c6488,DLH4X,1
3c66a7,DLH5T,1
3c65cb,DLH2X,1
3c79c1,SDR83WF,1
3c66af,DLH4X,1
3c6670,DLH2N,1
3c48e8,LHX2X,1
3c6582,DLH5N,2
3c66a5,DLH7T,1
3c644c,DLH4N,1
3c65cb,DLH8N,1
3c6750,DLH6T,1
3c644e,DLH4N,1
3c66a8,DLH6T,1
3c66a6,DLH5N,1
3c6597,DLH4X,1
3c65ce,DLH2N,1
3c48f0,LHX2X,1
3c6750,DLH7T,1
3c65d5,DLH2N,1
3c644c,DLH2X,1
3c666a,DLH8N,1
3c66ac,DLH7T,1
3c6593,DLH4N,1
3c6594,DLH6T,1
3cfdec,VJH334,3
3c66ad,DLH4X,1
3c7889,NGN616,1
48e899,ENT7DZ,1
3c5099,NGN656,1
4d2103,AXY183P,1
4d21dc,KMM309,1
4d21dc,KMM307,2
3c6751,DLH1924,1
4d24de,KMM309,1
4d24de,KMM307,2
4d24ba,KMM309,2
4d21a2,KMM307,1
4d2038,KMM307,1
4d21db,KMM3309,1
3c6549,LHX1924,1
3d5453,DFEEL,10
4d21a2,KMM309,1
4d21db,KMM307,1
3c48f0,LHX1924,1
3c6542,DLH1924,1
4d21db,KMM309,1
4cad5f,ITY453,3
493291,NJE475E,1
3c6751,DLH1UC,1
3c6751,DLH5HR,1
3c66a6,DLH5HR,1
3c66a2,DLH1UC,1
4cad57,ITY453,1
3c674e,DLH1UC,2
3c644c,DLH5HR,1
4caf1c,ITY453,1
3c66a8,DLH5HR,1
3c6594,DLH5HR,1
a1e902,LXJ222,3
4cad5e,ITY453,1
3c648e,DLH5HR,1
3cc09c,PVD414W,1
3c666b,DLH1UC,1
3c6670,DLH5HR,1
3c66ab,DLH1UC,1
348085,AEA1518,2
348085,AEA58SL,2
3c65d5,DLH03X,2
3451d9,ANE1316,1
3485d2,ANE76BG,1
3c675a,DLH09C,1
3c65d1,DLH99X,1
3c64aa,DLH09C,1
3c674e,DLH03X,1
34530d,ANE1316,1
348412,AEA1518,2
348412,AEA58SL,2
3c65ce,DLH99X,1
348401,ANE76BG,2
348541,AEA1518,1
348541,AEA58SL,1
344197,ANE1316,2
344218,ANE76BG,1
3c66ab,DLH09C,2
347288,IBE0746,1
3c644b,DLH99X,1
3c6759,DLH03X,2
345698,ANE19XR,1
3c6759,DLH99X,1
34530d,ANE76BG,1
345250,ANE1316,1
3c65d2,DLH03X,1
34840a,AEA1518,1
34840a,AEA58SL,1
3c6542,DLH99X,1
3452c7,ANE19XR,1
3452c7,ANE76BG,1
3451d9,ANE76BG,1
348441,AEA1518,1
348441,AEA58SL,1
34324f,IBE0746,1
3451da,ANE1316,1
3c65d2,DLH99X,1
3c66a5,DLH09C,1
345687,ANE19XR,1
34604b,ANE1316,1
3c66ac,DLH99X,1
3c65ce,DLH09C,1
3986e7,AFR54DK,1
3991e5,AFR1623,1
3c6750,DLH33E,1
4cabc3,ABR6MC,1
3ce6e4,PWF107,1
3c65d1,DLH83T,1
4d212a,QFX01C,7
39856f,AFR22TT,1
39e684,AFR93CH,1
39e68b,AFR31HY,1
3c66a2,DLH22J,2
3c66a2,DLH35M,1
398571,AFR1623,1
3c64ac,DLH35M,1
3c6751,DLH22J,1
39bdb2,AFR31HY,1
3c65ce,DLH83T,1
39e687,AFR93CH,1
398575,AFR22TT,1
39bda3,AFR1623,1
4cabc5,ABR6MC,1
392af1,AFR31HY,1
39bda9,AFR54DK,1
3c65d2,DLH22J,1
3c65d2,DLH35M,1
3c64a3,DLH83T,1
398601,AFR22TT,2
39856e,AFR93CH,1
3c66a2,DLH33E,1
3c66a6,DLH33E,1
398575,AFR1623,1
398602,AFR22TT,1
39e684,AFR31HY,1
392aec,AFR54DK,1
3c66af,DLH83T,1
3c64a5,DLH35M,1
39bdb4,AFR93CH,1
3c6759,DLH22J,1
39e689,AFR31HY,1
39bb20,AFR1623,1
4cabc7,ABR6MC,1
39e68a,AFR93CH,1
3c78af,KAY57,3
3c674e,DLH35M,1
398571,AFR54DK,1
3c6486,DLH83T,1
3c64aa,DLH77K,1
3c66a7,DLH22J,1
398568,AFR22TT,1
39bb21,AFR31HY,1
3c64ac,DLH22J,1
3c6488,DLH83T,1
3c65d1,DLH77K,1
3986e0,AFR54DK,1
39bda4,AFR93CH,1
39bdae,AFR1623,1
3c675a,DLH33E,1
39856e,AFR54DK,1
39bdb5,AFR31HY,1
3c6759,DLH33E,1
39e681,AFR93CH,1
3c6670,DLH77K,1
3c674e,DLH83T,1
3986e7,AFR22TT,1
491188,NJE593P,1
300564,DLA9KW,1
300782,DLA5AA,1
300782,DLA9KW,1
300558,DLA9KW,1
300393,DLA8EC,1
300394,DLA9KW,1
300738,DLA5AA,1
300738,DLA8EC,1
3007ee,DLA9KW,1
3003ae,DLA9KW,1
3003ae,DLA8EC,1
300394,DLA8EC,1
30055b,DLA9KW,1
300564,DLA2NE,1
300782,DLA9MM,1
300738,DLA9MM,1
300782,DLA2NE,1
300393,DLA9MM,1
300393,DLA2NE,1
3007ef,DLA2NE,1
3003af,DLA2NE,2
300781,DLA9MM,1
300558,DLA9MM,1
300394,DLA2NE,1
3c65d5,DLH4UT,1
3c64a8,DLH2WN,1
3c65c8,DLH6ER,1
3c66ab,DLH7AF,1
3c64ac,DLH7AF,1
3c65cc,DLH6ER,1
3c64aa,DLH4UT,1
3c6542,DLH2WN,2
3c64aa,DLH6ER,2
3c6759,DLH4UT,1
3c65c8,DLH7AF,1
3c66a2,DLH7AF,1
3c65c9,DLH2WN,2
3c64a3,DLH4UT,3
3c648e,DLH6ER,1
3c6670,DLH2WN,1
3c64a8,DLH7AF,1
3c64a8,DLH6ER,2
3c6486,DLH2WN,1
3c64aa,DLH7AF,1
346690,VLG5TZ,1
3c6522,LHX38H,1
3c6521,LHX44C,1
3424d1,VLG1TP,1
3c65cc,DLH94H,1
3c6551,LHX05X,1
3c6523,LHX33K,3
342581,VLG5TZ,1
3c65c9,DLH94H,1
345116,VLG1TP,1
3c65d1,DLH44C,1
3c6521,LHX38H,1
3c6552,LHX33K,1
3c6548,LHX05X,1
3c66af,DLH44C,1
3c66af,DLH94H,1
3c654a,LHX05X,2
345041,VLG1TP,1
346691,VLG5TZ,1
34744c,VLG1XK,1
3c6552,LHX38H,1
3c6551,LHX33K,1
3c66ac,DLH94H,1
346691,VLG1TP,1
3c6488,DLH44C,1
3c6523,LHX38H,2
345359,VLG5TZ,1
3c648d,DLH38H,1
3c666a,DLH44C,1
346184,VLG1TP,1
3c6486,DLH94H,1
3c6542,DLH38H,1
344699,VLG5TZ,2
3c654d,LHX05X,2
3c6522,LHX33K,1
34744c,VLG1TP,1
3c65cb,DLH94H,1
3c65d2,DLH44C,1
3c6549,LHX33K,1
345249,VLG1TP,1
3c66a6,DLH94H,1
344699,VLG1XK,1
3c66b0,DLH44C,1
4952cc,TAP557H,1
3c6542,DLH95M,2
3c675a,DLH01P,1
4952ce,TAP555,1
4952c3,TAP553R,1
4951d5,TAP555,1
4952c1,TAP557H,1
4951d2,TAP553R,1
3c65c8,DLH95M,1
4952ca,TAP555,1
495293,TAP557H,1
3c65d1,DLH01P,1
3c64ac,DLH95M,1
495306,TAP553R,1
3c6759,DLH01P,1
4952c9,TAP557H,1
495149,TAP555,1
49514b,TAP555,1
49514e,TAP557H,1
4952d0,TAP553R,1
3c65ce,DLH95M,1
3c674e,DLH8FF,1
3c6486,DLH6LL,2
440065,EJU37QK,4
3c64aa,DLH7EK,1
4caddd,ITY437,1
3c65c9,DLH9YY,1
4caaa7,ITY437,1
3c6759,DLH7EK,1
3c66b0,DLH8FF,1
3c65d4,DLH9YY,1
3c65d5,DLH6LL,1
3c65d4,DLH8FF,1
3c674e,DLH7EK,1
4ca783,ITY437,1
3c675a,DLH9YY,1
440484,EJU37QK,1
3c6670,DLH6LL,1
3c64a8,DLH9YY,1
3c64a5,DLH7EK,1
4caefa,ITY437,1
3c648e,DLH6LL,1
3c6670,DLH9YY,1
3c675a,DLH8FF,2
3c66a3,DLH7EK,1
440589,EJU37QK,1
4cad5d,ITY437,1
4403f0,EJU37QK,1
3c666a,DLH6LL,1
3c666a,DLH7EK,1
4cae12,ITY437,1
3c66ab,DLH9YY,1
3c6488,DLH9YY,1
3c666b,DLH6LL,1
3c6670,DLH7EK,1
3c66ad,DLH8FF,1
3c674e,DLH06Y,1
3c6451,DLH53C,1
3c66ab,DLH51V,1
3c66ab,DLH06Y,1
3c6451,DLH06Y,1
3c4dce,DLH53C,1
3c6542,DLH06Y,1
3c674e,DLH51V,1
3c65d5,DLH51V,1
3c66a8,DLH51V,1
3c6598,DLH53C,1
3c66a3,DLH06Y,1
3c66a3,DLH2PL,1
3c66a9,DLH4WT,1
3c6750,DLH4WT,1
3c66a3,DLH4WT,2
3c66a6,DLH2PL,1
3c66ad,DLH2PL,1
3c65ce,DLH4WT,1
3c65c9,DLH2PL,1
3c66a5,DLH4WT,1
3c6757,DLH4WT,1
502d0e,BTI6UQ,1
502ccf,BTI8ED,1
502d0e,BTI8ED,1
502cd7,BTI6UQ,1
502ce4,BTI8ED,1
502dac,BTI6UQ,1
502ce6,BTI8ED,2
502d10,BTI6UQ,1
502d46,BTI7RK,1
3c6522,LHX99W,1
3c6521,LHX99W,1
3c65d5,DLH32J,1
3c64ac,DLH32J,2
3c64aa,DLH32J,1
3c654a,LHX99W,2
3c654d,LHX04E,1
3c654a,LHX04E,1
3c6521,LHX04E,1
3c65d1,DLH01X,1
3c644e,DLH8RX,1
3c6590,DLH4KY,2
3c644b,DLH8RX,1
3c6594,DLH8RX,1
3c4dc9,DLH4KY,1
3c6597,DLH4RF,1
3c644c,DLH4RF,1
3c6590,DLH4RF,1
3c6593,DLH8RX,1
3c66a6,DLH4KY,1
3c644b,DLH4RF,1
3c644c,DLH8RX,1
3c4dc8,DLH4KY,1
3c4dce,DLH4KY,1
3c644d,DLH8RX,1
49d353,TVS65J,1
3c6594,DLH4RF,1
3c644e,DLH99V,1
3c4dd0,DLH43A,1
3c6593,DLH28Y,1
3c6597,DLH43A,1
3c4dd0,DLH99V,1
3c6594,DLH99V,1
3c6594,DLH43A,1
3c644d,DLH43A,2
3c4dc4,DLH99V,1
3c674e,DLH28Y,1
3c6598,DLH28Y,1
3c4dce,DLH99V,1
3c4dc2,DLH28Y,1
3c4dd2,DLH43A,1
3c66b0,DLH99V,1
3c6757,DLH99V,1
3c4dc4,DLH28Y,1
3c4dc4,DLH43A,1
3c644e,DLH8PN,1
3c4dc9,DLH3LV,1
3c4dd2,DLH1XL,1
3c4dc2,DLH6VX,1
3c4dc9,DLH8PN,1
3c4dd0,DLH1XL,1
3c4dc2,DLH1XL,3
3c4dcd,DLH3LV,1
3c4dcd,DLH8PN,2
3c4dd0,DLH6VX,2
3c4dce,DLH1XL,1
3c4dd0,DLH3LV,1
3c4dc1,DLH6VX,1
3c4dce,DLH8PN,1
3c4dd0,DLH7LW,1
3c4dd2,DLH8PN,1
3c66a8,DLH19U,1
3c644b,DLH28M,1
3c6751,DLH28M,1
3c6757,DLH19U,1
3c66ac,DLH28M,1
3c644d,DLH28M,1
3c6751,DLH19U,1
3c6750,DLH11Y,1
3c6594,DLH28M,1
3c66b0,DLH11Y,1
3c66a7,DLH19U,1
3c6549,LHX6MM,1
3c6549,LHX6PW,1
3c48f0,LHX5MF,2
3c6521,LHX5MF,1
3c66ad,DLH4MK,1
3c48f0,LHX6PW,2
3c6551,LHX4CX,1
3c6522,LHX6MM,1
3c09f2,LHX5MF,2
3c09f2,LHX6PW,3
3c48f0,LHX4CX,2
3c09f2,LHX4MK,1
3c6548,LHX6MM,1
3c4dc8,DLH4MK,1
3c48e8,LHX4MK,1
3c48e8,LHX4CX,1
3c65cb,DLH2VH,1
3c66ac,DLH5UX,1
3c48e8,LHX6KW,2
3c48e8,LHX3TR,1
3c4dc2,DLH2VH,1
3c6549,LHX3FW,1
3c48f0,LHX6KW,3
3c48f0,LHX3TR,2
3c6598,DLH5UX,1
3c644d,DLH2VH,1
3c6757,DLH3FW,1
3c6590,DLH5UX,1
3c09f2,LHX3TR,3
3c65d5,DLH5UX,1
3c48f0,LHX3FW,1
3c66a8,DLH2VH,1
3e1988,AWH92S,1
3c6522,LHX3FW,1
3c644e,DLH5UX,1
3c6598,DLH2VH,1
3c48e8,LHX3FW,1
3c6549,LHX3TR,1
3c6549,LHX5UX,1
3c6548,LHX6KW,1
3c644c,DLH3FW,1
3c654d,LHX5UX,1
3c65cb,DLH1760,1
3c64a3,DLH1768,1
3c64a5,DLH1768,1
3c64aa,DLH1768,1
3c65c8,DLH1760,1
3c65d5,DLH1768,1
3c65d2,DLH1768,1
3c66ad,DLH1760,1
3c648d,DLH1768,1
3c66af,DLH1760,1
3c65cc,DLH1768,1
4baa55,THY7SY,1
4bb2aa,TKJ5WX,1
4bc8cb,PGT46B,1
4baa52,THY5ST,1
4baa8e,THY6ZV,1
4bc8d2,PGT88E,1
4bb322,THY5ST,1
4bb84c,PGT46B,1
4ba90d,THY7SY,1
4bb841,PGT12RF,1
4baac9,THY9BQ,1
4baa96,TKJ5WX,2
4bb879,PGT88E,1
4baa92,THY7SY,1
4baa87,THY9BQ,1
4bc88b,PGT88E,1
4bc8d2,PGT12RF,1
4bab4e,TKJ5WX,1
4bab45,THY5ST,1
4bb203,THY7HV,1
4bc84d,PGT46B,1
4bc8ce,PGT88E,1
4bb868,PGT12RF,1
4ba919,THY7SY,1
4bc8d5,PGT46B,1
4baa76,THY7HV,1
4baa79,THY9BQ,1
4bb294,TKJ5WX,1
4bb189,THY7SY,1
4bb848,PGT46B,1
4bc859,PGT88E,1
4bc8d3,PGT12RF,1
4bab46,THY7HV,1
4bb281,THY6ZV,1
4baad6,THY9BQ,1
4bab45,THY7HV,1
4ba9cb,THY5ST,1
4bc8d3,PGT88E,1
4bb283,THY7SY,1
4bc88f,PGT12RF,1
4ba8d2,TKJ5WX,1
4bb844,PGT46B,1
4baa6e,THY7HV,1
4bc842,PGT12RF,1
4bc84c,PGT46B,1
4baad9,THY5ST,1
4baa6f,THY7SY,1
4b9e06,TKJ5WX,1
4baa8c,THY9BQ,1
4bc846,PGT88E,1
44081d,AUA186,2
3007ef,AUA188V,1
44022b,AUA184,1
440828,AUA182,2
44082a,AUA184,1
440607,AUA182,1
44022d,AUA188V,1
44081d,AUA182,1
44006c,AUA188V,1
44001b,AUA184,1
44065b,AUA186,1
440609,AUA190,1
44006c,AUA184,1
3c1bb0,BCS232P,1
440669,AUA182,1
440823,AUA186,1
44006e,AUA184,1
44001c,AUA186,1
899093,EVA061D,1
440827,AUA186,1
44081e,AUA188V,1
44081e,AUA184,1
440821,AUA182,1
44004f,AUA190,1
896327,ETD3BHD,1
440052,AUA188V,1
440052,AUA186,1
44082c,AUA184,1
4cae27,BCS33G,1
4cae21,BCS33G,1
3c5434,BCS33G,1
3c542c,BCS830P,1
3c1bb0,BCS33G,1
3c5421,BCS33G,1
452084,BCS850,1
3cc9ce,DCDSO,7
3c6552,LHX66C,1
3c654a,LHX66C,1
3c61f3,VJH784,1
3c6548,LHX66C,1
3c65cb,DLH1822,1
3c6750,DLH4HU,1
48ad0d,LOT6CE,1
48e95b,LOT3MH,1
3c644b,DLH2RM,2
43ea72,MOCNY,6
48ad84,LOT6HT,1
48ada6,LOT6CE,1
48ada0,LOT6HT,1
3c6598,DLH4HH,2
3c6598,DLH2RM,1
3c6594,DLH4HU,1
48af0f,LOT3MH,1
48ada0,LOT3MH,1
3c6451,DLH4HH,2
48ada1,LOT6HT,2
48ad10,LOT6CE,1
3c6590,DLH2RM,2
3c66a2,DLH4HU,1
48e81f,JDI95D,2
48ada4,LOT3MH,1
489786,LOT6CE,1
3c644d,DLH2RM,1
3c66ac,DLH4HU,1
48af11,LOT6HT,1
48adab,LOT6HT,1
48ad0d,LOT3MH,1
3c66ab,DLH4HU,1
48e87f,ENT9TC,1
48ad0c,LOT6CE,1
48ad0c,LOT3MH,1
3c644c,DLH2RM,1
48ada8,LOT6HT,1
3c6590,DLH4HU,1
3c644b,DLH4HU,1
3c6597,DLH4HH,1
48adac,LOT3MH,1
48ad0f,LOT6CE,1
46b828,AEE28,1
46a5e2,SEH7EL,2
3c64a3,DLH1PM,2
46b927,SEH7EL,1
3c64a8,DLH7AY,1
4690f9,AEE807,1
4692d3,AEE28,1
3c65c9,DLH1PM,1
3c66a8,DLH9KT,1
3c65d4,DLH1PM,1
4691c7,AEE807,1
3c6488,DLH7AY,1
46b8b4,AEE28,1
46a5e1,SEH7EL,1
3c6759,DLH1PM,1
3c675a,DLH9KT,1
46a5e3,SEH7EL,1
3c65d5,DLH1PM,1
46b82a,AEE807,1
46b8a2,AEE28,1
3c64a3,DLH7AY,1
4932a2,NJE307R,1
3c6451,DLH9KT,1
3c6598,DLH2HV,1
3c4dd2,DLH4KF,2
3c6593,DLH1MJ,2
3c644c,DLH2HV,1
3c4dce,DLH4KF,1
3c6590,DLH1MJ,1
3c6593,DLH2HV,1
3c7889,NGN902P,1
3c644e,DLH2HV,1
3c4dd8,DLH4KF,1
3c6594,DLH1MJ,1
3c6598,DLH2XC,1
3c6598,DLH8YY,1
3c4dc2,DLH4KF,1
4d20c9,VJT582,2
3c6451,DLH2HV,1
3c6593,DLH2XC,1
3c644b,DLH1MJ,1
3c644b,DLH2HV,1
3c4dd0,DLH4KF,1
3c644e,DLH1MJ,1
502ce4,BTI39J,1
3cf42d,EUL3T,2
502ce8,BTI39J,2
502d5e,BTI39J,1
502d7c,BTI39J,1
502ce7,BTI39J,1
300558,DLA5PK,2
3006b5,DLA1HY,1
30055b,DLA5LM,2
3006b5,DLA5PK,1
300394,DLA5LM,1
300780,DLA1HY,1
3007ef,DLA5PK,1
30055b,DLA1HY,1
3003af,DLA5LM,1
3007ef,DLA1HY,1
3003ad,DLA5LM,1
300780,DLA5PK,1
3003af,DLA1HY,2
300564,DLA5LM,1
300554,DLA5PK,1
300554,DLA5LM,1
300554,DLA1HY,1
300558,DLA9VL,1
300558,DLA6YF,1
3c4dc2,DLH7TT,2
30055b,DLA6YF,1
3c6594,DLH7TT,1
300781,DLA9VL,1
300738,DLA6YF,1
3c4dc8,DLH7TT,1
3c64a8,DLH9LL,1
461f6d,FIN2PX,1
461f6c,FIN1DF,1
3c65ce,DLH9EP,1
3c65d2,DLH9LL,1
45ab4f,FIN2PX,2
45ab4f,FIN1DF,1
3c66a3,DLH9EP,1
3c66b0,DLH9EP,1
3c65d1,DLH9LL,1
45ab54,FIN1DF,1
3c65cc,DLH9EP,1
3c65cc,DLH9LL,1
45ab23,FIN2PX,1
45ab23,FIN1DF,1
3c6488,DLH2464,1
3c6759,DLH9LL,1
3c64a3,DLH9EP,1
3c66a9,DLH2464,1
461f62,FIN1DF,1
3c65c9,DLH9EP,1
3c65c9,DLH9LL,2
45ab54,FIN2PX,2
3c64ac,DLH2464,1
3c6488,DLH9EP,1
3c65c9,DLH4YV,1
3c66ac,DLH1UV,1
3c66a5,DLH6EE,1
3c66a7,DLH1UV,2
3c675a,DLH6EE,1
3c65d5,DLH4YV,1
3c6593,DLH5PP,2
49410c,NJE014W,1
3c674e,DLH4YV,1
3c6757,DLH6EE,1
3c644c,DLH1UV,1
3c6582,DLH5PP,1
3c66ad,DLH6EE,1
3c4dce,DLH5PP,1
49130d,NJE859U,1
3c66a5,DLH4YV,1
3c6751,DLH1UV,1
3c6750,DLH6EE,1
3c644b,DLH1UV,1
3c66a8,DLH6EE,1
3c66a6,DLH4YV,1
3c6597,DLH3KK,1
3c4dd0,DLH5PP,1
4402d3,OEFIX,2
3c4dc1,DLH1UV,1
3c6594,DLH5PP,1
3c674e,DLH6EE,1
3c66a6,DLH3NT,1
3c65d1,DLH5NC,1
3c64ac,DLH1AC,1
3c66a3,DLH3NT,1
3c644b,DLH1AC,1
3c66ad,DLH3NT,2
3c675a,DLH1AC,1
3c66a3,DLH1AC,2
3c65d2,DLH3NT,2
3c6542,DLH5NC,1
3c66ac,DLH3NT,1
3c66a7,DLH1AC,1
3c6751,DLH5NC,1
3c6759,DLH5NC,1
3c66ad,DLH1AC,1
4d2480,VJT473,5
3c4dd2,DLH9VX,1
3c4dd0,DLH6PF,1
3c4dc9,DLH9VX,1
3c4dd0,DLH9VX,1
3c4dc4,DLH9VX,1
3c4dce,DLH9VX,1
3c4dc1,DLH6PF,1
3c4dc1,DLH9VX,1
4ca294,EIN3GM,1
4ca281,EIN3LG,1
3c6548,LHX3AV,1
3c6551,LHX5MA,2
4ca92d,EIN3LG,1
4ca281,EIN3GM,2
3c6523,LHX3AV,1
3c654a,LHX5MA,1
3c654d,LHX3AV,1
3c654d,LHX5MA,1
4ca293,EIN3GM,1
4ca5c8,EIN3LG,3
4ca295,EIN3LG,1
3c6521,LHX3AV,1
3c6521,LHX5MA,1
4ca2c9,EIN3GM,1
4ca2ca,EIN3GM,1
3c6551,LHX3AV,2
4ca63a,EIN3LG,1
4ca935,EIN3GM,1
3c6486,DLH5MA,1
3c64a3,DLH2518,1
45caae,DTR4LV,3
45caae,DTR4WH,2
4d2407,EWG34ZT,2
3c66e2,OCN91D,4
4d2414,EWG70TR,1
4d2081,EWG43CE,1
4d2416,EWG34ZT,1
3c66e5,OCN91D,2
4d2405,EWG34ZT,1
3c6548,LHX34A,1
3cce03,DWW632,2
4408d8,GCK40,1
3c66b5,OCN91D,1
4d216e,EWG34ZT,3
3c66e2,OCN4KR,2
4d2410,EWG70TR,1
3c6523,LHX34A,1
3006b5,DLA8UP,1
30055b,DLA7HT,2
300738,DLA4AA,2
300780,DLA8UP,1
300394,DLA7HT,1
300394,DLA8UP,1
300394,DLA4AA,1
300781,DLA7HT,1
300781,DLA4AA,1
3003ad,DLA4AA,1
3003af,DLA7HT,2
3003af,DLA8UP,1
300782,DLA8UP,1
300738,DLA8UP,1
3006b5,DLA26U,1
3c4dc9,DLH09V,1
300782,DLA31A,2
3006b5,DLA03U,1
300780,DLA26U,1
3003af,DLA26U,1
300558,DLA32M,1
30055b,DLA31A,1
3007ee,DLA26U,1
300780,DLA32M,1
300394,DLA31A,1
300394,DLA26U,1
300780,DLA03U,1
300781,DLA32M,1
300782,DLA26U,1
3003af,DLA32M,1
300558,DLA26U,1
3c4dc9,DLH6TJ,2
3c4dcd,DLH3AH,3
3c4dc2,DLH6TJ,1
3c4dd2,DLH3AH,1
3c4dd0,DLH6TJ,1
3c4dd2,DLH6TJ,1
3c4dc1,DLH6TJ,1
3c4dc8,DLH3AH,1
3c4dce,DLH3AH,1
3c644c,DLH9WK,1
3c48f0,LHX7MJ,1
3c4dcd,DLH2MH,2
45ce47,SRR6119,4
3c6597,DLH7MJ,1
3c654d,LHX2MH,1
3c66ab,DLH9WK,1
3c66a6,DLH9WK,1
3c48e8,LHX7MJ,1
3c48e8,LHX2MH,1
45ce4f,SRR6119,4
3c5eea,EWG18R,1
3c6594,DLH9WK,1
3c648e,DLH1MY,1
3c48f0,LHX2MH,1
3c6582,DLH7MJ,1
3c644b,DLH9WK,1
3c644d,DLH9WK,1
3c6593,DLH7MJ,1
3c6750,DLH2MH,1
3c4dd0,DLH9WK,1
3c648d,DLH2MH,1
3c09f2,LHX7MJ,1
3c6521,LHX1UJ,1
3c48e8,LHX9MF,2
3c654a,LHX3NP,1
3c48e8,LHX1UJ,3
3c6551,LHX3NP,1
3c6549,LHX3NP,1
3c09f2,LHX9MF,1
3c6522,LHX3NP,1
3c48f0,LHX1UJ,1
3c6521,LHX3NP,2
3c6549,LHX9MF,1
3c6521,LHX9MF,1
3c6552,LHX1UJ,1
3c65d2,DLH49H,2
3c65cc,DLH16E,1
3c66af,DLH88W,1
3c644b,DLH49H,1
3c65d1,DLH88W,1
3c66a5,DLH16E,1
3c65cb,DLH16E,2
3c64ac,DLH88W,1
3c64ac,DLH16E,1
3c65ce,DLH16E,1
3c666a,DLH88W,1
3c66b0,DLH49H,1
502d5d,BTI29K,1
502d5d,BTI4XH,1
502d5f,BTI4XH,1
502ce5,BTI4XH,2
4692d8,AEE1DM,2
4692d2,AEE503,2
4692d2,AEE1DM,2
4690fa,AEE503,1
4690fa,AEE1DM,1
4691c2,AEE503,3
4691c2,AEE1DM,1
30055b,DLA1FN,1
300558,DLA5RY,1
300780,DLA5RY,1
300781,DLA5RY,1
300564,DLA1FN,1
30055b,DLA5RY,1
440202,TAY7SR,2
440cec,TAY7SR,2
440b30,TAY7SR,2
3c6670,DLH34J,1
3c65cb,DLH34J,1
3c648d,DLH34J,1
3c666a,DLH03H,1
3c65c9,DLH34J,1
3c6750,DLH03H,1
3c65c8,DLH34J,1
3c65c8,DLH03H,1
491306,NJE239T,1
3c6590,DLH9PK,1
501c49,CTN4437,4
3c6542,DLH9PK,1
4932a4,NJE237N,1
3c6594,DLH9PK,1
501c44,CTN437,1
3c4dc1,DLH4NF,1
501c38,CTN437,1
3c66a6,DLH4NF,1
3c66b0,DLH9PK,1
501dd0,CTN4431,2
300738,DLA4TR,1
3003af,DLA4TR,1
300738,DLA8RW,1
300780,DLA4TR,1
300781,DLA8RW,1
300393,DLA8RW,1
46bc51,AEE6MT,1
46ced4,SEH2VS,1
46bc4d,AEE249,1
46bc54,AEE5MT,2
46bc54,AEE253,3
46d0ad,SEH4VS,1
46ba85,SEH2VS,1
46d2f2,SEH6VS,1
46bc55,AEE259,1
46bc55,AEE7MT,1
46bc53,AEE6MT,1
46bc4d,AEE253,1
46d2f2,SEH4VS,2
46d2f2,SEH2VS,1
46bc54,AEE259,1
46bc54,AEE7MT,1
469596,SEH4VS,1
46d0ad,SEH6VS,1
46b8b3,AEE7MT,1
46d0ad,SEH2VS,1
46ced4,SEH6VS,1
46bc4a,AEE589,1
46bc4a,AEE58T,5
46a60f,SEH5JG,1
46d2f2,SEH5JG,2
469596,SEH5JG,1
46cd38,SEH050,2
ac3fcd,HAF404,1
4cadba,RYR299B,1
4ca2cb,EIN58K,1
4caed8,EIN58P,1
4cadc2,RYR28AE,1
4ca293,EIN58K,2
4cad80,EIN58P,2
4cadfd,RYR54ZX,1
4cade4,RYR299B,1
4cad7c,EIN58P,2
4ca216,EIN58K,1
4cafc4,RYR28AE,1
4ca568,RYR299B,1
4cae52,RYR299B,1
4ca836,EIN58K,1
4caee5,RYR88WA,1
4ca737,RYR299B,1
4cadc1,RYR54ZX,1
4ca214,EIN58K,1
4ca4f5,RYR28AE,1
4ca74e,EIN58P,1
4cabd3,EIN58R,1
4cae6a,RYR299B,1
4d2369,RYR28AE,1
4d2258,RYR88WA,1
4caecc,RYR28AE,1
4cae5a,RYR299B,1
4cabd3,EIN58P,1
4cadba,RYR30VW,2
4867eb,TRA16M,1
48663e,TRA19M,1
344698,VLG8365,1
4868ba,TRA2Y,1
44034b,EJU16CL,1
4868b9,TRA2Y,1
4cad54,RYR30VW,1
4853d4,TRA16M,1
34560d,VLG73XP,3
4866e0,TRA19M,1
346088,VLG8365,1
440172,EJU16CL,2
484131,KLM28W,1
4854c7,TRA19M,1
4854c7,TRA2Y,1
48c2b9,RYR30VW,1
485209,TRA2Y,1
345642,VLG8365,1
440172,EJU45HA,1
4868e2,TRA19M,1
4854cf,TRA16M,1
440735,EJU16CL,1
345646,VLG8365,1
4cae63,RYR30VW,1
346088,VLG73XP,1
485123,TRA2Y,1
4cae96,RYR5691,1
4866de,TRA4Q,1
48415e,KLM28W,1
440c38,EJU45HA,1
4866de,TRA2Y,1
4d207c,RYR30VW,1
4d2302,RYR5691,1
4868b9,TRA19M,1
345646,VLG73XP,1
344691,VLG73XP,1
4867eb,TRA2Y,1
484506,TRA24Z,1
4841a6,KLM28W,1
48ea4d,RYR30VW,1
44d1a5,JAF7VB,1
44cc42,BEL2YK,2
44cdce,BEL2YK,1
449682,JAF7VB,2
39d314,TRA96R,1
44cdca,BEL2YK,1
39d308,TRA96R,2
39d30d,TRA96R,2
44d1ba,JAF7VB,2
4cae5a,RYR54TE,1
44cdc2,BEL2YK,1
44cc43,BEL2YK,1
449682,JAF37G,1
44d1a7,JAF7VB,1
44d1a5,JAF4EH,1
449682,JAF4EH,1
44b438,JAF4EH,3
472fd0,JSD699,1
3430cd,VOE1ZG,1
440c32,EJU86XV,1
34660f,VOE1ZG,1
440195,EJU86XV,1
49410d,NJE585M,1
4d252a,WMT8686,1
4ca27c,RYR65PP,1
4d2259,RYR81KB,1
4d248e,WMT8686,1
4ca225,RYR65PP,1
4d204b,WMT8686,2
4ca912,RYR65PP,1
4d20be,WMT8686,1
4cae5a,RYR81KB,1
4ca4f5,RYR65PP,1
4d24b5,WMT8686,1
4ca61f,RYR65PP,1
4cad3c,RYR90VW,1
4d2215,RYR14JP,1
44b430,PGC87P,1
4d2232,RYR14JP,1
4d2302,RYR90VW,1
4cac88,RYR14JP,1
4d2232,RYR90VW,1
4caecc,RYR14JP,1
4d207c,RYR14JP,1
4d2279,RYR90VW,1
4cad3c,RYR14JP,1
4cadc2,RYR90VW,1
4cac54,RYR14JP,1
346090,VLG1RN,1
345614,VLG8XJ,2
495066,EVE7514,1
4ca97c,RYR3081,1
345042,VLG30AH,1
345645,VLG37RD,2
345645,VLG7JC,2
34560d,VLG4HM,1
4cae59,RYR40GT,1
345645,VLG4HM,1
345359,VLG3YM,1
344698,VLG8XJ,1
4caff8,RYR40GT,1
346088,VLG8XJ,2
4d228f,RYR40GT,1
3475d9,VLG37RD,1
3475d9,VLG7JC,1
345642,VLG87YB,1
345645,VLG30AH,1
344698,VLG1RN,1
344698,VLG4HM,1
345646,VLG37RD,1
3443d3,VLG87YB,1
4d222c,RYR40GT,1
3451d5,VLG7JC,2
346692,VLG30AH,1
34560d,VLG3YM,1
3451d5,VLG1RN,1
345042,VLG87YB,1
4ca912,RYR3081,1
345041,VLG30AH,1
345642,VLG4HM,1
344158,VLG2124,1
4cae5a,RYR40GT,1
34768d,VLG8XJ,1
49114a,DBT512,1
44033f,ELG2R,1
34535a,VLG30AH,1
348205,VLG2124,1
4ca623,RYR40GT,1
344691,VLG8XJ,1
3472c4,VLG1RN,1
347694,VLG87YB,1
344692,VLG87YB,1
4ca9cc,RYR40GT,1
346692,VLG1RN,1
4ca737,RYR3183,1
34744d,VLG30AH,1
345646,VLG7JC,1
3c68b4,VJH738,3
4d223a,RYR5763,1
4cac56,RYR2839,1
39de4c,TVF73KC,1
34454a,VLG7ZE,1
3443d2,VLG6SZ,1
39de4e,TVF65XH,3
393322,AFR18FQ,1
392af9,AFR79FK,1
39856a,AFR59LH,1
3964f4,TVF65XH,1
3991e8,AFR79FK,1
394c09,AFR18FQ,1
34768f,VLG6SZ,1
34768f,VLG7ZE,2
39d314,TVF73KC,1
3991e1,AFR79FK,1
3991e1,AFR18FQ,1
345642,VLG8176,1
343046,VLG6SZ,1
3986e9,AFR59LH,1
345313,VLG7ZE,1
344099,VLG6SZ,1
3991e9,AFR79FK,1
3991e9,AFR18FQ,1
343046,VLG7ZE,1
39de50,TVF65XH,1
3950cd,AFR79FK,1
3964e0,TVF73KC,1
392aef,AFR18FQ,1
34768d,VLG6SZ,1
398562,AFR59LH,1
3991ea,AFR79FK,1
3964f4,TVF73KC,1
3964ec,TVF65XH,1
3424d2,VLG7ZE,1
345313,VLG6SZ,2
392ae8,AFR18FQ,1
348205,VLG8176,1
34440a,VLG7ZE,1
398565,AFR79FK,1
392aee,AFR59LH,1
392aee,AFR18FQ,1
39de50,TVF73KC,1
4d234c,RYR6QC,2
471fae,WZZ8V,1
4cae66,RYR6QC,1
4d20b1,WZZ8V,1
4ca8d7,RYR2595,1
4ca8d7,RYR6QC,1
345218,AEA5038,1
345218,AEA37GT,1
34604d,AEA5032,1
3445d4,IBE05FL,1
347219,IBE0566,1
344446,AEA5046,1
346082,AEA21GN,1
346082,AEA72BT,1
34750b,AEA5048,1
34620b,IBE05FL,1
34604d,AEA37GT,1
34604d,AEA21GN,1
34604d,AEA72BT,1
3485d2,ANE77CQ,3
3485d2,ANE31VM,2
34745a,AEA5046,1
34745a,AEA5032,1
346083,AEA5038,1
347309,AEA5046,1
34750a,AEA21GN,1
34750a,AEA72BT,1
344459,AEA5032,1
34134d,IBE05FL,1
3451da,ANE31VM,1
34538e,AEA5038,1
34538e,AEA37GT,1
34745a,AEA21GN,1
34745a,AEA72BT,1
344297,AEA5032,2
345583,ANE22ZL,1
344197,ANE31VM,1
34750b,AEA5038,1
34750b,AEA37GT,2
3451d9,ANE77CQ,1
345692,IBE05FL,1
344297,AEA5046,1
345385,ANE31VM,1
34604d,AEA5038,1
34750b,AEA21GN,2
34750b,AEA72BT,3
342211,IBE05FL,1
344297,AEA21GN,1
4ca855,RYR5764,1
345250,ANE77CQ,1
347307,AEA5038,1
347307,AEA37GT,1
344417,IBE05FL,1
344213,ANE31VM,1
34530d,ANE77CQ,1
34745a,AEA5038,1
34745a,AEA37GT,1
347307,AEA5032,1
4ca4f5,RYR9623,1
4ca645,RYR434F,1
4400dc,EJU16ND,1
4400eb,EJU16ND,2
4cadba,RYR434F,1
3c56ec,EWG45Y,1
4cae5a,RYR434F,1
440352,EJU16ND,1
440cf8,EJU16ND,2
4cae63,RYR434F,1
4ca816,RYR298,1
440c6f,EJU16ND,1
4caee8,RYR434F,1
48c2b9,RYR434F,1
3c56f7,EWG45Y,1
4cae92,RYR434F,1
4400c7,ELG9M,2
4cae52,RYR55CZ,1
4d247c,ANE23DQ,1
4d23b6,ANE23DQ,2
493282,NJE025T,1
488252,SAH48P,1
343694,ANE23DQ,1
4cadba,RYR55CZ,1
3c6522,LHX01J,1
3c6521,LHX01J,1
3c65d5,DLH02T,1
3c64ac,DLH02T,2
3c64aa,DLH02T,1
3c654a,LHX01J,2
49d38c,TVS53B,2
4d223f,RYR9739,1
49d006,TVS8KV,1
490d81,NJE220V,1
4ca24c,RYR57SR,1
49d369,TVS53B,2
4d223f,RYR57SR,1
4d240c,EWG3ZP,1
49d3d6,TVS53B,3
49d3d6,TVS8KV,3
4ca9d1,RYR57SR,1
4cac54,RYR57SR,1
4d2406,EWG3ZP,1
505a88,TVS8KV,1
4d2536,WZZ82DK,3
48af0e,LOT440,1
4caecc,RYR50BW,1
4d204a,WZZ82DK,1
4cad54,RYR50BW,1
4d20bd,WZZ82DK,1
48ada1,LOT440,1
4d2302,RYR50BW,2
4d242d,WZZ82DK,1
48af0b,LOT440,1
4cae6a,RYR50BW,1
48af0c,LOT440,1
48e95c,LOT440,1
48c2b9,RYR50BW,1
4d206c,WZZ82DK,1
4cadf4,RYR10EZ,1
4cae95,RYR10EZ,1
4cae63,RYR10EZ,1
4d21fe,RYR10EZ,1
3475d9,VLG3278,1
34768d,VLG32QZ,1
34768d,VLG32JK,1
3443d3,VLG8GF,1
3424d2,VLG32QZ,1
34768d,VLG3278,1
344698,VLG8GF,1
345646,VLG32JK,1
3475d9,VLG2655,1
34568d,VOE1EZ,1
4400b7,EJU14EL,1
347256,VOE1EZ,1
4401e8,EJU14EL,1
461f62,FIN1CW,2
4632b1,ABF8,7
4ab823,NSZ2885,1
4ab823,NSZ83AH,1
4aca81,NSZ83AH,2
461fa2,FIN1676,1
461f9c,FIN1CW,1
461fa7,FIN1CW,1
4aca81,NSZ2885,1
4aca95,NSZ83AH,2
461fa3,FIN1CW,1
4ab824,NSZ5120,1
461fa5,FIN47M,1
461faa,FIN1CW,1
4aca85,NSZ2885,1
461fa8,FIN1CW,1
44003b,LDX69,2
4d222c,RYR3WM,2
48ea4d,RYR67GE,1
48c2b9,RYR3WM,1
4cae63,RYR3WM,1
4cac7b,SAS36E,1
4ab824,NSZ8TQ,1
4ca569,RYR50SL,1
4ca7b3,RYR94LB,1
4caee5,RYR50SL,1
4ca893,RYR50SL,1
4aca96,NSZ8TQ,1
4cad97,SAS36E,1
4cae4c,RYR46VZ,1
4d23fc,RYR46VZ,2
4d2346,RYR46VZ,1
48c2b8,RYR4GY,1
4ca646,RYR4GY,1
4d2302,RYR46VZ,1
4ca700,RYR46VZ,1
4d00f6,LGL2G,1
4d00f2,LGL2G,2
4d00f5,LGL2G,1
4d00f3,LGL66MC,1
342397,VLG4ET,1
3451d5,VLG4ET,1
449683,JAF59V,3
493291,NJE673W,1
4d251d,RYR34TL,1
440170,EJU82KG,1
44017c,EJU56BF,1
44061d,EJU56BF,1
4402e8,EJU43WM,1
44009e,EJU16LT,1
4cae52,RYR34TL,1
440c32,EJU43WM,1
48c1a9,RYR4LQ,1
4caecc,RYR34TL,1
440224,EJU82KG,1
4400ec,EJU43WM,1
4ca623,RYR34TL,1
489227,ENT7MJ,1
4d2421,WMT2551,1
44009e,EJU43WM,1
440cff,EJU82KG,1
440128,EJU16LT,1
4d207c,RYR34TL,1
4d2528,WMT2551,1
44061d,EJU43WM,1
3c6495,EWG4UJ,1
3c6496,EWG4UJ,1
3c6494,EWG4UJ,1
3c648f,EWG4UJ,3
3c8483,ADN75C,6
3c5ef8,EWG9535,1
3c56ea,EWG4UJ,1
4cad54,RYR23AL,1
348206,VLG3UR,1
348206,VLG4HE,1
348209,VLG4HE,3
4d2214,RYR7506,1
348207,VLG4HE,1
34258f,VLG3UR,1
346183,VLG3UR,1
4cadbc,RYR23AL,1
3451d4,VLG4HE,1
348209,VLG3UR,1
4d223b,RYR23AL,1
348208,VLG3UR,1
4d24cb,RYR23AL,1
4cac54,RYR23AL,1
4d22c6,RYR573Y,1
4d223f,RYR77CC,1
4853d3,TRA7E,1
4853d3,TRA20E,1
4853d2,TRA7E,1
4853d2,TRA20E,1
4d2215,RYR77CC,1
485122,TRA7E,1
484b2a,TRA20E,1
48c2b9,RYR77CC,2
48414d,TRA7E,2
48520c,TRA20E,1
48ea4d,RYR5672,1
4854c7,TRA7E,1
484c59,TRA20E,1
4ca568,RYR77CC,1
4854cb,TRA20E,1
48520d,TRA20E,1
4cae5a,RYR77CC,1
4ab824,NSZ80W,1
4aca96,NSZ80W,1
4aca83,NSZ80W,1
4ab824,NSZ5070,3
4cafce,SAS588,1
4aca81,NSZ5074,2
4cae63,RYR73HZ,1
4caddb,SAS584,1
4d2387,RYR45SM,3
4acaa1,SAS588,1
4ab823,NSZ5074,3
4ac9e7,SAS588,1
4cadb8,RYR45SM,2
4aca13,NSZ1KS,1
4aca93,NSZ1KS,1
4ac9e4,SAS588,1
4cad96,SAS588,1
4aca83,NSZ5074,1
4aca96,NSZ5070,1
4ab823,NSZ5070,1
4cae5a,RYR45SM,1
4cae75,SAS588,1
4cae75,SAS584,1
4ab824,NSZ5074,1
4ac9eb,SAS588,1
4cad96,SAS584,1
471f78,WMT674,1
4cad54,RYR75BM,1
48c2b9,RYR75BM,1
4d24b4,WMT674,1
471f64,WMT674,1
471f69,WMT674,1
48ea4d,RYR75BM,1
3c6663,DLH64M,1
3c64a4,DLH64M,1
3c64a6,DLH64M,1
3c64b0,DLH64M,2
3c6483,DLH87F,1
3c6676,DLH64M,1
3c64b1,DLH87F,1
3c667a,DLH64M,1
4d2367,ANE63GR,2
4d23b6,ANE03LH,1
3483d9,ANE58VK,2
4d2366,ANE72WX,1
4d2366,ANE66FN,1
4d2366,ANE63GR,2
34639a,MEECNFX,2
4d2366,ANE03LH,2
4d23b6,ANE66FN,1
4d247c,ANE58VK,1
3483d9,ANE72WX,1
4d2366,ANE16CW,1
4d247c,ANE72WX,1
4d2367,ANE87EF,2
4d2367,ANE66FN,1
3483d9,ANE64RQ,1
4d2366,ANE87EF,1
4d2366,ANE37RB,1
4d2367,ANE03LH,1
3483d9,ANE16CW,1
3483d9,ANE66FN,1
4ca61f,RYR12SL,1
471d65,WZZ6MA,1
4cae52,RYR5361,1
48c12c,RYR5361,1
4d2427,WZZ6MA,1
4cae58,RYR5361,2
48c2a9,RYR5361,1
4d241c,WZZ6MA,1
471f3d,WZZ6MA,1
4cae63,RYR70VY,1
48c233,RYR70VY,1
4d2302,RYR5361,1
4d2238,RYR84NQ,1
4d2250,RYR84NQ,1
4ca9d1,RYR84NQ,1
4d22c4,RYR26YZ,1
4d248f,WMT5GZ,1
4d22bb,RYR26YZ,1
44001c,AUA452,1
440666,AUA452,1
4d22c3,RYR26YZ,1
4d222c,RYR26YZ,1
4402a3,AUA452,1
4d22c3,RYR954,1
4d22b9,RYR941,1
4cae65,RYR26YZ,1
44020a,AUA452,1
4d22bc,RYR84BV,1
44029f,AUA452,1
4d24b0,WMT5GZ,1
4d244c,RYR15SH,1
48c123,RYR15SH,1
4ca623,RYR15SH,1
4cad64,RYR15SH,1
4d24ea,RYR39VF,1
4cadfd,RYR39VF,1
4d2215,RYR39VF,1
4d224e,RYR39VF,1
4ca301,RYR96LT,1
4cac86,RYR39VF,1
4cae62,RYR96LT,1
4cadfc,RYR96LT,1
4ca61f,RYR39VF,1
4d24ea,RYR19XX,1
4d244c,RYR19XX,1
471f41,WZZ45LW,1
48c2a3,RYR19XX,1
4d2349,RYR19XX,1
471d5a,WZZ45LW,1
4cae5a,RYR59KA,1
4cae6a,RYR19XX,1
471d66,WZZ45LW,1
4d2214,RYR3368,1
4d226d,RYR3368,1
4d2214,RYR265B,1
4caecc,RYR265B,1
4d225b,RYR64TW,1
4d2236,RYR64TW,1
48c221,RYR64TW,1
4cae5a,RYR64TW,1
4ca568,RYR64TW,1
3465d9,VOE3851,1
3465c9,VOE3851,1
4aca89,NSZ2CP,1
48e9f6,RYR295U,1
4cad92,SAS1804,1
4ac9f5,SAS96T,3
4aca84,NSZ5052,1
4d2214,RYR295U,1
4aca82,NSZ24J,1
4cad2a,RYR295U,1
4cafce,SAS96T,1
458d0c,JNJ660,1
4ab824,NSZ5052,1
493281,NJE189U,1
4cadba,RYR295U,1
47c1f7,NSZ2CP,1
4ac9f4,SAS96T,1
490d04,NJE585B,1
4ac9ef,SAS96T,1
4aca96,NSZ8KC,1
48c2b9,RYR295U,1
4ac9f5,SAS1804,1
4aca83,NSZ5052,1
4aca83,NSZ8KC,1
4acb43,SAS1818,1
4ca912,RYR4472,1
4aca53,NSZ2CP,1
4d2260,RYR84AR,1
4d226e,RYR84AR,1
4ca61e,RYR84AR,1
484c9b,TRA29Z,1
484b6e,TRA4T,1
484b6e,TRA29Z,1
484186,TRA29Z,1
484f6d,TRA4T,1
484f6c,TRA4T,1
4853d2,TRA29Z,2
484f6d,TRA5026,1
484f6d,TRA29Z,1
490d05,NJE566E,1
4853d3,TRA29Z,1
4bb281,THY8ZF,1
4bb20c,THY9DQ,2
4ba90f,THY8ZF,1
4bb283,THY9DQ,1
4bb21a,THY8ZF,1
4baacb,THY9DQ,1
4bb207,THY9DQ,1
4bb26e,THY8ZF,1
4bb286,THY9DQ,1
4bb274,THY8ZF,1
4aca81,NSZ8FU,1
4aca96,NSZ8FU,2
4cae63,RYR4PK,1
4cae5a,RYR4PK,1
3d7cc7,DFTMT,1
4d2503,RYR35CB,1
4cae64,RYR35CB,1
4ca251,RYR35CB,1
34569a,VOE51NK,1
440005,EJU71YR,1
4404a4,EJU35NQ,1
4401dc,EJU35NQ,2
4402ac,EJU35NQ,1
39cea4,TVF13HC,1
440179,EJU71YR,1
4400b7,EJU4759,1
347256,VOE51NK,1
440057,EJU35NQ,1
440630,EJU4759,1
39d301,TVF13HC,1
44017c,EJU35NQ,1
34569a,VOE80KM,1
34568d,VOE80KM,1
392af0,AFR78LC,1
398575,AFR99XK,1
39bdb4,AFR13SL,3
394c0a,AFR93RA,1
39e684,AFR7503,1
39e697,AFR7505,1
39bda6,AFR7503,1
39bdb4,AFR7505,2
39bdb4,AFR78LC,1
39bda2,AFR99XK,1
39bda0,AFR13SL,1
39e684,AFR93RA,1
39bdb7,AFR7505,1
39bdaf,AFR93RA,1
39e697,AFR7503,1
39e687,AFR99XK,1
39bda0,AFR7505,1
39e68a,AFR13SL,1
3991e8,AFR93RA,1
39bda6,AFR99XK,1
39666f,AFR78LC,1
39e680,AFR7503,1
4400b7,EJU9050,1
392aec,AFR93RA,1
39e695,AFR99XK,1
39bda0,AFR7503,2
3986e8,AFR9449,1
39e683,AFR7505,1
39bdb0,AFR78LC,1
39e690,AFR78LC,1
39bdb7,AFR99XK,1
392af3,AFR7505,1
39e680,AFR93RA,1
39bdb2,AFR93RA,1
392af2,AFR7503,1
39e683,AFR13SL,1
392aef,AFR78LC,1
39bdb0,AFR99XK,1
3986e1,AFR37SJ,1
345613,VOE3PD,2
34568d,VOE3PD,3
34568d,VOE59FZ,2
346614,VOE3PD,1
345613,VOE59FZ,1
3455d8,VOE9WQ,1
346611,VOE59FZ,1
345613,VOE3TH,2
44056b,EJU4791,1
4401e8,EJU4791,1
3455d8,VOE3TH,1
3455da,VOE3TH,1
3986e0,AFR88KN,1
3986e0,AFR27KG,1
440179,EJU639X,1
440179,EJU186C,2
440195,EJU684Z,1
4404a4,EJU608A,2
3986e3,AFR88KN,2
3986e3,AFR27KG,2
44056b,EJU186C,1
3986e3,AFR64PN,1
4401e8,EJU608A,1
440179,EJU608A,1
4b1a2a,EZS68LY,1
3986e6,AFR88KN,1
3986e6,AFR27KG,1
44061c,EJU794R,1
4401e8,EJU303Y,1
440179,EJU794R,1
346649,VOE4YG,1
398578,AFR11MW,1
3986e6,AFR64PN,1
4404a4,EJU303Y,1
3986e7,AFR64PN,1
44061c,EJU684Z,1
440630,EJU303Y,1
3986e0,AFR11MW,1
3455d8,VOE4YG,1
440630,EJU186C,1
34530d,ANE48NC,1
440179,EJU82TA,2
3453d3,ANE97CX,1
3455d8,VOE67ME,1
345543,ANE48NC,1
344213,ANE97CX,1
346614,VOE67ME,1
3483da,ANE48NC,1
348401,ANE97CX,1
347256,VOE67ME,1
345615,ANE97CX,2
345615,ANE48NC,1
424bec,MYAVA,2
345250,ANE48NC,1
3455d7,VOE67ME,1
345385,ANE97CX,1
348402,ANE48NC,1
34568d,VOE51ER,1
44083f,EJU81UW,1
4404a4,EJU81UW,1
347256,VOE51ER,1
440630,EJU81UW,1
3455d8,VOE51ER,1
440179,EJU81UW,1
34714e,VOE51ER,1
34568d,VOE6JU,1
4400b7,EJU53CA,1
347256,VOE6JU,1
4401e8,EJU53CA,1
398561,KLM60Z,2
398561,KLM52N,3
398560,KLM44T,5
398564,KLM60Z,3
398564,KLM52N,2
485206,KLM44T,1
39856d,KLM44T,1
398569,KLM60Z,2
398569,KLM52N,1
345359,VLG2973,1
345249,VLG74HP,1
3455d8,VOE1AP,1
34538d,VLG74HP,1
344697,VLG2973,1
345212,VLG2973,1
345043,VLG1JC,1
3472c3,VLG74HP,1
345613,VOE1AP,1
344644,VLG74HP,1
346692,VLG2973,1
345042,VLG2973,1
344692,VLG74HP,1
34568d,VOE1AP,1
3455da,VOE1AP,1
3444da,VLG74HP,1
342581,VLG2973,1
34744c,VLG2973,1
345043,VLG74HP,1
34538d,VLG1JC,1
440179,EJU732T,3
44056b,EJU872M,1
395d67,BGA181H,1
4404a4,EJU872M,1
4404a4,EJU732T,1
392daa,TJT021P,1
4401e8,EJU732T,2
440179,EJU872M,1
392da4,ITI34BT,1
4400b7,EJU732T,1
4401e8,EJU872M,2
345613,VOE80LB,1
440209,EJU872M,1
3455d7,VOE80LB,1
346613,VOE2122,1
34568d,VOE7LV,2
347256,VOE7LV,1
3465d8,VOE7LV,1
34714e,VOE7LV,1
4d239d,BCS43A,5
44056b,EJU4789,1
4401e8,EJU4789,1
4ca97a,RYR458J,1
39d313,TVF16UN,1
4d21fd,RYR2UK,1
39cea7,TVF63XJ,1
4cad64,RYR5202,1
4cadc0,RYR458J,2
39d307,TVF16UN,1
3964f8,TVF16UN,1
39ceaf,TVF16UN,3
4d2245,RYR458J,1
4ca8af,RYR2UK,1
4ca61c,RYR458J,1
4ca61c,RYR5202,1
39ceaf,TVF63XJ,1
4d2260,RYR2UK,1
4cae98,RYR458J,1
3964f8,TVF7096,1
4cafd3,RYR5202,1
4cafd3,RYR458J,1
4cad64,RYR2UK,1
39d313,TVF64WN,1
39ceaf,TVF64WN,3
4cada3,RYR6YW,1
4cae57,RYR6YW,1
4400b7,EJU4783,1
44083f,EJU76HQ,1
44056b,EJU4783,1
440daf,EJU3802,1
44061d,EJU54EU,1
4d225f,RYR52ZY,1
346649,VOE2LZ,2
440030,EJU65UF,1
4402ae,EJU96UC,1
48ad0f,LOT9KN,1
48ad10,LOT9KN,1
48adb9,LOT9KN,1
48ad02,LOT9KN,1
489789,LOT9KN,1
48ada3,LOT3986,1
4d222a,RYR1GC,1
4d225a,RYR1GC,2
48e9f0,RYR57EU,1
4d2453,WZZ5284,2
4ca4ef,RYR57EU,1
4d20c0,WZZ5284,3
4d21f7,RYR57EU,1
4d21f7,RYR387C,2
4ca8d9,RYR57EU,1
48e9f0,RYR8DE,1
4d245f,WZZ278P,1
4ca4ef,RYR54GB,1
4d20c0,WZZ278P,1
48e9f2,RYR54GB,2
4caa59,RYR8DE,1
48e9f2,RYR8DE,1
4d2453,WZZ278P,1
4ca73a,RYR91WT,1
4d2020,WZZ278P,1
4ca73a,RYR54GB,1
4d21f7,RYR8DE,1
4d21f7,RYR7026,1
48c126,RYR92CR,1
4ca2d5,RYR92CR,1
4ca9a9,RYR92CR,1
4ca73a,RYR92CR,1
4cadc3,RYR92CR,1
4d21f7,RYR92CR,1
4d225a,RYR7026,1
4d225a,RYR92CR,1
4d21f7,RYR47SB,3
4d245f,WZZ9AK,1
4ca4ef,RYR83XD,1
48c230,RYR47SB,1
48e9f0,RYR83XD,2
4d20c0,WZZ9AK,3
4d21f7,RYR83XD,1
4ca73a,RYR47SB,1
48e9f2,RYR83XD,2
4ca2d5,RYR702Z,1
4d2020,WZZ9AK,2
4ca2d5,RYR47SB,1
4ca73a,RYR83XD,1
4ca4ef,RYR4057,1
4d2453,WZZ11CZ,2
48e9f0,RYR4057,1
48e9f2,RYR4057,1
4ca73a,RYR4057,1
4d2020,WZZ11CZ,1
4ca4ef,RYR4AE,1
4d2453,WZZ1832,1
4ca2d5,RYR4AE,1
4ca73a,RYR4AE,1
4d20c0,WZZ1832,1
48c126,RYR4RW,1
4caa59,RYR4RW,1
48c126,RYR11YX,1
4ca2d5,RYR11YX,2
4cade7,RYR55TF,1
4cac54,RYR4544,1
4ca2d5,RYR4544,1
4cade4,RYR55TF,1
4cafc4,RYR55TF,1
4caa59,RYR55TF,1
4d2453,WZZ9FC,2
48e9f2,RYR3323,1
48c223,RYR3323,1
4d20c0,WZZ9FC,1
48c230,RYR61GE,1
4d21f7,RYR61GE,1
48c126,RYR61GE,2
4cadfe,RYR61GE,1
4d221a,RYR61GE,1
48e9f2,RYR61GE,1
48c230,RYR76XA,1
48e9f2,RYR76XA,1
3986e9,AFR42SF,2
3986e9,AFR51QC,2
398566,AFR51BQ,1
398578,AFR51QC,1
3986e2,AFR42SF,1
3986e2,AFR51QC,1
3986e7,AFR51QC,1
398601,AFR51BQ,1
3986e3,AFR51QC,1
39856f,AFR51BQ,1
398570,AFR51BQ,1
3986e5,AFR51QC,1
49328e,NJE828E,1
4d24cb,RYR32MM,1
3c6583,DLH9KY,1
3c6444,DLH5TA,1
3c4dd7,DLH153,2
3c4dd4,DLH3VY,1
3c4dcc,DLH153,1
3c6446,DLH149,1
3c644a,DLH5TA,1
3c674d,DLH9KY,1
3c4dcb,DLH153,2
3c4dc4,DLH3VY,1
3c6637,DLH9KY,1
3c674f,DLH5TA,1
3c658e,DLH5TA,1
3c658d,DLH149,1
3c6637,DLH149,1
3c6752,DLH9KY,1
3c658b,DLH5TA,1
3c4dd7,DLH3VY,2
3c658d,DLH5TA,1
3c6588,DLH149,1
3c4dc7,DLH3VY,1
3c6447,DLH9KY,1
3c6744,DLH9KY,1
3c6589,DLH149,1
3c6635,DLH153,1
3c6595,DLH5TA,1
4ca2ab,RYR66UL,1
4d2013,EWG59HZ,2
4d2407,EWG59HZ,3
4d22c6,RYR66UL,1
4ca806,RYR66UL,1
4d2407,EWG2AP,1
4ca815,RYR57AE,1
4d24cb,RYR66UL,1
4d24ea,RYR57AE,1
4ca61e,RYR1132,1
4bc88a,PGT64A,1
4baa52,THY2BA,1
4bc88c,PGT40J,1
4bc890,PGT64A,1
4bab29,THY2BA,1
4bc889,PGT64A,1
4baacb,THY1RY,1
4baad0,THY1RY,1
4bc886,PGT40J,1
4bc84a,PGT64A,1
4bab27,THY2BA,1
4bc84f,PGT64A,1
4ba916,THY2BA,1
4baa65,THY1RY,1
4baa6f,THY2BA,1
4bb86e,PGT64A,1
4baa61,THY2BA,1
4bc8cc,PGT40J,1
4baa6f,THY1RY,1
4bc896,PGT64A,1
4cade2,RYR41MQ,1
48c232,RYR41MQ,1
4cad3d,RYR2XT,1
4d24ea,RYR41MQ,1
45d2ed,OYTWM,4
484f80,KLM96U,1
3c1aeb,KLM1844,3
3c1aeb,KLM76K,2
3c1459,KLM92M,3
485876,KLM96U,1
3c5db0,KLM92M,1
49410a,NJE9FF,2
3c01c3,KLM1844,2
3c01c3,KLM76K,2
4853f4,KLM96U,1
48548c,KLM96U,1
485064,KLM96U,1
484cc3,KLM96U,1
484c51,KLM92M,1
3c5db0,KLM1844,2
3c5db0,KLM76K,2
484bd1,KLM92M,1
485779,KLM96U,1
3d602e,DFIRE,3
4cad3f,RYR1FH,1
4ca806,RYR1FH,1
4cad3f,RYR88PF,1
4cad3d,RYR88PF,1
4ca9c1,RYR8JV,1
4cadbb,RYR8JV,1
4d226a,RYR8JV,1
4ca9c1,RYR73YH,1
4d207d,RYR73YH,1
48c230,RYR73YH,1
4ca806,RYR73YH,1
4d24ea,RYR76FN,1
4ca84a,RYR7KN,1
48c138,RYR2326,1
4cad28,RYR2327,1
4d224d,RYR850,1
48c12d,RYR7KN,1
4d24ea,RYR7KN,1
51118a,MBU9011,1
4cabc4,ABR4UE,1
4cabc5,ABR4UE,2
4caca1,ABR4UE,1
471f32,WZZ6UY,1
4d2067,WZZ6UY,2
4d206c,WZZ6UY,1
4d228b,RYR566D,2
4ca27a,RYR566D,2
add08d,N99CS,4
44d1a5,JAF5DG,1
3e272b,PAV662,1
449682,JAF5DG,1
44b438,JAF5DG,3
471a80,FRF140,2
500332,T7SYC,5
44d1c2,JAF8FA,1
44b438,JAF8FA,3
449682,JAF6GA,1
449683,JAF8FA,1
4baa48,THY7EY,1
4baa0d,THY6803,1
4bb026,TKJ4LZ,1
4ba903,TKJ49V,1
4baa74,THY9NM,1
4baa96,TKJ4EP,1
4bc8d2,PGT36FP,1
4ba8c8,TKJ4EP,1
4bb055,TKJ8UM,1
4baa49,THY7EY,2
4bb028,TKJ49V,1
4b9e02,TKJ8UM,1
4baa47,THY84M,1
4bb043,THY9NM,1
4b9e06,TKJ4EP,1
4bc8c6,PGT2863,1
4b9e44,STW5925,1
4cadc2,RYR55XF,1
48c130,RYR55XF,1
4d2301,RYR55XF,1
4caee5,RYR55XF,1
4d21ed,RYR66XY,1
4d2210,RYR66XY,1
4d207d,RYR66XY,1
4cae59,RYR66XY,1
48e9f0,RYR66XY,1
4d2228,RYR16ZZ,1
4ca623,RYR7UG,1
4ca809,RYR71TM,1
4d2272,RYR7UG,1
4d2501,RYR16ZZ,1
4cae48,RYR16ZZ,1
4d2501,RYR7UG,1
4cad2a,RYR71TM,1
4ca809,RYR16ZZ,1
4d23fa,RYR16ZZ,1
4caff7,RYR71TM,1
4d24cb,RYR94AU,1
48c226,RYR5UT,1
4cad4f,RYR33PQ,1
4d24ea,RYR5UT,1
4caff7,RYR33PQ,1
4caf29,RYR18VK,1
4caf29,RYR33PQ,1
4cae55,RYR64YR,1
4d234d,RYR64YR,1
4d22ff,RYR64YR,1
4cadc4,RYR64YR,1
4d224e,RYR64YR,1
4ca805,RYR64YR,1
4ca259,RYR8FN,1
4ca4ed,RYR25YL,1
4ca623,RYR3684,1
4d226d,RYR25YL,1
4d2501,RYR25YL,2
4aca8c,NSZ2941,1
4ca9d0,RYR25YL,1
48c1a1,RYR99VN,1
4cad4f,RYR78LC,1
4ca73e,RYR99VN,1
48c1a1,RYR78LC,1
4d226d,RYR99VN,1
4d2387,RYR78LC,1
4ca763,RYR99VN,1
4ca25a,RYR78LC,1
4ca9d0,RYR847W,1
4ca6a9,RYR78LC,1
4ca25a,RYR99VN,1
4cadc4,RYR78LC,1
4ca25a,RYR847W,1
48c233,RYR99VN,1
4d2348,RYR78LC,1
501c39,MMO116P,1
300959,ICEER,2
4d2239,RYR446X,1
4cae62,RYR4RB,1
48c224,RYR467C,1
4ca27a,RYR467C,1
4d2290,RYR446X,1
4d2385,RYR446X,1
4ca6a9,RYR4RB,1
4ca73e,RYR467C,1
4ca646,RYR4RB,1
4ca6a9,RYR446X,2
4ca6a9,RYR467C,1
4ca2ab,RYR4RB,1
4cac89,RYR4RB,1
4d242f,WMT1408,1
4cac86,RYR446X,1
4ca73e,RYR446X,1
4ca704,RYR6084,1
4d228b,RYR467C,1
4d2368,RYR4RB,1
48c223,RYR99LJ,1
4ca302,RYR99LJ,1
4d244b,RYR99LJ,1
4d224e,RYR99LJ,1
4ca61f,RYR99LJ,1
4d2449,RYR99LJ,1
4d22bf,RYR4YC,1
4d22c3,RYR38YA,1
4d22b6,RYR4YC,2
4d22af,RYR4YC,1
4caee4,RYR38YA,1
4d2222,RYR4YC,1
4d22b6,RYR2XQ,1
4d22c4,RYR38YA,1
4d22b9,RYR2XQ,1
4d22b3,RYR4YC,1
4d22b2,RYR38YA,1
4d2501,RYR40KT,1
4ca802,RYR40KT,1
4ca6a9,RYR40KT,1
4caf2a,RYR40KT,1
4d226f,RYR339F,1
4cae4a,RYR40KT,1
48c2af,RYR40KT,1
4cae6b,RYR221J,1
4ca893,RYR9197,1
4cac87,RYR9197,1
4ca92b,RYR9197,1
4ca623,RYR46UE,1
4ca7b6,RYR221J,1
4d24ea,RYR9197,1
4d244b,RYR221J,1
4cac84,RYR46UE,1
48c238,RYR9197,1
4ca8d6,RYR46UE,1
4ca92b,RYR221J,1
4d2273,RYR9197,1
4cae52,RYR9197,1
4ca73f,RYR46UE,1
4ca703,RYR221J,1
4d223b,RYR91FG,1
4cad39,RYR91FG,1
48c210,SPRRR,2
4cae53,RYR91FG,1
4cae53,RYR1Q,1
4d2272,RYR5UY,1
48e9f6,RYR5UY,1
4d21ed,RYR5UY,1
48c2a1,RYR2833,1
4d2210,RYR5UY,1
3cc09c,PVD469F,1
4d2500,RYR64CQ,1
4ca623,RYR64CQ,1
4caee5,RYR64CQ,1
4d2286,RYR5VF,1
4d24b2,WMT6CV,1
4d2385,RYR16HU,1
4d245f,WMT4CV,1
4d2210,RYR16HU,2
4ca302,RYR16HU,1
4cac89,RYR5VF,1
4d2215,RYR16HU,1
4d2143,WMT4CV,1
4cadfc,RYR5VF,1
4d2210,RYR3CE,1
471f62,WMT6CV,1
4cadc4,RYR16HU,1
4cac23,RYR3CE,1
4d24b4,WMT6CV,1
471f68,WMT6CV,1
4cadfc,RYR23XW,1
4d2533,WMT6CV,1
4d2386,RYR16HU,1
4d2501,RYR5VF,1
4d2286,RYR44QG,1
4ca9d0,RYR44QG,1
4cacdf,RYR4WG,1
4d2288,RYR4WG,1
48c133,RYR22FZ,1
48c238,RYR441A,1
4d227e,RYR22FZ,1
4ca623,RYR3VN,1
4cad39,RYR22FZ,1
4cadfc,RYR22FZ,1
4ca810,RYR441A,2
4ca624,RYR22FZ,1
4ca9d4,RYR22FZ,1
4cae59,RYR441A,1
4d2219,RYR3VN,1
4d2215,RYR22FZ,1
49d0c7,AAO59,2
4ca2ab,RYR514Z,1
4d20c0,WZZ33PN,4
4d21f7,RYR45WD,3
4ca4ef,RYR667T,1
48c230,RYR45WD,1
48e9f0,RYR667T,2
4d21f7,RYR667T,1
4ca73a,RYR45WD,1
48e9f2,RYR667T,2
4ca2d5,RYR4044,1
4d2020,WZZ33PN,2
4ca2d5,RYR45WD,1
4ca73a,RYR667T,1
4d226d,RYR6AG,1
48c2a9,RYR88HM,1
4cae48,RYR587F,1
4ca809,RYR85TY,1
4ca4f0,RYR6AG,1
4d2385,RYR85TY,1
4ca6a9,RYR587F,1
4caff7,RYR85TY,3
4ca2bf,RYR6AG,1
4ca301,RYR6AG,1
4ca4f0,RYR88HM,2
4d2219,RYR85TY,1
4d2263,RYR587F,1
4cada4,RYR4469,1
4caff7,RYR4MA,1
4caff7,RYR88HM,1
4d251c,RYR6AG,1
4ca2ab,RYR6AG,1
4d2348,RYR587F,1
4cad2b,RYR993E,1
45ce55,SRR6401,5
4d236c,RYR848X,1
501c55,TDR396,1
4d2210,RYR848X,1
4d226e,RYR848X,1
4cadf5,RYR848X,2
4bc844,PGT261P,1
4bb026,TKJ4AF,1
4bc8ce,PGT5QJ,1
4bc84f,PGT5QJ,1
4bb2a2,TKJ4AF,1
4bc885,PGT5QJ,1
4ba8e3,TKJ4AF,1
4bc849,PGT261P,1
4bb2a9,TKJ4AF,1
4bc8ca,PGT5QJ,1
4ba8d2,TKJ4AF,1
4bb866,PGT261P,1
4bc848,PGT5QJ,1
4bc85a,PGT261P,1
4bb2b2,TKJ4AF,1
4bc886,PGT5QJ,1
4bc8ce,PGT261P,1
4bc88b,PGT5QJ,1
4ba975,TKJ4AF,1
4d22c6,RYR762M,1
4d2501,RYR762M,1
4ca27c,RYR630,1
3009ac,VND07H,7
30061c,VND03D,4
471dc0,WZZ57XU,1
471dbf,WZZ59SM,2
471fa0,WZZ57XU,2
4d242d,WZZ59SM,1
4d2536,WZZ57XU,1
471fa1,WZZ59SM,1
471fa1,WZZ57XU,1
471dc0,WZZ59SM,1
4d242b,WZZ59SM,1
4d24d6,WZZ57XU,1
471f41,WZZ59SM,1
4ca27a,RYR32TA,1
4cadfd,RYR799J,1
4d228a,RYR799J,1
4d2386,RYR799J,1
4ca304,RYR799J,1
4ca6a9,RYR32TA,1
4d21ed,RYR32TA,1
4cae97,RYR799J,1
4ca624,RYR5MU,1
4ca9d4,RYR48UU,1
4cae62,RYR32TA,1
4d2263,RYR48UU,1
4caee5,RYR799J,1
4d2223,RYR55HQ,1
4ca6fc,RYR81LL,1
48e9f2,RYR77BB,1
4caff8,RYR36WQ,1
4cafcf,RYR55HQ,1
4d2219,RYR81LL,1
4cae59,RYR55HQ,1
4cadfc,RYR36WQ,1
4caff8,RYR55HQ,1
48c1a6,RYR81LL,1
4cafb4,RYR77BB,1
4cac86,RYR6354,1
4ca6fc,RYR55HQ,1
4cae97,RYR36WQ,1
4ca737,RYR36WQ,1
4cae62,RYR81LL,1
4cafb4,RYR55HQ,1
4ca97c,RYR77BB,1
4ca7b5,RYR55HQ,1
4ca6fc,RYR36WQ,1
4ca8d9,RYR6354,1
4d2237,RYR81LL,1
4cae58,RYR88UY,1
4ca76a,RYR395L,1
4d226d,RYR395L,1
4d21eb,RYR88UY,1
4cad28,RYR88UY,1
48c1a2,RYR395L,1
48e9f3,RYR395L,1
48c2a9,RYR88UY,1
4d21ed,RYR88UY,1
4ca9d0,RYR395L,1
48c1a2,RYR3585,1
4d251c,RYR395L,1
4cada4,RYR88UY,1
48c12d,RYR88UY,1
4cafcf,RYR49EF,1
4cae48,RYR48LU,1
4cae48,RYR83PY,1
4d2501,RYR48LU,1
4cac86,RYR48LU,1
4ca643,RYR49EF,1
4d2386,RYR48LU,1
4d21ed,RYR49EF,1
4ca84d,RYR9393,1
4ca643,RYR83PY,2
4cadfc,RYR49EF,1
4ca259,RYR48LU,1
4ca73f,RYR48LU,1
4ca84d,RYR49EF,1
4ca624,RYR83PY,1
4cada4,RYR48LU,1
4ca84d,RYR46MF,1
4ca643,RYR5114,1
4d22ca,RYR60CQ,1
4d251a,RYR3QU,1
4cadb7,RYR6257,1
48c2b3,RYR12HT,1
48c1a8,RYR34TK,1
4d2500,RYR34TK,1
48c2a4,RYR34TK,2
4ca9d0,RYR12HT,1
48c2a3,RYR34TK,1
48c134,RYR12HT,1
4d21eb,RYR3535,1
4ca8d6,RYR12HT,1
4ca624,RYR34TK,1
4d2233,RYR3535,1
4d21eb,RYR34TK,1
4d2233,RYR12HT,1
4cae48,RYR136N,1
4d2385,RYR136N,1
4caff7,RYR136N,1
4ca623,RYR136N,2
4ca9d0,RYR8VY,1
4d251a,RYR8VY,1
48e9f0,RYR136N,1
4cada4,RYR136N,1
4ca303,RYR85SZ,1
4ca802,RYR2KK,1
4d2215,RYR2KK,1
4ca73f,RYR2YA,1
4d2290,RYR9194,1
48c132,RYR5DH,1
4cae66,RYR5DH,1
48c12f,RYR9194,1
48c22d,RYR9194,1
4cadfc,RYR5DH,1
4ca809,RYR31WK,1
4cad4f,RYR6MN,1
4cac86,RYR31WK,1
4d2219,RYR31WK,1
4cac53,RYR739W,1
48c130,RYR739W,2
4ca24d,RYR739W,1
4caff7,RYR739W,1
48e9f1,RYR4VV,1
4cada4,RYR4VV,1
4cae59,RYR4674,1
4cae59,RYR739W,1
4d2208,RYR739W,1
4b18d2,HBJKK,1
4d234f,RYR39MR,1
4ca802,RYR39MR,1
4ca9ed,RYR78UF,1
4cadf4,RYR39MR,1
4ca805,RYR39MR,1
4cae6c,RYR78UF,1
4ca566,RYR1853,1
4d224e,RYR1853,1
4cad64,RYR1853,1
4ca61c,RYR1853,1
4d2369,RYR18XP,1
4d2503,RYR18XP,1
4ca8da,RYR18XP,1
4ca9d1,RYR41MC,1
4cad4f,RYR41MC,1
4ca73e,RYR41MC,1
4ca623,RYR41MC,1
4d2504,RYR41MC,1
4d2263,RYR41MC,1
4d2216,RYR2VZ,1
48c225,RYR2VZ,1
48c12b,RYR2VZ,1
503cb8,KLJ5984,1
501e6e,9AJIP,9
4caeaf,NOS8021,1
48e9f2,RYR57ND,1
4cad4f,RYR50PA,1
4d2290,RYR57ND,1
4d2386,RYR57ND,1
4cac1f,RYR57ND,1
4d21ed,RYR8832,1
4cae48,RYR25VH,1
4d2219,RYR50PA,2
4ca623,RYR57ND,1
4cac1e,RYR50PA,1
4cadfc,RYR57ND,1
4d2210,RYR8QA,1
4cada4,RYR57ND,1
346649,VOE4LF,2
4cac87,RYR73TM,1
4d2386,RYR73TM,1
4ca25a,RYR73TM,1
4cadfd,RYR595Z,2
4d226d,RYR595Z,1
4d224e,RYR595Z,1
4ca301,RYR858R,1
4ca623,RYR595Z,1
4cae62,RYR858R,1
4cadfc,RYR858R,1
4d24d6,WMT5HB,1
4d2068,WMT5HB,1
4d201e,WMT5HB,2
471db4,WMT5HB,1
4d2491,WMT5HB,1
501dd0,CTN4430,2
49d5ee,TVS36M,2
4a08e7,ROT225P,1
471f65,WMT5050,1
49d039,TVS49J,1
4a2183,HLJ804F,1
4a2183,AWG672,1
4a08e9,ROT225P,1
49d5d6,TVS36M,1
471f06,WMT5050,1
4a08ec,ROT225P,1
4d2503,RYR41BJ,1
48c22d,RYR5UG,1
4a2aac,DNA507,2
4a4eae,HYS257,1
4cac54,RYR41BJ,1
4a08a5,HYS257,1
4ca92b,RYR41BJ,1
4cac88,RYR2102,1
4ca9aa,RYR26BG,1
4ca259,RYR26BG,1
4cac88,RYR26BG,2
471f06,WMT8RR,1
4d2385,RYR26BG,1
471f03,WMT8RR,1
4d2229,RYR677,1
4ca622,RYR7903,1
4ca245,RYR2102,1
471f68,WMT9SS,1
471f69,WMT8RR,1
4d226d,RYR26BG,1
471f62,WMT8RR,1
4d2143,WMT9SS,1
440604,AUA698,1
44065b,AUA700,2
4d22bb,RYR7GR,1
44065c,AUA694S,1
440666,AUA698,1
44004f,AUA694S,1
44029f,AUA694S,1
440c8d,AUA694S,1
440c8d,AUA700,2
4d22af,RYR7GR,1
44022d,AUA698,1
440607,AUA698,1
4d22c8,RYR7GR,2
4d22c4,RYR695,1
440c8c,AUA694S,1
44065b,AUA698,1
44020a,AUA694S,1
48af12,LOT640,1
48ada6,LOT646,1
48af10,LOT4LE,1
48ad87,LOT644,2
48ada7,LOT646,1
48adad,LOT4LE,1
48ae80,LOT4LE,1
48e95b,LOT646,1
48ad86,LOT9040,1
48e95b,LOT640,1
48ada2,LOT646,1
48ada6,LOT644,1
48af11,LOT4LE,1
48adad,LOT646,1
48ada9,LOT644,1
48ad82,LOT640,2
48af19,LOT4LE,1
48adae,LOT646,1
48e959,LOT644,1
48af0e,LOT4LE,1
48ada2,LOT644,1
48adad,LOT640,1
48ada6,LOT4LE,1
48adac,LOT646,1
46b434,FOE7501,2
4a08e6,ROT371X,1
4a08e9,ROT373D,1
4a08eb,ROT373D,1
504e61,HYS245,1
4a08e7,ROT373D,1
4a068d,ROT261N,1
4ba94d,THY9CN,1
4bb84f,PGT40UL,1
4bb0ef,THY4QE,1
4ba9e2,THY48S,1
4a08e9,ROT265R,1
4a08e9,ROT261N,1
4a068b,ROT263R,2
4a1eae,AWG724G,2
4bb149,THY9CN,2
4a1aae,AWG724G,1
4bc884,PGT40UL,1
4bc8c4,PGT7362,1
4b8e05,PGT40UL,1
4bb189,THY9CN,1
4a068b,ROT261N,2
4a068a,ROT265R,2
4a068a,ROT263R,1
4bb142,THY9CN,1
4bb181,THY4QE,1
4bc842,PGT40UL,1
4bb1e6,THY48S,1
4bb1e3,THY48S,1
4bb18d,THY4QE,1
4a08e7,ROT261N,1
3c1baf,BCS5707,1
4ca9d4,RYR27KC,1
4cae24,BCS5709,1
4d2532,WMT2CT,1
4cae21,BCS5709,1
471f01,WMT2CT,1
4cade2,RYR27KC,1
4cadfe,RYR27KC,1
471f68,WMT2CT,1
4d2007,WMT966,1
471db3,WMT2CT,1
4d00c3,LGL84BR,1
4d00f2,LGL84BR,1
4d222b,RYR6BN,1
4d21f2,RYR6BN,1
4cac86,RYR6CW,1
4d2449,RYR6CW,1
471f64,WMT4KY,1
4d2213,RYR6CW,1
471f67,WMT4KY,1
471f62,WMT4KY,1
4caee8,RYR6CW,1
471f04,WMT4KY,1
504e61,HYS221,1
4a08ec,ROT381T,2
3991e3,AFR11ND,1
3946e5,AFR26AA,1
471f67,WMT71,1
4a08e7,ROT383X,3
440b2f,TAY2SF,4
4a2182,AWG600Q,2
392af1,AFR26AA,1
3991e1,AFR11ND,1
4a08e9,ROT383X,2
4a08e7,ROT381T,2
392af0,AFR390V,1
3991e6,AFR26AA,1
4a08ec,ROT383X,2
3946e5,AFR11ND,1
4a08e6,ROT381T,1
394c14,AFR26AA,1
4d20bc,WMT71,1
39e4ac,AFR11ND,1
4a4d79,HYS221,1
3991e7,AFR26AA,1
4d24b4,WMT71,1
392af3,AFR26AA,1
3991e9,AFR11ND,2
4a08ea,ROT381T,1
4a1aae,AWG600Q,1
471efb,WMT71,1
3991e9,AFR26AA,1
4a08e9,ROT381T,1
4a0688,ROT231B,1
4a068d,ROT231B,1
4a0688,ROT237A,1
4a08e9,ROT231B,1
4a068a,ROT237A,1
4a068b,ROT237A,1
4d2286,RYR864,1
4d20c0,WMT921,1
4d24b2,WMT484,1
4d2385,RYR82MD,1
4d2210,RYR82MD,2
4ca84d,RYR82MD,1
4cac89,RYR864,1
4d2215,RYR82MD,1
471f62,WMT484,1
4d2143,WMT921,1
4cadfc,RYR864,1
471f03,WMT484,1
4cadc4,RYR82MD,1
4d24b4,WMT484,1
471f68,WMT484,1
4cadfc,RYR3773,1
4d2386,RYR82MD,1
4d2501,RYR864,1
4d21fe,RYR89SM,1
4d24b2,WMT2WV,1
4cae9c,RYR89SM,1
471f67,WMT2WV,1
4d222a,RYR89SM,1
4d20bc,WMT2WV,1
4cad29,RYR12EF,1
4d2143,WMT2WV,1
4d251a,RYR89SM,1
4d2145,WMT2WV,1
4ca64e,RYR399,1
471f69,WMT2WV,1
4cad29,RYR89SM,1
4a08ec,ROT305Z,1
3c6584,DLH1CF,1
3c6743,DLH8RK,1
3c6583,DLH1CF,1
3c6758,DLH8RK,1
4a08eb,ROT301V,2
3c66ea,DLH8RK,2
3c6449,DLH1CF,1
4a4d79,HYS201,2
3c6595,DLH8RK,1
3c66e1,DLH1CF,1
3c6589,DLH1CF,1
4a08e7,ROT301V,2
3c65d9,DLH8RK,1
3c6749,DLH1CF,1
4a08ea,ROT301V,1
3c6668,DLH1CF,1
3c6741,DLH8RK,1
4bca62,RHH057,1
4d2532,WMT7203,2
4a08a5,HYS263,1
4d245f,WMT7203,1
4a4eae,HYS263,1
4d24d7,WMT7203,1
4d2143,WMT2NA,1
4d24b2,WMT7203,2
4a08eb,ROT415K,4
4d2143,WMT4600,1
4d2384,RYR65LN,2
4d2420,WMT8080,1
48c2ab,RYR65LN,1
4cae9f,RYR65LN,1
471f70,WMT8080,1
4a08ea,ROT415K,1
471efa,WMT4600,1
4caf28,RYR65LN,1
471f62,WMT4600,1
4d244c,RYR254R,1
4d201d,WMT4600,1
471f62,WMT8080,1
4a08eb,ROT641X,1
4a1eae,AWG100P,1
4a08ea,ROT641X,1
4a1aae,AWG106P,1
4a08eb,ROT647M,1
4a08ea,ROT649D,1
4a4d79,HYS276,1
49d4e5,OKPMM,2
4d20c0,WMT7575,1
471f03,WMT7575,1
4d2533,WMT7575,1
471f68,WMT7575,1
502d46,BTI6GN,1
502d3e,BTI6GN,1
484442,KLM62R,1
485a32,KLM38W,1
4a08e9,ROT361U,1
4a08e6,ROT363T,2
484ee4,KLM62R,2
4a08e7,ROT363T,1
484131,KLM38W,1
484557,KLM98A,1
4a08ec,ROT361U,3
485a33,KLM38W,2
484f18,KLM98A,1
4a08ea,ROT363T,1
485a35,KLM38W,1
4a08ec,ROT363T,3
48418c,KLM98A,1
484130,KLM62R,1
4a08ea,ROT361U,1
48418b,KLM98A,1
48455a,KLM62R,1
484ee5,KLM38W,1
48455d,KLM62R,1
485a34,KLM98A,2
4a08e6,ROT361U,1
485a32,KLM62R,1
4d24b2,WMT7RM,2
4d24d7,WMT151,1
4d20bc,WMT4WF,1
4d24b3,WMT151,2
4d24b4,WMT7RM,1
471f9e,WMT151,1
4d2143,WMT8N,1
4d245a,WMT8N,1
4d245f,WMT9PU,1
4a09b2,AEZ842T,1
48c2a0,RYR99AT,4
4d20bc,WMT7682,1
4d24b2,WMT7682,1
4d2022,WMT7682,1
471f9e,WMT12H,1
4d2261,RYR99AT,2
471f06,WMT9PU,1
4a08e6,ROT403G,1
4a2184,AEZ842T,1
471f69,WMT7682,1
4caeca,RYR5JZ,1
4d201d,WMT9PU,1
4ca24e,RYR5JZ,1
4d2145,WMT9PU,1
4d2420,WMT7682,1
4a08e9,ROT403G,1
4caeca,RYR99AT,1
4d24b3,WMT9PU,1
4d24b4,WMT7682,1
4d207d,RYR6285,1
4ca61f,RYR6285,1
48c121,RYR6285,1
471f67,WMT789,1
471f62,WMT789,1
471f78,WMT372,1
4cad54,RYR11RL,1
471f64,WMT372,1
4d24b4,WMT372,1
471f69,WMT372,1
48ea4d,RYR11RL,1
471f78,WMT616,1
4d2420,WMT616,1
4d24b2,WMT616,1
471f70,WMT616,2
4d2145,WMT616,1
3c6521,LHX6RJ,1
3c6521,LHX2PF,2
3c48e8,LHX2XV,2
3c654a,LHX2PF,1
3c48e8,LHX6RJ,3
3c09f2,LHX2XV,1
3c6551,LHX2PF,1
3c6549,LHX2PF,1
3c48f0,LHX6RJ,1
3c6549,LHX2XV,1
3c6522,LHX2PF,1
3c6521,LHX2XV,1
3c6552,LHX6RJ,1
4d2145,WMT1NL,1
471f06,WMT1NL,1
471f65,WMT731,1
4ca802,RYR7668,1
4d207d,RYR7668,1
4d2257,RYR7668,1
471f06,WMT296,1
471f68,WMT296,1
471efb,WMT296,1
471efa,WMT296,1
4a1aae,AWG126,1
4a4d79,HYS253,1
4a08e6,ROT607N,1
4a0688,ROT601A,1
4a068a,ROT603W,1
4a4eae,HYS253,1
440ced,TAY5SR,2
4a068a,ROT601A,1
4d20bc,WMT595,1
4d24b2,WMT595,1
4d24b3,WMT595,1
4d2261,RYR2DV,1
4d2143,WMT198,1
4d21ef,RYR2DV,2
4d221f,RYR2DV,1
471f70,WMT198,1
4cad64,RYR7XM,1
4cafd3,RYR7XM,1
4ca738,RYR7XM,1
471f68,WMT80NB,1
4caf2a,RYR8DW,1
471f04,WMT80NB,1
4d2226,RYR8DW,1
4d2100,WMT80NB,1
4601fd,FIN440,1
461f9a,FIN434,2
4601f9,FIN9P,1
461f9d,FIN7AZ,1
4601f8,FIN7TP,1
461f64,FIN8DP,1
461f36,FIN8MC,4
461f69,FIN2PD,1
461f9d,FIN434,2
4601f7,FIN440,1
461f67,FIN2PD,1
4601fb,FIN7TP,3
461f6c,FIN8DP,1
4601f5,FIN9P,1
461e17,FIN446,1
461e17,FIN5YR,1
461f65,FIN8DP,2
4601fa,FIN440,1
4601fd,FIN7TP,1
461f36,FIN446,1
461f36,FIN5YR,1
461f39,FIN8MC,2
461e1d,FIN2PD,1
4601f3,FIN9P,1
461f69,FIN446,1
4601f8,FIN9P,1
4601f4,FIN7TP,1
461e16,FIN5YR,1
461f35,FIN2PD,1
4601f5,FIN440,1
461f9b,FIN8DP,1
461fa1,FIN2PD,1
4601f9,FIN440,1
4601f7,FIN9P,1
461f9b,FIN446,1
4601f3,FIN2PD,1
461e1f,FIN5YR,1
461f35,FIN8MC,1
461f36,FIN8DP,1
461f64,FIN434,1
461f6e,FIN7TP,1
4601fb,FIN446,1
4601f9,FIN2PD,1
461f69,FIN434,1
ac108c,N877CC,2
3db036,DGMZE,4
4cae61,RYR8C,1
4cae60,RYR8C,1
4cacbd,SAS2747,2
4cafd6,SAS2749,2
4cabdb,SAS2749,1
4cabda,SAS2749,1
4cafd8,SAS2747,1
4cacbd,SAS2749,2
4cafd6,SAS2747,2
4caf24,SAS2749,1
4787a0,NOZ938,1
4ca660,SAS2747,1
45e613,BIO12,2
502d29,BTI8ME,1
502d7a,BTI8ME,1
502d59,BTI8ME,1
502d0d,BTI77U,1
502d0d,BTI8ME,1
502da9,BTI8ME,1
502d95,BTI8ME,1
502d9f,BTI8ME,1
3005c5,ISRNT,6
34268d,SWT8169,5
3424d4,VLG44NP,1
344487,AEA35ZT,6
344487,AEA6072,6
344487,AEA14RB,6
344487,AEA6156,6
344487,AEA29KR,6
3444ca,VLG3919,1
34258f,VLG87EZ,1
347694,VLG101P,1
4d22c6,RYR4QN,1
4cafc4,RYR37ZB,1
348207,VLG8HG,3
3451d4,VLG20QC,2
4ca816,RYR28CA,1
345041,VLG3CK,1
346691,VLG25JB,1
4d22ba,RYR17EE,1
348206,VLG3905,1
34744c,VLG9RA,1
3443d5,VLG8VK,1
348207,VLG5DL,3
345248,VLG25JB,1
348206,VLG9RA,1
348206,VLG3CK,1
4d228f,RYR37ZB,1
344158,VLG87EZ,1
3451d3,VLG44NP,2
4ca702,RYR4QN,2
342398,VLG8VK,1
347690,VLG3CK,1
345398,VLG9RA,1
348207,VLG3905,1
346183,VLG8HG,1
348209,VLG4QL,1
3443d5,VLG3919,1
34440a,VLG87EZ,1
48c233,RYR37ZB,1
4ca6fc,RYR4QN,2
34258f,VLG5DL,2
346183,VLG3919,1
348209,VLG87EZ,1
348208,VLG7DB,1
344694,VLG9RA,1
347601,VLG4QL,1
4d22b8,RYR37ZB,1
3453c3,VLG25JB,1
43e7fd,MFROG,1
342397,VLG8VK,1
4d22c6,RYR28CA,2
348208,VLG3905,1
4ca701,RYR37ZB,1
4ca701,RYR1277,1
4d2264,RYR17EE,1
345116,VLG3CK,1
345314,VLG87EZ,1
34258f,VLG7DB,1
348207,VLG20QC,1
345041,VLG2SM,1
3444cf,VLG202P,1
345206,VLG44NP,1
345614,VLG25JB,1
345249,VLG8VK,1
342591,VLG4QL,1
4cae97,RYR4QN,1
3443d3,VLG9RA,1
348209,VLG3905,2
344699,VLG8VK,1
347306,AEA35ZT,1
347306,AEA6072,1
347306,AEA14RB,1
347306,AEA6156,1
347306,AEA29KR,1
34258f,VLG8HG,1
345042,VLG4QL,1
348207,VLG7DB,2
344156,VLG44NP,1
4d223b,RYR17EE,1
4d223b,RYR37ZB,1
345043,VLG3CK,1
4ca8d9,RYR4QN,1
34538d,VLG87EZ,1
348208,VLG5DL,1
3475d9,VLG3919,1
3430cc,VLG25JB,1
34258f,VLG20QC,1
345249,VLG3CK,1
347601,VLG44NP,1
347601,VLG87EZ,1
344158,VLG9RA,1
4ca97c,RYR307H,1
4ca701,RYR17EE,1
344156,VLG8VK,1
4ca303,RYR28CA,1
49410a,NJE455V,1
4caa59,RYR844N,1
3472c9,IBS1680,1
342104,IBS16LQ,2
345218,AEA6048,1
345218,AEA6012,1
4d2269,RYR2PK,1
4d2269,RYR20UB,1
344485,SWT102,1
345686,IBS16SN,1
4cafc4,RYR288C,1
4d22b8,RYR62SU,1
3474da,IBS1668,1
3474da,IBS16SJ,1
344459,AEA6096,2
344459,AEA6066,1
344297,AEA54UH,2
344297,AEA6052,1
4ca816,RYR8ZR,1
34644e,IBS16HR,2
344341,AEA75FG,1
341682,IBS16HR,1
344341,AEA6066,1
3453c1,AEA6048,4
3453c1,AEA6012,4
34448d,IBS16ZL,1
343385,IBS16SJ,2
344459,AEA75FG,1
344459,AEA54UH,1
34604d,AEA6096,1
342104,IBS16SN,1
342188,IBS1668,1
4cac1f,RYR62SU,1
4cac1f,RYR8ZR,1
344455,IBS1680,1
4d2214,RYR288C,1
3453cc,AEA6048,1
3453cc,AEA6012,1
48c220,RYR288C,2
343385,IBS1668,2
49410b,NJE872P,1
343141,IBS16SN,1
4ca2ab,RYR62SU,1
4ca2ab,RYR8ZR,1
341682,IBS1680,1
342105,IBS16HR,1
344297,AEA75FG,1
342090,IBS16LQ,1
342090,IBS16ZL,1
347306,AEA6066,1
3472c9,IBS16HR,1
342188,IBS1662,1
348412,AEA6096,1
343141,IBS16ZL,1
344416,IBS1680,2
346082,AEA6066,1
4cae9c,RYR20UB,1
4ca701,RYR8ZR,1
4cadbc,RYR62SU,1
4408d8,GCK040,1
342105,IBS16SN,1
345218,AEA75FG,2
345218,AEA54UH,2
4d22c6,RYR62SU,1
344446,AEA75FG,1
344446,AEA54UH,1
4d2264,RYR288C,1
4d2264,RYR8ZR,1
48c2ac,RYR20UB,1
34448d,IBS1680,1
344416,IBS16LQ,2
344416,IBS16ZL,2
4d2271,RYR844N,1
3472c9,IBS1668,1
348305,IBB88UP,1
4d244c,RYR2PK,1
48c2b2,RYR3012,1
343141,IBS16SJ,1
34604d,AEA6066,1
34750b,AEA6096,1
342090,IBS16SN,1
3425ce,SWT102,1
4d23fd,RYR288C,1
34448d,IBS16SJ,1
34644c,IBS16HR,1
493296,NJE559R,1
3474da,IBS16BV,1
3474da,IBS1680,1
343385,IBS1662,1
4ca56b,RYR20UB,1
4ca56b,RYR62SU,1
4d2263,RYR8ZR,1
341682,IBS16SN,1
344455,IBS1668,1
346083,AEA6096,1
346083,AEA6066,1
48c220,RYR844N,1
48c2ac,RYR3012,1
347309,AEA6096,1
347309,AEA6066,1
34448d,IBS1668,1
4d2263,RYR20UB,1
4d226c,RYR2PK,1
344446,AEA6048,1
344446,AEA6012,1
4cae9a,RYR844N,1
4cae9a,RYR288C,1
3442cc,ANE7015,1
344498,IBS16HR,1
48c2ac,RYR8ZR,1
34644e,IBS16SN,1
34644e,IBS16SJ,1
347307,AEA75FG,1
347307,AEA54UH,1
4ca4f5,RYR62SU,1
4ca2ab,RYR55BB,1
44b430,PGC23G,1
4ca245,RYR55BB,1
4cadbc,RYR55BB,1
4d2279,RYR7836,1
4d2218,RYR55BB,1
4d223b,RYR55BB,1
4ca2ab,RYR80FB,1
4d2013,EWG7FU,1
4d2407,EWG7FU,4
4d22c6,RYR80FB,1
4ca806,RYR80FB,1
4d2407,EWG6824,1
4ca815,RYR2CD,1
4d24cb,RYR80FB,1
4d24ea,RYR2CD,1
4ca2ab,RYR94HC,1
48c2b8,RYR94HC,3
4d2225,RYR94HC,1
3c0ca3,TUI7YA,1
4d2088,EWG27DF,1
3c6495,EWG6RU,1
4d240f,EWG9A,1
4d2416,EWG6HW,3
3cd43b,HHN221,1
3c48ea,EWG6RU,1
4d2409,EWG9A,1
3c6496,EWG27DF,3
493291,NJE258C,1
4d2414,EWG37HB,1
4d2013,EWG9A,1
3c648f,EWG27DF,1
4d2013,EWG6951,2
4d2405,EWG9A,2
3c7421,TUI7YA,1
3c743a,TUI7YA,1
49410b,NJE033N,1
3c4b49,EWG9A,1
4d2411,EWG6RU,1
440154,OEFAF,1
4d253b,EWG6HW,1
4d253b,EWG27DF,1
3c5ee9,EWG6900,1
3c496e,TUI7YA,1
3c49b1,TUI7YA,1
4d02d9,JFA06L,1
3c4b4e,EWG9A,1
3c54a1,EWG6RU,1
348402,ANE40TP,1
3442cc,ANE86MN,1
344459,AEA34PN,1
3451d4,VLG6UP,1
347481,AEA67JY,1
3451da,ANE62BX,1
4d2289,RYR7215,1
3451da,ANE86MN,1
344409,VLG3952,2
34750b,AEA67JY,1
34750b,AEA34PN,1
346182,ANE40TP,2
346182,ANE004,1
3430cc,VLG3952,1
34604d,AEA34PN,1
348209,VLG6UP,1
346082,AEA67JY,1
3451d8,ANE86MN,1
3444cf,VLG3954,1
3442cc,ANE40TP,1
4d223b,RYR7215,1
3e3e62,PAV552,1
34750a,AEA34PN,1
347309,AEA67JY,1
346689,IBB88UP,2
347309,AEA4026,1
344216,AEA42NY,1
4d207c,RYR36,1
347306,AEA42NY,2
347481,AEA4026,1
34604d,AEA4026,1
346183,VLG65MB,1
348208,VLG65MB,1
344459,AEA42NY,1
34750a,AEA4026,1
34258f,VLG65MB,1
48c130,RYR36,1
346083,AEA4026,1
347307,AEA42NY,1
34604d,AEA42NY,1
3453c1,AEA4026,1
342398,VLG65MB,1
34750a,AEA42NY,1
4ca854,RYR36,1
348207,VLG65MB,1
345218,AEA4026,1
440589,EJU91EL,1
3c56ee,EWG8P,1
4cafc4,RYR21AG,1
4ca816,RYR21AG,1
4401d1,EJU68TM,1
3c56ee,EWG81A,2
3c54a1,EWG81A,1
440589,EJU68TM,1
4cac1f,RYR21AG,1
440cf8,EJU91EL,1
4d2409,EWG81A,1
440c6f,EJU68TM,1
4d22be,RYR21AG,1
4400dc,EJU91EL,1
4d2410,EWG8P,1
3c56f7,EWG81A,1
4d22b8,RYR21AG,1
3cf6f9,DCUVH,2
440224,EJU91EL,1
3c55c7,EWG81A,1
3c4b4c,EWG74AP,1
440cf8,EJU68TM,1
4cae92,RYR21AG,1
348209,VLG6BT,2
348207,VLG96DG,1
4d227d,RYR52XT,1
4d22ff,RYR4KJ,1
4cac1f,RYR7GB,1
4d2263,RYR7GB,1
34258f,VLG96DG,1
348207,VLG6BT,1
48c233,RYR7GB,1
346183,VLG96DG,1
4ca701,RYR7GB,1
4d2263,RYR52XT,1
39dd45,CCM901,1
3451d4,VLG6BT,2
4d2303,RYR4KJ,1
348208,VLG6BT,1
4d22b8,RYR7GB,1
348209,VLG96DG,1
4d22c6,RYR7GB,1
4cafc1,RYR4KJ,1
4d221e,RYR52XT,1
4d22b8,RYR52XT,1
4ca815,RYR7GB,1
348208,VLG96DG,1
4d22c6,RYR4KJ,1
348209,VLG9WY,2
3451d4,VLG9WY,1
344487,AEA27FT,1
486840,TRA24U,1
44034b,EJU69LU,1
484506,TRA5J,1
4867eb,TRA24U,1
494106,NJE773T,1
48597e,TRA5628,1
486840,TRA5J,1
44056b,EJU69LU,1
4ca73a,RYR1581,1
440da5,EJU68TM,1
44064a,EJU3748,1
3e4ae2,XRO1098,1
4d2347,RYR1581,1
4d22c6,RYR1581,1
4d22be,RYR8XT,1
4ca815,RYR1581,1
440cff,EJU3748,1
4d0262,SVW55ND,2
3c5ee8,EWG64TM,1
3e1c91,BFX41T,1
4d2407,EWG7CR,1
4d22ba,RYR58PL,1
4d2414,EWG10MM,1
4d2407,EWG64TM,1
3cc605,DCCHH,1
4d2414,EWG7CR,1
4ca2ab,RYR58PL,1
4d2416,EWG64TM,2
4d2081,EWG7CR,1
4d223b,RYR58PL,1
4d22c6,RYR58PL,1
3c56ea,EWG10MM,1
4d2405,EWG64TM,1
4d2410,EWG64TM,1
471838,JSF709,1
4d24cb,RYR58PL,1
4d216e,EWG7CR,1
4d2416,EWG7CR,1
4ca815,RYR7185,1
4d2264,RYR58PL,1
4d216e,EWG64TM,1
494106,NJE217Y,1
4d2411,EWG21U,1
3c496a,TUI38K,1
4d240d,EWG4BC,2
4d2411,EWG7XD,1
3c7425,TUI38K,1
4d240d,EWG7XD,2
3c0d0c,TUI38K,1
3c55c8,EWG8P,1
3c496d,TUI38K,1
4d2412,EWG4BC,1
4d2411,EWG4BC,1
3c7421,TUI38K,1
4d22c6,RYR35XZ,1
48c139,RYR35XZ,1
4d22be,RYR35XZ,1
4d22c6,RYR7PX,1
4d223b,RYR5MZ,1
4d2501,RYR7PX,1
4d22c6,RYR18CB,1
4d2410,EWG69B,1
3c56f5,EWG31MA,1
4d240e,EWG64G,3
4d22ba,RYR82WP,1
4d2410,EWG64G,1
3c5eec,EWG69Y,1
4d236c,RYR18CB,1
4d240e,EWG31MA,1
4d2410,EWG31MA,1
4cadbc,RYR18CB,1
4ca804,RYR18CB,1
3c54a1,EWG64G,2
4d240e,EWG69B,1
4ca701,RYR82WP,1
4ca701,RYR18CB,1
4d2409,EWG69B,2
3c54a1,EWG31MA,1
4d2087,EWG31MA,1
440c58,SKV111,2
48c228,RYR18CB,1
4d22be,RYR82WP,1
4d2087,EWG69Y,1
4d2409,EWG64G,1
4d2409,EWG31MA,1
4d223b,RYR18CB,1
4d2264,RYR82WP,1
34768f,VLG8YM,1
39de48,TVF19LG,1
3443d2,VLG8YM,2
345313,VLG8YM,1
39de54,TVF51UT,1
39de51,TVF51UT,1
3430cc,VLG8YM,1
348209,VLG8YM,1
39de47,TVF51UT,1
3451d4,VLG8YM,1
34768f,VLG41QP,1
348208,VLG41QP,1
34258f,VLG41QP,1
348209,VLG7ZH,1
3451d4,VLG7ZH,1
348207,VLG41QP,2
4d2410,EWG86MU,1
4d2416,EWG86MU,1
4d2085,EWG86MU,1
4d2410,EWG4097,1
490d02,NJE518H,1
4d22b8,RYR6144,1
48d48d,JDI85H,1
4cadbc,RYR6144,2
4d223b,RYR6144,1
345385,ANE36TN,1
4acaa2,SAS33D,1
4ac9ed,SAS33D,1
4cad89,SAS33D,1
45ab4f,SAS33D,1
4ac9e6,SAS83A,1
4d22bc,RYR66JE,1
44022d,AUA424,1
4d22b6,RYR851,1
4caee4,RYR66JE,1
44065b,AUA424,1
4d22bb,RYR3SA,1
4d22ba,RYR66JE,1
44004f,AUA424,1
4d22c4,RYR3SA,1
44022b,AUA424,1
4ca701,RYR66JE,1
4d22bb,RYR66JE,1
4d22b8,RYR66JE,1
44065c,AUA428,1
44001c,AUA424,1
4d22be,RYR66JE,1
4cad54,RYR1XF,1
44b430,PGC17Y,1
348206,VLG41KN,1
348206,VLG7PC,1
49d116,SUA7G,1
4cafc4,RYR58AM,1
348209,VLG7PC,3
348207,VLG7PC,1
34258f,VLG41KN,1
346183,VLG41KN,1
4cadbc,RYR1XF,1
3451d4,VLG7PC,1
348209,VLG41KN,1
4d223b,RYR1XF,1
348208,VLG41KN,1
48b063,HEY01P,2
49410d,NJE932U,1
4d24cb,RYR1XF,1
4cac54,RYR1XF,1
4d22c6,RYR5729,1
4d2407,EWG32M,2
3c66e2,OCN4J,4
4d2414,EWG72R,1
4d2416,EWG32M,1
3c66e5,OCN4J,2
4d2405,EWG32M,1
3c6548,LHX07P,1
4d2081,EWG72R,3
3c66b5,OCN4J,1
4d216e,EWG32M,3
3c66e2,OCN6NH,2
4d2410,EWG72R,1
3c6523,LHX07P,1
3451d4,VLG85NT,1
348208,VLG85NT,1
4d21ec,RYR658E,1
4d225b,RYR658E,1
4ca815,RYR658E,1
48c22c,RYR658E,1
3c56f2,EWG99A,1
4d2414,EWG99A,1
4d2013,EWG99A,1
3c5eeb,EWG99A,1
4d2409,EWG16ZY,1
3c5ee5,EWG99A,1
3c49ce,EWG16ZY,1
3c7425,TUI173,2
3c54a3,EWG99A,1
3c7438,TUI173,1
3c56f5,EWG16ZY,1
3c49ce,EWG99A,1
3c56eb,EWG2589,1
3c66b3,OCN515,1
3c66b8,OCN17A,3
3c66e7,OCN515,1
3c66b8,OCN515,1
3c66b1,OCN17A,1
3c66b4,OCN515,3
3c6741,DLH26C,1
3c7424,TUI46G,1
3c64a1,DLH26C,1
3c66ba,OCN17A,1
3c66b9,OCN515,1
3c66b4,OCN17A,2
3c0c99,TUI46G,1
3c6653,DLH26C,1
3c65d9,DLH26C,1
3c0c9e,TUI46G,1
4d2264,RYR6GD,1
4d2416,EWG33T,1
4d22be,RYR6GD,1
4cac1f,RYR9JP,1
4cac8a,SAS41W,1
4cac7a,SAS41W,1
4caf82,SAS41W,1
4932a1,NJE695A,1
4ac9d4,EUW5434,3
4ac9e5,SAS41W,1
4ca809,RYR9JP,1
344557,VLG2SP,1
348209,VLG2SP,1
348208,VLG2SP,1
3451d4,VLG2SP,1
a06695,N125DE,1
345687,ANE66ST,1
344195,ANE1058,1
34530e,ANE88VB,1
348401,ANE1058,1
344213,ANE60FB,1
3451d9,ANE75KF,1
3452c8,ANE88VB,1
348402,ANE75KF,1
4d222b,RYR588A,1
4d222b,RYR6AY,1
4d2226,RYR4BJ,1
4d222b,RYR4BJ,1
4d2225,RYR2A,1
506cae,VIO1B,4
4d21f2,RYR4GC,1
4d21f2,RYR9264,1
4d22c8,RYR3HD,1
4ca4ef,RYR7FZ,1
4ca95e,RYR9936,1
4ca95e,RYR2MF,1
4d2246,RYR459,1
48c2ae,RYR3554,1
4cadb7,RYR6GM,1
345292,BCS1843,3
ac148f,FDX5024,1
a3b1a0,UPS219,2
abb2fe,FDX5024,1
a32c47,UPS219,1
ac0d21,FDX5024,1
a3ee0b,UPS219,1
abfa8e,FDX5024,1
abe5a2,FDX5024,1
39bda0,AFR1462,1
4cac7a,SAS86L,1
4cad93,SAS88K,1
3991e3,AFR73HX,5
39de4f,TVF77EF,2
39de4f,TVF18GB,1
39bdaf,AFR83JC,1
401087,CBM88,2
39bdb4,AFR1462,1
4ac9f5,SAS86L,1
39a202,FPO6RB,8
4cad89,SAS88K,1
3cc7fe,DWW517,3
4cacb6,SAS88K,1
4ac9e5,SAS86L,1
39e680,AFR83JC,1
4ac9f2,SAS86L,1
4aca4a,NSZ4312,1
39e687,AFR83JC,1
4cac7b,SAS88K,1
39bdaf,AFR1462,1
39de57,TVF18GB,1
39bdb4,AFR83JC,1
491d87,NJE569L,1
39e683,AFR1462,1
4ac9f4,SAS86L,1
39de49,TVF77EF,1
4cad87,SAS88K,1
39e683,AFR83JC,1
4cacb0,SAS88K,1
502ce8,TVF7446,1
392af9,AFR73HX,1
4cad41,SAS86L,1
4aca8f,NSZ4314,1
39a201,FPO6RB,2
39e4ac,AFR73HX,1
39e681,AFR1462,1
3991e8,AFR83JC,1
39dd42,CCM71LD,2
39dd49,CCM96LD,2
39dd49,CCM35AT,3
39dd49,CCM32TA,1
39dd42,CCM96LD,2
3985a4,AFR7570,1
39dd45,CCM71LD,1
39dd45,CCM96LD,1
3985a3,AFR7592,1
3991e3,AFR7590,1
3985a4,AFR86XK,1
392aef,AFR39PL,1
34134e,IBE05ZL,2
34134e,IBE05MP,2
34134e,IBE05DV,2
392aed,AFR71CG,1
346499,IBE05DE,1
34604d,AEA83QZ,1
34134d,IBE05SP,2
a06572,N1244,1
34608e,IBE0570,1
3423c3,IBE05CY,1
347453,IBE05YW,1
344297,AEA42DR,2
39ceb1,TVF4780,2
3950cf,AFR75DH,1
3950cf,AFR31WT,1
344446,AEA64EB,4
392ae8,AFR69NJ,1
34250a,IBE05BL,2
34250a,IBE05YZ,1
39de48,TVF47ZR,1
39de48,TVF72GW,1
3420cb,IBE05GH,1
39d319,TVF75DA,1
347309,AEA42DR,1
344297,AEA83QZ,1
3964e1,TVF75DA,1
511181,VPC002,1
39d300,TVF4780,1
3950cd,AFR75DH,1
342059,IBE05CY,1
34608e,IBE05YZ,1
39e68c,AFR31WT,1
34134d,IBE05MP,1
34134d,IBE05DV,1
39b228,CMA251,1
346316,IBE05BL,2
39bb21,AFR39PL,1
34444b,IBE05DE,1
440201,TAY7AD,4
34250a,IBE05ZL,2
3991e3,AFR71CG,1
39e682,AFR69NJ,1
39de4c,TVF47ZR,1
3423c3,IBE0570,1
34224e,IBE05SP,1
782079,CAO3136,1
347288,IBE05YW,1
347287,IBE05DE,1
342107,IBE05CY,1
34224e,IBE05MP,1
34224e,IBE05DV,1
398565,AFR31WT,1
39ceb1,TVF48LX,1
39bda9,AFR75DH,1
345692,IBE05YW,1
345692,IBE05YZ,1
39de4f,TVF47ZR,1
3423c4,IBE0570,2
342210,IBE05ZL,1
345218,AEA42DR,1
3991e4,AFR69NJ,1
3991e4,AFR39PL,1
3950cf,AFR71CG,1
342211,IBE05SP,1
34538e,AEA83QZ,1
39de42,TVF47ZR,1
392af4,AFR1100,1
342211,IBE05DV,1
34620b,IBE05DE,1
39d307,TVF4780,1
392af1,AFR69NJ,1
394c09,AFR75DH,1
3445d4,IBE05MW,1
34604d,AEA42DR,1
344449,IBE05YZ,1
3423c4,IBE05YW,2
39856f,AFR31WT,1
34134d,IBE05ZL,1
34134e,IBE05SP,1
39de54,TVF72GW,1
34608f,IBE0570,1
34224e,IBE05CY,1
342107,IBE05MP,1
392ae9,AFR71CG,1
342059,IBE05BL,1
347306,AEA64EB,1
347306,AEA83QZ,1
39cea3,TVF75DA,1
39de40,TVF47ZR,1
34250a,IBE05SP,1
34134d,IBE05MW,1
39cead,TVF75DA,2
491d88,NJE993K,1
39e68a,AFR69NJ,1
344297,AEA64EB,1
39e4ac,AFR71CG,1
39e4ac,AFR39PL,1
39de42,TVF72GW,1
345218,AEA83QZ,1
347306,AEA42DR,1
347288,IBE05DE,1
3964f3,TVF4780,1
3420cc,IBE05YZ,2
342211,IBE05CY,1
39e682,AFR31WT,1
34224e,IBE05DE,2
344449,IBE05MW,1
39de44,TVF72GW,1
392aed,AFR75DH,1
3423c3,IBE05YW,1
3946e5,AFR69NJ,1
344481,IBE05BL,1
392af1,AFR71CG,1
344446,AEA83QZ,1
3445d4,IBE05DV,1
3964ec,TVF4780,1
39e687,AFR39PL,1
39de4b,TVF47ZR,1
394c13,AFR1100,1
346204,IBE0570,1
348547,IBE05MP,1
34134d,IBE05YZ,1
3423c4,IBE05CY,1
39e698,AFR31WT,1
394c10,AFR31WT,1
3e3033,PAV541,1
392af9,AFR71CG,1
3964f3,TVF75DA,1
39e683,AFR69NJ,1
39de51,TVF47ZR,1
344459,AEA64EB,1
34134d,IBE05YW,1
34134d,IBE0570,1
344341,AEA83QZ,1
39ceb5,TVF4780,1
3445d4,IBE05SP,1
34250a,IBE05MP,1
34250a,IBE05DV,1
34134e,IBE05CY,1
3453cc,AEA42DR,1
394c0c,AFR75DH,1
3991ea,AFR39PL,1
3964f8,TVF63XE,1
39de54,TVF64RQ,1
440115,EJU18PW,1
44083c,EJU48VC,1
44083f,EJU47NA,1
440248,EJU41FN,1
3991e1,AFR77EX,1
a0996b,FDX21,1
440daf,EJU54PL,1
4403bb,EJU68TZ,1
398579,AFR1630,1
3991e7,AFR57DN,1
39bdb7,AFR14DR,1
4401e9,EJU52AY,1
4401e9,EJU93TZ,1
39bda6,AFR31MF,1
440132,EJU93TZ,1
39856c,AFR1630,1
44061d,EJU68TZ,1
392af9,AFR57DN,1
392ae9,AFR77EX,1
39bdb0,AFR31MF,1
4403f0,EJU41FN,1
440115,EJU52AY,1
a01f37,FDX5041,3
a01f37,FDX5168,3
440170,EJU18PW,1
39ceb4,TVF63XE,1
44061b,EJU47NA,1
440bc1,BCS7332,2
39b44e,DJT305,1
39bdae,AFR14DR,2
39856e,AFR48SJ,1
440409,BCS7332,1
44056b,EJU52AY,1
39e689,AFR31MF,2
39d315,TVF63XE,1
440053,EJU48VC,1
440248,EJU87HR,1
440248,EJU68TZ,1
440cb1,EJU47NA,1
44064a,EJU41FN,1
39e697,AFR14DR,1
39e4ac,AFR77EX,1
39856d,AFR1630,1
392af4,AFR57DN,1
44079a,EJU18PW,2
3991e1,AFR57DN,1
3991ea,AFR1630,1
440224,EJU38XV,1
440582,EJU68TZ,1
440198,EJU93TZ,1
392aef,AFR48SJ,1
39de53,TVF63XE,1
39de53,TVF64RQ,1
440bc3,BCS7332,1
440096,EJU54PL,1
440732,EJU41FN,1
3950cf,AFR77EX,1
44061d,EJU52AY,1
440daf,EJU87HR,1
39348e,TVF63XE,1
39ceb4,TVF64RQ,1
440732,EJU93TZ,1
39bdb5,AFR14DR,1
345292,BCS7334,1
440d10,EJU87HR,1
440d10,EJU68TZ,1
440c32,EJU3830,1
39bdaf,AFR31MF,1
3985a6,AFR77EX,1
398602,AFR48SJ,1
440019,EJU52AY,1
440047,EJU9051,1
440047,EJU47NA,1
44009e,EJU54PL,1
ab96a4,FDX5168,1
392af0,AFR57DN,1
440037,EJU41FN,1
3991e7,AFR1630,1
39cea1,TVF63XE,1
440128,EJU52AY,1
39bdaf,AFR48SJ,1
398570,AFR31MF,1
440019,EJU93TZ,1
440d10,EJU38XV,1
39bda0,AFR14DR,1
44061b,EJU48VC,1
39cead,TVF64RQ,1
394c19,AFR57DN,1
394c10,AFR77EX,1
4400ec,EJU87HR,1
394c0a,AFR77EX,1
44079a,EJU38XV,1
39bdb1,AFR14DR,1
39de51,TVF64RQ,1
346516,FPO138,1
398579,AFR31MF,1
392aec,AFR57DN,1
4403bb,EJU18PW,1
39bb21,AFR48SJ,1
4400b2,EJU68TZ,1
4400ec,EJU41FN,1
440610,EJU47NA,1
3964f8,TVF26EN,1
4bb20e,THY4EM,1
4bb025,TKJ2CY,1
4bc84c,PGT1134,1
39de40,TVF11TF,1
4bb0ea,THY9HT,1
4ba9e8,THY4GF,1
4bb215,THY5RD,1
4ba9d4,THY1CR,2
440d92,FDX4610,1
4baa93,TKJ2JN,1
4bc84e,PGT1136,1
4bd8ac,THY6606,1
4bb20a,THY5RD,1
4bc85a,PGT1134,1
4bc8cb,PGT1136,1
4bb0ee,THY4GF,1
a0996b,FDX6238,1
4bab2a,THY7WV,1
4bb203,THY9HT,1
39de48,TVF26EN,1
4bb2a1,TKJ2JN,1
39de4a,TVF26EN,2
4ba9d3,THY1CR,1
4bb215,THY5BG,2
39de4d,TVF78UN,1
4bb279,THY9HT,1
4bc8ce,PGT1134,1
4bc88d,PGT1136,1
a07f6a,FDX6238,1
4bab24,THY5RD,1
4bd8ac,THY6432,1
3991e6,AFR1390,1
4ba905,TKJ2JN,1
4ba949,THY4GF,1
4bb206,THY5RD,1
4bbd06,TKJ2JN,1
4bb287,THY4EM,1
4bc847,PGT1136,1
4baa6c,THY1CR,1
a0996b,FDX6239,1
4bb1e4,THY4GF,1
4bc899,PGT1134,1
4bc844,PGT1134,1
4bc8c9,PGT1136,1
4bb262,THY4EM,1
4baa84,THY5RD,1
a01f37,FDX6238,1
39ceb0,TVF26EN,1
4ba94d,THY9HT,1
4bb187,THY4GF,1
4bb299,TKJ2JN,1
392af0,AFR1390,1
4bbd12,TKJ2CY,1
4bb21a,THY5BG,1
4bb2ab,TKJ2JN,1
392ae9,AFR1390,1
4bb279,THY4EM,1
4bb261,THY5RD,1
a08321,FDX6226,1
4bb1e1,THY4GF,1
4bc852,PGT1134,1
4bbd06,TKJ2CY,1
4bb275,THY9HT,1
4bc84f,PGT1136,1
3964e4,TVF3308,1
3964ee,TVF11TF,1
440d4d,FDX4624,1
4bc8c5,PGT1136,1
4bb5d6,MNB152,1
4b9521,TKJ2CY,1
4bb186,THY4GF,1
4bbd08,TKJ2JN,1
4baa59,THY4EM,1
4bc8d3,PGT1134,1
4bb1e1,THY1CR,1
4bd8ac,THY6434,1
4bb212,THY7WV,1
39de49,TVF3308,1
4bb0e5,THY9HT,1
4baa5a,THY5RD,1
39de48,TVF78UN,1
39bdb0,AFR67DU,1
39bb20,AFR89KQ,1
392ae6,AFR41HU,1
39e681,AFR35RW,1
39e692,AFR35RW,1
39bda2,AFR89KQ,1
393323,AFR41HU,1
39a205,FPO6LQ,5
39bda4,AFR89KQ,1
39bda1,AFR35RW,1
3991e7,AFR41HU,1
398601,AFR67DU,1
39e690,AFR1766,3
39e690,AFR1566,1
39bdb1,AFR89KQ,1
39e698,AFR1366,1
39bb22,AFR41HU,1
39e680,AFR35RW,1
39e690,AFR89KQ,1
392aee,AFR67DU,1
39e697,AFR35RW,1
3986e3,AFR41HU,1
39e692,AFR67DU,1
39bdb5,AFR89KQ,1
392af0,AFR35RW,1
39bda0,AFR89KQ,1
39bda0,AFR35RW,1
39bda4,AFR41HU,1
39e698,AFR16SY,1
486897,KLM1412,3
39e695,AFR69ZH,1
3991e5,AFR1440,1
394c09,AFR84BF,1
39e682,AFR13KZ,1
485a34,KLM26E,1
486742,KLM1404,1
39bdb3,AFR31CR,1
39bdb7,AFR92RF,1
04c11c,KQA164,1
39d30a,TVF4058,1
3991e8,AFR93QB,2
392ae9,AFR42DH,1
39bdb7,AFR42DH,1
39bdb4,AFR13KZ,1
39bda2,AFR69ZH,1
39de40,TVF4058,1
39e695,AFR1440,1
392ae8,AFR93QB,1
486897,KLM1404,1
486651,KLM26E,1
440c1b,TAY8MS,3
393322,AFR84BF,1
39bda0,AFR31CR,1
392af0,AFR92RF,1
3964f3,TVF4058,1
39bda4,AFR42DH,1
39bda0,AFR16SY,1
39bda2,AFR1440,2
04c15b,KQA164,1
39bdb2,AFR31CR,1
3991e8,AFR84BF,2
468627,RJB101,1
4867c2,KLM1404,1
486836,KLM1412,1
486836,KLM26E,2
39bdb1,AFR13KZ,1
39e687,AFR69ZH,1
39bda3,AFR31CR,1
39bda0,AFR13KZ,1
39bb20,AFR84BF,1
39e68a,AFR92RF,1
3cf3a9,PVD479K,1
3985a6,AFR16SY,1
4867c3,KLM1404,1
39bda6,AFR69ZH,1
39e684,AFR42DH,1
780a3f,CPA2038,1
394c0c,AFR93QB,1
392aed,AFR1440,1
39bda9,AFR42DH,1
486651,KLM1404,3
39e691,AFR31CR,1
39e695,AFR84BF,1
39de4d,TVF4058,1
39856b,AFR69ZH,1
494117,NJE6QY,1
39bdb1,AFR92RF,1
486898,KLM1412,2
39bdb0,AFR13KZ,2
4ca6d6,TAY8MS,1
39bdb7,AFR16SY,1
39bb20,AFR42DH,1
484556,KLM26E,1
39856a,AFR31CR,1
394c18,AFR69ZH,1
39bda3,AFR16SY,1
39bdb1,AFR93QB,1
39bda4,AFR92RF,1
39bdae,AFR1440,2
3964f8,TVF4058,1
39bb20,AFR92RF,1
39bda1,AFR16SY,1
486741,KLM1412,1
39e682,AFR42DH,1
3950cd,AFR84BF,1
486898,KLM26E,1
39e681,AFR13KZ,1
39bdb0,AFR69ZH,1
3991e6,AFR93QB,1
39e698,AFR7460,1
39e682,AFR7464,1
39ceac,TVF40DL,1
39e684,AFR7466,2
392ae9,AFR7460,1
39d313,TVF76WP,1
39bda0,AFR7460,1
39d319,TVF76WP,1
39ceac,TVF90PT,1
394c10,AFR15GQ,1
39bdb1,AFR7464,1
39ceb1,TVF76WP,1
39e698,AFR7464,1
39cea3,TVF40DL,1
39bdb0,AFR7464,2
39e692,AFR7466,1
393323,AFR7460,1
398e49,TVF15DT,1
39d317,TVF90PT,1
50018e,T7RCW,3
39bdb9,AFR7464,1
39bda3,AFR7466,1
3986e2,AFR7494,1
3986e9,AFR26BB,1
39c40f,AIA6412,6
39c40f,AIA6410,3
398566,AFR48LA,1
398569,AFR44GN,1
3986e9,AFR44GN,1
39856b,AFR7494,1
398600,AFR48LA,1
3986e7,AFR26BB,1
398565,AFR26BB,1
398570,AFR7494,1
398571,AFR44GN,1
39856b,AFR48LA,1
3986e7,AFR48LA,1
398566,AFR26BB,1
3986e1,AFR7494,1
398568,AFR44GN,1
3986e2,AFR26BB,1
3986e3,AFR48LA,1
398602,AFR7494,1
398579,AFR44GN,1
3986e3,AFR7494,1
398563,AFR48LA,1
3986e4,AFR26BB,1
398563,AFR7494,1
3986e9,AFR48LA,1
3986e8,AFR44GN,1
392af0,AFR93BN,1
39de54,TVF60KN,1
3444ca,VLG70BA,1
39de55,TVF51GP,1
3991e5,AFR1148,1
346692,VLG3JY,1
345642,VLG60KA,1
34744d,VLG8243,2
34768f,VLG31MM,1
345043,VLG3WT,1
398577,AFR89CA,2
342592,VLG4RH,1
345041,VLG37EW,1
39de4b,TVF4754,1
392af2,AFR46LL,1
3991e7,AFR69PP,1
3991e7,AFR1348,1
3453c3,VLG2ZC,1
3443d1,VLG6JB,1
398566,AFR31UA,1
3443d5,VLG86JC,1
3424d1,VLG1PD,1
348208,VLG6JB,1
39de57,TVF51GP,1
39e698,AFR69PP,1
3946e5,AFR1148,1
345249,VLG8243,2
345313,VLG3WT,1
345313,VLG86JC,2
39de4d,TVF60KN,1
348204,VLG60KA,1
398562,AFR31UA,1
392aed,AFR93BN,1
392aed,AFR1348,1
34538d,VLG2ZC,2
440ced,TAY1BC,2
394c0a,AFR46LL,1
34744d,VLG3JY,2
347695,VLG31MM,2
3985a6,AFR46LL,1
3991e9,AFR69PP,1
440d4d,TAY1BC,1
345248,VLG3JY,1
392af1,AFR1348,1
39de53,TVF60KN,1
3991e3,AFR93BN,1
346691,VLG37EW,1
346691,VLG3WT,1
398604,AFR31UA,1
39666f,AFR1148,1
34454b,VLG86JC,1
39de41,TVF4754,1
345042,VLG8243,1
3451d3,VLG4RH,1
34440a,VLG60KA,2
39856e,AFR89CA,1
345359,VLG2ZC,1
3472c3,VLG70BA,1
394c19,AFR46LL,1
34744d,VLG6JB,2
34440a,VLG70BA,2
39bda2,AFR1148,1
3986e7,AFR31UA,1
345116,VLG8243,1
345314,VLG37EW,1
39de53,TVF4754,1
39856c,AFR89CA,1
39de47,TVF51GP,1
3946e5,AFR93BN,2
3946e5,AFR69PP,2
3946e5,AFR1348,1
39de57,TVF60KN,1
344699,VLG3WT,1
344699,VLG3JY,1
3472c3,VLG31MM,1
342581,VLG95FZ,1
392aec,AFR46LL,1
344691,VLG1PD,1
346183,VLG37EW,1
346183,VLG3WT,1
346691,VLG2ZC,1
342581,VLG86JC,1
39de41,TVF51GP,1
39bb20,AFR1148,1
3964ee,TVF60KN,1
346610,VLG31MM,1
3991e9,AFR89CA,1
39de42,TVF4754,1
344699,VLG4RH,1
346047,VLG60KA,1
3430cc,VLG70BA,2
34744c,VLG3JY,1
440af5,TAY1BC,1
39bb20,AFR69PP,1
34768f,VLG60KA,1
39d315,TVF51GP,1
3453c3,VLG37EW,1
345042,VLG3EJ,1
394c18,AFR46LL,1
3950cd,AFR89CA,1
392af9,AFR93BN,1
39de45,TVF60KN,1
34469a,VLG6JB,1
345359,VLG8243,1
39de4d,TVF4754,1
34744c,VLG2ZC,1
394c09,AFR31UA,1
39bdae,AFR1148,1
34768d,VLG3WT,1
34768d,VLG86JC,1
3991e5,AFR93BN,1
39de4b,TVF51QC,1
348206,VLG6JB,1
34744c,VLG31MM,1
3986e9,AFR31UA,1
345042,VLG2ZC,1
39e682,AFR69PP,1
39d305,TVF51GP,1
345107,VLG4RH,1
39e690,AFR1348,1
3444da,VLG3WT,1
3444da,VLG86JC,1
345041,VLG3JY,1
39de41,TVF60KN,1
3991e6,AFR89CA,1
345212,VLG37EW,1
34768d,VLG60KA,1
392af0,AFR37TW,1
39e683,AFR81XH,1
461f35,FIN4BV,3
461e18,FIN44K,1
461f64,FIN5TU,1
461e21,FIN3D,2
39bda6,AFR81XH,1
461fa3,FIN5TU,1
461e1d,FIN3D,1
39bda1,AFR37TW,1
461e1b,FIN44K,2
461f65,FIN5TU,1
39bda3,AFR81XH,1
461e17,FIN3D,2
461e15,FIN44K,1
39e687,AFR37TW,1
4400be,TAY8TL,2
461f6e,FIN4BV,1
440d90,TAY8TL,1
39e697,AFR37TW,1
461e1a,FIN3D,2
461fa2,FIN5TU,1
39bdb4,AFR81XH,1
39bb22,AFR37TW,1
39bb20,AFR81XH,1
461e17,FIN44K,1
461f63,FIN4BV,1
461f63,FIN5TU,1
440196,TAY8TL,1
440201,TAY3KU,1
39bdb1,AFR81XH,1
45ab23,FIN4BV,2
45ab23,FIN5TU,1
440b30,TAY8TL,1
461e1a,FIN44K,1
461fa7,FIN5TU,1
39bda1,AFR81XH,1
39bdab,AFR37TW,1
461e1d,FIN44K,1
392af0,AFR4140,1
39bdb4,AFR66JP,3
39bda2,AFR7506,1
394c0a,AFR32FT,1
39e684,AFR67FZ,1
39e697,AFR59XR,1
39bda6,AFR67FZ,1
39bdb4,AFR59XR,2
39bdb4,AFR4140,1
39e687,AFR7506,1
39ae95,CRL044,1
39bda0,AFR66JP,1
39e684,AFR32FT,1
39bda6,AFR7506,2
39bdb7,AFR59XR,1
39bdaf,AFR32FT,1
39e697,AFR67FZ,1
39bda0,AFR59XR,1
39e68a,AFR66JP,1
4400b7,EJU9045,1
3991e8,AFR32FT,1
39e695,AFR7506,1
39666f,AFR4140,1
39e680,AFR67FZ,1
392aec,AFR32FT,1
39bda0,AFR67FZ,2
39e683,AFR59XR,1
398578,AFR43YQ,1
39bdb0,AFR7506,1
39bdb0,AFR4140,1
39e690,AFR4140,1
392af3,AFR59XR,1
3986e0,AFR87NR,1
39e680,AFR32FT,1
398175,VLJ512N,1
39bdb7,AFR7506,1
39bdb2,AFR32FT,1
392af2,AFR67FZ,1
39e683,AFR66JP,1
392aef,AFR4140,1
440175,EJU32DY,1
39de57,TVF65ZR,1
3443d2,VLG46SU,1
39de49,TVF29VQ,2
4401dc,EJU14QU,3
4952ca,TAP457,2
4951cb,TAP5RP,1
39de53,TVF10TU,1
495292,TAP453,2
39e692,AFR28VP,1
39ceb1,TVF90NY,1
39de4a,TVF13QL,1
39de4f,TVF90NY,1
39de4a,TVF10TU,1
4ca6d6,TAY2PO,2
4952cd,TAP457,2
39e691,AFR28VP,1
440cc1,EJU34YP,2
495292,TAP5RP,2
39de4c,TVF65ZR,2
39de47,TVF13QL,1
44017c,EJU32DY,4
39bdb2,AFR28VP,1
495290,TAP453,4
39de4f,TVF10TU,1
39de45,TVF90NY,1
4952ce,TAP457,1
490d08,NJE958M,1
39de51,TVF13QL,1
39de4c,TVF10TU,1
440037,EJU14QU,1
39bdb1,AFR28VP,1
39348e,TVF90NY,1
4952c2,TAP457,1
396669,TAY2PO,1
39ceab,TVF29VQ,1
495290,TAP5RP,1
39de49,TVF65ZR,1
39de51,TVF20NX,1
440209,EJU32DY,1
39348e,TVF65ZR,2
4951d7,TAP5RP,2
39e687,AFR28VP,1
3964e4,TVF76QA,1
440b91,TAY2PO,1
3964ea,TVF10TU,1
345313,VLG46SU,1
39de42,TVF13QL,1
39de54,TVF90NY,1
39a206,FPO2PO,1
495293,TAP453,1
502ce8,TVF29VQ,1
392af1,AFR28VP,1
39de45,TVF10TU,1
3964e0,TVF90NY,1
39de55,TVF13QL,1
39de49,TVF76QA,1
345206,VLG46SU,1
398602,AFR28VP,1
39de54,TVF10TU,1
4952c4,TAP457,1
39d300,TVF65ZR,1
39de51,TVF76QA,1
49526b,RZO513,1
502ce8,TVF90NY,1
39de4c,TVF13QL,1
3c4dcb,DLH2F,1
3986e7,AFR36SR,1
ac50fa,FDX32,1
a02cb5,FDX9233,1
3c6449,DLH3F,1
3c664f,DLH8J,1
3c6487,DLH7F,1
39856f,AFR77FC,1
39856f,AFR27KD,1
3c6474,CFG2PN,1
398569,AFR25EZ,1
3c6468,CFG3AE,1
398565,AFR35TK,1
3986e2,AFR27KD,1
3986e9,AFR77FC,1
3986e9,AFR25EZ,1
3c6446,DLH2J,1
3c6544,DLH8J,1
ac297b,FDX3,1
3c4dd5,DLH2F,1
3c6667,DLH7F,1
a08321,FDX5034,2
3c6474,CFG5XN,1
398570,AFR36SR,1
3c786c,CFG2FJ,1
ac3c0e,FDX3,1
398577,AFR77FC,1
3c6448,DLH2J,1
3c66e1,DLH7F,1
3c4dcc,DLH2F,1
a02cb5,FDX5034,1
3c0acc,CFG6NV,1
398571,AFR25EZ,1
3986e1,AFR36SR,1
398566,AFR27KD,1
398566,AFR35TK,2
ab8b7f,FDX3,1
398562,AFR35TK,1
3c6474,CFG4XP,1
39856c,AFR77FC,2
3c6655,DLH7F,1
3986e9,AFR27KD,1
3c6637,DLH3F,1
3c6637,DLH2J,1
3986e2,AFR36SR,1
3986e1,AFR25EZ,1
39856a,AFR35TK,1
3c6429,CFG4DE,1
3c0ac5,CFG2NX,1
3c6663,DLH8J,1
3c6650,DLH7F,1
3c6467,CFG2RC,1
39856f,AFR36SR,1
3986e5,AFR27KD,1
398562,AFR77FC,1
3c65cd,DLH2F,1
3c648b,DLH2J,1
398579,AFR25EZ,1
3c65ca,DLH2J,1
3c6654,DLH7F,1
398568,AFR27KD,1
3c0acc,CFG4AJ,1
3c6641,DLH8J,1
3c674a,DLH8F,1
39856c,AFR35TK,1
4932a4,NJE709B,1
3c6748,DLH3F,1
3c6648,DLH2F,1
3c088d,CFG2JF,1
3c088d,CFG2VY,1
3c4dc7,DLH2F,1
3c64a6,DLH8F,1
398571,AFR77FC,1
398571,AFR27KD,1
3c664e,DLH7F,1
3c0ac5,CFG7JM,1
3c644a,DLH3F,1
3c6485,DLH8J,1
4d248e,WMT2QU,2
348205,VLG3RX,1
39bdae,AFR81SN,1
440469,EJU98RK,2
39bdb4,AFR73DW,1
440181,EJU16HP,1
3472c3,VLG6264,1
4cadea,ITY317,3
3991e3,AFR27CE,2
39de42,TVF40QL,2
3991e1,AFR36WX,1
440019,EJU71GE,1
3991e9,AFR53SH,2
44046d,EJU64GQ,1
3964f1,TVF67QR,1
4cadde,ITY325,1
392aee,AFR85DK,2
3472c4,VLG97E,1
343194,VLG2EQ,2
398571,AFR36WX,1
392af1,AFR27CE,2
34454a,VLG97E,1
3991e7,AFR53SH,1
4cae18,ITY319,2
440019,EJU98RK,1
440019,EJU64GQ,1
39de53,TVF67QR,2
39e697,AFR81SN,1
39bdb0,AFR73DW,1
4ca90a,ITY325,1
39de51,TVF48WP,1
3cc7fe,DWW335,2
343194,VLG3RX,3
348204,VLG6262,1
440356,TAY9LA,8
44015a,EJU98RK,1
440589,EJU63NK,1
39de55,TVF67QR,1
343194,VLG97E,1
392aee,AFR81SN,1
392aee,AFR36WX,1
39e697,AFR85DK,1
347601,VLG2EQ,1
4ca8ff,ITY325,1
4ca8ff,ITY317,2
3c0c0a,VJH956,3
39e68a,AFR73DW,1
4cae1c,ITY319,1
344099,VLG6264,1
4402db,EJU64GQ,1
39de46,TVF48WP,1
392af9,AFR27CE,1
392af9,AFR53SH,1
4d02c4,JFA40W,1
4ca798,ITY325,1
34768f,VLG6264,1
3964f0,TVF48WP,1
44015a,EJU71GE,1
39ceb0,TVF40QL,1
392af4,AFR53SH,1
4d20c8,VJT598,2
344158,VLG2EQ,1
300500,CPI189,2
3991e7,AFR85DK,1
3985a6,AFR36WX,3
4d2533,WMT2QU,2
392aec,AFR73DW,1
39bdb5,AFR81SN,1
39cea3,TVF67QR,1
343046,VLG2EQ,3
39de40,TVF48WP,1
39de4f,TVF67QR,1
39de4f,TVF40QL,1
4cae18,ITY325,1
4cad5f,ITY319,1
440352,EJU98RK,1
440352,EJU64GQ,3
4403f0,EJU16HP,1
3991e1,AFR53SH,1
3950cf,AFR85DK,1
39e681,AFR81SN,1
4401fa,EJU71GE,1
343046,VLG97E,1
344158,VLG3RX,1
493296,NJE935P,1
39bdb2,AFR73DW,1
3991ea,AFR27CE,1
34768f,VLG7KV,1
4caddd,ITY325,1
344694,VLG6264,1
39de54,TVF67QR,1
440065,EJU63NK,1
4cae19,ITY317,1
39bdb5,AFR73DW,1
440193,TAY9LA,2
39e680,AFR85DK,1
392aeb,AFR27CE,1
39de53,TVF48WP,1
4cae17,ITY319,1
4d2493,WMT2QU,1
343046,VLG3RX,2
4402db,EJU98RK,1
39e698,AFR81SN,1
394c10,AFR81SN,1
4401fa,EJU98RK,1
4cada6,ITY319,1
39de55,TVF48WP,1
392af4,AFR85DK,1
4d2022,WMT2QU,1
394c09,AFR73DW,1
4cadec,ITY325,1
4ca798,ITY317,1
392af0,AFR53SH,1
394c0c,AFR36WX,1
4d24de,KMM467,3
4d21db,KMM479,2
4d21dc,KMM479,1
39de4d,TVF7998,1
4d2038,KMM467,1
4d24ba,KMM479,1
4d2038,KMM479,1
3964f3,TVF7998,1
4d24de,KMM479,1
398575,AFR91RL,1
3986e9,AFR46ND,1
398601,AFR91RL,2
398602,AFR91RL,1
398566,AFR46ND,1
3986e7,AFR91RL,1
398565,AFR91RL,1
3986e4,AFR46ND,1
3e1adc,DIBJG,2
3986e3,AFR46ND,1
440d91,TAY4TR,1
398575,AFR79YF,1
48af05,LOT3YV,2
440083,EJU82CR,1
44061b,EJU94GN,2
440083,EJU94GN,2
48af03,LOT3YV,1
440047,EJU94GN,1
4400b7,EJU82CR,1
48af02,LOT3YV,1
48e95a,LOT3YV,2
44083c,EJU94GN,1
44083c,EJU82CR,1
44061b,EJU82CR,2
39856c,AFR79YF,1
398566,AFR79YF,1
48af00,LOT3YV,1
4402e8,EJU82CR,1
39984f,FYL24CP,1
452101,SWT4906,1
39bb20,AFR91MP,1
440469,EJU87DF,1
4400e3,EJU78NP,1
39de40,TVF92MD,1
39e68a,AFR1534,1
39bda2,AFR67RW,1
44046d,EJU98EQ,2
440c6f,EJU13NB,1
394c0c,AFR33XP,1
39e68b,AFR76VT,1
39bb22,AFR1434,1
3964e1,TVF70KA,2
4400eb,EJU96NU,1
440589,EJU78NP,1
39bdb7,AFR76VT,1
39e4ac,AFR33XP,1
44046d,EJU96NU,2
44046d,EJU87DF,2
392af3,AFR67RW,1
3950cd,AFR1434,1
39bdb2,AFR91MP,1
3991e8,AFR1534,1
491d88,NJE899N,1
452101,SWT4006,1
39de4c,TVF70KA,1
4402b9,EJU87DF,1
452101,SWT8ER,3
39bdb3,AFR91MP,1
39de47,TVF92MD,1
440019,EJU98EQ,1
39e681,AFR76VT,1
3946e5,AFR1434,1
440c6f,EJU78NP,1
39856b,AFR67RW,1
39de45,TVF70KA,1
39e683,AFR76VT,1
39de42,TVF92MD,1
44015a,EJU87DF,2
4400dc,EJU13NB,1
440352,EJU96NU,1
3991e9,AFR1534,1
392aee,AFR33XP,1
440611,EJU57TE,1
39e691,AFR67RW,1
39bdaf,AFR91MP,1
440219,EJU57TE,1
440181,EJU85FC,1
39bda9,AFR76VT,1
39bda9,AFR67RW,1
39856e,AFR1534,1
44015a,EJU96NU,1
3946e5,AFR91MP,1
39d315,TVF70KA,1
3986e7,AFR1434,1
39de51,TVF92MD,1
4401fa,EJU87DF,1
39bb23,AFR33XP,1
440cf8,EJU13NB,1
3991e6,AFR67RW,1
39e682,AFR76VT,1
3950cf,AFR1534,1
39de51,TVF4064,1
39ceac,TVF70KA,1
39bdb5,AFR91MP,1
44061b,EJU4631,1
44083c,EJU57TE,1
392aec,AFR33XP,1
4400e3,EJU13NB,1
39e680,AFR67RW,1
3991e4,AFR1534,1
3985a6,AFR1434,1
39bdb9,AFR91MP,1
39bdb0,AFR76VT,1
39bdb0,AFR33XP,1
440484,EJU78NP,1
39de41,TVF92MD,1
39348e,TVF70KA,1
4d0281,JFA94X,1
398562,AFR1552,1
398562,AFR68ZJ,1
440af4,TAY4GT,5
398563,AFR1552,1
39856f,AFR68ZJ,1
398578,AFR68ZJ,1
39856b,AFR1552,1
398578,AFR1552,1
39856b,AFR68ZJ,1
39856a,AFR1552,1
39856a,AFR68ZJ,1
44a6e4,TAY4GT,1
398566,AFR1552,1
398579,AFR68ZJ,1
398600,AFR1552,1
398568,AFR68ZJ,1
398562,AFR35XD,1
39856e,AFR17AM,1
398569,AFR35SA,1
500490,T7ARES2,1
39856d,AFR35SA,1
398569,AFR35XD,1
440caf,TAY5DN,5
39856f,AFR17AM,1
398578,AFR17AM,1
398571,AFR35SA,1
398577,AFR35XD,1
3986e1,AFR35SA,1
398568,AFR17AM,1
440d4d,TAY5DN,2
3986e7,AFR35SA,1
398579,AFR17AM,1
3986e9,AFR17AM,1
3cc24b,AWH32A,1
398568,AFR35XD,1
39856c,AFR17AM,1
392af3,AFR81GP,1
392aeb,AFR38RK,1
3985a6,AFR78RD,1
4401f7,EJU769Z,1
3950ce,AFR68CM,1
393322,AFR57BG,1
394c18,AFR46BE,1
4401fa,EJU645E,1
4401fa,EJU852X,1
503cba,KLJ5957,1
392ae7,AFR14CE,1
4400ec,EJU634N,1
44046d,EJU852X,1
3950ce,AFR87GP,2
3950cc,AFR78RD,1
4402f1,EJU717C,1
440159,EJU645L,1
394c0c,AFR38RK,1
3985a3,AFR31DJ,1
3985a1,AFR14CE,2
44083b,EJU625Y,2
393323,AFR46BE,1
393323,AFR57BG,2
3985a9,AFR13LN,1
3985a9,AFR17UF,1
440352,EJU852X,1
440866,GAC881M,1
440c96,EJU769Z,1
440c96,EJU634N,1
44093e,EJU754C,1
44093e,EJU436J,1
3991e8,AFR21QN,1
3985a1,AFR68CM,1
3964f1,AFR6224,1
3964f1,AFR14CE,1
3950cf,AFR81GP,1
39cead,AFR75AN,1
3985a4,AFR93MQ,1
3985a4,AFR18DA,1
3991e5,AFR38RK,1
4400ec,EJU747M,1
3950ce,AFR6224,1
3986e1,AFR71ER,1
3985a3,AFR93MQ,1
3985a3,AFR18DA,1
3985a3,AFR75AN,1
392aec,AFR38RK,1
39e695,AFR81RM,1
44061b,EJU324K,1
392af3,AFR78RD,1
4402f1,EJU769Z,1
4402f1,EJU634N,1
440096,EJU53ZT,1
394c0a,AFR21QN,2
3985a6,AFR88TE,1
440469,EJU754C,2
440469,EJU645L,1
440469,EJU645E,1
44093e,EJU4857,1
3985a4,AFR43LN,1
392aeb,AFR46BE,1
392af2,AFR68CM,1
3950cc,AFR13LN,1
3950cc,AFR87GP,1
3950cc,AFR17UF,1
3985a9,AFR31DJ,1
3991e8,AFR81GP,1
394c09,AFR57BG,1
3991e4,AFR55YW,1
4401f7,EJU129B,1
44015a,EJU436J,1
3950ce,AFR6226,1
3985a6,AFR93RN,1
440cb1,EJU324K,1
440469,EJU436J,1
3950ce,AFR75AN,2
44046d,EJU634N,1
392aed,AFR55YW,1
392aeb,AFR39PQ,1
392aec,AFR33LB,1
3985a6,AFR62AN,1
3985a9,AFR31FV,3
3985a9,AFR27AB,2
3950ce,AFR55RR,1
3950ce,AFR89MM,1
39e690,AFR61FR,1
4402db,EJU126U,1
4402b9,EJU478H,1
4402b9,EJU504D,1
393322,AFR95SW,1
394c0a,AFR7418,1
394c18,AFR7416,2
4401fa,EJU625B,1
4401fa,EJU952A,1
392af9,AFR28NC,1
394c13,AFR7408,2
394c13,AFR96UA,1
3950cf,AFR7420,1
392ae7,AFR31SC,1
3985a1,AFR86BE,1
3985a1,AFR44QN,2
3985a3,AFR36TL,1
3985a3,AFR37NB,1
39d319,TVF751,1
392ae9,AFR39HQ,1
3425ce,SWT2LS,3
39bda6,AFR61FR,1
394c19,AFR39HQ,1
39e4ac,AFR7420,1
4402b9,EJU126U,1
4402b9,EJU952A,1
3950cf,AFR69BL,1
347308,SWT5629,5
3946e5,AFR28NC,1
3991e5,AFR7418,1
3950ce,AFR86BE,2
392aec,AFR27TV,1
392af2,AFR55RR,2
392af2,AFR89MM,2
3950cc,AFR62AN,1
392ae8,AFR15NM,1
3985a3,AFR31FV,1
3985a3,AFR33LB,1
393323,AFR96UA,1
3985a4,AFR95SW,1
3985a6,AFR44QN,1
394c10,AFR39PQ,1
394c18,AFR7408,2
4401fa,EJU478H,1
4401fa,EJU504D,1
4401fa,EJU908Q,2
3985a9,AFR36TL,1
3985a9,AFR37NB,1
3985a1,AFR31SC,2
3985a9,AFR33LB,1
3985a6,AFR7418,1
3991ea,AFR7420,1
3991ea,AFR95SW,1
440469,EJU478H,1
3991e9,AFR7416,1
394c0c,AFR7408,2
44093e,EJU504D,1
393323,AFR28NC,1
393323,AFR39PQ,1
394c18,AFR39HQ,1
392aec,AFR36TL,1
392aec,AFR37NB,1
3985a1,AFR62AN,1
440159,EJU126U,1
440159,EJU908Q,1
440019,EJU952A,1
3985a3,AFR86BE,1
3985a4,AFR27TV,1
3950cf,AFR15NM,1
440ced,TAY2LS,1
39bdb0,AFR96UA,1
3950ce,AFR31SC,1
392af2,AFR69BL,1
3950cc,AFR55RR,1
3950cc,AFR89MM,1
3950cc,AFR44QN,2
3991e1,AFR15NM,1
392af2,AFR62AN,1
392af2,AFR31SC,1
3950cc,AFR36TL,1
3950cc,AFR37NB,1
3950ce,AFR31FV,1
3950ce,AFR27AB,1
3950ce,AFR33LB,1
393323,AFR39HQ,2
3985a9,AFR86BE,1
394c18,AFR61FR,1
440352,EJU126U,1
440352,EJU908Q,1
394c09,AFR7420,2
393322,AFR28NC,1
394c0a,AFR96UA,2
3985a3,AFR27TV,2
44093e,EJU952A,3
394c13,AFR95SW,1
3985a1,AFR55RR,1
3985a1,AFR89MM,1
392aed,AFR7416,1
394c0c,AFR39PQ,1
394c0c,AFR28NC,1
39cea3,TVF720,1
3985a3,AFR69BL,1
3991e3,AFR7420,1
392af3,AFR62AN,1
393323,AFR15NM,1
440469,EJU908Q,1
44093e,EJU625B,1
3985a4,AFR36TL,1
3985a4,AFR37NB,1
398600,AFR96UA,1
3985a1,AFR27TV,1
39e684,AFR61FR,1
44046d,EJU126U,1
392af2,AFR44QN,1
3950cc,AFR86BE,1
394c09,AFR39HQ,1
394c09,AFR95SW,1
4402db,EJU478H,1
4402db,EJU504D,1
394c13,AFR7418,1
39856d,AFR9420,1
3991e6,AFR39HQ,1
44015a,EJU478H,1
44015a,EJU126U,1
394c14,AFR95SW,1
392af4,AFR15NM,1
392af4,AFR39PQ,1
440469,EJU504D,1
394c19,AFR61FR,1
3985a4,AFR55RR,1
3985a4,AFR62AN,1
394c09,AFR96UA,1
393322,AFR7408,1
3985a1,AFR31FV,1
393322,AFR39PQ,1
39d307,TVF1612,1
3985a1,AFR33LB,1
3986e2,AFR9420,1
3985a9,AFR89MM,1
3985a9,AFR31SC,1
392af3,AFR44QN,1
44046d,EJU504D,1
394c09,AFR61FR,1
394c0c,AFR7420,1
3964f4,TVF95TT,1
398600,AFR1546,2
39de50,TVF11DL,1
39de46,TVF151C,1
39de46,TVF65AT,1
39de54,TVF65AT,1
39de45,TVF11DL,1
39d300,TVF151C,1
344695,VLG5DP,2
39de53,TVF65AT,1
39de47,TVF11DL,1
39de51,TVF151C,1
348203,VLG5DP,1
39de41,TVF151C,1
39d300,TVF11DL,1
39de51,TVF65AT,1
39de4f,TVF95TT,1
39de48,TVF95TT,1
39ceb0,TVF11DL,1
39de50,TVF65AT,1
39de4a,TVF151C,1
344696,VLG8829,1
347696,VLG5DP,1
39de4e,TVF151C,1
39d307,TVF11DL,1
398565,AFR1546,1
3964f9,TVF95TT,1
440af4,TAY1VQ,1
39de4d,TVF65AT,1
348203,VLG8829,1
344644,VLG5DP,1
344695,VLG8829,1
39856c,AFR1546,1
3964ea,TVF65AT,1
39de48,TVF11DL,1
4cadee,ITY313,1
4ca85c,ITY311,1
44083c,EJU98QV,1
4caf1d,ITY353,3
4caf1d,ITY351,2
39e683,AFR1212,1
494142,NJE7TM,3
39bda2,AFR51DP,1
4402b9,EJU31VB,1
39ce41,VLJ531E,1
440083,EJU35CN,3
a4d149,TWY420,1
44046d,EJU62XC,1
39e691,AFR1732,1
394c10,AFR1312,1
4cae12,ITY3OL,1
39e4ac,AFR12QL,1
493296,NJE7GL,2
4ca98a,ITY305,2
4400eb,EJU56CZ,1
4d02b6,JFA19X,1
440096,EJU35CN,2
440469,EJU62XC,1
440019,EJU56CZ,1
ab74a8,N837ZP,2
4ca8f5,ITY313,1
4ca98a,ITY351,2
440cb1,EJU98QV,1
39bdb2,AFR1732,1
394c13,AFR1212,1
39e695,AFR12QL,1
440062,EJU4086,1
4caab4,ITY311,2
39bda3,AFR1312,2
300490,LSA231,3
39ca61,TLJ820W,2
394c09,AFR51DP,1
4ca85c,ITY305,1
4cad5c,ITY3OL,3
4401fa,EJU31VB,2
44015a,EJU56CZ,2
490d05,NJE9GP,3
4ca973,ITY351,1
3cc249,AWH18B,1
399a28,VLJ196D,1
4cae12,ITY305,1
44061b,EJU98QV,1
394c0a,AFR1212,1
44093e,EJU62XC,3
44093e,EJU31VB,2
39e695,AFR51DP,2
4ca85c,ITY313,1
39bdb1,AFR1732,1
39856c,AFR12QL,1
4cadee,ITY353,1
39e688,AFR12QL,1
44061b,EJU35CN,1
44015a,EJU62XC,1
39bb20,AFR1312,1
4cad5f,ITY311,1
39e698,AFR1732,1
4caab4,ITY305,1
4cad5e,ITY313,1
4cad5e,ITY3OL,1
39840d,TLJ020B,1
440047,EJU98QV,1
440469,EJU56CZ,1
392ae8,AFR1212,1
4ca98a,ITY311,1
4ca98a,ITY313,1
440352,EJU56CZ,1
39bdb5,AFR1732,1
440083,EJU98QV,1
4cada8,ITY353,1
3950cf,AFR12QL,1
39bdb7,AFR1312,1
4caaa8,ITY305,1
39bdb2,AFR51DP,1
3991ea,AFR1212,1
39e682,AFR51DP,1
39bb23,AFR12QL,2
4401fa,EJU56CZ,1
3950cd,AFR1212,1
44093e,EJU4835,1
4400b7,EJU4565,1
4caf1e,ITY353,1
440062,EJU12FQ,1
440062,EJU86XB,1
4cada7,ITY311,1
4cada7,ITY313,1
39e68e,AFR1732,1
4caf1c,ITY313,1
3985a6,AFR1312,1
39bdb4,AFR1732,1
4caaa7,ITY351,1
440469,EJU31VB,1
440096,EJU98QV,1
39e697,AFR51DP,1
39e691,AFR1212,1
4cae11,ITY3OL,1
39bb20,AFR56SH,1
440668,AUA362M,1
39e682,AFR81GW,1
39a202,FPO8VE,1
39cead,TVF70CT,1
440606,AUA364,1
44022d,AUA368,1
39e68b,AFR32DM,1
44065c,AUA370,1
44006c,AUA370,1
39de41,TVF70CT,1
39bdb3,AFR81GW,1
440824,AUA362M,1
39e682,AFR32DM,1
4402a3,AUA368,1
398575,AFR56SH,1
440608,AUA370,1
39bda4,AFR56SH,1
39de4a,TVF70CT,2
44001c,AUA368,1
39e68a,AFR32DM,1
440826,AUA362M,1
39bdb1,AFR56SH,1
39bda1,AFR32DM,1
39bda6,AFR81GW,1
440828,AUA362M,1
44022d,AUA370,1
440c8c,AUA368,1
440667,AUA364,1
440668,AUA364,1
39bb21,AFR81GW,2
44065c,AUA368,1
392aef,AFR56SH,1
44006e,AUA368,1
39bb21,AFR32DM,1
4408de,AUA364,1
4408de,AUA362M,1
44065b,AUA37Q,1
39a123,IXR083,1
39d313,TVF70CT,1
39e687,AFR81GW,1
3991e5,AFR23XN,1
44020a,AUA370,1
44065c,AUA362M,1
440668,AUA368,1
398601,AFR56SH,1
39bda3,AFR32DM,1
4d242d,WZZ6127,1
392aed,AFR51EA,1
48af02,LOT336,1
48af01,LOT3NE,2
48ada6,LOT334,2
39bdb7,AFR1246,1
39e697,AFR64YG,1
39e681,AFR64YG,1
39bdaf,AFR51EA,1
48af10,LOT3NE,1
39a207,TAY1KN,2
48ada0,LOT334,1
4d2536,WZZ6127,2
39bda4,AFR1246,1
48e959,LOT336,1
39856a,AFR64YG,1
39a208,TAY1KN,4
39bda1,AFR51EA,1
39bda0,AFR1246,1
48adad,LOT334,1
4d206c,WZZ6127,1
48af06,LOT336,1
48af06,LOT3NE,2
48adb9,LOT334,1
39bda6,AFR51EA,1
39856d,AFR64YG,1
471dc0,WZZ6127,1
39e680,AFR1246,1
48af10,LOT336,1
39e683,AFR64YG,1
39e697,AFR51EA,1
39a206,TAY1KN,2
3c450f,VJH763,1
48ada5,LOT334,1
48ae85,LOT336,1
39e682,AFR1246,1
398564,AFR64YG,1
39bb23,AFR1246,1
39a203,TAY1KN,2
4d242b,WZZ6127,1
48adad,LOT336,1
48af12,LOT3NE,1
39e687,AFR51EA,1
39bb20,AFR1246,1
48af05,LOT3NE,1
398564,AFR51EA,1
4d245f,WZZ6127,1
39e687,AFR64YG,1
48af0f,LOT336,1
3455d9,VOE2797,6
3455d9,VOE2795,5
3986e7,AFR44DA,1
39e687,AFR1122,1
3991e5,AFR76NL,1
3c6750,DLH56V,1
3c65d1,DLH03N,1
3c65d1,DLH55N,1
39856f,AFR53BP,1
49410b,NJE913L,1
39e68b,AFR37MD,1
3c66a2,DLH12N,1
398571,AFR76NL,1
3c64ac,DLH12N,1
39bdb2,AFR37MD,1
3c65ce,DLH03N,1
3c66a2,DLH55N,2
440cec,TAY5SR,2
39856e,AFR1122,1
398575,AFR53BP,1
39bda3,AFR76NL,1
392af1,AFR37MD,1
39bda9,AFR44DA,1
3c65d2,DLH12N,1
3c64a3,DLH03N,1
398601,AFR53BP,2
39bdb4,AFR1122,1
3c6751,DLH55N,1
3c66a2,DLH56V,1
440b30,TAY5SR,1
440d4c,TAY5SR,1
3c66a6,DLH56V,1
39e68a,AFR1122,1
398575,AFR76NL,1
398602,AFR53BP,1
39e684,AFR37MD,1
392aec,AFR44DA,1
3c66af,DLH03N,1
3c64a5,DLH12N,1
3c65d2,DLH55N,1
3c6759,DLH55N,1
39e689,AFR37MD,1
39bb20,AFR76NL,1
3c674e,DLH12N,1
398571,AFR44DA,1
39e681,AFR1122,1
3c6486,DLH03N,1
3c64aa,DLH66H,1
398568,AFR53BP,1
39bb21,AFR37MD,1
3c6488,DLH03N,1
3c65d1,DLH66H,1
3986e0,AFR44DA,1
39bda4,AFR1122,2
39bdae,AFR76NL,1
3c675a,DLH56V,1
3c66a7,DLH55N,1
49130a,NJE568D,1
39856e,AFR44DA,1
39bdb5,AFR37MD,1
3c6759,DLH56V,1
3c6670,DLH66H,1
3c674e,DLH03N,1
3986e7,AFR53BP,1
39de4c,TVF23FB,1
440469,EJU48GX,1
39de42,TVF23FB,1
39de4d,TVF23FB,1
3964f4,TVF68DW,1
3964ec,TVF23FB,1
39de45,TVF43ZH,1
494142,NJE159T,1
39d313,TVF43ZH,1
44046d,EJU48GX,1
39de4c,TVF19XR,1
34454a,VLG5EM,1
3443d2,VLG6UT,1
394c09,AFR69NP,1
39de4e,TVF32PN,3
392af9,AFR52DN,1
3991e1,AFR69NP,1
39856a,AFR56VH,1
4d235c,VJT762,2
3991e8,AFR52DN,1
34768f,VLG6UT,1
34768f,VLG5EM,2
39d314,TVF32PN,1
3991e9,AFR69NP,1
3991e1,AFR52DN,1
345642,VLG31W,1
39d308,TVF19XR,1
343046,VLG6UT,1
3986e9,AFR56VH,1
345313,VLG5EM,1
485209,TRA6115,1
344099,VLG6UT,1
392aef,AFR69NP,1
4d20b5,AJD018J,1
3991e9,AFR52DN,1
343046,VLG5EM,1
39de50,TVF32PN,1
3950cd,AFR52DN,1
392aee,AFR69NP,1
3964e0,TVF19XR,1
344158,VLG6UT,1
398562,AFR56VH,1
3991ea,AFR52DN,1
392af3,AFR69NP,1
49d62c,AAN171,1
3964f4,TVF19XR,1
3964ec,TVF32PN,1
3424d2,VLG5EM,1
345313,VLG6UT,2
348205,VLG31W,1
34440a,VLG5EM,1
398565,AFR52DN,1
392aee,AFR56VH,1
39de50,TVF19XR,1
392ae8,AFR69NP,1
471d66,WZZ89NP,1
392af1,AFR93LT,1
392ae6,AFR1694,1
440083,EJU76TU,2
393323,AFR84CA,1
39a206,FPO4UD,2
3991e9,AFR1694,1
471d60,WZZ89PN,1
3991e1,AFR93LT,1
44083c,EJU76TU,1
394c09,AFR93LT,1
3991e7,AFR1694,1
471d5b,WZZ89PN,1
392aef,AFR93LT,1
39a201,FPO4UD,1
392aee,AFR1694,1
4d24ae,WZZ89NP,1
39e691,AFR93LT,1
4d245f,WZZ89NP,1
39a207,FPO4UD,2
394c18,AFR84CA,1
3991e8,AFR1694,1
39bdaf,AFR93LT,1
4401e9,EJU76TU,1
471d65,WZZ89NP,1
392aec,AFR1694,1
394c0c,AFR84CA,1
4d251f,VJT536,2
392aec,AFR84CA,1
39bb21,AFR93LT,1
4d241c,WZZ89NP,1
392aeb,AFR1694,1
398563,AFR7392,1
398571,AFR7392,2
398577,AFR37NG,2
398571,AFR9350,1
398563,AFR11AP,2
398569,AFR12UJ,1
39856d,AFR12UJ,1
398570,AFR11AP,1
3986e7,AFR11AP,1
398575,AFR12UJ,1
39856f,AFR12UJ,1
3986e2,AFR11AP,1
39856f,AFR11AP,1
398601,AFR12UJ,2
398564,AFR12UJ,1
39856a,AFR11AP,1
398563,AFR69AP,1
39856a,AFR1202,2
39856c,AFR99QP,2
39856c,AFR69AP,2
398602,AFR1202,1
398575,AFR99QP,2
493289,NJE684H,1
398566,AFR99QP,1
3430cd,VOE6LG,2
398600,AFR99QP,1
398600,AFR1202,1
398566,AFR69AP,1
398604,AFR1202,1
398570,AFR99QP,1
398575,AFR69AP,1
398563,AFR1202,1
398640,CCM30VN,4
3964f1,CCM16GZ,1
398495,CCM68ZK,1
398495,CCM78JG,1
39dd45,CCM68ZK,2
39dd45,CCM78JG,2
39dd41,CCM68ZK,2
39dd41,CCM16GZ,2
398640,CCM95BM,2
398640,CCM78JG,2
39dd41,CCM30VN,1
39dd41,CCM78JG,1
39dd49,CCM30VN,1
3985a9,AFR94ST,1
398640,CCM68ZK,1
3985a1,AFR7562,1
3985a7,AFR94ST,1
39dd49,CCM951,1
39bdb2,AFR82DK,1
39bda4,AFR83KR,1
39bda0,AFR53NE,1
49d369,TVS1DZ,1
398578,AFR22FT,1
39bdb7,AFR53NE,1
49d5ef,TVS1DZ,1
39de40,TVF2394,1
440d93,TAY3RQ,4
49d4f7,ABP422,2
39bda2,AFR83KR,1
39bdaf,AFR82DK,2
39bdaf,AFR53NE,3
452023,PJJ214X,4
3964e1,TVF44FX,1
49d13d,TVS1DZ,2
39bda3,AFR83KR,1
39ceb0,TVF44FX,1
440b61,TAY3RQ,4
39de48,TVF15UP,1
39e691,AFR82DK,1
3986e2,AFR22FT,1
49d5a6,TVS1DZ,2
39348e,TVF15UP,1
49d328,TVS2XY,1
398566,AFR53NE,1
39de41,TVF44FX,1
39e68a,AFR83KR,1
49d5ef,TVS8SC,1
39de51,TVF4394,1
398575,AFR22FT,1
39bda3,AFR82DK,1
39bb20,AFR82DK,1
39de47,TVF4394,1
398562,AFR22FT,1
49d38c,TVS2XY,1
39de50,TVF15UP,1
39bda1,AFR83KR,1
49d2b7,TVS8SC,1
3964e4,TVF44FX,1
49d5ee,TVS1DZ,1
39e68e,AFR53NE,1
39e689,AFR83KR,1
49d04d,TVS8SC,1
398604,AFR22FT,1
39de46,TVF15UP,1
39bdb2,AFR29JB,1
4cae33,EIN525,1
39d317,TVF7908,1
3430cc,VLG1GX,1
4cabd2,EIN52X,1
39856d,AFR34BU,1
4ca217,EIN529,2
4ca214,EIN5KM,1
4cabd1,EIN52X,1
39e692,AFR29JB,2
39bdb8,AFR79ZG,1
4ca216,EIN5KM,1
39de48,TVF7908,1
4ca2c9,EIN525,1
392af8,AFR34BU,1
4ca9ba,EIN525,1
39de54,TVF83BV,1
3443d2,VLG1GX,1
4ca92d,EIN5KM,1
4ca295,EIN529,2
4cae34,EIN52X,2
39bdb3,AFR29JB,2
39e682,AFR79ZG,1
39856c,AFR34BU,1
39856e,AFR34BU,1
4ca640,EIN529,1
3444da,VLG1GX,1
493295,NJE833G,1
39bda1,AFR79ZG,1
39d314,TVF7908,1
4cae35,EIN525,1
4ca2c9,EIN5KM,1
39de40,TVF83BV,1
4cae33,EIN52X,1
34440a,VLG1GX,2
39e692,AFR79ZG,2
4ca770,EIN5KM,1
3964e9,TVF7908,1
4ca5c8,EIN529,1
4cae32,EIN525,1
3991e5,AFR34BU,1
39de51,TVF7908,1
39348e,TVF83BV,1
3986e9,AFR34BU,1
4cabd3,EIN525,1
4ca2ca,EIN5KM,1
4cae35,EIN52X,1
39bdae,AFR79ZG,1
39e684,AFR29JB,2
398575,AFR34BU,1
4ca2c9,EIN529,1
346183,VLG1GX,1
4cae32,EIN52X,1
4ca281,EIN5KM,1
4cae29,EIN525,1
39de50,TVF39ZD,2
440b61,TAY6CA,4
3991e9,AFR1532,1
46b826,AEE61PG,1
469e42,SEH9HE,4
46b824,AEE615,2
46b824,AEE61PG,3
39348e,TVF39ZD,1
39de4e,TVF39ZD,1
39d305,TVF38QP,1
39de4b,TVF87EA,1
39de41,TVF3524,1
3991e1,AFR1532,1
440469,EJU13MK,1
3964ea,TVF87EA,1
46b828,AEE615,1
440b2f,TAY6CA,2
39bb22,AFR1532,1
39a201,FDX4630,2
398568,AFR56KC,1
39856d,AFR78GE,1
398565,AFR26WL,1
398577,AFR79LR,1
398571,AFR23TC,1
3986e2,AFR53QE,1
3986e9,AFR56KC,1
398568,AFR26WL,1
39856d,AFR79LR,1
3986e7,AFR78GE,1
398569,AFR23TC,1
398570,AFR79LR,1
398568,AFR78GE,1
398571,AFR26WL,1
39856e,AFR23TC,2
398571,AFR56KC,1
39856e,AFR78GE,2
3986e7,AFR23TC,1
398600,AFR79LR,1
398570,AFR26WL,1
3986e4,AFR53QE,1
3986e3,AFR23TC,1
398565,AFR79LR,1
398600,AFR26WL,1
398579,AFR56KC,1
398600,AFR53QE,1
398602,AFR78GE,1
398601,AFR26WL,1
398564,AFR56KC,1
39856f,AFR79LR,1
398563,AFR79LR,1
39856e,AFR26WL,1
39856a,AFR53QE,1
46aa42,RJB302,4
398577,AFR78GE,1
398568,AFR36DT,1
39de49,TVF16YV,1
3430cc,VLG1QW,1
344693,VLG18WV,1
39856a,AFR87DP,2
34454b,VLG53XT,1
345313,VLG1QW,1
398602,AFR87DP,1
398602,AFR36DT,2
3430cc,VLG18WV,1
3444da,VLG1QW,1
3472c3,VLG53XT,1
39de49,TVF99UK,1
398562,AFR87DP,1
3443d2,VLG53XT,1
398601,AFR36DT,1
39de4f,TVF16YV,1
342581,VLG1QW,1
39348e,TVF24DY,1
39856e,AFR65MT,1
4cad41,SAS1560,1
4aca14,NSZ9GY,1
4cae75,SAS34L,1
440047,EJU58AQ,1
4cad40,SAS45F,1
3964f9,TVF80PL,1
39bdb1,AFR54ZX,1
39bdb1,AFR86TR,1
39e68a,AFR65MT,1
4cad94,SAS1560,1
3964e1,TVF66KQ,1
4cae8e,SAS45F,1
39e695,AFR54ZX,2
39bdb3,AFR86TR,1
4400b7,EJU58AQ,1
4cacb5,SAS34L,1
440096,EJU74UH,1
39e695,AFR86TR,1
4cad91,SAS34L,1
4cad96,SAS1560,1
4cad96,SAS45F,1
39e68e,AFR65MT,1
4cacb5,SAS1560,1
39de4b,TVF24DY,1
4cad42,SAS34L,1
4aca94,NSZ9GY,1
39bdb2,AFR54ZX,1
440047,EJU74UH,1
4cafcc,SAS45F,1
392ae9,AFR86TR,1
39d311,TVF80PL,1
39e697,AFR54ZX,1
39cead,TVF24DY,1
44083c,EJU74UH,1
44083c,EJU58AQ,1
4ab821,NSZ9GY,1
4cad86,SAS45F,1
39bb21,AFR86TR,1
4cad94,SAS34L,1
4cadd9,SAS1560,1
39856d,AFR65MT,1
4aca92,NSZ9GY,1
440159,EJU74UH,1
392aed,AFR65MT,1
4cad97,SAS1560,1
4cadd9,SAS34L,1
39e691,AFR86TR,1
39bdaf,AFR54ZX,1
39de40,TVF24DY,1
4acaa3,SAS45F,1
4400b7,EJU4651,1
39bdb7,AFR65MT,1
4aca70,SAS34L,1
39e682,AFR54ZX,1
39e697,AFR86TR,1
4ca6d9,SAS45F,1
392aed,AFR72LE,1
394c09,AFR7432,1
399452,VLJ035J,3
394c13,AFR21EK,1
393323,AFR7440,1
3991e6,AFR7442,1
394c14,AFR7438,1
39ae95,CRL040,1
3991e4,AFR72LE,1
3950cd,AFR7440,1
394c0c,AFR7442,1
3991e3,AFR7438,2
3e2282,PAV681,6
393322,AFR7432,1
394c18,AFR21EK,3
398569,AFR9370,1
3991e5,AFR7440,1
394c19,AFR7442,1
394c19,AFR21EK,1
394c19,AFR72LE,1
394c14,AFR7432,1
3991e4,AFR7432,1
394c0a,AFR21EK,1
39ceb5,TVF730,1
392aec,AFR7440,1
392aed,AFR7438,1
3991e5,AFR7442,1
392ae9,AFR72LE,1
3986e8,AFR94BW,1
392aee,AFR72LE,1
3986e0,AFR44ZP,1
393322,AFR7442,1
3991e9,AFR7432,1
39e4ac,AFR7438,1
3991e8,AFR21EK,1
394c14,AFR7440,2
3950cd,AFR7442,1
392af9,AFR7438,1
3991e8,AFR7432,1
394c0c,AFR72LE,1
392af9,AFR7432,1
3986e5,AFR87QC,1
394c09,AFR7440,1
3985a3,AFR36KC,1
3991e8,AFR72LE,1
39c495,FBU901,1
3444ca,VLG78JV,1
39de48,TVF4714,1
3443d2,VLG78JV,2
345313,VLG78JV,1
39de54,TVF79ZM,1
39de51,TVF79ZM,1
3430cc,VLG78JV,1
348209,VLG78JV,1
39de47,TVF79ZM,1
4d20b9,AJD019T,1
3451d4,VLG78JV,1
3444ca,VLG3AE,1
39de47,TVF60QP,1
39de4a,TVF88KG,1
347696,VLG2QV,1
34454a,VLG3AE,1
3472c3,VLG2QV,1
34768f,VLG2QV,1
343046,VLG3AE,1
39de45,TVF42VH,1
34768f,VLG3AE,2
3430cc,VLG2QV,1
347690,VLG2QV,1
347690,VLG3AE,1
39de48,TVF42VH,1
39de53,TVF60QP,1
3424d4,VLG2QV,1
3964ec,TVF60QP,1
3964ea,TVF42VH,1
342398,VLG8319,1
39de4d,TVF60QP,1
3430cc,VLG3AE,1
345206,VLG2QV,1
505cb8,FPO015,1
505c53,TTJ600,3
392af1,AFR79TT,1
3985a6,AFR98FJ,1
3985a6,AFR45RK,1
39e692,AFR13UH,1
3950cc,AFR75FF,1
3950cc,AFR6004,1
39bdb8,AFR12YM,1
394c10,AFR7344,2
392ae8,AFR41HM,2
39e4ac,AFR43PE,1
394c14,AFR37SB,2
347303,SWT5745,4
394c19,AFR13UH,1
aafcd9,VJA807,1
3991e6,AFR7344,1
392af3,AFR41HM,2
3991e5,AFR43PE,1
392aec,AFR75FF,1
392aec,AFR6004,1
392af2,AFR45RK,1
3950cc,AFR98FJ,1
392ae8,AFR79TT,1
45214b,FPO5701,4
394c10,AFR12YM,1
348101,SWT5RS,4
394c10,AFR43PE,1
3991e8,AFR79TT,2
393323,AFR12YM,1
394c18,AFR13UH,2
3985a1,AFR98FJ,1
3985a1,AFR45RK,1
3985a4,AFR75FF,1
3985a4,AFR6004,1
394c13,AFR37SB,2
392aef,AFR7344,1
392af2,AFR98FJ,1
394c19,AFR7344,1
392af1,AFR41HM,1
393322,AFR43PE,1
3985a3,AFR75FF,2
3985a3,AFR6004,1
39bda1,AFR79TT,1
3950cf,AFR7346,1
3985a4,AFR45RK,1
394c0c,AFR12YM,2
392ae8,AFR13UH,1
3950ce,AFR75FF,1
3950ce,AFR6004,1
392af3,AFR98FJ,1
392af3,AFR45RK,1
3950cd,AFR37SB,1
393322,AFR7344,1
3950cf,AFR43PE,1
3991e7,AFR79TT,1
3991e6,AFR41HM,1
393323,AFR37SB,1
392aee,AFR43PE,1
394c10,AFR7346,1
3985a9,AFR98FJ,1
39bdb3,AFR13UH,1
3950cc,AFR66MG,1
3985a1,AFR75FF,1
3985a1,AFR6004,1
394c10,AFR37SB,1
3991e5,AFR13UH,1
3991e5,AFR41HM,1
392af2,AFR7346,1
392af2,AFR6004,1
394c18,AFR7344,1
392ae9,AFR43PE,1
346489,SWT5745,1
396669,FPO701,1
39e691,AFR12YM,1
39de55,TVF91VA,1
39856a,AFR26KB,1
398579,AFR7482,1
39856f,AFR72YT,1
39de4c,TVF91VA,1
39de57,TVF10BA,1
398570,AFR26KB,1
3986e9,AFR72YT,1
39de45,TVF91VA,1
398600,AFR26KB,1
39856b,AFR72YT,1
398566,AFR7482,1
3986e0,AFR9432,1
398565,AFR26KB,1
398562,AFR72YT,2
39de54,TVF10BA,1
39de54,TVF63EW,1
3986e7,AFR9432,1
398602,AFR36QQ,1
39de42,TVF10BA,1
398571,AFR72YT,1
39856f,AFR26KB,1
398563,AFR26KB,1
398577,AFR36QQ,1
398568,AFR7482,1
504e61,HYS222,1
4a08ec,ROT382A,2
3946e5,AFR81KU,1
3991e1,AFR44HC,1
471f67,WMT1SV,1
4a08e7,ROT384J,3
4a2182,AWG601,2
392af1,AFR81KU,1
4a08e9,ROT384J,2
440b2f,TAY1SF,3
4a08e7,ROT382A,2
392af0,AFR44HC,2
3991e6,AFR81KU,1
3946e5,AFR44HC,1
39e4ac,AFR44HC,1
4a08e6,ROT382A,1
394c14,AFR81KU,1
4d20bc,WMT1SV,1
3991e9,AFR44HC,2
4a4d79,HYS222,1
3991e7,AFR81KU,1
440b61,TAY7TR,1
4d24b4,WMT1SV,1
392af3,AFR81KU,1
4a08ec,ROT384J,1
4a08ea,ROT382A,1
4a1aae,AWG601,1
471efb,WMT1SV,1
3991e9,AFR81KU,1
4a08e9,ROT382A,1
39de57,TVF69KD,1
39de41,TVF69KD,1
39de4a,TVF69KD,1
39cea1,TVF3814,1
39cead,TVF69KD,1
39de57,TVF71NL,2
39de46,TVF7040,1
39de54,TVF7040,1
39de41,TVF7040,1
39de42,TVF71NL,2
39de4f,TVF7040,1
39de4d,TVF47PF,1
39de50,TVF16VM,1
39de41,TVF16VM,1
39de53,TVF7040,1
39e680,AFR34MD,1
393323,AFR7520,1
39e697,AFR7524,1
3991e7,AFR34MD,1
39bdb0,AFR7524,1
398563,AFR7520,1
398569,AFR7520,1
39bdb2,AFR7524,2
3991e1,AFR34MD,1
39bda3,AFR7524,1
398575,AFR7520,1
39944d,VLJ069T,3
39ceb4,TVF214,1
3986e8,AFR65XN,1
3950cd,AFR34MD,1
398565,AFR7520,1
392af4,AFR34MD,1
39e689,AFR7524,1
39e680,AFR7524,1
39e4ac,AFR34MD,1
3991e1,AFR7520,1
4402b9,EJU436J,1
4402db,EJU436J,1
440159,EJU754C,1
394c10,AFR81RM,1
3985a1,AFR6224,1
3985a9,AFR18DA,1
394c0c,AFR55YW,1
392aec,AFR75AN,1
39e4ac,AFR88TE,1
394c13,AFR57BG,1
394c14,AFR81RM,1
3950ce,AFR14CE,1
4401f7,EJU634N,1
44015a,EJU645L,1
394c14,AFR57BG,1
392af1,AFR46BE,1
3950ce,AFR78RD,1
39e68a,AFR81GP,1
3985a3,AFR13LN,1
393322,AFR38RK,1
394c13,AFR55YW,1
394c0c,AFR21QN,1
3985a4,AFR68CM,1
394c13,AFR38RK,1
393f0c,CLG8106,6
393f0c,CLG8102,5
3991e3,AFR36GC,2
39ae32,BEJ16S,1
3991e9,AFR75XU,1
392af2,AFR74VR,1
392af2,AFR38TR,1
39e684,AFR66GC,1
4cabc3,ABR9CE,3
392af1,AFR36GC,1
3991e7,AFR75XU,1
39a178,ASJ10LY,1
3946e5,AFR74VR,1
39bb20,AFR38TR,1
4cae87,ABR4YS,3
392ae6,AFR66GC,1
398578,AFR66GC,2
392aee,AFR75XU,1
394c14,AFR74VR,1
394c18,AFR75XU,1
393322,AFR74VR,1
3991e5,AFR38TR,1
3986e4,AFR9370,1
393323,AFR75XU,1
4cabc3,ABR4YS,1
394c19,AFR74VR,1
394c19,AFR38TR,1
398577,AFR66GC,1
3991ea,AFR36GC,2
3950cf,AFR38TR,1
392aee,AFR74VR,1
394c19,AFR36GC,1
3985a6,AFR7366,1
3991e5,AFR75XU,1
392aec,AFR66GC,1
3964e8,TVF1760,1
3991e4,AFR74VR,1
394c19,AFR75XU,1
39cea4,TVF752,1
3950cd,AFR38TR,1
392aee,AFR66GC,1
3986e1,AFR9408,1
440436,SKV556,3
3986e9,AFR83UP,2
398578,AFR62PT,1
398566,AFR22UR,1
3986e2,AFR62PT,1
4cabc5,ABR3UE,2
398602,AFR22UR,1
3986e7,AFR62PT,1
3986e2,AFR83UP,1
4caca1,ABR3UE,1
3ccd45,IFA1049,1
3986e9,AFR62PT,1
398601,AFR22UR,1
4cabc7,ABR3UE,1
3986e5,AFR62PT,1
398575,AFR62PT,1
39856f,AFR22UR,1
398570,AFR22UR,1
3986e3,AFR62PT,1
502ce4,BTI3PR,1
502ce7,BTI3PR,1
472fd0,JSD400,3
3964ef,TVF21ST,1
39d301,TVF21ST,1
39d300,TVF21ST,1
39d305,TVF21ST,1
39cea7,TVF91EN,1
39ceab,TVF91EN,1
440610,EJU65DW,1
398570,AFR17ER,1
3aabfb,FMY8030,1
39856a,AFR17ER,1
39856d,AFR17ER,1
398568,AFR17ER,1
39856f,AFR17ER,1
398566,AFR17ER,1
3986e2,AFR17ER,1
39bda3,AFR86FN,1
398602,AFR43LG,1
39bb22,AFR1610,1
39e691,AFR75JK,1
39bdaf,AFR86FN,1
39bb21,AFR1610,1
398578,AFR43LG,1
39e689,AFR75JK,1
39bdb5,AFR1610,1
3986e1,AFR43LG,1
398e49,AFR1410,1
39bda2,AFR43LG,1
39bda4,AFR86FN,1
398570,AFR75JK,1
39bdb7,AFR1610,1
392aed,AFR43LG,1
39e687,AFR75JK,1
39bdb1,AFR86FN,1
39bda4,AFR1610,1
39bda6,AFR86FN,1
392af0,AFR43LG,1
398604,AFR75JK,1
39e698,AFR1610,1
39bdb4,AFR86FN,1
398566,AFR75JK,1
39bdb3,AFR1610,1
501e83,CTN71F,1
398571,AFR51HM,1
398568,AFR51HM,1
501c4a,CTN71F,1
501c44,CTN71F,1
39856e,AFR51HM,1
501c3b,CTN71F,1
398604,AFR51HM,1
345699,VOE73QQ,7
345699,VOE8CR,5
3c542e,BCS48B,1
3c4ec7,BCS48B,1
440189,BCS58L,1
3c5432,BCS48B,1
3c5424,BCS48B,1
440058,BCS845,1
440304,BCS58L,1
440189,BCS48B,1
45214b,FPO171P,1
3c5422,BCS48B,1
398602,AFR87KN,1
39856a,AFR37NG,1
398562,AFR87KN,1
39856f,AFR7392,1
3986e9,AFR37NG,1
398563,AFR87KN,1
398566,AFR37NG,1
398575,AFR7392,1
39856a,AFR87KN,1
3986e2,AFR37NG,1
3986e5,AFR87KN,1
398578,AFR7392,1
3986e6,AFR87KN,1
398604,AFR37NG,1
4d00d7,LGL12F,3
4d00c9,LGL814P,2
4d00da,LGL12F,1
4d02b7,JFA20X,1
4d00f5,LGL814P,1
4d00c9,LGL12F,1
4d00d7,LGL814P,1
4d00d4,LGL12F,1
4d00ca,LGL814P,1
4d00d7,LGL8022,1
4d00ca,LGL12F,1
4d00da,LGL8022,1
4d00d5,LGL814P,1
4d00c9,LGL8022,1
4d00da,LGL814P,1
39bdb3,AFR19JQ,1
39de4f,TVF19ZP,1
392aee,AFR19JQ,1
4952cc,TAP443,1
4951d8,TAP43RY,1
394c09,AFR97CH,1
4951ca,TAP437,1
440db0,EJU82GN,2
392af1,AFR14JJ,1
440237,EJU82GN,1
3991ea,AFR19JQ,1
39de46,TVF19ZP,1
392af9,AFR97CH,1
495146,TAP437,1
4952cb,TAP43JD,1
4952ca,TAP441,1
3964e1,TVF68MF,1
4951d3,TAP43RY,1
495301,TAP433,1
343046,VLG1981,1
440af5,TAY1MN,1
39de49,TVF55HY,1
39de44,TVF61UE,1
4952cd,TAP435,1
4952cd,TAP443,1
392ae8,AFR14JJ,1
392ae8,AFR67JQ,1
39de57,TVF7650,1
39de47,TVF61UE,1
49514c,TAP435,1
4952c8,TAP443,1
495145,TAP43RY,2
495145,TAP433,1
3991e1,AFR97CH,1
39de46,TVF55HY,1
39de41,TVF20GR,2
440193,TAY1MN,1
39de4b,TVF19ZP,1
344099,VLG1981,1
39bda4,AFR19JQ,1
440159,EJU69CV,1
4952cd,TAP441,1
4951d4,TAP437,1
4951d4,TAP43JD,1
3991e5,AFR14JJ,1
440005,EJU82GN,1
39d30b,TVF61UE,1
4951d3,TAP437,1
4951d3,TAP43JD,1
49514a,TAP441,1
393323,AFR92JL,1
440117,EJU82GN,1
398e49,TVF7642,1
39bdb7,AFR19JQ,1
4952cb,TAP435,1
4952cb,TAP443,1
3c8502,ELG2B,1
3991e9,AFR97CH,1
39de53,TVF20GR,1
4952cf,TAP433,1
39d317,TVF19ZP,1
39de4b,TVF55HY,1
440cb1,EJU69CV,1
392af2,AFR14JJ,1
34768d,VLG1981,1
4951d8,TAP433,1
34440a,VLG1981,1
39de57,TVF55HY,1
39bda9,AFR19JQ,1
495149,TAP443,1
49514a,TAP435,1
4951ce,TAP43RY,1
495150,TAP437,1
4951cb,TAP43JD,1
39de47,TVF19ZP,1
4952cc,TAP441,1
39de4f,TVF61UE,1
392af0,AFR97CH,1
3991e3,AFR14JJ,1
3991e3,AFR67JQ,1
3ce6e4,PWF1924,1
4932a3,NJE511F,1
39ceaa,TVF3582,1
39de50,TVF3586,1
39de4e,TVF3586,1
440d90,TAY963T,2
502d5d,BTI69R,1
502d89,BTI69R,1
502dac,BTI69R,1
502d9f,BTI9YF,1
502d7c,BTI69R,1
502ccf,BTI9YF,1
502d88,BTI69R,1
502d5f,BTI9YF,1
39e691,AFR27QM,1
39e698,AFR27QM,1
39e690,AFR72UG,2
345084,VLG1505,1
39e698,AFR42GA,2
345084,VLG1507,1
39e684,AFR42GA,1
345205,VLG1505,1
39e68d,AFR42GA,1
345084,VLG1503,2
502dac,BTI92L,1
502d29,BTI92L,3
502ce5,BTI92L,1
44cdd0,BEL5EI,1
44cdc2,BEL6TC,1
4caed4,BCS21Q,3
493295,NJE535D,1
44cdd1,BEL6TC,1
44d1a6,JAF092P,1
44d071,BEL5EI,1
44d076,BEL6TC,1
44cc45,BEL6TC,2
a6357e,N5CP,1
44cc41,BEL5EI,1
44cc45,BEL5EI,1
44cdcf,BEL6TC,1
44cc43,BEL5EI,1
3964f7,TVF700,1
3991a3,IXR548,2
39c415,AEH019F,1
39ce6e,FYG11T,1
493296,NJE920L,1
398578,AFR18TM,1
398577,AFR18TM,1
398575,AFR18TM,1
398562,AFR18TM,1
4d2342,FJO62L,4
4520d3,EGT128,1
4d02bf,JFA96S,1
4d02c1,JFA14R,1
4d021e,SVW11AA,1
4d02bd,JFA33N,1
4d2016,ALE85,3
4d2150,AXY276X,1
4d02dd,JFA26F,1
4d02dd,JFA16W,1
39ca61,TLJ884N,1
491292,CSDTR,1
4d23db,VJT735,2
39856c,AFR52FF,1
392af8,AFR362V,1
398579,AFR52FF,1
398568,AFR52FF,1
39a204,FPO2JU,5
398604,AFR52FF,1
398570,AFR52FF,1
344557,VLG6AX,3
3444ca,VLG6AX,2
346614,VOE1665,1
3430cd,VOE1665,1
345612,VOE1665,1
4d250e,LWG10N,1
39ce6e,FYG53T,1
4caee3,EIX14Z,1
3986e9,AFR37YT,1
39c40f,AIA6413,6
39c40f,AIA6411,3
398571,AFR7495,1
398566,AFR47AM,1
398569,AFR27MG,1
3986e2,AFR7495,1
3986e9,AFR27MG,1
398600,AFR47AM,1
3986e7,AFR37YT,1
398565,AFR37YT,1
398571,AFR27MG,1
39856b,AFR47AM,1
39856b,AFR7495,1
3986e7,AFR47AM,1
398566,AFR37YT,1
398570,AFR7495,1
398568,AFR27MG,1
3986e2,AFR37YT,1
3986e1,AFR7495,1
3986e3,AFR47AM,1
44cc96,OOSDV,3
398579,AFR27MG,1
398563,AFR47AM,1
398563,AFR31UN,1
3986e4,AFR37YT,1
398602,AFR7495,1
3986e9,AFR47AM,1
3986e8,AFR27MG,1
3981e4,TJT72NL,2
394d49,TJT78NL,2
39de57,TVF20DM,2
39de49,TVF56BQ,1
39de46,TVF56BQ,1
39de54,TVF56BQ,1
39de47,TVF20DM,1
39de42,TVF20DM,2
39de50,TVF14VZ,1
39de41,TVF14VZ,1
470bc8,FCA3MA,1
3003d0,SSR19PL,1
ad5cf0,N960JB,4
4ca2bf,RYR4AM,1
4ca8d6,RYR4AM,1
4d2348,RYR4AM,1
4ca4f0,RYR4AM,1
4ca847,RYR6415,1
4ca847,RYR522M,2
4d21ef,RYR522M,3
4d221f,RYR6PD,1
4d21ef,RYR6PD,1
4ca847,RYR1AA,1
4ca960,NOS1661,1
4d251b,RYR1AA,2
4d221f,RYR1AA,1
4d251d,RYR16LX,1
4d2347,RYR1AA,1
4d221a,RYR10RA,1
4cade2,RYR16LX,1
4ca643,RYR16LX,1
4ca643,RYR1AA,1
4d2248,RYR10RA,1
4d2248,RYR1AA,1
4d2242,RYR16LX,1
4d2209,RYR8834,1
4d21ef,RYR2ZU,1
4ca847,RYR2ZU,1
4d221f,RYR8834,2
4d221f,RYR2ZU,3
4ca802,RYR39TW,1
4d2215,RYR39TW,1
4d2261,RYR4XW,1
4d2143,WMT9RE,1
4d21ef,RYR4XW,2
4d221f,RYR6412,1
471f70,WMT9RE,1
4d21ef,RYR787H,2
3006b0,IKYRA,1
4d2518,RYR2927,1
4cac85,RYR2927,1
4caf28,RYR3NH,1
4d2384,RYR2927,1
c04ed6,HRT364,1
4ca61c,RYR78VZ,1
4cada3,RYR78VZ,1
4ca245,RYR78VZ,1
4ca9cf,RYR2JT,2
4cadff,RYR49ZF,1
4d207d,RYR76NX,1
4ca9cf,RYR76NX,1
4d226a,RYR76NX,1
4cac85,RYR2JT,1
4cac85,RYR76NX,1
48c121,RYR65DJ,1
48c121,RYR49ZF,1
48c2b2,RYR49ZF,1
4d236b,RYR76NX,1
4ca245,RYR65DJ,1
4ca911,RYR49ZF,1
4ca9cf,RYR25VJ,1
4d24cb,RYR25VJ,1
4d226a,RYR25VJ,1
4d223a,RYR25VJ,1
484506,TRA5426,1
48520b,TRA5426,1
440bce,BCS7840,2
440bc3,BCS7840,1
440bc0,BCS2MG,1
4cadff,RYR17WB,1
48e9f3,RYR17WB,1
4caee6,RYR17WB,1
4ca8d5,RYR17WB,1
48c232,RYR17WB,1
4ca9cf,RYR17WB,1
4ca911,RYR6YU,1
4d207d,RYR3464,1
471f65,WMT668,1
4ca61f,RYR3464,1
471f70,WMT668,1
48c121,RYR3464,1
48e9f3,RYR44FZ,1
48c133,RYR44FZ,1
4ca9cf,RYR44FZ,1
48e9f3,RYR4766,1
4d223a,RYR4766,1
4d221e,RYR4766,1
48c133,RYR4766,1
4ca9cf,RYR9494,1
48c232,RYR4766,1
4cadc0,RYR9494,1
4d221e,RYR9494,1
4caf28,RYR4766,1
4ca810,RYR9LW,1
4d221e,RYR9LW,2
440bbf,BCS7859,1
440bcc,BCS7859,1
440bc4,BCS7859,1
440bc6,BCS7859,1
3c70b0,BCS7859,1
4ca61f,RYR96GJ,2
48c121,RYR96GJ,1
4ca61f,RYR65HY,1
4d221e,RYR3747,1
4caf28,RYR65HY,3
4ca73e,RYR3747,1
4d2385,RYR65HY,1
4d2232,RYR65HY,1
4d226d,RYR65HY,1
4ca27a,RYR3747,1
4d2275,RYR46PY,3
4cac85,RYR9923,1
4ca61f,RYR9923,1
4ca911,RYR9923,1
4cac85,RYR75CC,1
4ca643,RYR75CC,1
4d223a,RYR75CC,1
4d21f0,RYR69EF,1
4ca84d,RYR75CC,1
48c1a9,RYR15KF,1
4d226a,RYR15KF,1
4cac85,RYR15KF,1
4ca9cf,RYR15KF,1
48c121,RYR15KF,1
4ca73e,RYR90QB,1
4d2263,RYR49NU,1
4ca9cf,RYR90QB,1
4cac85,RYR90QB,1
4ca263,RYR90QB,1
4d224e,RYR49NU,1
48c1a5,RYR7LN,1
4caf28,RYR7LN,1
394f09,NAK755C,1
346611,VOE2007,1
49526a,RZO172,1
495267,RZO174,1
495245,RZO160,3
4ca61c,RYR36EF,1
4cafc1,RYR42ZU,2
346692,VLG19EN,1
345359,VLG8479,1
3424d1,VLG54MF,1
4cafd1,RYR55BY,1
344157,VLG54MF,1
345314,VLG8479,1
4cada3,RYR42ZU,1
4ca92b,RYR55BY,1
345043,VLG8479,2
4cae98,RYR55BY,1
345116,VLG19EN,1
3424d2,VLG54MF,1
4cae98,RYR36EF,1
4d2449,RYR42ZU,1
4d2449,RYR55BY,1
345645,VLG54MF,1
3453c3,VLG8479,1
344699,VLG19EN,1
3451d3,VLG54MF,1
48c1a6,RYR36EF,1
48c1a6,RYR42ZU,1
48c1a6,RYR55BY,1
34768e,VLG64AH,1
4d2239,RYR36EF,1
345614,VLG54MF,1
34535a,VLG8479,2
4d2208,RYR55BY,1
4ca24d,RYR42ZU,1
345359,VLG19EN,1
4cae57,RYR4596,1
4cae57,RYR55BY,1
4ca75f,RYR42ZU,1
343194,VLG54MF,1
4ca61c,RYR4DH,1
4ca75f,RYR4DH,1
4ca61c,RYR2037,1
4ca245,RYR2037,1
8940d8,VLW02,1
4ba90e,THY9NT,1
4bb067,THY1NS,1
4bb064,THY1NS,1
4b9c63,THY6755,1
4bb075,THY9NT,1
4bb069,THY1NS,1
4baac8,THY1NS,1
4bb321,THY1472,1
4bb067,THY9NT,1
4bb069,THY9NT,1
4bb068,THY1NS,1
34569a,VOE2QE,1
440005,EJU41RZ,1
4404a4,EJU15XH,1
4401dc,EJU15XH,2
4402ac,EJU15XH,1
39cea4,TVF21GN,1
440179,EJU41RZ,1
4400b7,EJU19EN,1
347256,VOE2QE,1
440209,EZY9050,1
440057,EJU15XH,1
440630,EJU19EN,1
39d301,TVF21GN,1
44017c,EJU15XH,1
440175,EJU69ZF,1
39de57,TVF45VG,1
3443d2,VLG1NH,1
39de49,TVF24JA,2
440196,TAY3PO,1
4401dc,EJU49ED,3
4952cd,TAP56UG,1
4951cb,TAP454,1
39de53,TVF32EX,1
495292,TAP452,2
39e692,AFR1529,1
39ceb1,TVF78YY,1
39de4a,TVF18ZQ,1
39de4f,TVF78YY,1
39de4a,TVF32EX,1
4ca6d6,TAY3PO,2
39e691,AFR1529,1
440cc1,EJU49ED,2
495292,TAP454,2
4952ce,TAP56UG,1
39de4c,TVF45VG,2
39de47,TVF18ZQ,1
44017c,EJU69ZF,4
39bdb2,AFR1529,1
495290,TAP452,4
39de4f,TVF32EX,1
39de45,TVF78YY,1
4952c2,TAP56UG,1
39de51,TVF18ZQ,1
4952c8,TAP56UG,1
39de4c,TVF32EX,1
440037,EJU49ED,1
39bdb1,AFR1529,1
39348e,TVF78YY,1
396669,TAY3PO,1
39ceab,TVF24JA,1
495290,TAP454,1
39de49,TVF45VG,1
39de51,TVF7613,1
440209,EJU69ZF,1
39348e,TVF45VG,2
4951d7,TAP454,2
39e687,AFR1529,1
3964e4,TVF33XP,1
4952c4,TAP56UG,1
3964ea,TVF32EX,1
345313,VLG1NH,1
39de42,TVF18ZQ,1
39de54,TVF78YY,1
495293,TAP452,1
502ce8,TVF24JA,1
392af1,AFR1529,1
39de45,TVF32EX,1
3964e0,TVF78YY,1
4952cf,TAP56UG,1
39de49,TVF33XP,1
345206,VLG1NH,1
398602,AFR1529,1
39de54,TVF32EX,1
39d300,TVF45VG,1
39de51,TVF33XP,1
4952cb,TAP56UG,1
502ce8,TVF78YY,1
39de4c,TVF18ZQ,1
4caa59,RYR34WP,1
34608f,IBE0550,1
3451d9,ANE35AQ,1
4ca4ee,RYR34WP,1
347306,AEA37KG,1
347306,AEA36MM,1
345583,ANE22NP,1
346316,IBE05EP,1
344216,AEA1142,1
344216,AEA54TM,1
48c12f,RYR4JG,1
040143,ETH741,1
4cae9c,RYR4JG,1
3445d4,IBE05EP,1
040126,ETH741,1
347306,AEA1142,1
347306,AEA54TM,1
34608e,IBE05ZK,1
345218,AEA37KG,2
345218,AEA36MM,2
345388,ANE22NP,1
344417,IBE0550,1
344341,AEA1142,5
344341,AEA54TM,5
345385,ANE73JA,1
345250,ANE35AQ,1
345543,ANE22NP,1
3475d5,IBE05EP,1
4d2228,RYR4JG,1
3453cc,AEA37KG,1
3453cc,AEA36MM,1
3420cc,IBE05ZK,1
040103,ETH741,1
3420cb,IBE05EP,1
4d221a,RYR4JG,1
34530e,ANE22NP,1
34444b,IBE0550,1
347287,IBE0550,1
34620b,IBE05EP,1
344341,AEA37KG,2
344341,AEA36MM,2
4cafc1,RYR4JG,1
345385,ANE22NP,1
34324e,IBE05ZK,1
4cae52,RYR34WP,1
4cac53,RYR34WP,1
345691,IBE05EP,1
346499,IBE0550,1
4ca24d,RYR4JG,1
34444b,IBE05ZK,1
3452c7,ANE22NP,1
345385,ANE47WP,1
4ca251,RYR34WP,1
3453c1,AEA37KG,1
3453c1,AEA36MM,1
4d224f,RYR3WG,1
7da3de,ANE35AQ,1
04004b,ETH741,1
4ca6a6,RYR4JG,1
34134e,IBE0550,1
34260e,IBE0548,1
440037,EJU51RJ,1
495292,TAP1711,4
495290,TAP1709,2
4402ac,EJU51KY,1
4cafd1,RYR3VW,2
4402ac,EJU51RJ,1
4cafc1,RYR3VW,1
440175,EJU12LY,1
4951d7,TAP1711,2
4951d7,TAP1709,1
440cc1,EJU51RJ,4
440cc1,EJU12LY,2
440d6e,EJU51RJ,1
440d6e,EJU51KY,1
495292,TAP1709,4
4cae9d,RYR3VW,2
4ca849,RYR3VW,2
495290,TAP1711,1
4401dc,EJU12LY,1
440cc1,EJU51KY,2
4cafd1,RYR6051,1
440057,EJU12LY,1
4ca849,RYR6051,1
440037,EJU42PC,2
440625,EJU85FY,2
4401dc,EJU68EK,2
4402ac,EJU42PC,1
440031,EJU85FY,1
44017c,EJU68EK,1
44061c,EJU84UD,1
346611,VOE75VP,1
44064a,EJU85FY,1
440209,EJU68EK,1
44061c,EJU85FY,1
440037,EJU68EK,1
4402ac,EJU84UD,1
440005,EJU42PC,1
346649,VOE75VP,1
440005,EJU68EK,1
440037,EJU18EV,1
440051,EJU48ZF,1
440ca9,EJU48ZF,2
4401d1,EJU48ZF,2
44017c,EJU18EV,1
3455d9,VOE2799,2
45caa8,LGL3762,1
4401dc,EJU68HU,2
495292,TAP686,2
4d00f3,LGL4RH,1
4cafd1,RYR41ST,2
4d00ee,LGL4RH,1
4cae9d,RYR6NT,2
4cae92,RYR41ST,1
4cae9d,RYR41ST,1
4d00f4,LGL4RH,3
495290,TAP686,2
440cc1,EJU68HU,1
4d00f2,LGL32PR,1
48c224,RYR41ST,1
4d00f4,LGL32PR,1
4401dc,EJU97LR,2
440209,EJU68HU,1
48c22f,RYR41ST,1
4d00f5,LGL4RH,1
440005,EJU68HU,2
4cac56,RYR6NT,1
4d224f,RYR41ST,1
4d251b,RYR6NT,1
4d00f5,LGL3770,1
4d225d,RYR4HT,1
4cae54,RYR4HT,1
4cae9f,RYR2DK,1
4d221a,RYR2HA,2
49526d,RZO198,2
4cae9d,RYR2HA,1
4d20eb,VJT525,2
4cac56,RYR2DK,1
4cac56,RYR2HA,1
48c131,RYR2HA,1
4d2265,RYR2HA,1
4cadbe,RYR2DK,1
4cafd1,RYR2HA,1
4cae9f,RYR71RR,1
4cafd1,RYR71RR,1
4ca302,RYR71RR,1
4ca95e,RYR9972,1
4cae9d,RYR71RR,1
4cae9f,RYR77EW,1
48c2b7,RYR77EW,1
4cada3,RYR77EW,1
4cae9b,RYR77EW,1
4cac53,RYR77EW,1
4cac53,RYR89JB,1
4ca251,RYR9986,1
4d2382,RYR77EW,1
4ca9aa,RYR69AV,1
4cad12,RYR41AA,1
4d221f,RYR41AA,1
4cada3,RYR69AV,1
4d2449,RYR41AA,1
4cae62,RYR41AA,1
4ca75f,RYR69AV,1
4ca24d,RYR41AA,1
4cac53,RYR41AA,1
4cafd1,RYR69AV,1
4ca704,RYR9NW,1
4d2218,RYR41AA,1
4d2242,RYR37HF,1
440175,EJU57GW,1
440224,EJU57GW,1
4d221a,RYR37HF,1
4d2208,RYR37HF,1
440037,EJU57GW,1
4ca75f,RYR37HF,1
4d2219,RYR84YG,1
4d2449,RYR84YG,1
4d224d,RYR84YG,1
4d2219,RYR98TD,1
4d2219,RYR42NX,1
4ca24d,RYR92DJ,2
4d221f,RYR42NX,1
4cafd1,RYR98TD,1
4cac56,RYR98TD,1
4d221a,RYR42NX,1
4ca24d,RYR42NX,1
4cada3,RYR98TD,1
4cac56,RYR92DJ,1
4d2265,RYR92DJ,1
4cae6c,RYR42NX,2
4cae9d,RYR8YE,1
4cac85,RYR98TD,1
4d2265,RYR8YE,1
4ca25a,RYR24SC,1
4d222e,RYR24SC,1
4ca24d,RYR24SC,1
4d2382,RYR24SC,2
44cdc5,BEL8HR,1
4d2264,RYR67JM,1
4cae9f,RYR67JM,1
44cdce,BEL8HR,1
4ca61c,RYR67JM,1
44cc45,BEL8HR,1
3c5428,BCS7EM,1
44cdd0,BEL8HR,1
44cdc8,BEL8HR,1
4cac56,RYR67JM,1
4d2382,RYR67JM,1
3c666f,DLH07E,1
3c65c7,DLH44K,1
3c66e8,DLH24W,1
3c6655,DLH44K,1
3c6487,DLH24W,1
3c6675,DLH07E,1
3c666f,DLH24W,1
3c6742,DLH44K,1
3c66ea,DLH24W,1
3c65da,DLH07E,1
3c6641,DLH07E,1
3c65cd,DLH07E,1
3c674d,DLH44K,1
3c65c3,DLH24W,1
4d221a,RYR36MF,1
4d2280,RYR36MF,1
4d2264,RYR1TG,1
4cafc1,RYR1TG,1
4cae92,RYR88ZR,1
4d221f,RYR35BW,1
4d24cb,RYR35BW,2
4cae92,RYR5809,1
4cac53,RYR5809,1
4d221f,RYR7889,1
4cad2a,RYR7889,1
4caee7,RYR522U,1
486953,KLM60H,1
48683f,TRA22P,1
486494,KLM56W,1
486483,KLM52Q,1
4866ed,TRA22P,1
4864ee,KLM56W,1
486803,KLM52Q,1
4864ea,KLM60H,1
486800,KLM60H,1
486804,KLM56W,1
4868e2,TRA31G,1
484c53,KLM52Q,1
486495,KLM56W,3
4868a6,KLM60H,1
486840,TRA22P,1
486484,KLM60H,1
48683e,TRA60V,1
484c51,KLM52Q,1
4864ed,KLM52Q,1
484b8f,KLM60H,1
486800,KLM56W,1
4867b0,TRA31G,1
485009,TRA22P,1
486802,KLM52Q,1
484130,KLM60H,1
440005,EJU67KF,1
440209,EJU73PF,1
3c5432,BCS3YK,1
3c1bb0,BCS3YK,1
3c1bad,BCS3YK,1
3c542b,BCS3YK,1
347301,BCS3YK,1
4d2387,RYR8898,1
4cae9d,RYR8898,1
4d22ff,RYR96SY,1
4cae9d,RYR96SY,2
4d2264,RYR96SY,1
4ca61d,RYR96SY,1
4d2280,RYR96SY,1
4cafd1,RYR96SY,1
4cafc1,RYR5VN,1
4cae9d,RYR12CT,2
4d206b,WMT8522,2
4d242e,WMT8522,1
4d2280,RYR12CT,1
4ca225,RYR12CT,1
4d2493,WMT8522,1
493289,NJE763D,1
48c135,RYR12CT,1
4d251b,RYR12CT,1
4d201e,WMT8522,1
4cafd1,RYR12CT,1
4d204b,WMT8522,1
4cae9d,RYR95XW,1
4cae98,RYR95XW,1
4cae90,RYR95XW,1
4d2382,RYR95XW,1
4cade4,RYR95XW,1
4951d3,TAP1921,1
4952cb,TAP1939,1
495039,TAP1921,1
4952cd,TAP1923,2
495299,TAP1925,1
495218,TAP35MT,1
495219,TAP1933,1
49514b,TAP1921,1
495293,TAP1931,1
495293,TAP27PS,1
495216,TAP1925,1
495216,TAP1939,1
495214,TAP3965,2
495038,TAP1933,1
495210,TAP35MT,1
495149,TAP1929,1
4952c2,TAP1923,1
49514c,TAP1921,1
49526d,RZO171,1
4951d6,TAP1925,1
4951d6,TAP1939,1
495211,TAP1931,1
4952ca,TAP1923,1
4951d5,TAP1933,1
495293,TAP35MT,1
495293,TAP1929,1
4951cb,TAP27PS,1
4951d2,TAP1937,1
4952c2,TAP27PS,1
495039,TAP1933,1
495145,TAP1939,1
4951ca,TAP1925,1
495305,TAP1921,1
495290,TAP1929,2
4951d9,TAP1931,1
4952c4,TAP35MT,1
495293,TAP1921,1
4952c4,TAP1923,1
4951cd,TAP1931,1
495216,TAP35MT,1
4951cc,TAP3965,1
4951cc,TAP1939,1
495297,TAP1925,1
495037,TAP27PS,1
49529a,TAP1933,1
4cac53,RYR49SL,1
4cae92,RYR49SL,1
4cadc0,RYR49SL,1
4cac56,RYR49SL,1
4cac53,RYR881A,1
48c130,RYR881A,2
4ca24d,RYR881A,1
4caff7,RYR881A,1
48e9f1,RYR7GU,1
4cada4,RYR7GU,1
4cae59,RYR881A,1
4cae59,RYR46CM,1
4d2208,RYR881A,1
3c6670,DLH53U,1
3c65cb,DLH53U,1
3c648d,DLH53U,1
3c65c9,DLH53U,1
3c65c8,DLH53U,1
3c65c8,DLH96N,1
3c666a,DLH96N,1
4406f0,EJU45PD,2
440062,EJU45PD,1
440036,EJU45PD,1
4ca24d,RYR75DP,1
48c12f,RYR75DP,1
4cae9f,RYR75DP,1
4d221a,RYR75DP,1
4ca6a6,RYR75DP,1
4cac53,RYR75DP,1
4ca24d,RYR63GD,1
4cad64,RYR63GD,1
4ca61c,RYR63GD,2
4cac56,RYR63GD,1
4cae98,RYR63GD,1
4d2245,RYR6532,1
4ca75f,RYR63GD,1
4cae9d,RYR6532,1
4ca24d,RYR6532,1
3481c9,BCS238P,1
48ad80,LOT2YC,1
48ae82,LOT3VA,1
48adae,LOT3NC,1
48c5cb,SPSOL,1
48adb9,LOT3AB,1
48e95a,LOT3942,1
48adab,LOT3NC,1
48ad81,LOT3942,1
48e958,LOT3VA,1
48ad0e,LOT2YC,1
48ad0f,LOT3942,1
489788,LOT3AB,1
489788,LOT3VA,1
48e81b,AMQ7A,4
48af19,LOT3NC,1
48ad81,LOT2YC,2
48ad0c,LOT3NC,1
48ad10,LOT2YC,1
48adac,LOT3942,1
489786,LOT3AB,1
48af02,LOT3942,1
48adb9,LOT3NC,2
48ae85,LOT3VA,1
48ada8,LOT2YC,1
48ad0f,LOT3NC,1
489225,ENT4JE,1
48e95b,LOT3VA,1
48adb9,LOT3942,1
48c1a1,RYR9WF,1
4ab569,SAS1756,1
4ab569,SAS2756,1
4ab5d5,SAS2756,1
4ab5d2,SAS1756,2
4ab565,SAS1756,2
4ab565,SAS2756,3
48c222,RYR9WF,1
4ab5d5,SAS1756,1
4d2387,RYR9WF,1
48c227,RYR56UL,2
48c122,RYR5LL,1
48c227,RYR8VQ,1
4cac23,RYR8VQ,1
48c227,RYR4373,1
48c222,RYR4373,1
4d223b,RYR90ZH,1
4cad39,RYR90ZH,1
4cae53,RYR90ZH,1
4cae53,RYR3868,1
4d223b,RYR52VG,1
3480ce,WFL611P,1
48c803,SPTAD,2
3c4dc9,DLH5EL,2
3c4dcd,DLH8LA,3
3c4dd2,DLH8LA,1
3c4dc2,DLH5EL,1
3c4dc4,DLH5EL,1
3c4dd0,DLH5EL,1
3c4dc8,DLH8LA,1
3c4dd2,DLH5EL,1
3c4dce,DLH8LA,1
4ca95e,RYR535U,1
4cae53,RYR535U,2
48c122,RYR2552,1
48c227,RYR2552,1
48c122,RYR266L,1
4cae51,RYR266L,1
4cae51,RYR54ZP,1
48c130,RYR266L,1
4caf27,RYR266L,2
3c4dd7,DLH2YF,2
3c4dd7,DLH1JW,1
3c4dc4,DLH1UP,1
3c4dcc,DLH2YF,1
3c4dc6,DLH1JW,1
3c4dcb,DLH1UP,1
3c4dd5,DLH1JW,1
3c4dd5,DLH1UP,1
3c4dd4,DLH2YF,1
3c4dc9,DLH1UP,1
3c4dd5,DLH2YF,1
3c4dd4,DLH1JW,1
3c4dd4,DLH1UP,2
3c4dc6,DLH2YF,1
3c4dd7,DLH1UP,1
3c4dcb,DLH2YF,1
485871,KLM72N,1
485873,KLM72N,1
484c24,KLM72N,1
484c52,KLM72N,1
4852f5,KLM72N,1
485064,KLM72N,1
48548d,KLM36K,1
4855d2,KLM72N,1
4ca259,RYR238W,1
48c227,RYR238W,1
4cae53,RYR5HB,1
4ca24f,RYR5HB,1
48c1a8,RYR5HB,1
49d5ee,TVS76P,2
4a2181,HLJ803F,1
4a08e7,ROT226J,1
471f65,WMT3996,1
471f70,WMT3996,1
4a2183,AWG673,1
4a08e9,ROT226J,1
49d5d6,TVS76P,1
4a08ec,ROT226J,1
4ca815,RYR5DA,1
4aca12,NSZ89C,1
45ab21,SAS770,1
45ac50,SAS768,4
4cac8e,SAS770,1
4caf24,SAS1766,3
4cacb0,SAS1766,1
4cac8a,SAS770,1
4aca45,NSZ89C,1
4cad86,SAS770,1
4ca763,RYR5DA,1
4cacbd,SAS1766,1
4ac9e4,SAS1766,1
4d2387,RYR5DA,1
4ab821,NSZ89C,1
45ac54,SAS768,1
4cadd9,SAS770,1
4cad92,SAS770,1
4aca50,NSZ89C,1
47ba0d,SAS768,1
4d223f,RYR5DA,1
4aca73,SAS768,1
4ca9a9,RYR91TT,1
505a88,TVS4MG,1
4ca810,RYR8541,1
4d2258,RYR31ZM,1
4d206b,WMT3PB,1
4d241f,WMT3PB,1
48c2a0,RYR8541,1
49d5ee,TVS485P,1
4ca9a9,RYR31ZM,2
49d04d,TVS450P,1
49d365,TVS479P,1
4d223f,RYR31ZM,1
4ca24c,RYR91TT,1
49d38c,TVS4MG,1
4d24d7,WMT3PB,1
4caeca,RYR91TT,1
49d13d,TVS4MG,2
471f71,WMT3PB,1
4caeca,RYR31ZM,1
4ca8fc,NOS684,1
4d201e,WMT8945,1
4d2535,WMT3PB,2
4d2493,WMT8945,1
4ca8fc,NOS683,1
4ca847,RYR91TT,1
49d04d,TVS7RV,1
4ca7b5,RYR94BD,1
342396,VLG6HL,1
345101,VLG45F,1
345101,VLG6HL,1
4d2223,RYR94BD,1
346188,VLG45F,1
3443d1,VLG6HL,1
49d2a8,JBC529C,1
345212,VLG45F,1
49d13d,TVS7RV,1
344694,VLG6HL,1
4cae57,RYR94BD,1
34744d,VLG6HL,1
49d5ef,TVS7RV,1
347601,VLG45F,1
345084,VLG6HL,1
48e9f5,RYR3073,1
342582,VLG45F,1
49d5d6,TVS7RV,1
34440b,VLG45F,1
4ca810,RYR94BD,1
345314,VLG6HL,1
489788,LOT5EN,2
48ad81,LOT5TZ,1
48ad86,LOT5YB,1
49d5b4,OKELD,6
48ad02,LOT5RW,2
48ad0f,LOT5YB,1
489789,LOT5EN,1
48adb9,LOT2EF,2
48ada4,LOT5RW,1
48ad0e,LOT5TZ,2
48ad0e,LOT5EN,1
48ac81,LOT5TZ,1
48ad03,LOT2EF,1
48adb9,LOT5YB,1
48ad81,LOT5RW,2
48ad87,LOT5YB,1
48ada3,LOT5RW,1
48ae82,LOT5TZ,1
48ad10,LOT5YB,1
48ad10,LOT2EF,1
48ad0c,LOT5EN,1
48ad87,LOT5EN,1
48adad,LOT2EF,1
48ad0d,LOT5YB,1
48ad82,LOT5YB,1
48ad86,LOT2EF,1
49d41e,TVP733P,1
48ad80,LOT5RW,1
345613,VOE58YP,2
44056b,EJU87EM,1
4401e8,EJU87EM,1
3455d8,VOE58YP,1
3455da,VOE58YP,1
491d99,NJE796V,1
4d21eb,RYR2XD,1
4caee6,RYR2XD,1
4ca810,RYR2XD,1
48c239,RYR2XD,1
4ca27b,RYR2XD,1
4caee6,RYR4092,1
440115,EJU74UB,1
440248,EJU14XA,1
440630,EJU74XQ,1
44079a,EJU74FZ,1
440248,EJU74XQ,1
440daf,EJU74FZ,1
44064a,EJU74UB,1
440d10,EJU74XQ,1
440170,EJU74FZ,1
440732,EJU14XA,1
440117,EJU74UB,1
440cff,EJU74XQ,1
440c32,EJU63DT,1
44009e,EJU14XA,1
44056b,EJU74FZ,1
440018,EJU14XA,1
440c31,EJU74FZ,1
440c31,EJU74XQ,1
440d10,EJU74FZ,1
4400b2,EJU14XA,1
484ee5,KLM36Z,2
48455d,KLM62D,1
48415e,KLM70B,1
440172,EJU14TH,1
440172,EJU41DE,1
3c6d43,KLM70Z,5
484442,KLM70B,1
484160,KLM36Z,1
4863db,KLM88Y,1
49d006,TVS475P,1
440018,EJU14TH,1
484557,KLM62D,1
484556,KLM36Z,1
484966,KLM62D,1
4864ee,KLM88Y,1
484cb7,KLM70B,1
4400b3,EJU14TH,1
484b8f,KLM70B,1
486802,KLM88Y,1
44034b,EJU41DE,1
3c5db0,KLM70Z,1
48418c,KLM36Z,1
484556,KLM70B,1
440072,EJU71BX,1
484555,KLM88Y,1
44034b,EJU14TH,3
484cb4,KLM62D,1
48415e,KLM62D,1
484c53,KLM70Z,1
484fdf,KLM70B,1
484161,KLM36Z,1
484160,KLM88Y,1
4855d2,KLM72B,1
440c35,EJU41DE,1
48455d,KLM36Z,1
484132,KLM62D,1
4853f4,KLM72B,1
484cb7,KLM88Y,1
3c6445,DLH7P,1
3c0acc,CFG8MN,1
3c6474,CFG4RY,1
300393,DLA1P,1
3c6468,CFG8UL,1
3c6678,DLH5P,1
3c6663,DLH7P,1
3c6469,CFG7TN,1
3003ae,DLA3P,1
3c0acc,CFG9LF,1
3c6643,DLH7P,1
3c6671,DLH5P,1
3006b5,DLA3P,1
3003ae,DLA1P,1
3c664f,DLH7P,1
3c6474,CFG9ZW,1
3c6468,CFG8MJ,1
30055b,DLA3P,1
3009b5,DLA1P,1
3c658c,DLH5P,1
3c674a,DLH4P,1
3c6467,CFG8VU,1
3c6468,CFG5JV,1
3c6589,DLH5P,1
300554,DLA3P,1
300554,DLA1P,1
3c674d,DLH7P,1
3c6469,CFG9CF,1
3c6469,CFG7EN,1
3c6443,DLH4P,1
3c664c,DLH7P,1
3c6583,DLH5P,1
3007ef,DLA1P,1
300780,DLA3P,1
3c6467,CFG9CA,1
3c6469,CFG9ZU,1
3c6741,DLH7P,1
3c674a,DLH5P,1
3009b2,DLA3P,1
3009b2,DLA1P,1
3c786c,CFG8NV,1
4bca69,RHH051,1
34608f,IBE08VV,1
48c220,RYR40CC,1
347344,IBE08SG,1
4d2269,RYR40CC,1
49d328,TVS3CE,2
344648,IBE08WZ,1
347453,IBE08VV,2
3445d4,IBE08SG,1
346186,IBE08VV,1
4ca564,RYR40CC,1
346499,IBE08SG,1
505a88,TVS3CE,1
4d223f,RYR40CC,2
344449,IBE08WZ,1
4d2271,RYR40CC,1
342107,IBE08VV,1
3420cb,IBE08WZ,1
49d38c,TVS3CE,1
49d5ef,TVS3CE,1
3423c4,IBE08SG,1
4ca9c3,RYR3613,1
4cad4f,RYR40CC,1
49d38c,TVS52A,2
49d006,TVS12X,1
4ca24c,RYR57UX,1
49d369,TVS52A,2
4d223f,RYR57UX,1
4d240c,EWG13PZ,1
49d3d6,TVS52A,3
49d3d6,TVS12X,3
4ca9d1,RYR57UX,1
4cac54,RYR57UX,1
4d2406,EWG13PZ,1
505a88,TVS12X,1
505e8e,EAT422,1
461f62,FIN1YB,1
45ab54,FIN1YB,1
461e15,FIN7PR,1
461e21,FIN1YB,1
461e1f,FIN7PR,1
461e15,FIN1YB,1
461fa2,FIN7PR,1
4bc8c2,PGT26NK,1
4bbd12,TKJ7WC,1
4bb879,PGT87UJ,1
4baa6e,THY3ZH,1
4bc845,PGT26NK,1
4bb876,PGT87UJ,1
4bb069,THY5JL,1
4bc84e,PGT26NK,1
4bb288,THY3FZ,1
4bc8c7,PGT87UJ,1
4bb06c,THY5JL,1
4bb1e2,THY3ZH,1
4bc894,PGT26NK,1
4bc89a,PGT87UJ,2
4baa79,THY5JL,1
4bb295,TKJ7WC,1
4baacd,THY5JL,1
4bb84d,PGT26NK,1
4baa7a,THY3FZ,1
4baa90,THY3ZH,1
4bc853,PGT87UJ,1
4ba892,THY6510,1
4bb26a,THY3FZ,1
4b9e02,TKJ7WC,1
4bb212,THY3ZH,1
4baac4,THY5JL,1
4bc8cb,PGT26NK,1
4bc8c4,PGT26NK,1
4bb299,TKJ7WC,1
4b9065,PGT87UJ,1
4bb206,THY3FZ,1
4bb06e,THY5JL,1
4baa70,THY3ZH,1
4d2279,RYR99TX,1
4ca24c,RYR99TX,1
4d223f,RYR99TX,1
4ca810,RYR99TX,1
48c133,RYR230B,1
48c238,RYR3529,1
4d227e,RYR230B,1
4ca623,RYR81WE,1
4cad39,RYR230B,1
4cadfc,RYR230B,1
4ca810,RYR3529,2
4ca624,RYR230B,1
4ca9d4,RYR230B,1
4cae59,RYR3529,1
4d2219,RYR81WE,1
4d2215,RYR230B,1
4ca2ab,RYR5MR,1
39bda4,AFR1383,1
39bda0,AFR31WZ,1
49d369,TVS2DZ,1
39e68b,AFR29LT,1
398578,AFR16LA,1
39bdb7,AFR31WZ,1
49d5ef,TVS2DZ,1
44a6e4,TAY2KN,1
39de40,TVF2395,1
39bdb2,AFR29LT,1
49d4f7,ABP421,2
39a204,TAY2KN,2
39bda2,AFR1383,1
39bdaf,AFR31WZ,3
3964e1,TVF26YV,1
49d13d,TVS2DZ,2
39bda3,AFR1383,1
39a208,TAY2KN,3
39ceb0,TVF26YV,1
39de48,TVF69FP,1
3986e2,AFR16LA,1
49d5a6,TVS2DZ,2
39bdaf,AFR29LT,2
39348e,TVF69FP,1
49d328,TVS1XY,1
398566,AFR31WZ,1
494107,NJE742A,1
39e691,AFR29LT,1
39a206,TAY2KN,2
39de41,TVF26YV,1
39e68a,AFR1383,1
49d5ef,TVS3PA,1
39de51,TVF59CX,1
398575,AFR16LA,1
39de47,TVF59CX,1
398562,AFR16LA,1
49d38c,TVS1XY,1
39de50,TVF69FP,1
39bda1,AFR1383,1
49d2b7,TVS3PA,1
3964e4,TVF26YV,1
49d5ee,TVS2DZ,1
39e68e,AFR31WZ,1
39e689,AFR1383,1
49d04d,TVS3PA,1
398604,AFR16LA,1
39de46,TVF69FP,1
39bda3,AFR29LT,1
44cdcd,BEL47P,1
49d13d,TVS2LU,1
49d5ef,TVS2MZ,1
44cdc8,BEL5GP,1
44ce62,BEL47P,1
49d5a6,TVS2MZ,1
44ce6f,BEL2KP,1
44cc46,BEL5GP,1
44ce6c,BEL2KP,1
44cdd0,BEL5GP,1
49d5ee,TVS2MZ,1
49d5d6,TVS2MZ,1
49d5ee,TVS2LU,1
44cdca,BEL2KP,1
49d13d,TVS2MZ,1
44ce76,BEL47P,1
4ca280,EIN643,1
48c1a7,RYR64AA,1
4cae91,RYR64AA,1
4cae6c,RYR7194,1
4ca640,EIN643,1
4ca810,RYR7194,2
4ca281,EIN643,1
4d223f,RYR9233,1
4ca216,EIN643,1
4ca770,EIN643,1
4ca703,RYR64AA,1
4d2080,RYR64AA,1
4cafd0,RYR9233,1
3007a6,TJD403,5
4d240c,EWG15G,1
4aca8f,NSZ72N,1
4acb02,NSZ72N,1
4d2088,EWG15G,1
4acb03,NSZ72N,1
49d353,TVS63J,1
440191,EJU14HM,2
346350,VOE89TZ,1
440195,EJU14HM,3
34660f,VOE89TZ,1
4409c0,EJU67AY,1
4401d1,EJU67AY,1
49410d,NJE846G,1
440828,AUA66A,1
44081e,AUA650A,2
49d382,JBC501E,1
440823,AUA650A,1
49d62d,AAN181,3
440822,AUA644,1
44081e,AUA66A,1
440825,AUA66A,1
440825,AUA650A,1
300393,AUA644,1
440824,AUA644,1
4caca1,ABR2VE,3
440823,AUA644,1
44081d,AUA66A,1
440826,AUA66A,1
300557,AUA644,1
49d62e,OKCTP,6
49d5e8,NTF84E,1
495cd0,WFL587P,1
5083a3,VKA601,1
49d0e0,ABP752,1
49d045,NTF104E,1
49d328,TVQ693P,1
4d240b,EWG5LC,3
491d99,NJE587K,1
4d240c,EWG5LC,2
3c4b45,EWG5LC,2
4d240c,EWG2VU,1
4d2406,EWG5LC,4
4d2014,EWG9XC,2
4d240b,EWG14DC,1
4d2406,EWG14DC,1
49d57b,AAO58,1
49d261,OKPVN,3
49d044,ABP721,1
49d174,DFC2UY,2
4d240b,EWG6951,1
49d616,OKFRY,2
502d89,BTI8MT,1
502cd0,BTI8MT,1
502ccf,BTI8MT,1
48c227,RYR8ZL,1
502d5f,BTI8MT,1
468e45,SEH761,2
4690e9,AEE6RW,1
4691c3,AEE7RE,1
49d04d,TVS4446,1
46dca2,SEH761,1
46a5e1,SEH761,1
4691c3,AEE6RW,1
4d2258,RYR68UK,1
4d2080,RYR68UK,2
4d223f,RYR68UK,1
4ca810,RYR68UK,1
4d21fd,RYR74KV,1
4ca810,RYR74KV,1
4ca61e,RYR74KV,1
3c6590,DLH5JV,1
3c644e,DLH5JV,1
3c6590,DLH3HR,2
3c644b,DLH5JV,1
3c4dc9,DLH3HR,1
3c6597,DLH2XR,1
3c644c,DLH2XR,1
3c6594,DLH5JV,1
3c6590,DLH2XR,1
3c66a6,DLH3HR,1
3c644d,DLH5JV,1
3c644b,DLH2XR,1
3c4dc8,DLH3HR,1
3c4dce,DLH3HR,1
3c6593,DLH5JV,1
3c6594,DLH2XR,1
346614,VOE1831,1
68326f,FJK1265,1
346193,VOE1831,1
347505,SWT2PG,3
48414d,TRA34P,1
485122,TRA34P,2
484b2a,TRA34P,1
48414d,TRA5G,1
48520c,TRA3E,1
347258,VOE1GU,3
345659,VOE1GU,2
3465d9,VOE1GU,1
347258,VOE87GB,4
345659,VOE87GB,1
3465c9,VOE87GB,1
346644,VOE87GB,1
347258,VOE5VB,3
344692,VLG7NF,1
3472c4,VLG85LA,1
345646,VLG76LW,1
34744c,VLG85LA,1
34768e,VLG7NF,1
345659,VOE5VB,1
345248,VLG85LA,1
3424d1,VLG7NF,2
344645,VLG7NF,1
4ca73f,RYR88,1
4d2225,RYR88,1
4d2232,RYR5CV,1
4ca73e,RYR5CV,1
4cadf9,RYR5CV,1
345692,IBE0486,1
3451d9,ANE98SF,1
347288,IBE04KK,1
345659,VOE3592,3
34260e,IBE04KK,2
348402,ANE98SF,2
344648,IBE0486,1
3483da,ANE98SF,1
3420cb,IBE0486,1
34134e,IBE04YY,1
34324f,IBE04KK,1
346499,IBE04YY,1
345691,IBE04KK,1
34604b,ANE98SF,1
344481,IBE04KK,1
346316,IBE04YY,1
3472cc,IBE0486,1
345388,ANE3153,1
347258,VOE3592,1
3420cc,IBE04YY,1
348307,IBB616W,1
3445d4,IBE04WW,1
34444b,IBE0486,1
345583,ANE98SF,1
347453,IBE04KK,1
347453,IBE04YY,1
341207,XTX161H,1
4d2213,RYR77GJ,1
4d2383,RYR77GJ,1
348207,VLG3NQ,2
34258f,VLG3NQ,2
346183,VLG3NQ,1
3451d4,VLG3NQ,1
348208,VLG3NQ,1
48c225,RYR8593,1
4d2216,RYR8593,4
4ca757,ITY1196,1
4cada8,ITY1196,1
4ca98a,ITY1196,1
4caaa7,ITY1196,2
4caaa8,ITY1198,1
4caab4,ITY1196,1
4caaa7,ITY1156,1
4caaa7,ITY1154,1
4cadde,ITY1156,1
4cade8,ITY1156,1
4caddd,ITY1154,2
4ca973,ITY1156,1
4ca90a,ITY1156,1
4caded,ITY1156,1
4ca783,ITY1154,1
4d2275,RYR9489,2
4d2275,RYR8337,4
4d2216,RYR8337,3
4d2216,RYR9489,1
4d2275,RYR2XG,2
4d2275,RYR86QD,5
4d2216,RYR86QD,1
4d2216,RYR8KR,1
4caecb,RYR5156,1
4d23fb,RYR5156,1
4cae63,RYR5156,1
4cafc1,RYR48GQ,1
4ca645,RYR48GQ,1
4d2208,RYR48GQ,1
48c224,RYR48GQ,1
4cac56,RYR48GQ,1
48c229,RYR3ML,1
4cac23,RYR3ML,1
4ca24f,RYR63XH,1
4ca855,RYR6062,1
4d23fb,RYR63XH,2
4d2212,RYR6062,1
4caf27,RYR63XH,1
4d223a,RYR63XH,1
4d22b7,RYR29LH,1
4d22c1,RYR29LH,1
4d22b0,RYR29LH,1
5110c8,AEG431,4
4d23fb,RYR9533,1
4ca8d8,RYR9533,1
4cac1f,RYR66HA,1
4cadbc,RYR66HA,2
4d223a,RYR66HA,1
4d23fb,RYR66HA,1
4d2410,EWG7EM,1
48c224,RYR40PL,1
4690e2,AEE7XP,1
46b8b3,AEE6003,1
46b8b5,AEE2RV,1
46a5e2,SEH7RT,1
46a5e2,SEH281,1
4690e4,AEE201,1
4691c7,AEE7HO,1
4690e5,AEE201,1
46d0c9,SEH5RT,1
4690fa,AEE2RV,1
4690fa,AEE7HO,1
4690fa,AEE2RH,1
469e45,SEH281,1
46a5e7,SEH7RT,1
4691c7,AEE201,1
46d0a3,SEH281,1
46dca2,SEH5RT,1
4692d8,AEE581,1
46b8b3,AEE583,1
4692d2,AEE581,1
4691c2,AEE581,2
46b82f,AEE581,1
4601fd,FIN2A,1
4601f6,FIN2MC,2
502ccf,BTI3P5,1
502d0d,BTI30W,1
4601f7,FIN3EK,2
502d29,BTI24X,1
4601fa,FIN2NP,1
502d58,BTI30W,1
4601f7,FIN2A,1
4601f3,FIN2MC,1
502d9f,BTI32B,1
4601f5,FIN3EK,3
4601f6,FIN2NP,1
502d3e,BTI24X,1
4601fb,FIN2NP,2
502d5c,BTI32B,1
4601f8,FIN2A,1
502d0f,BTI3P5,1
4601f9,FIN2A,1
4601f9,FIN2MC,2
4601f2,FIN3EK,2
502d3f,BTI30W,1
502ce4,BTI3P5,1
502d59,BTI24X,1
502ccf,BTI32B,1
502d5c,BTI30W,1
502d0c,BTI32B,1
502d59,BTI3P5,1
4601f7,FIN2MC,1
4601fc,FIN2A,1
502da9,BTI24X,1
4601f5,FIN2A,1
4601f5,FIN2MC,1
502ce6,BTI3P5,1
502ce3,BTI32B,1
502dae,BTI24X,1
4601f6,FIN2A,1
502d3f,BTI32B,1
461e1a,FIN2NP,1
502d3e,BTI30W,1
502d0e,BTI8BX,1
502ccf,BTI89G,1
502d0e,BTI89G,1
502cd7,BTI8BX,1
502ce4,BTI89G,1
502dac,BTI8BX,1
502ce6,BTI89G,2
502d10,BTI8BX,1
502d46,BTI69P,1
502d0e,BTI83L,1
3c6754,DLH893,1
3c6585,DLH891,1
3c6446,DLH893,1
3c6741,DLH891,1
3c6754,DLH891,1
502d0d,BTI83L,1
502dae,BTI83L,1
3c6443,DLH893,1
502d88,BTI6JK,1
3c6634,DLH891,1
3c66aa,DLH891,1
502da9,BTI6JK,1
3c6585,DLH893,1
3c6448,DLH891,1
48c223,RYR28HG,1
4ca302,RYR28HG,1
4d244b,RYR28HG,1
4d224e,RYR28HG,1
4ca61f,RYR28HG,1
4d2449,RYR28HG,1
48c229,RYR6EF,1
502cc7,BTI1X9,1
4acb02,NSZ2030,2
502d29,BTI1M1,1
502cc7,BTI1M1,1
502d45,BTI1X9,1
502d45,BTI1M1,1
502d5c,BTI1X9,1
4caa58,RYR6EF,1
502ce4,BTI1X9,1
4acb04,NSZ2030,2
4acb04,NSZ8484,1
4ac99a,GFM7Z,1
48c235,RYR6EF,1
502d0e,BTI1M1,2
502ce6,BTI1F5,1
502d3e,BTI1X9,1
4ca647,RYR9XA,1
4ca809,RYR6EF,1
502d88,BTI1X9,1
4d2272,RYR9XA,1
502d95,BTI1F5,1
4d2272,RYR6EF,1
502ce3,BTI6RV,1
502da9,BTI6D9,1
502d95,BTI43N,1
502d0f,BTI6RV,1
502d0e,BTI6D9,3
502d3f,BTI6RV,1
502cc7,BTI43N,2
502d28,BTI6D9,1
502d0e,BTI6RV,1
502d5e,BTI6RV,1
502d0e,BTI43N,1
502d7d,BTI43N,1
502d5a,BTI6D9,1
502d95,BTI6RV,1
502d5c,BTI35Z,1
502d45,BTI35Z,1
502ccf,BTI9FY,1
502dac,BTI35Z,1
502d58,BTI35Z,1
502cc7,BTI9FY,1
502ce3,BTI9FY,1
502cc7,BTI35Z,1
502d5c,BTI3TG,1
502ccf,BTI3TG,1
502d3f,BTI3TG,1
502d0e,BTI3TG,1
502d28,BTI6C3,1
502d28,BTI60K,1
502d46,BTI60K,1
502ce4,BTI6C3,1
502ce6,BTI60K,1
502d0d,BTI6C3,1
502cc7,BTI6C3,1
502ccf,BTI6C3,1
4cad0f,RYR292C,1
48c235,RYR292C,1
4cad0f,RYR4YK,1
48c235,RYR4YK,1
48c2b7,RYR4YK,1
48c1a8,RYR4YK,1
4cad0f,RYR748,1
502d0c,BTI7BA,1
502d5b,BTI9LE,1
502d45,BTI9LE,1
502ce6,BTI7BA,2
4d22b4,RYR748,1
502d88,BTI9LE,1
502d7d,BTI9LE,1
3cc253,AWH67T,1
502cc7,BTI7BA,1
4d22c4,RYR3KZ,1
502d3f,BTI9LE,1
4d22b6,RYR748,1
48af0b,LOT782,1
48ada6,LOT4KK,1
48adab,LOT7MZ,1
48ada7,LOT4KK,1
48ada6,LOT782,1
440d4d,TAY2IX,2
48adb9,LOT4KK,1
48ada7,LOT782,1
440d93,TAY2IX,4
48af02,LOT4KK,1
48adae,LOT782,1
48ada3,LOT7MZ,1
48ada1,LOT782,1
48ada1,LOT4KK,1
48ad82,LOT4KK,1
48ada5,LOT782,1
48ad86,LOT782,1
48ada3,LOT4KK,1
502d46,BTI9BN,1
502d3e,BTI9BN,1
4ca6aa,RYR78GE,1
502d46,BTI13F,1
502d5e,BTI1P9,1
4acb04,NSZ2062,2
502d59,BTI13F,1
502d9f,BTI1P9,1
502d95,BTI1P9,2
502d0f,BTI13F,1
502d45,BTI13F,1
502d89,BTI1A5,1
502dac,BTI13F,1
47c0d9,NSZ2062,2
502ce6,BTI1P9,1
502d10,BTI1A5,1
502d9f,BTI13F,1
502d7c,BTI9JT,2
502dae,BTI34V,1
502d5e,BTI3LR,2
502d7a,BTI3ZB,1
502d58,BTI3LR,1
502dae,BTI3ZB,1
502d89,BTI9JT,1
502d88,BTI3LR,1
502dae,BTI9JT,1
502d3e,BTI3ZB,1
502d96,BTI34V,1
502cd0,BTI3LR,1
502d0f,BTI34V,1
502ce3,BTI9JT,1
502d45,BTI3ZB,1
502dac,BTI34V,1
502cd7,BTI3LR,1
502ce3,BTI3ZB,1
502d5c,BTI34V,1
502d3e,BTI9JT,1
4247ea,PJV598,2
502ce6,BTI34V,1
502d46,BTI9JT,1
502dac,BTI3LR,1
502d7c,BTI9KV,2
502d5c,BTI9KV,1
502d3f,BTI9KV,1
4d244b,RYR20WQ,1
48c235,RYR20WQ,1
502dae,BTI9KV,1
4d2383,RYR20WQ,1
502d7c,BTI7BU,1
502dae,BTI7BU,1
502dae,BTI4ZK,2
502dae,BTI31G,1
502d5d,BTI31C,1
502d29,BTI36D,2
502d7d,BTI31C,1
502d7a,BTI31G,1
502d29,BTI31C,2
502d9f,BTI31G,1
502d95,BTI36D,1
502dac,BTI4ZK,1
502d3e,BTI31G,1
5110ae,DMS711,2
502d5f,BTI4ZK,1
502cc8,BTI31C,1
502d28,BTI36D,1
502d89,BTI31G,1
502d3f,BTI36D,1
502d7d,BTI4ZK,1
502d7d,BTI31G,1
502d3f,BTI4ZK,1
502dae,BTI36D,1
502ce5,BTI31C,1
502d59,BTI4ZK,1
502d5c,BTI31C,1
502d5f,BTI31G,1
502d96,BTI36D,1
502da9,BTI8PW,1
502d88,BTI84W,1
502d89,BTI84W,1
502ce7,BTI84W,1
502d58,BTI6UN,1
502d0f,BTI6UN,1
502cd0,BTI74A,1
502cc7,BTI6UN,1
502d0e,BTI6UN,1
502d95,BTI6UN,1
502d7a,BTI7JW,1
502d59,BTI3EF,1
502d0d,BTI7JW,1
502d0d,BTI3EF,1
502d9f,BTI7JW,1
502d7d,BTI7JW,1
502d95,BTI3EF,1
502d5d,BTI8GJ,1
502d89,BTI8GJ,1
44a6e4,TAY2IX,1
502dac,BTI8GJ,1
502d9f,BTI84F,1
502d7c,BTI8GJ,1
502ccf,BTI84F,1
502d88,BTI8GJ,1
502ce8,TVF238,1
502d5f,BTI84F,1
502d45,BTI3U9,1
502d89,BTI3U9,1
502d5a,BTI3U9,1
502d89,BTI3VL,1
502cd0,BTI3VL,1
502ccf,BTI3VL,1
48c227,RYR8KH,1
502d5f,BTI3VL,1
502d0d,BTI9TZ,1
4d2223,RYR96FP,1
48c235,RYR96FP,1
502d5c,BTI9TZ,2
48c227,RYR96FP,1
502dae,BTI9TZ,1
4baa72,THY4CN,1
4bb061,THY5BK,1
502d9f,BTI711,1
4bab2d,THY5BK,1
4bb323,THY5BK,1
4bab2d,THY4CN,2
4baa6e,THY4CN,1
502d3e,BTI711,1
4bb06f,THY5BK,1
4ba90f,THY5BK,1
4baa8a,THY4CN,1
341699,SWT2KR,3
502d9f,BTI6VP,2
3455d9,VOE3EV,6
3455d9,VOE5XQ,5
3455d9,VOE2798,2
4ca702,RYR48BH,1
4d248e,WMT6JT,1
4cad5b,ITY078,1
48c1a1,RYR57TP,1
348205,VLG45VP,1
34258f,VLG3QE,1
4caddd,ITY076,1
4caf26,RYR8573,1
4caf26,RYR53DZ,1
4cade9,ITY074,1
4d208f,WMT6068,1
348208,VLG30LF,2
3472c4,VLG1ZV,1
345101,VLG78WG,1
34454a,VLG3QE,1
4ca759,ITY076,3
4ca97c,RYR57TP,3
4d2280,RYR53DZ,1
345041,VLG78WG,1
4cada7,ITY074,1
342398,VLG6113,1
4cadde,ITY078,1
342582,VLG30LF,4
4d241f,WMT6068,1
4ca4ef,RYR57TP,1
4cade9,ITY076,1
343194,VLG45VP,1
342398,VLG78WG,1
347601,VLG45XH,1
4ca8ff,ITY074,1
4d2280,RYR48BH,1
4cadea,ITY074,1
343194,VLG9EG,1
345116,VLG45VP,1
345041,VLG45XH,2
4ca90a,ITY076,1
34440b,VLG78WG,2
4d2212,RYR53DZ,1
4ca7b5,RYR48BH,1
4d20be,WMT6068,1
4caefa,ITY078,1
345359,VLG1ZV,1
4ca225,RYR6986,1
4ca8ff,ITY078,2
3453c3,VLG9EG,1
4cad12,RYR53DZ,1
4d252a,WMT6068,1
344694,VLG78WG,1
4ca798,ITY074,1
4d2533,WMT6JT,1
345614,VLG45VP,1
4cae97,RYR48BH,1
39a1ef,PVR44B,1
4ca7b5,RYR53DZ,1
4cad5d,ITY076,1
342591,VLG30LF,1
4ca737,RYR48BH,1
345643,VLG45XH,1
4cae62,RYR6986,1
4d241f,WMT6JT,1
347601,VLG1ZV,1
4d204b,WMT6068,1
4caded,ITY074,1
343046,VLG9EG,2
4ca6fc,RYR57TP,1
4cade9,ITY078,1
4ca56b,RYR8573,1
48c135,RYR53DZ,1
4d2095,RYR57TP,1
4d2493,WMT6068,1
345043,VLG45VP,1
4d252a,WMT6JT,1
345614,VLG1ZV,1
4d2228,RYR48BH,1
4ca85c,ITY074,1
392aef,AFR54SL,1
4d248e,WMT7449,2
440356,TAY1LA,9
348205,VLG6255,1
39bdae,AFR99ZR,1
39348e,TVF43EV,1
440469,EJU35FU,2
39bdb4,AFR89VR,1
440181,EJU96FK,1
3472c3,VLG6WK,1
4cadea,ITY332,2
39de42,TVF98UP,2
3991e1,AFR51FQ,1
440019,EJU14TC,1
3991e9,AFR87MK,2
44046d,EJU16YN,1
3964f1,TVF67KL,1
4cadde,ITY324,1
392aee,AFR1405,2
3472c4,VLG3XP,1
343194,VLG55WP,2
398571,AFR51FQ,1
3991e7,AFR87MK,1
4cae18,ITY316,2
440019,EJU35FU,1
440019,EJU16YN,1
39de53,TVF67KL,2
39e697,AFR99ZR,1
39bdb0,AFR89VR,1
4ca90a,ITY324,1
39de51,TVF43EV,1
343194,VLG6255,3
3444da,VLG3XP,1
3991e3,AFR54SL,2
348204,VLG62DV,1
4ca8ff,ITY332,2
44015a,EJU35FU,1
440589,EJU4093,1
39de55,TVF67KL,1
33ffc0,IAM3135,1
343194,VLG3XP,1
392af1,AFR54SL,2
392aee,AFR99ZR,1
392aee,AFR51FQ,1
39e697,AFR1405,1
347601,VLG55WP,1
4ca8ff,ITY324,1
39e68a,AFR89VR,1
4cae1c,ITY316,1
344099,VLG6WK,1
4402db,EJU16YN,1
39de46,TVF43EV,1
392af9,AFR87MK,1
392af9,AFR54SL,1
4ca798,ITY324,1
34768f,VLG6WK,1
3964f0,TVF43EV,1
44015a,EJU14TC,1
39ceb0,TVF98UP,1
392af4,AFR87MK,1
344158,VLG55WP,1
3991e7,AFR1405,1
3985a6,AFR51FQ,3
4d2533,WMT7449,2
392aec,AFR89VR,1
39bdb5,AFR99ZR,1
39cea3,TVF67KL,1
39de40,TVF43EV,1
39de4f,TVF67KL,1
39de4f,TVF98UP,1
4cae18,ITY324,1
4cad5f,ITY316,1
440352,EJU35FU,1
440352,EJU16YN,3
4403f0,EJU96FK,1
3991e1,AFR87MK,1
49410a,NJE502K,1
3950cf,AFR1405,1
4ca798,ITY332,1
494108,NJE338R,1
39e681,AFR99ZR,1
4401fa,EJU14TC,1
343046,VLG55WP,3
344158,VLG3XP,1
344158,VLG6255,1
39bdb2,AFR89VR,1
34768f,VLG6259,1
4caddd,ITY324,1
344694,VLG6WK,1
39de54,TVF67KL,1
440065,EJU4093,1
39bdb5,AFR89VR,1
39e680,AFR1405,1
39de53,TVF43EV,1
4cae17,ITY316,1
4d2493,WMT7449,1
4cade9,ITY332,1
343046,VLG6255,2
4402db,EJU35FU,1
39e698,AFR99ZR,1
394c10,AFR99ZR,1
4401fa,EJU35FU,1
4cada6,ITY316,1
4cae19,ITY332,1
39de55,TVF43EV,1
392af4,AFR1405,1
4d2022,WMT7449,1
394c09,AFR89VR,1
4cadec,ITY324,1
392af0,AFR87MK,1
394c0c,AFR51FQ,1
3991ea,AFR54SL,1
4d2095,RYR9BW,1
4ca811,RYR9BW,2
4d2213,RYR9BW,1
4ca56b,RYR4464,1
4ca2c0,RYR9BW,2
4ca4f5,RYR4464,1
4cac85,RYR4464,1
4d2095,RYR9025,1
4d2228,RYR9025,1
4d2095,RYR30CW,1
4d248e,WMT617,1
4ca304,RYR995V,1
4d225f,RYR43WE,1
4caf26,RYR43WE,1
4ca225,RYR995V,1
4d204b,WMT4548,1
4d20be,WMT4548,1
4d2213,RYR30CW,1
4cad4f,RYR995V,1
4d2533,WMT617,1
4ca27c,RYR995V,1
4ca27c,RYR43WE,1
4d2222,RYR30CW,1
4ca9a9,RYR48RF,1
505a88,TVS25H,1
4ca810,RYR242T,1
4d2258,RYR91SV,1
4d206b,WMT363,1
4d241f,WMT363,1
48c2a0,RYR91SV,1
4ca9a9,RYR242T,2
4d223f,RYR242T,1
4cadb7,RYR48RF,1
49d38c,TVS25H,1
4d24d7,WMT363,1
4caeca,RYR48RF,2
49d13d,TVS25H,2
49d365,TVS479F,1
4d2261,RYR48RF,1
471f71,WMT363,1
4caeca,RYR242T,2
48e9f5,RYR242T,1
4d201e,WMT1RP,1
4d2535,WMT363,2
4d2493,WMT1RP,1
4ca847,RYR91SV,1
4ca847,RYR48RF,1
4ca63b,EIN40W,1
4ca63b,EIN4TH,1
4cae00,RYR51XV,1
4ca811,RYR9616,1
4cae6b,RYR51XV,1
4ca280,EIN4TH,1
4caea0,RYR51XV,1
4ca216,EIN4TH,1
4ca27f,EIN4TH,1
4ca5c8,EIN40W,1
4cac87,RYR51XV,1
4ca281,EIN40W,1
4ca8e6,RYR83WN,1
4ca935,EIN4TH,1
4cadf0,RYR51XV,1
4d2383,RYR9616,2
4d2241,RYR40SX,1
4cadff,RYR83WN,1
4cadb8,RYR51XV,1
4cad0f,RYR40SX,1
4ca216,EIN40W,1
4ca293,EIN4TH,1
4cae8d,RYR51XV,1
4d2211,RYR40SX,1
4ca76f,EIN4TH,1
4cae11,ITY2056,1
4ca8f5,ITY2044,1
4cad5c,ITY2050,3
4cad5c,ITY2038,1
4ca85c,ITY2092,1
4cad57,ITY2130,1
4ca757,ITY2010,1
3001ca,LSA211,3
300a3b,ITY2114,2
300a3b,ITY2036,2
4cadde,ITY2014,1
4cad5d,ITY2028,1
4caf1c,ITY2016,1
4caded,ITY2056,1
4ca98a,ITY2114,1
4cad52,ITY2130,2
4d2103,AXY527S,1
4cadee,ITY2044,1
4cae11,ITY2036,1
4caefb,ITY2016,1
4ca973,ITY2038,1
4cade8,ITY2010,1
440592,GAC703U,1
4cad57,ITY2028,1
4caddd,ITY2014,1
300619,ULC25,2
4ca759,ITY2010,2
4cad5e,ITY2050,1
4cad5e,ITY2016,2
4cade8,ITY2092,2
4caaa7,ITY2044,1
4932a1,NJE030T,1
300a3a,ITY2056,1
300371,LSA201,4
4ca85c,ITY2014,1
4caf1e,ITY2038,1
33fca4,IAM3131,2
4caefe,ITY2114,1
4caefe,ITY2036,2
4cad5f,ITY2028,1
300a00,SNM831,2
4cad5f,ITY2092,1
4cad5f,ITY2016,1
300500,CPI199,1
4caf1c,ITY2028,1
4d0210,SVW79GD,2
4caded,ITY2014,1
4ca98a,ITY2044,1
4cada8,ITY2038,1
4ca973,ITY2114,1
4caefb,ITY2056,1
4caefb,ITY2036,1
300a3b,ITY2130,1
4ca85c,ITY2016,1
4cad5f,ITY2044,1
4caefa,ITY2056,1
4ca783,ITY2014,1
4cade9,ITY2130,1
4cadde,ITY2038,1
4caefc,ITY2050,1
4caefc,ITY2028,1
4ca973,ITY2092,1
a88d40,N650FJ,2
4caaa7,ITY2010,1
4caf1d,ITY2050,1
4caefe,ITY2044,1
4ca759,ITY2038,1
4ca757,ITY2130,1
4cae12,ITY2056,1
4cadcb,ITY2058,1
300a3b,ITY2028,1
4cada7,ITY2036,1
4ca8f4,ITY2038,1
4cada6,ITY2130,1
300a26,LSA601,1
4ca8ff,ITY2044,1
4cad57,ITY2058,1
440484,EJU39ZF,1
440181,EJU39ZF,1
440065,EJU39ZF,2
440589,EJU39ZF,3
3453cc,AEA26CT,3
346499,IBE0654,1
346083,AEA19SN,3
4ca783,ITY064,1
34134d,IBE06GT,1
4ca912,RYR92SW,1
4d2022,WMT3924,2
4cade9,ITY060,1
4cae1c,ITY058,1
346316,IBE06LL,1
471f75,WMT838,1
4ca56a,RYR34VJ,1
342091,IBE06PH,2
34250a,IBE06EY,2
346186,IBE06LP,1
4cae54,RYR88LE,1
34608e,IBE0654,2
346316,IBE06EY,2
4caf2a,RYR34VJ,1
4cada7,ITY060,1
346082,AEA19SN,1
34134e,IBE06LP,2
3423c3,IBE06LL,1
34224e,IBE06GT,2
4ca8ff,ITY058,1
3423c4,IBE06PH,2
4d204b,WMT3924,1
4caded,ITY060,2
4d248e,WMT3924,1
34608f,IBE06PH,1
34608f,IBE06PR,1
4ca701,RYR34VJ,1
4ca27c,RYR88LE,1
3423c4,IBE06LL,1
34250a,IBE06LP,1
346083,AEA26CT,1
4ca90a,ITY058,2
4ca798,ITY058,1
4cadea,ITY060,2
34620b,IBE06PH,1
34608e,IBE06GT,1
347453,IBE0654,1
4d2535,WMT838,2
34608f,IBE06LL,1
4cae92,RYR92SW,1
34538e,AEA26CT,2
4d2259,RYR34VJ,1
4d2259,RYR88LE,1
342059,IBE06EY,1
342059,IBE06LP,1
4d241f,WMT3924,1
4cada7,ITY064,1
344481,IBE06PH,1
4ca759,ITY064,1
48c229,RYR88LE,1
4d2535,WMT3924,1
34134d,IBE06LP,1
4ca9c3,RYR34VJ,1
3423c3,IBE0654,1
4cae17,ITY058,1
4d2224,RYR5YE,1
4d242e,WMT838,1
4ca718,ITY060,1
347344,IBE06PR,1
34538e,AEA19SN,3
34134e,IBE0654,1
34134e,IBE06GT,1
344481,IBE06EY,1
34620b,IBE06LL,1
34660b,IBE06LP,1
4ca56b,RYR88LE,1
4cadee,ITY064,1
4cae18,ITY058,1
4d2493,WMT3924,1
4ca56b,RYR5YE,1
4ca811,RYR88LE,1
4d204b,WMT838,1
342211,IBE0654,1
342211,IBE06GT,1
4d226c,RYR34VJ,1
48c2b2,RYR92SW,1
346082,AEA26CT,1
346147,IBE06EY,1
344481,IBE06LL,1
344648,IBE06PR,1
4cad5b,ITY7CI,2
4ca798,ITY1165,1
4cad5f,ITY1173,1
4ca730,ITY1165,1
4caefb,ITY7CI,1
4caefa,ITY1173,1
4d227b,RYR749,1
4cad5d,ITY7CI,2
4caddd,ITY1165,1
4ca798,ITY1173,1
4caddd,ITY7CI,1
4cadcb,ITY1165,1
4ca90a,ITY1165,1
4cad5b,ITY1165,1
4ca783,ITY1173,1
4cae12,ITY1173,1
4ca718,ITY1165,1
4cad5b,ITY1383,1
4cad5e,ITY1391,1
4d207b,AEZ2427,6
4d207b,AEZ2425,6
4ca798,ITY1389,1
4cad5d,ITY1391,1
4caefa,ITY1389,1
4ca798,ITY1395,1
4ca783,ITY1389,1
4ca783,ITY1391,1
4cad5d,ITY1395,1
4cadde,ITY1383,1
4caddd,ITY1389,1
4cad52,ITY1395,1
4cad57,ITY1383,1
4ca973,ITY1391,1
4ca85c,ITY1389,1
4ca85c,ITY1391,1
33fca4,IAM3174,1
4cad5e,ITY1383,1
4cad57,ITY1389,1
4cae11,ITY1395,1
4cad5f,ITY1383,1
4caefb,ITY1391,1
4cad52,ITY1383,1
4cad5b,ITY1395,1
4caf1d,ITY1389,1
4d252a,WMT1023,1
4ca27c,RYR99AH,1
4d2259,RYR1RT,1
4d248e,WMT1023,1
4ca225,RYR99AH,1
4d204b,WMT1023,2
4cae5a,RYR1RT,1
4ca912,RYR99AH,1
4d20be,WMT1023,1
4ca4f5,RYR99AH,1
4ca61f,RYR99AH,1
4d2528,WMT1023,1
4cabf8,MSA711,4
4ca225,RYR8EC,1
4d22ab,KMM615,2
4d22ab,KMM613,2
4d24ca,RYR890C,2
4d2095,RYR8EC,1
4d21dc,KMM615,2
4d21dc,KMM613,2
4d226f,RYR8EC,1
48c2a8,RYR46ZK,1
4d21a2,KMM615,1
4d21a2,KMM613,1
4cad12,RYR8EC,1
48c229,RYR8EC,2
4d226f,RYR46ZK,1
4d22d7,HYP028,1
4d2095,RYR46ZK,1
4d2038,KMM615,2
4d2038,KMM613,1
4d2383,RYR46ZK,1
4d2383,RYR8EC,1
4d23fa,RYR890C,1
34838b,VOE2389,2
48e95c,LOT304,1
4d2433,WZZ4AR,1
4d204a,WZZ5786,1
48af09,LOT3EJ,1
48af12,LOT3EJ,2
48af05,LOT304,1
471f75,WMT437,2
471dbf,WZZ4AR,1
471f6a,WZZ5786,1
4d242d,WZZ4AR,2
30090d,CPI181,2
48af03,LOT304,2
471f71,WMT437,1
48af06,LOT304,1
471fa1,WZZ4AR,1
4d24ab,WZZ5786,1
4d204a,WZZ4AR,1
4d242d,WZZ5786,1
48af0d,LOT304,1
4d200e,WZZ4AR,1
48af0c,LOT3EJ,1
48e95f,LOT304,1
3c6635,DLH1MM,1
440181,EJU12GA,2
3c6482,DLH3RM,1
3c65cd,DLH4TU,1
3c6678,DLH4TU,1
3c65ca,DLH237,1
3c66e8,DLH3RM,1
440484,EJU12GA,2
3c6543,DLH237,1
4cada8,ITY404,1
3c66e8,DLH4TU,1
3c666f,DLH3RM,1
3c6654,DLH4TU,1
4cadde,ITY404,1
440589,EJU12GA,2
3c6753,DLH4TU,1
3c6653,DLH3RM,1
4caf1d,ITY404,1
4cad57,ITY404,1
3c66aa,DLH1MM,1
3c6675,DLH4TU,1
3c6753,DLH237,1
3c667a,DLH3RM,1
440065,EJU12GA,1
3c6653,DLH4TU,1
4cad5f,ITY404,1
3c6589,DLH237,1
3c6635,DLH3RM,1
3c6654,DLH1MM,1
4d234c,RYR70BK,1
48c2b9,RYR70BK,1
4d234b,RYR70BK,1
4caeca,RYR70BK,1
4ca8d7,RYR70BK,1
4cad5c,ITY1777,1
4ca783,ITY1795,1
4d2213,RYR5ZZ,1
4cadea,ITY1785,2
4ca27c,RYR5KK,2
4ca27c,RYR845H,2
4d2508,AEZ145N,2
4d2508,AEZ141W,1
4cade9,ITY1783,1
4ca2bf,RYR656W,2
4ca56a,RYR3946,1
4ca798,ITY1781,1
4cadea,ITY1783,2
4ca2bf,RYR5ZZ,3
4ca2bf,RYR845H,1
4d2508,AEZ146R,2
4cade8,ITY1795,1
4cadcb,ITY1781,1
4d2213,RYR3946,1
4caddd,ITY1785,1
4caf1d,ITY1777,1
4caf1c,ITY1777,1
4caded,ITY1785,2
4ca8d6,RYR845H,1
4caf26,RYR3946,1
4caddd,ITY1795,1
4caddd,ITY1781,1
4d21cf,AEZ146R,2
4cadcb,ITY1783,1
4cadcb,ITY1795,1
4d236b,RYR5KK,1
4ca8d6,RYR5ZZ,1
4cadea,ITY1795,1
4cadea,ITY1781,1
4ca27c,RYR3946,1
48e899,ENT6MJ,1
4d21cf,AEZ145N,1
4ca2c0,RYR5ZZ,1
4cadee,ITY1783,1
48c135,RYR845H,1
4cad5b,ITY1785,1
4ca226,RYR5ZZ,1
4ca2c0,RYR3946,1
4cad5b,ITY1781,1
4caefb,ITY1785,1
4d21d2,AEZ146R,1
4d21d2,AEZ145N,2
4ca730,ITY1783,1
4ca730,ITY1795,1
4ca802,RYR5KK,1
4cada7,ITY1777,1
4ca56b,RYR3946,1
4cad5d,ITY1777,1
4caded,ITY1795,1
4d21cf,AEZ141W,1
4ca718,ITY1783,1
4ca718,ITY1781,1
4d236c,RYR845H,1
4ca2bf,RYR5KK,1
4aca4a,NSZ56J,1
4cadf0,RYR97XH,1
4aca84,NSZ56J,1
4ca809,RYR97XH,1
4aca87,NSZ56J,1
48c135,RYR97XH,1
4acb04,NSZ56J,1
4ca27c,RYR97XH,1
4d2272,RYR97XH,1
3c6486,DLH9AP,2
440065,EJU57DQ,4
3c64aa,DLH1XK,1
4caddd,ITY432,1
3c65c9,DLH5RK,1
3c65c9,DLH3RL,1
4caaa7,ITY432,1
3c6759,DLH1XK,1
3c674e,DLH3RL,1
3c65d4,DLH5RK,1
3c65d5,DLH9AP,1
3c66b0,DLH3RL,1
3c674e,DLH1XK,1
4ca783,ITY432,1
3c675a,DLH5RK,1
440484,EJU57DQ,1
3c65d4,DLH3RL,1
3c64a8,DLH5RK,1
3c64a5,DLH1XK,1
4caefa,ITY432,1
3c648e,DLH9AP,1
3c6670,DLH5RK,1
3c6670,DLH3RL,1
3c66a3,DLH1XK,1
440589,EJU57DQ,1
4cad5d,ITY432,1
3c66ad,DLH3RL,1
4403f0,EJU57DQ,1
3c666a,DLH9AP,1
3c666a,DLH1XK,1
4cae12,ITY432,1
3c66ab,DLH5RK,1
3c675a,DLH3RL,1
3c6488,DLH5RK,1
3c666b,DLH9AP,1
3c6670,DLH1XK,1
a5745b,N450Z,2
440065,EJU53UG,4
440cff,EJU51TR,1
440219,EJU91MJ,1
440195,EJU79VL,1
440484,EJU53UG,1
44061c,EJU79VL,1
440031,EJU79VL,1
440191,EJU79VL,2
4402ac,EJU51TR,1
440589,EJU53UG,1
4403f0,EJU53UG,1
4cadc0,RYR945,1
4ca624,RYR945,1
4d2261,RYR945,1
4d227a,RYR945,1
4cad64,RYR9117,1
4cae98,RYR945,2
4d227a,RYR9117,1
3444c8,VOE3GT,1
4d241f,WMT6756,2
440484,EJU52FK,1
44028c,EJU65GD,2
346613,VOE3GT,2
440053,EJU65GD,1
346644,VOE3GT,1
4403f0,EJU52FK,1
4bc885,PGT18N,1
4bb21a,THY3SL,1
01026c,SVI4882,1
4bb2a2,TKJ51D,1
4bc882,PGT1224,1
4bb289,THY3SL,1
4bc8d3,PGT18N,1
4bc8d3,PGT1224,1
4baa84,THY40S,1
4baa94,TKJ51D,1
4baa64,THY3SL,1
4baa92,THY8VG,1
4bc854,PGT18N,1
4bb207,THY6SR,1
4baa8d,THY40S,1
4bc8c3,PGT1224,1
4bbd0a,TKJ51D,1
4bc841,PGT18N,1
4bc893,PGT1224,1
4bb20c,THY6SR,1
4baa76,THY40S,1
4b9521,TKJ51D,1
4baa75,THY8VG,1
4bb205,THY3SL,1
4bb262,THY40S,1
4bc841,PGT1224,1
4baa93,TKJ51D,1
4ba9d0,THY3SL,1
4bc855,PGT18N,1
4bb205,THY6SR,1
4baa7a,THY3SL,1
4ba9e8,THY8VG,1
4bc8cd,PGT18N,1
4bb26c,THY40S,1
4bc8c5,PGT1224,1
4bbd05,TKJ51D,1
4baa66,THY40S,1
4ba8d2,TKJ51D,1
4bb210,THY6SR,1
4bc8cc,PGT18N,1
4bc89a,PGT1224,1
4bb1a3,THY3SL,1
4baa70,THY8VG,1
494105,NJE061P,1
4ca759,ITY1579,1
4ca730,ITY1575,2
4cade8,ITY1571,1
4ca798,ITY1589,1
4ca757,ITY1575,1
346107,LAV8011,1
4ca730,ITY1589,1
4cadcb,ITY1571,1
4ca798,ITY1579,1
4ca8f5,ITY1589,1
4ca783,ITY1575,1
4ca90a,ITY1579,1
4ca798,ITY1571,2
4ca718,ITY1579,1
4ca718,ITY1589,2
4ca8ff,ITY1575,2
4ca8ff,ITY1571,1
4cadea,ITY1579,1
4cadea,ITY1571,1
4cade9,ITY1589,1
4cade8,ITY1579,1
4ca730,ITY1571,1
4caddd,ITY1575,1
4ca757,ITY1589,1
4ca85c,ITY1579,1
4ca759,ITY156,1
4ca27c,RYR16SQ,2
440484,EJU85PT,1
44cdce,BEL2TI,1
4ca8ff,ITY160,1
4cad5f,ITY156,1
4cadea,ITY160,1
44cdc6,BEL2TI,1
440065,EJU85PT,2
440065,EJU81QT,1
4cad57,ITY160,2
44ce6e,BEL5LC,1
4d2213,RYR2CZ,1
44cdc5,BEL3SG,1
4cae1c,ITY156,1
44d076,BEL3SG,1
4ca811,RYR16SQ,1
44d071,BEL2TI,1
440484,EJU81QT,1
44cdc2,BEL2TI,1
a6eab1,N545C,1
4cae17,ITY160,1
4ca90a,ITY160,2
48c229,RYR2CZ,1
44cdcd,BEL3SG,1
4403f0,EJU81QT,1
4d2259,RYR4SY,1
34568d,VOE87GA,1
44083f,EJU15TW,1
4404a4,EJU15TW,1
347256,VOE87GA,1
440630,EJU15TW,1
3455d8,VOE87GA,1
440179,EJU15TW,1
34714e,VOE87GA,1
44006d,AUA552K,1
4d22c8,RYR766R,1
4d22b6,RYR3BV,1
44001a,AUA55P,1
3008f2,SNM571,1
30086a,SNM921,1
44001a,AUA552K,1
45ce46,ITY9470,1
4d22af,RYR3BV,1
440c8c,AUA55P,1
440667,AUA552K,2
44022b,AUA55P,1
4d2259,RYR3BV,1
4d22c8,RYR3BV,1
440609,AUA55P,1
4402a3,AUA55P,2
4d22c3,RYR3BV,1
4d22b3,RYR54VW,1
4d22b3,RYR766R,1
4d22b2,RYR3BV,1
440c8c,AUA552K,1
440181,EJU75HG,1
4d2383,RYR92ZL,1
440ca9,EJU39ZY,1
4ca811,RYR644Z,1
490d84,NJE686N,1
440484,EJU63JY,2
4d2383,RYR644Z,1
4ca27c,RYR644Z,1
440181,EJU63JY,1
4d2213,RYR92ZL,1
4d2213,RYR644Z,2
440484,EJU75HG,1
4400e3,EJU63JY,1
4cac1f,RYR92ZL,1
440219,EJU39ZY,1
440065,EJU75HG,1
440c6f,EJU63JY,1
48c2a9,RYR92ZL,1
4d2228,RYR644Z,1
4ca56b,RYR644Z,1
4403f0,EJU75HG,1
4d236c,RYR92ZL,1
4d2383,RYR37BJ,1
a41941,UPS267,1
a49e9a,UPS267,1
4ca811,RYR37BJ,1
4cad12,RYR37BJ,1
a4158a,UPS267,1
48c228,RYR37BJ,2
48c229,RYR7LD,1
4d2383,RYR63SB,1
4aca15,NSZ3731,1
47ba78,SAS682,1
48c1a1,RYR63SB,1
4a91f8,SAS682,1
4ac9ef,SAS682,1
4aca8b,NSZ3731,1
4d21f0,RYR4HG,1
4aca94,NSZ3731,1
4acaa1,SAS682,1
48c233,RYR63SB,1
45ac50,SAS682,1
4cadb8,RYR63SB,1
4ab822,NSZ3731,1
4aca92,NSZ3731,1
4ca88c,RYR63SB,1
4cad92,SAS682,1
45aa4f,DTR73H,5
45aa4f,DTR71V,5
4cac89,RYR66NN,1
4cac89,RYR96LL,1
4cadfc,RYR66NN,1
4ca245,RYR7529,1
4ca243,RYR96LL,1
4d2279,RYR66NN,1
4ca244,RYR96LL,1
48c2a0,RYR96LL,1
4ca24c,RYR66NN,1
48c2a0,RYR66NN,1
4caeca,RYR96LL,1
4ca24e,RYR96LL,1
4ca27a,RYR7529,1
4cac88,RYR66NN,1
4d2232,RYR66NN,1
4cadc3,RYR96LL,1
4d2213,RYR9662,1
4d2095,RYR9662,1
4d2257,RYR6852,1
4d2022,WMT987,1
4d2535,WMT1257,1
4d2263,RYR34YQ,1
4ca27c,RYR34YQ,1
4d2095,RYR34YQ,1
4d2259,RYR6852,1
4d234d,RYR34YQ,1
4d2528,WMT1257,1
4cadc4,RYR6852,2
4d2022,WMT1257,1
471f73,WMT987,1
4cadc4,RYR34YQ,1
4d2420,WMT1257,1
48c229,RYR6852,1
48c135,RYR34YQ,1
4caff8,RYR8499,1
4cada3,RYR34YQ,1
4caefe,ITY1363,1
4caaa7,ITY1357,1
4ca757,ITY1359,1
4cad5b,ITY1363,1
4cad5b,ITY1357,1
4caf1c,ITY1359,1
4cad5d,ITY1357,1
4cad57,ITY1363,1
4cad5d,ITY1365,1
4ca8ff,ITY1359,1
4cad52,ITY1363,1
4cae12,ITY1357,2
5000da,T7ACA,1
4caefc,ITY1363,1
49d3d5,TVS4313,1
4cae11,ITY1363,1
4caf1d,ITY1357,1
4cad52,ITY1359,1
4cadee,ITY1365,1
4cae12,ITY1359,1
4caefb,ITY1363,1
4caefe,ITY1319,1
4cad52,ITY1321,3
4cad52,ITY1311,2
4caf1c,ITY1319,1
4caf1c,ITY1321,1
300a3b,ITY1311,1
4ca90a,ITY1311,1
4cad57,ITY1321,2
4cae12,ITY1319,1
4caf1d,ITY1311,1
4ca225,RYR78UB,1
4d2095,RYR78UB,1
4d236c,RYR78UB,1
4ca2c0,RYR78UB,1
4d21f7,RYR8BB,1
48c126,RYR91ER,1
4ca2d5,RYR91ER,1
4ca9a9,RYR91ER,1
4ca73a,RYR91ER,1
4cadc3,RYR91ER,1
4d21f7,RYR91ER,1
4d225a,RYR8BB,1
4d225a,RYR91ER,1
4cadea,ITY110,1
484161,KLM84A,1
484161,KLM92V,2
48418a,KLM76R,1
485a33,KLM54G,1
4ca8ff,ITY108,1
4cae17,ITY110,1
4ca90a,ITY108,1
484165,KLM84A,2
484160,KLM76R,1
484558,KLM92V,1
48415f,KLM54G,2
48418a,KLM92V,1
4cae17,ITY108,1
484132,KLM76R,1
4cadde,ITY110,1
484558,KLM84A,1
484132,KLM92V,1
484556,KLM54G,1
4caded,ITY110,1
4ca783,ITY110,1
48418c,KLM76R,1
4cadee,ITY108,1
484555,KLM84A,1
484161,KLM54G,1
48418d,KLM1602,1
4caddd,ITY108,1
4cae1c,ITY110,1
484160,KLM84A,1
484133,KLM76R,1
484558,KLM54G,1
484161,KLM76R,1
484162,KLM92V,1
484132,KLM54G,1
484555,KLM1602,1
4cadec,ITY108,1
4ca85c,ITY110,1
4d21fc,RYR6SU,1
4ca8af,RYR30ZE,1
4d200f,WZZ8068,1
4d242e,WMT7CQ,1
4cac89,RYR30ZE,1
4ca624,RYR6SU,1
471db3,WZZ8068,1
471d66,WZZ8068,1
4cae90,RYR6SU,1
48c1a5,RYR30ZE,1
48c1a8,RYR30ZE,1
4d20bf,WZZ8068,1
48c2a0,RYR6SU,1
4d2233,RYR6SU,1
471f6e,WZZ8068,1
4ca7b3,RYR30ZE,1
471dbf,WZZ8068,1
4d2261,RYR30ZE,1
4d2234,RYR6SU,1
4d204b,WMT7CQ,1
48c2a3,RYR30ZE,1
4ca847,RYR6SU,1
471dbe,WZZ8068,1
4d21fc,RYR12UP,1
471d60,WZZ6BD,2
4d241c,WZZ8YK,1
48c121,RYR69AF,1
471d65,WZZ6BD,1
48c1a2,RYR69AF,1
4d2258,RYR12UP,1
48c2a5,RYR69AF,1
4d24ae,WZZ6BD,1
48c1a2,RYR12UP,2
48c12c,RYR12UP,1
471d5b,WZZ6BD,1
471dba,WZZ8YK,1
4d2221,RYR69AF,1
4d20ff,WZZ6BD,1
48c138,RYR17SA,1
48c12d,RYR69AF,1
4d2095,RYR7192,1
4d20ff,WZZ8YK,1
4cadc3,RYR17SA,1
4cadc3,RYR12UP,1
4caeca,RYR69AF,1
477ff5,HUF117,1
48c138,RYR69AF,1
471f3d,WZZ8YK,1
4d200f,WZZ6BD,1
4d2261,RYR12UP,1
4d245f,WMT3NF,1
4a09b2,AEZ168T,1
48c2a0,RYR77QM,3
4d20bc,WMT967,1
48c2a0,RYR981M,1
4d24b2,WMT967,1
4d2022,WMT967,1
4d24d7,WMT805,1
4d2287,RYR77QM,1
4ca624,RYR981M,1
4a08e6,ROT404H,1
4a2184,AEZ168T,1
471f69,WMT967,1
471f06,WMT3NF,1
4caeca,RYR981M,1
4d201d,WMT3NF,1
4d24b3,WMT3NF,1
4d2100,WMT967,1
4a08e9,ROT404H,1
4caeca,RYR77QM,1
4ca24e,RYR981M,1
4d24b4,WMT967,1
4d2261,RYR77QM,1
3c5eee,EWG81C,10
33ffc0,IAM3182,1
3c5ee1,EWG81C,2
4caf26,RYR39SZ,1
4d2383,RYR76QQ,1
4d222e,RYR39SZ,1
4d2268,RYR39SZ,2
502d7c,BTI6GB,2
502d5c,BTI6GB,1
502d3f,BTI6GB,1
4d244b,RYR4437,1
48c235,RYR4437,1
502dae,BTI6GB,1
4d2383,RYR4437,1
4cad5e,ITY1431,1
4cad52,ITY1421,1
4cad5d,ITY1431,1
4caefb,ITY1417,1
4cad5b,ITY1435,4
4cad5b,ITY1431,2
4cada7,ITY1421,1
4caddd,ITY1417,1
4cada8,ITY1421,1
4cad57,ITY1421,1
4cad5d,ITY1417,1
4caf1d,ITY1431,1
4cad5f,ITY1431,1
4cade8,ITY1435,1
4cae12,ITY1417,1
4caddd,ITY1421,1
4cad52,ITY1435,1
4ca798,ITY1417,1
4caaa7,ITY1681,2
4ca973,ITY1675,2
4ca973,ITY1681,3
4ca8f4,ITY1681,2
4ca973,ITY1677,1
4caaa7,ITY1157,1
4caddd,ITY1161,2
4cadde,ITY1157,1
4cade8,ITY1157,1
4ca973,ITY1157,1
4ca783,ITY1161,1
4ca90a,ITY1157,1
4caded,ITY1161,1
4caded,ITY1157,1
46c9a1,AEZ264B,6
46c9a1,AEZ2023,6
46c9a1,AEZ2021,6
4ca8fb,NOS230,1
347555,NOS231,1
491306,NJE098P,1
4cad45,ITY9972,1
4ca8fc,NOS884,1
300a62,ITY9978,1
4cacb9,ITY9972,1
4d2100,WMT401,1
4a2184,AEZ2119,7
4a2184,AEZ218D,6
4d2508,AEZ218D,1
48c2a0,RYR23NV,1
4cac89,RYR23NV,1
4ca24c,RYR23NV,1
4d2261,RYR23NV,1
48c22c,RYR23NV,1
49d3d5,TVS483F,1
4d228b,RYR23NV,1
48c2a0,RYR1656,1
4ca9a9,RYR1656,1
4d2223,RYR7007,1
4ca624,RYR998,1
4d2533,WMT410,1
461f6d,FIN2ER,2
461f6c,FIN4NC,1
461f39,FIN4NC,1
461f63,FIN4NC,1
461f64,FIN2ER,1
461f9d,FIN4NC,1
461f6c,FIN2ER,1
461f65,FIN2ER,3
4cae17,ITY720,1
46b832,AEE5CO,1
46a5e1,SEH2TL,1
46b828,AEE5CO,1
4ca8ff,ITY718,1
46b830,AEE5RX,1
46b82c,AEE5CO,1
4cadfa,ITY720,1
4cadde,ITY722,1
4ca90a,ITY718,1
46da6c,SEH2TL,1
46b822,AEE5CO,1
4ca85c,ITY718,1
4ca90a,ITY720,1
4cae1c,ITY722,1
46b824,AEE5RX,1
469e45,SEH2TL,1
46b831,AEE5CO,1
4d2095,RYR576J,1
46b82a,AEE5CO,1
4cada6,ITY718,1
4691c7,AEE5RX,1
46d0a3,SEH2TL,1
4cadec,ITY722,1
4cae1c,ITY720,1
4d204b,WMT3XY,1
30097a,CPI208,2
4d204b,WMT4WR,2
4ca2c1,RYR6BM,1
471f71,WMT4WR,1
4d2212,RYR6BM,1
4ca2c0,RYR6BM,1
4d24b5,WMT4WR,1
4cadf2,RYR6BM,1
4ca27c,RYR6BM,1
4d208f,WMT2402,1
4d241f,WMT2402,1
4d252a,WMT2402,1
4d204b,WMT2402,1
48c235,RYR4114,1
4d200d,WZZ427B,1
4d2212,RYR4114,1
4d2434,WZZ427B,1
49d2b7,TVS434F,1
4d2228,RYR4114,1
48c135,RYR68SG,1
4ca8e6,RYR46YU,1
4692d2,AEE551,2
4d2095,RYR46YU,2
4d220c,RYR46YU,1
4d207d,RYR46YU,1
4d220c,RYR9261,1
4cae9d,RYR34CQ,2
4d206b,WMT6930,2
4d242e,WMT6930,1
4d2280,RYR34CQ,1
4ca225,RYR34CQ,1
4d2493,WMT6930,1
48c135,RYR34CQ,1
4d251b,RYR34CQ,1
4d201e,WMT6930,1
4cafd1,RYR34CQ,1
4d204b,WMT6930,1
4d2258,RYR4573,1
48c2a0,RYR4573,1
4d2533,WMT90LZ,1
4951ce,TAP835,2
49514e,TAP837,1
495146,TAP8RL,3
4cafb3,RYR79WC,1
49514b,TAP835,1
4951d8,TAP837,1
471f73,WMT90LZ,1
49514e,TAP83RS,1
4cae55,RYR29CN,1
4d2100,WMT90LZ,1
4ca811,RYR29CN,1
4cae55,RYR79WC,1
4951cd,TAP837,2
4951d5,TAP83RS,1
4951ce,TAP83RS,1
4952d0,TAP835,1
4951ca,TAP8RL,1
48c135,RYR29CN,1
471f75,WMT90LZ,1
49514f,TAP83RS,1
4d2493,WMT90LZ,1
48c229,RYR29CN,1
495146,TAP835,1
495153,TAP837,1
490d84,NJE038E,1
4ca9e7,NOS185,1
4ca9e7,NOS403,1
477ff5,HUF104,1
4cae05,NOS24CM,1
4ca9e7,NOS611,1
3c9258,DCS105,3
3c70b5,BCS7YL,1
3cc24b,AWH64T,1
440bcd,BCS7YL,1
440bbf,BCS7YL,1
440bc0,BCS7YL,1
440bc7,BCS7YL,1
4d00f2,LGL6554,2
493291,NJE542V,1
4d00db,LGL6554,2
4d00f6,LGL6556,1
4d00c9,LGL6552,1
4d00ed,LGL6556,1
4d00ed,LGL6552,1
4caf1c,ITY344,1
49d5ee,TVS4341,1
49d5ee,TVS4340,1
4cad5d,ITY344,2
4402f1,EJU76EY,1
49d5d6,TVS4344,1
49d04d,TVS4300,1
49d365,TVS4306,1
49d365,TVS4594,1
440c96,EJU76EY,3
4cad5b,ITY348,1
506cb0,FIX004,3
4400ec,EJU76EY,1
4cada7,ITY348,1
4cad52,ITY344,1
49d365,TVS477P,1
501c55,TDR500,1
4cad5e,ITY354,1
3e2dc8,XGO2MN,3
49d2b7,TVS453P,1
49d3d5,TVS471F,1
4caf1c,ITY354,1
5084be,UZA129P,1
4ca9d2,RYR4FQ,1
4ca806,RYR4FQ,1
4d225c,RYR4FQ,1
3009b4,DLA5CK,1
3009b7,DLA5CK,1
300782,DLA9LA,1
3009b7,DLA9LA,1
3006b5,DLA5CK,1
3009b5,DLA9LA,1
3cc09c,PVD426Y,1
4ca4f0,RYR68YY,1
4ca708,RYR68YY,2
4d225c,RYR2711,1
4d225c,RYR68YY,1
4caaa7,ITY1358,1
4ca757,ITY1364,1
4cad5b,ITY1358,1
4caefe,ITY1356,1
4caf1c,ITY1364,1
4cad5b,ITY1356,1
4cad5d,ITY1358,1
4cad5d,ITY1360,1
4ca8ff,ITY1364,1
4cad57,ITY1356,1
49d3d5,TVS4312,1
4cad52,ITY1356,1
471a79,HAKAR,5
4cae12,ITY1358,2
4caf1d,ITY1358,1
4cad52,ITY1364,1
4caefb,ITY1356,2
4cadee,ITY1360,1
4cae12,ITY1364,1
4d227c,RYR6783,1
48c125,RYR6783,1
48c134,RYR6783,1
300a3b,ITY3TL,1
4caefa,ITY1352,1
300a3a,ITY1352,1
4cae11,ITY3TL,1
4cae11,ITY1352,1
4caefe,ITY3TL,2
4cade8,ITY1352,1
4caefb,ITY3TL,1
4caefc,ITY3TL,1
4ca708,RYR618,1
4ca708,RYR90E,1
4d2233,RYR58XA,1
4d228f,RYR58XA,2
4ca708,RYR58XA,1
4ab566,SAS1128,1
4ab566,SAS1136,1
4ab561,SAS1142,1
4ab562,SAS1130,1
4ab562,SAS1126,1
4ab566,SAS1130,1
4ab563,SAS1126,1
4ab56f,SAS1128,1
4ab568,SAS1136,1
4ab561,SAS1126,1
4ab56f,SAS1130,1
4ab562,SAS1128,1
4ab562,SAS1136,1
4ab564,SAS1130,1
4ab56f,SAS1136,1
4ab568,SAS1128,1
4ab568,SAS1126,1
4ab561,SAS1128,1
4ab56b,SAS1132,1
4ab56b,SAS1136,1
4ab564,SAS1126,1
4ab568,SAS1132,1
4ab56b,SAS1128,1
45a953,JNJ612C,1
458846,BBB32P,1
45a953,JNJ9199,1
45a953,JNJ612A,1
45ba06,NFA177,6
459903,FHV21,1
45ba06,NFA177P,1
4acac5,SWE72A,2
3e4458,XGO3PB,1
459544,MMD657,1
a1c889,N214BT,1
39a054,ARL578Z,2
48520c,TRA6781,1
48520d,TRA57Y,1
484f6d,TRA71E,2
4854cb,TRA6785,1
4853d2,TRA57Y,1
4853d2,TRA6781,1
4854cf,TRA6781,1
4854cf,TRA5W,1
4869ff,PHDHG,2
484506,TRA71E,1
48646f,PHACP,3
48520c,TRA6213,1
4853d4,TRA69X,1
484c9b,TRA23B,2
484c9b,TRA70B,1
4853d2,TRA69X,1
3ce594,ECA3GA,4
4853d3,TRA23B,1
4853d3,TRA70B,1
48520b,TRA69X,1
484f6c,TRA70B,1
4854cb,TRA23B,1
4841a9,TRA5C,1
4841a9,TRA53Y,1
484186,TRA53Y,1
4841a9,TRA14M,1
484f6d,TRA32M,1
484b6e,TRA32M,1
484f6d,TRA14M,2
48520b,TRA14M,1
4866de,TRA14M,1
4854c7,TRA35G,1
4841a9,TRA35G,2
4853d2,TRA35G,1
484f6d,TRA83R,1
484b6e,TRA79R,1
484f6c,TRA83R,2
484c9b,TRA79R,1
484f6d,TRA79R,1
4853d2,TRA79R,1
48520c,TRA83R,1
4853d3,TRA83R,1
484186,TRA79R,2
4854cf,TRA79R,1
484b6e,TRA83R,1
484b6e,TRA8X,1
484c9b,TRA2H,1
4841a9,TRA2H,2
484186,TRA2H,1
484f6c,TRA2H,2
4841a9,TRA93F,1
484f6d,TRA2H,1
484c9b,TRA21R,1
484b6e,TRA71J,1
484b6e,TRA21R,1
4854c7,TRA21R,1
484f6d,TRA71J,1
484f6c,TRA71J,1
48520c,TRA21R,1
484f6d,TRA59K,1
484f6d,TRA21R,1
4853d2,TRA21R,1
4853d3,TRA21R,1
3cc243,AWH67B,1
4bc847,PGT468H,1
4bc844,PGT468H,1
4b9065,PGT1264,1
4bb84f,PGT468H,1
4bb854,PGT468H,1
4bb876,PGT1264,1
4bbd07,TKJ302,1
4bc8ca,PGT468H,1
4d2081,EWG24G,1
4d2416,EWG4BM,1
503c92,DMS211,2
503c92,DMS2PV,2
503c92,DMS2RV,4
3aabfc,FMY8048,5
398570,AFR73QQ,1
39856a,AFR73QQ,1
39856d,AFR73QQ,1
4cac5e,EIX74T,1
398568,AFR73QQ,1
39856f,AFR73QQ,1
398037,RPOL35,2
398566,AFR73QQ,1
3986e2,AFR73QQ,1
39cd33,TJT38WP,2
39cd33,TJT32WP,3
392daa,TJT38WP,3
346649,VOE1TJ,1
392daa,TJT32WP,1
34714d,VOE1TJ,1
34714e,VOE7AA,1
346648,VOE7AA,1
34714d,VOE4WD,4
346489,SWT3513,2
485779,KLM56D,1
485874,KLM56D,1
484bd1,KLM56D,1
485814,KLM56D,1
484c52,KLM56D,1
3986e5,AFR53BQ,1
3986e4,AFR53BQ,1
3986e0,AFR53BQ,2
348345,RGN2NS,4
348049,RGN2NS,1
39dd40,CCM321L,6
39dd40,CCM320N,6
395d68,BGA221Y,1
395d6d,BGA121N,4
395d69,BGA221J,1
4d02b6,JFA66V,1
460d8a,FSF802A,1
4d253b,EWG7T,1
4d2413,EWG16T,3
4d253b,EWG16T,2
4d2413,EWG7T,1
4d240b,EWG7T,1
3c4b4e,EWG16T,1
4d2413,EWG6957,1
3d2522,DEMHU,2
48520c,TRA27X,1
48520d,TRA56C,1
484f6d,TRA5714,2
4402d9,OEITH,1
4854cb,TRA6786,1
a6fd91,N55FB,2
4853d2,TRA56C,1
4853d2,TRA27X,1
490d0c,NJE265Q,1
4854cf,TRA27X,1
4854cf,TRA8U,1
493286,NJE809G,1
484506,TRA5714,1
4d02df,JFA03D,1
4d2413,EWG18CF,1
4d253b,EWG18CF,1
3d7829,DFRTH,2
4d253b,EWG2BN,1
4d2414,EWG2BN,1
3c48ea,EWG2BN,1
4068f0,LNX23JG,2
493286,NJE095B,1
3c6634,DLH67P,1
3c66aa,DLH65H,1
3c658e,DLH06N,1
3c658e,DLH65H,1
3c6444,DLH67P,1
3c6742,DLH06N,1
3c6752,DLH05U,1
3c6743,DLH67P,1
3c6743,DLH06N,1
3c6595,DLH65H,1
3c658d,DLH67P,1
3c674f,DLH65H,1
3c658b,DLH65H,1
3c66a1,DLH06N,1
3c6442,DLH67P,1
3c664e,DLH05U,1
3c6758,DLH06N,1
3c6753,DLH65H,1
3c674d,DLH05U,1
3c6585,DLH67P,1
3c66eb,DLH06N,1
3c6641,DLH67P,1
3c66ea,DLH65H,1
4baace,THY2PW,1
4bab46,THY1QW,1
4baacf,THY2PW,1
4ba916,THY1QW,1
4bab46,THY2PW,1
4bb322,THY1QW,1
48597d,TRA9F,1
4853d4,TRA9F,3
501e45,JSY2C,2
4854cb,TRA9F,2
485061,TRA9Z,1
44056b,EJU46KF,1
485009,TRA9F,1
440172,EJU46KF,1
4853d4,TRA2B,1
4854cb,TRA9Z,1
460d8a,FSF761U,2
3432cd,CUCO501,1
344213,ANE43PT,1
347309,AEA002,1
010274,NMA1321,1
348401,ANE53CH,2
3445d4,IBE0524,1
3420cc,IBE05RC,1
345388,ANE77CN,1
344417,IBE05TG,1
345388,ANE43PT,1
347454,IBE0036,1
3445d4,IBE0032,1
342188,IBE0524,1
34444b,IBE05RC,1
3420cc,IBE05TG,1
347454,IBE0524,1
34530d,ANE77CN,1
345385,ANE43PT,1
345250,ANE77CN,1
344197,ANE25RE,1
34604b,ANE77CN,1
3452c8,ANE43PT,1
342107,IBE05RC,1
3475d9,VLG39TJ,1
346088,VLG39TJ,1
3424d2,VLG39TJ,1
3444ca,VLG39TJ,1
4d2257,RYR10MQ,1
344501,VLG2WQ,1
4d22ff,RYR9579,1
342398,VLG3KU,1
344646,VLG3KU,2
4d2303,RYR10MQ,1
344646,VLG2WQ,2
344696,VLG2WQ,1
344644,VLG3KU,1
4d224e,RYR1321,1
348203,VLG3KU,1
342582,VLG16DM,1
347695,VLG79YP,1
347690,VLG44JG,1
3451d5,VLG79YP,1
344557,VLG1685,2
344557,VLG10MT,3
347690,VLG16DM,1
3444ca,VLG1685,2
3444ca,VLG10MT,2
347601,VLG79YP,1
346184,VLG2YE,1
3444ca,VLG79YP,1
346610,VLG16DM,1
344557,VLG79YP,1
344157,VLG1685,1
348206,VLG79YP,1
348204,VLG16DM,1
4d2241,RYR2271,1
4d24cb,RYR705,1
4d2222,RYR705,1
344557,VLG1WD,1
348209,VLG1WD,3
3451d4,VLG1WD,2
348208,VLG1WD,1
344557,VLG23UR,3
3444ca,VLG23UR,2
3c5429,BCS5546,1
3c542e,BCS5546,1
3c5431,BCS5546,1
48a5e2,SRN772P,1
3c5434,BCS5546,2
3c4dc6,DLH165,2
3c4dc6,DLH161,1
440bc9,BCS814,1
3c6595,DLH163,2
3c5422,BCS186,1
440bc2,BCS5TM,1
3c644a,DLH163,1
3c4dd5,DLH161,1
3c664e,DLH1VR,1
3c6741,DLH1VR,1
3c542a,BCS186,1
3c4dc4,DLH165,1
3c4dd7,DLH161,1
440bc6,BCS5TM,1
440bc7,BCS5TM,1
3c5423,BCS186,1
3c1bb0,BCS186,1
3c4593,BOX170,1
3c6595,DLH1VR,1
3c459a,BOX295,1
3c4dc9,DLH165,1
3c4dc9,DLH161,1
3c6743,DLH163,1
4520f9,BCS186,1
3c6485,DLH1VR,1
3c4584,BOX170,1
3c4dcc,DLH165,2
3c4dcc,DLH161,2
3c6446,DLH163,1
3c4593,BOX467,1
3c4583,BOX170,1
3c5425,BCS186,1
440bbe,BCS3844,1
440bc3,BCS3844,1
440bc1,BCS3844,1
440bc2,BCS3844,1
3c70b5,BCS3844,1
3c1baf,BCS5706,1
4cae24,BCS5706,1
4cae21,BCS5706,2
4cae23,BCS5706,1
3c5425,BCS3612,1
440059,BCS3612,2
440304,BCS3612,1
3ea653,GAF432,1
3ea653,GAF436,1
50801b,ADB535F,1
3c542c,BCS24J,1
3c5421,BCS24J,1
4cae28,BCS24J,3
440bc6,BCS1684,1
346318,BCS1684,1
341119,BCS1684,1
347301,BCS1684,2
34310d,BCS1684,1
3c5426,BCS2KK,1
3c70aa,BCS10K,2
3c5432,BCS10K,1
3c71a7,BCS10K,1
3c5426,BCS10K,1
3c5430,BCS10K,1
452051,BCS4850,1
440bc0,BCS69P,1
440bc9,BCS69P,1
440bcd,BCS69P,1
440bcc,BCS69P,1
440822,AUA28L,1
300557,AUA28W,1
300738,AUA28W,1
44082b,AUA28L,1
44082c,AUA28W,1
440821,AUA28W,1
3e1e6b,DICSH,1
3cc24f,AWH94B,1
511172,MBU3WL,1
440058,BCS7836,2
440bc7,BCS7552,1
440304,BCS7836,2
440189,BCS7836,1
506c30,MNB9346,5
4baacb,THY6JT,2
4ba90b,THY1338,1
4bb722,MNB9402,1
4bb722,MNB9404,1
4bb721,MNB9406,1
4bb722,MNB9410,1
4d239d,BCS28P,5
3c5424,BCS3264,1
3c5428,BCS3264,2
3c5425,BCS3264,1
3c68cb,BCS1443,1
440058,BCS21G,1
440189,BCS21G,1
3c5422,BCS21G,1
440059,BCS21G,1
3c71a1,BCS21G,1
3c542e,BCS21G,1
4cac62,ABR294,5
3c70b0,BCS3LR,3
347301,BCS47H,1
34310d,BCS47H,1
3c70b5,BCS3LR,1
346318,BCS47H,2
440bbf,BCS3LR,1
4cad4b,ABR294,1
3c5434,BCS3LR,1
3e3f1e,AWH77A,1
4cae22,BCS9CG,1
4cae23,BCS9CG,1
4cae26,BCS9CG,2
4cae24,BCS9CG,1
3c5423,BCS7916,1
3c5429,BCS7916,1
4cae22,BCS7916,3
40066c,DHK833P,1
4cae26,BCS50Q,1
4cae27,BCS50Q,1
4cae23,BCS50Q,1
506ca0,SOP5336,2
511188,MBU5SM,2
440bc2,BCS2960,1
4caed5,BCS2960,4
3cc24b,AWH41A,1
440bbf,BCS7078,1
440bc0,BCS7078,1
440bc7,BCS7078,1
4cac65,BCS95W,2
3481c9,BCS4VK,1
47ba0d,SAS58M,1
4ac9e3,SAS58M,1
4ac9f8,SAS58M,1
4ac9ee,SAS58M,2
491d8a,NJE825A,1
47ba78,SAS58M,1
45ac32,SAS6020,1
4cac8a,SAS58M,1
4cae11,ITY1353,1
4caefa,ITY1351,1
300a3a,ITY1351,1
4caefe,ITY1353,2
4cae11,ITY1351,1
4caefb,ITY1353,2
4cade8,ITY1351,1
4caefc,ITY1353,1
4cae11,ITY2061,1
4ca8f5,ITY2133,1
4cad5c,ITY2059,3
4ca85c,ITY2071,1
4ca783,ITY2021,1
494105,NJE561A,1
4ca759,ITY2013,1
3001ca,LSA212,3
300a3b,ITY2097,2
300a3b,ITY2029,2
4caf1e,ITY2109,1
4cadde,ITY2055,1
4cad5f,ITY2125,2
493291,NJE537H,1
4caf1c,ITY2045,1
4ca757,ITY2021,1
4ca98a,ITY2097,1
4d2103,AXY881Y,1
4cadee,ITY2133,1
4cae11,ITY2029,1
4caefb,ITY2045,1
300490,LSA232,1
4cade8,ITY2071,1
4ca85c,ITY2109,1
4cad57,ITY2125,1
4cad57,ITY2013,1
4caddd,ITY2055,1
4caded,ITY2055,2
4ca8f5,ITY2045,1
4ca973,ITY2071,2
4cada8,ITY2133,1
4ca759,ITY2109,2
4cad5e,ITY2059,1
300a3a,ITY2061,1
4caf1e,ITY2021,1
4cad52,ITY2013,1
4caefe,ITY2097,1
4caefe,ITY2029,2
300a00,SNM832,2
4cadee,ITY2045,1
4cad5f,ITY2071,1
440592,GAC703V,1
4caaa7,ITY2125,1
4cad52,ITY2021,1
4ca85c,ITY2013,1
4ca98a,ITY2133,1
4caefb,ITY2061,1
4caefb,ITY2029,1
4ca85c,ITY2045,1
4cad5f,ITY2013,1
4caefa,ITY2061,1
4ca783,ITY2055,1
4cad5c,ITY2109,1
4cad5e,ITY2021,1
4caefc,ITY2097,1
4caefc,ITY2059,1
4d2180,LWG17D,1
4caf1d,ITY2133,1
4caf1c,ITY2071,1
4cad57,ITY2133,1
4caefe,ITY2045,1
4cada8,ITY2013,1
4ca8f4,ITY2109,1
300a3b,ITY2061,1
4cadde,ITY2029,1
4cade9,ITY2021,1
4cada6,ITY2013,1
4cade8,ITY8011,1
300a3b,ITY2109,1
4cad5f,ITY2133,1
4ca8ff,ITY2061,1
4ca973,ITY2045,1
4cae11,ITY2071,1
4cae11,ITY148,1
4ca757,ITY154,1
44ce6f,BEL5LN,1
440062,EJU51GZ,1
440062,EJU47JP,2
44cdc6,BEL1GH,1
44cdc2,BEL3LZ,1
4caaa8,ITY148,1
44ce61,BEL1GH,1
4406f0,EJU47JP,1
4caf1e,ITY154,1
4caaa8,ITY154,2
44cdd1,BEL5LN,1
300a3a,ITY148,1
44ce6c,BEL1GH,1
44cdd0,BEL3LZ,1
440036,EJU51GZ,3
440036,EJU47JP,4
44ce76,BEL5LN,1
44cdca,BEL1GH,1
4caf1d,ITY148,1
44ce78,BEL3LZ,1
44ce6f,BEL1GH,1
4caf1c,ITY148,2
44cdca,BEL5LN,1
44cc45,BEL5LN,1
4caab4,ITY154,1
4ca82e,EJU51GZ,1
484166,KLM1598,1
484166,KLM76Q,2
485e31,FYG32W,1
485e32,FYG22GW,1
48418c,KLM46C,1
48415e,KLM14D,1
4864ee,KLM80Y,1
440c35,EJU63UF,1
300a3a,ITY112,1
4cada8,ITY120,1
300a3b,ITY112,1
484162,KLM1598,1
484132,KLM46C,1
484b90,KLM14D,1
48418a,KLM76Q,1
4caf1e,ITY120,2
4ca81d,EJU49DK,2
44034b,EJU63UF,3
486495,KLM80Y,2
484160,KLM76Q,1
4caf1d,ITY120,1
4cae12,ITY112,1
484cb7,KLM14D,1
484cb4,KLM1598,1
4ca81d,EJU68MY,2
484165,KLM46C,1
440735,EJU63UF,1
4caefe,ITY112,2
4caefe,ITY120,1
484ee4,KLM46C,1
484132,KLM1598,1
486802,KLM14D,1
486954,KLM80Y,1
4ca85b,EJU49DK,2
486898,KLM9863,1
48418c,KLM76Q,2
4ca85b,EJU68MY,2
4caf1c,ITY112,1
484f18,KLM1598,1
486741,KLM46C,1
486492,KLM80Y,1
486953,KLM14D,1
440172,EJU63UF,1
4caab4,ITY120,1
4400b3,EJU63UF,1
48415e,KLM80Y,1
484fdf,KLM1598,1
4cadea,ITY112,1
4406f0,EJU49DK,1
486495,KLM14D,2
484558,KLM46C,1
484556,KLM76Q,1
48415e,KLM1598,1
4cade8,ITY120,1
485e32,FYG42GW,1
484130,KLM46C,1
4864ea,KLM80Y,1
4ca82e,EJU49DK,1
4d22ab,KMM625,2
4d21dc,KMM625,2
4d21a2,KMM625,1
4d2038,KMM625,1
4ca8f5,ITY1185,1
4cadee,ITY1185,1
4ca85c,ITY1177,1
4ca759,ITY1177,2
4caaa7,ITY1185,2
4ca98a,ITY1185,1
4cad5c,ITY1177,1
4caf1e,ITY1185,1
4cadec,ITY1177,1
4caab4,ITY1185,1
300a3b,ITY1177,1
4ca8f5,ITY414,1
4caaa8,ITY418,1
4ca8f5,ITY418,1
4cadee,ITY414,1
4ca759,ITY418,2
4caaa7,ITY414,2
4ca98a,ITY414,1
4400b0,JFL161,3
4ca98a,ITY418,1
4caf1e,ITY414,1
4caf1e,ITY418,1
4ca8f5,ITY1773,1
300a3b,ITY1IP,2
4caab4,ITY1787,3
4cad5d,ITY1765,1
4cad5c,ITY1IP,1
4caaa8,ITY1787,1
4caaa8,ITY1765,1
4caded,ITY1IP,1
4cad5d,ITY1773,1
4cad5e,ITY1765,2
4caab4,ITY1773,1
4caf1e,ITY1IP,2
4caf1c,ITY1765,1
4cae11,ITY1773,1
4caefc,ITY1765,1
4cada6,ITY1787,1
4cada6,ITY1765,1
4ca98a,ITY1773,1
4d20a6,LWG020K,1
4caefa,ITY1IP,1
4cada8,ITY1773,1
4caefc,ITY1787,1
440589,EJU94JK,1
4401d1,EJU72KH,1
440036,EJU94JK,1
44015a,EJU72KH,1
4402b9,EJU72KH,1
4406f0,EJU94JK,1
440019,EJU72KH,1
440062,EJU94JK,1
4403f0,EJU94JK,1
4406f0,EJU72KH,1
4400eb,EJU94JK,1
4ca82e,EJU72KH,1
440da5,EJU94JK,1
3008d1,SIO613,1
4d2103,AXY890H,1
4cad5f,ITY452,3
3c6751,DLH4LU,1
3c6751,DLH5LF,1
3c66a6,DLH5LF,1
a9e88d,N7378S,1
3c66a2,DLH4LU,1
4cad57,ITY452,1
3c674e,DLH4LU,2
3c644c,DLH5LF,1
4caf1c,ITY452,1
3c66a8,DLH5LF,1
3c6594,DLH5LF,1
4cad5e,ITY452,1
3c648e,DLH5LF,1
3c666b,DLH4LU,1
3c6670,DLH5LF,1
3c66ab,DLH4LU,1
4cadee,ITY1604,1
4cadee,ITY1600,2
4cada8,ITY1566,2
4cada8,ITY1604,2
4ca98a,ITY1566,1
4cada8,ITY1600,2
4cade8,ITY1604,2
4cadee,ITY1566,1
4cada6,ITY1566,2
4cade8,ITY1600,1
4cada6,ITY1604,1
4cadec,ITY1604,1
4cada6,ITY1600,1
4cadde,ITY1566,1
4cadde,ITY1600,1
4cadee,ITY312,1
4cad5c,ITY356,3
4ca85c,ITY358,1
44083c,EJU96WQ,1
4caf1d,ITY3LO,3
4caf1d,ITY350,2
39e683,AFR37BF,1
39bda2,AFR31TY,1
4402b9,EJU49HM,1
440083,EJU78GQ,3
44046d,EJU98QR,1
39e692,AFR91RX,1
394c10,AFR19MJ,1
39e4ac,AFR99FG,1
49328d,NJE6EQ,1
4ca98a,ITY300,2
4400eb,EJU34DB,1
4d02b6,JFA20Y,1
440096,EJU78GQ,2
aa1aee,N750KD,1
440469,EJU98QR,1
440019,EJU34DB,1
4ca8f5,ITY312,1
4ca98a,ITY350,2
39e691,AFR91RX,1
440cb1,EJU96WQ,1
394c13,AFR37BF,1
39e695,AFR99FG,1
440062,EJU4085,1
4caab4,ITY358,2
39bda3,AFR19MJ,2
394c09,AFR31TY,1
4ca85c,ITY300,1
4401fa,EJU49HM,2
44015a,EJU34DB,2
4ca973,ITY350,1
39bdb2,AFR91RX,1
4cad5e,ITY356,1
4cae12,ITY300,1
44061b,EJU96WQ,1
394c0a,AFR37BF,1
44093e,EJU98QR,3
44093e,EJU49HM,2
39e695,AFR31TY,2
4932a1,NJE6NK,1
4ca85c,ITY312,1
39856c,AFR99FG,1
4cadee,ITY3LO,1
39e688,AFR99FG,1
491d87,NJE910Q,1
44061b,EJU78GQ,1
44015a,EJU98QR,1
39bb20,AFR19MJ,1
4cad5f,ITY358,1
39bdb1,AFR91RX,1
4caab4,ITY300,1
4cad5e,ITY312,1
440047,EJU96WQ,1
440469,EJU34DB,1
392ae8,AFR37BF,1
4ca98a,ITY358,1
4ca98a,ITY312,1
440352,EJU34DB,1
440083,EJU96WQ,1
4cada8,ITY3LO,1
4cae11,ITY356,1
3950cf,AFR99FG,1
39e698,AFR91RX,1
39bdb7,AFR19MJ,1
4caaa8,ITY300,1
39bdb2,AFR31TY,1
3991ea,AFR37BF,1
39e682,AFR31TY,1
39bb23,AFR99FG,2
4caf1d,ITY356,1
39bdb4,AFR91RX,1
4401fa,EJU34DB,1
3950cd,AFR37BF,1
44093e,EJU64LP,1
3cc09c,PVD427L,1
4400b7,EJU71VV,1
4caf1e,ITY3LO,1
440062,EJU69QM,1
440062,EJU81PH,1
4cada7,ITY358,1
4cada7,ITY312,1
4caf1c,ITY312,1
4d02ad,JFA75Y,1
3985a6,AFR19MJ,1
4404d8,GAC933C,1
4caaa7,ITY350,1
39bdb5,AFR91RX,1
440469,EJU49HM,1
440096,EJU96WQ,1
39e697,AFR31TY,1
39e691,AFR37BF,1
4406f0,EJU46EJ,4
440062,EJU46EJ,3
4d00ca,LGL6496,1
4d00d9,LGL6492,1
4d23f4,VJT785,1
3c6752,DLH275,1
3c66ea,DLH279,1
3003af,DLA2TV,1
4ca82e,EJU73XA,4
4406f0,EJU65FX,3
3c6589,DLH9YE,1
3007ee,DLA5YY,1
300781,DLA3FL,2
3009b3,DLA3FL,1
3009b8,DLA5YY,2
440062,EJU65FX,2
4ca82f,EJU73XA,1
3c674d,DLH9YE,2
3c6744,DLH275,1
3007ee,DLA2TV,1
3c6449,DLH279,1
3c6585,DLH9YE,1
3007f2,DLA2TV,1
3c66eb,DLH275,1
3c6753,DLH279,1
3c6595,DLH279,1
3006b5,DLA2TV,1
3c6666,DLH275,1
3003ad,DLA3FL,1
3007f2,DLA5YY,2
3c6748,DLH275,1
30055b,DLA5YY,1
3c644a,DLH9YE,1
3007f2,DLA3FL,1
3009b3,DLA2TV,1
3c674f,DLH279,1
3c65c7,DLH279,1
3009b4,DLA6VV,1
3009b4,DLA5YY,1
4406f0,EJU73XA,1
440036,EJU65FX,1
3c6635,DLH9YE,1
300558,DLA2TV,1
3009b2,DLA3FL,1
300780,DLA2TV,1
3c664d,DLH279,1
3007f2,DLA6VV,1
3007ee,DLA3FL,1
3c5eed,EWG4TV,2
3c5eee,EWG94P,4
3c5eee,EWG4TV,6
3c5eeb,EWG94P,2
3c5ee5,EWG4TV,2
3c5eeb,EWG4TV,2
3c49ce,EWG94P,2
3c5ee1,EWG94P,2
4ca757,ITY1195,1
4cada8,ITY1195,1
4ca98a,ITY1195,1
4caaa7,ITY1195,2
4caaa8,ITY1197,1
4caab4,ITY1195,1
300708,IPRAX,2
3de9ae,DHITA,2
45aa4f,DTR1713,4
45aa4f,DTR1711,5
4409cd,LOD52B,4
300971,IMIRL,1
342107,IBE06VH,1
3423c3,IBE06LK,3
345691,IBE06BB,1
34620b,IBE06LK,1
347287,IBE06BB,1
346147,IBE06VH,1
4d21a0,AXY685V,1
347288,IBE06BB,1
3423c3,IBE06VH,1
346204,IBE06BB,1
344648,IBE06VH,1
343183,INI240,1
347454,IBE06BB,1
34608e,IBE06LK,1
342189,IBE06VH,2
342059,IBE06LK,1
34608f,IBE06BB,1
342211,IBE0670,1
491d8b,NJE499M,1
3423c4,IBE06VH,1
34660b,IBE06BB,1
342059,IBE0670,1
347287,IBE0646,1
347454,IBE06LK,1
494106,NJE692W,1
491306,NJE202Y,1
44001c,AUA50U,1
440609,AUA526,1
3007ef,AUA52H,1
440036,EJU16VW,2
440606,AUA528,1
494104,NJE563V,1
440667,AUA528,1
4408df,AUA526,2
440669,AUA50U,1
300557,AUA52H,4
440607,AUA526,1
44006d,AUA50U,1
440062,EJU16VW,2
44029f,AUA528,1
440604,AUA50U,1
440608,AUA526,1
44022b,AUA528,1
44001c,AUA528,1
4ca85b,EJU16VW,1
44003a,AUA50U,1
300781,AUA52H,1
44065c,AUA528,1
4406f0,EJU16VW,1
46866b,AEZ2227,7
4ca5c8,EIN43R,2
4ca293,EIN43R,1
4ca280,EIN43R,1
4ca2ca,EIN43R,1
4ca640,EIN43R,1
4ca63a,EIN43R,1
4a2184,AEZ2121,6
4d201a,AEZ2121,1
4ca82e,EJU36UQ,4
4ca82f,EJU36UQ,1
493290,NJE637H,1
407cf6,JCO025M,1
4405b6,EJU7160,1
440036,EJU64QD,2
440062,EJU64QD,2
4406f0,EJU64QD,1
4406f0,EJU13RG,2
471843,JSD891,2
440062,EJU13RG,1
440036,EJU13RG,1
4cadfe,RYR49CR,1
440073,EJU92AU,1
4d200c,WMT7TM,2
440c36,EJU92AU,1
4ca61d,RYR94LG,1
4d2007,WMT7TM,1
4d2242,RYR49CR,1
4d2303,RYR94LG,1
4d2433,WMT7TM,1
44079a,EJU92AU,2
4d221a,RYR49CR,1
4d224c,RYR94LG,1
4d221e,RYR49CR,1
4d2421,WMT7TM,1
48c126,RYR49CR,1
4d2265,RYR94LG,1
3452c8,ANE1076,1
347501,IBS1756,1
344416,IBS1758,2
3474da,IBS1752,1
4d0242,FYL55VC,1
341682,IBS1762,1
347501,IBS1752,3
34644e,IBS1756,2
34530d,ANE1076,1
34644b,IBS1756,1
348212,IBB003P,1
3485d2,ANE1076,2
3e31d8,PAV612,1
347501,IBS1762,1
34554f,FSMK3E,1
34644c,IBS1756,1
34644c,IBS1752,1
3451d9,ANE1076,1
343183,INI242,1
3e2274,PAV692,1
343385,IBS1762,1
494104,NJE380C,1
343183,INI274,1
34644b,IBS1752,1
3451da,ANE8084,1
344197,ANE1076,1
345583,ANE1076,1
3474da,IBS1756,1
343385,IBS1758,1
34644e,IBS1752,1
345597,ANE8007,1
4cae55,RYR925E,1
4d234d,RYR925E,1
4d22ff,RYR925E,1
4d207d,RYR925E,1
4d2263,RYR925E,1
4ca805,RYR925E,1
4d2348,RYR16JW,1
342398,VLG3256,1
344696,VLG4DN,1
348383,IBB5757,2
344646,VLG4DN,1
344695,VLG4VC,1
3452c9,VLG6TE,1
344501,VLG4DN,2
348307,IBB5757,1
3443d3,VLG4VC,1
344696,VLG6TE,1
344696,VLG3256,1
344644,VLG4VC,1
347646,IBB5757,1
344695,VLG4DN,1
344644,VLG6TE,1
348203,VLG4VC,1
342398,VLG4NQ,1
345248,VLG49WH,1
344646,VLG8FU,2
344695,VLG2213,1
4d2210,RYR79BB,1
344696,VLG41ND,1
3453c3,VLG3SW,1
4d234d,RYR339A,1
34538d,VLG6MX,1
4d22ff,RYR79BB,1
3443d3,VLG3SW,1
346690,VLG49WH,1
345043,VLG93FD,1
346691,VLG6MX,1
342398,VLG8FU,1
342591,VLG2213,1
347690,VLG3SW,1
348203,VLG2213,3
344695,VLG8FU,2
3424d1,VLG49WH,1
4d234d,RYR79BB,1
345041,VLG6MX,1
3444cf,VLG93FD,1
345212,VLG49WH,2
344501,VLG41ND,2
345359,VLG6MX,1
345314,VLG93FD,1
344694,VLG3SW,1
348203,VLG8FU,1
344696,VLG2213,1
4ca4ef,RYR79BB,1
4ca56b,RYR339A,1
34744d,VLG93FD,1
4ca97c,RYR79BB,1
346691,VLG3SW,1
4d228f,RYR339A,1
34535a,VLG6MX,1
347696,VLG8FU,1
4cada3,RYR339A,1
345212,VLG3SW,1
344695,VLG41ND,1
34454b,VLG6MX,1
34454b,VLG49WH,1
34538d,VLG93FD,1
344644,VLG2YE,1
4d2216,RYR3YY,1
4caff8,RYR79BB,1
4d224e,RYR7RX,1
4cadc4,RYR3YY,1
344695,VLG49WH,1
344501,VLG93FD,1
344501,VLG2213,1
344696,VLG6MX,1
342582,VLG3SW,1
4d2265,RYR79BB,1
4854cf,TRA75A,1
4400b3,EJU39CZ,1
4866e0,TRA28J,1
4866ed,TRA083,1
48663e,TRA75A,2
48683f,TRA75A,1
48683f,TRA28J,1
485009,TRA28J,1
485122,TRA75A,1
440c35,EJU39CZ,1
4866e0,TRA6T,1
4866ee,TRA28J,1
4866de,TRA75A,1
4866ed,TRA6T,1
4868b9,TRA28J,1
4868ba,TRA6732,1
348209,VLG3943,2
348207,VLG5PW,1
4d227d,RYR6H,1
3452c7,ANE3034,1
4d22ff,RYR59AQ,1
4cac1f,RYR750B,1
4d2263,RYR750B,1
34258f,VLG5PW,1
4d2264,RYR750B,1
348207,VLG3943,1
346183,VLG5PW,1
4ca701,RYR750B,1
4d2263,RYR6H,1
3451d4,VLG3943,2
4d2303,RYR59AQ,1
348208,VLG3943,1
4d22b8,RYR750B,1
348209,VLG5PW,1
4d22c6,RYR750B,1
4cafc1,RYR59AQ,1
4d221e,RYR6H,1
4d22b8,RYR6H,1
4ca815,RYR750B,1
348208,VLG5PW,1
4d22c6,RYR59AQ,1
398600,AFR96GR,2
39de50,TVF91VP,1
344646,VLG4ZL,1
39de46,TVF70LU,1
39de46,TVF81NT,1
39d309,TVF93JE,1
39de54,TVF81NT,1
39de45,TVF91VP,1
39d300,TVF70LU,1
344695,VLG4ZL,2
39de53,TVF81NT,1
39de47,TVF91VP,1
39de51,TVF70LU,1
348203,VLG4ZL,1
39de41,TVF70LU,1
39d300,TVF91VP,1
39de51,TVF81NT,1
39de4f,TVF93JE,1
39de48,TVF93JE,1
39ceb0,TVF884Q,1
39de50,TVF81NT,1
39de4a,TVF70LU,1
344696,VLG45CK,1
347696,VLG4ZL,1
39de4e,TVF70LU,1
398565,AFR96GR,1
3964f9,TVF93JE,1
39de4d,TVF81NT,1
39d308,TVF884Q,1
348203,VLG45CK,1
344644,VLG4ZL,1
344695,VLG45CK,1
39856c,AFR96GR,1
3964ea,TVF81NT,1
39de48,TVF884Q,1
4cadfc,RYR74SW,1
4ca9aa,RYR74SW,1
4d2232,RYR74SW,1
4d228b,RYR74SW,1
4d2279,RYR56FL,1
4cad3c,RYR74SW,1
4d2218,RYR74SW,1
4ca263,RYR74SW,1
4cadc0,RYR12RM,1
4cac53,RYR12RM,1
4cae57,RYR12RM,2
3c6552,LHX93C,1
3c654a,LHX93C,1
3c6548,LHX93C,1
3c65cb,DLH1823,1
4d2433,WZZ4707,1
4d207d,RYR76YQ,1
471dbe,WZZ4707,1
471db4,WZZ4707,1
4ca263,RYR76YQ,1
4d2257,RYR21LY,1
4d2022,WMT8TQ,1
4d2535,WMT1WY,1
4d2263,RYR35QD,1
4ca27c,RYR35QD,1
4d2095,RYR35QD,1
4d2259,RYR21LY,1
4d234d,RYR35QD,1
4d2528,WMT1WY,1
4cadc4,RYR21LY,2
4d2022,WMT1WY,1
471f73,WMT8TQ,1
4cadc4,RYR35QD,1
4d2420,WMT1WY,1
48c229,RYR21LY,1
48c135,RYR35QD,1
4caff8,RYR9DU,1
4cada3,RYR35QD,1
4d2257,RYR3262,1
4ca97b,RYR3262,1
4ca569,RYR3262,1
4d2257,RYR3041,1
344501,VLG4CY,1
4d22ff,RYR51HT,1
342398,VLG9LP,1
344646,VLG9LP,2
344644,VLG9LP,1
4d224e,RYR48W,1
348203,VLG9LP,1
4ca24f,RYR95BW,1
4ca569,RYR95BW,1
4cad2b,RYR95BW,1
4cadf2,RYR95BW,1
4d2212,RYR95BW,1
348343,ECOLH,2
342591,VLG7AF,1
4d227d,RYR5JH,1
3452c7,ANE30CM,2
4d2241,RYR319J,1
3451da,ANE28UR,1
3451da,ANE529U,1
3452c7,ANE28UR,1
4d2257,RYR319J,1
345385,ANE30CM,1
34530d,ANE28UR,1
344696,VLG7AF,1
4ca61d,RYR319J,1
4d2289,RYR319J,1
440201,TAY6LC,2
342213,INI333H,1
4cae4c,RYR8633,1
4ca700,RYR8633,1
4ca259,RYR8633,1
3964e2,TVF81ZL,1
39cea5,TVF4839,1
440191,EJU31NL,1
440625,EJU31NL,1
39d30f,TVF81ZL,1
440af5,TAY4VQ,1
3e232e,PAV622,2
4cad3f,RYR37NR,1
4cad3d,RYR37NR,1
4bb075,THY1RL,1
4bc8c9,PGT7RG,1
4bb06b,THY1HE,1
4bc8cc,PGT7RG,1
4bc884,PGT7RG,1
4bb066,THY1RL,1
4bc84d,PGT7RG,2
4bc8d5,PGT7RG,1
4ba912,THY1HE,1
4bc8c4,PGT7RG,1
4bb285,THY1RL,1
44015a,EJU93DH,1
440da5,EJU93DH,1
4841a9,TRA6856,1
4841a9,TRA54C,1
484186,TRA54C,1
4d22ff,RYR8MK,1
4cae9d,RYR8MK,2
48c233,RYR8MK,1
4ca61d,RYR8MK,1
4d2280,RYR8MK,1
4cafd1,RYR8MK,1
4d2265,RYR7NY,1
4d22ff,RYR5268,1
48520d,TRA87W,1
4854cd,TRA87W,1
4853d2,TRA87W,1
484506,TRA5084,1
4cadc4,RYR5268,1
4854ca,TRA87W,1
484c9b,TRA5084,1
485122,TRA87W,1
39d313,TVF99DQ,1
39ceaf,TVF99DQ,3
4cada3,RYR7HP,1
4cae57,RYR7HP,1
4d2304,RYR1139,1
4cad12,RYR1139,1
4cadc4,RYR1139,1
4ca73e,RYR67KH,1
4d2263,RYR187Z,1
4cac85,RYR67KH,1
4ca263,RYR67KH,1
4d224e,RYR187Z,1
4d234d,RYR58VK,1
4d2303,RYR58VK,1
4d2256,RYR58VK,1
4cada3,RYR58VK,1
4ca564,RYR90RR,1
4ca61d,RYR90RR,1
4d224e,RYR90RR,1
4d2263,RYR9VN,1
4ca61d,RYR9VN,1
4d2303,RYR9VN,2
4d247c,ANE38CM,2
3483d9,ANE38CM,1
4d247c,ANE93XQ,1
3483d9,ANE37YV,5
3483d9,ANE93XQ,4
4d247c,ANE37YV,1
4caa5c,RYR88XG,1
4ca92b,RYR88XG,1
4ca214,EIN757,1
4ca625,RYR88XG,1
4d2518,RYR88XG,1
4ca2ca,EIN757,1
4ca640,EIN757,1
4ca251,RYR88XG,1
4cae9c,RYR29TT,1
4d21fe,RYR29TT,1
4cae95,RYR29TT,1
4d2303,RYR29TT,1
300a14,ILDOF,5
440a49,OEDAF,3
440415,OEDDM,4
4cade3,RYR45AU,1
4cade3,RYR446Q,1
4d2502,RYR446Q,1
48e9f4,RYR446Q,1
4d2233,RYR446Q,1
4ca9d1,RYR446Q,1
4ca9d1,RYR3357,1
4cae69,RYR446Q,1
4ca849,RYR8GA,2
39a206,FPO9SN,1
4cae58,RYR37ST,1
4ca84a,RYR45GG,1
4ca9cc,RYR37ST,1
aa1d9c,VJA759,1
4d2238,RYR6025,1
4ca737,RYR6025,1
4ca9cc,RYR6025,1
4d2238,RYR28DW,1
4ca8e7,RYR28DW,1
48c2ad,RYR4VT,1
4d2250,RYR1YY,1
4ca9d1,RYR4VT,1
4ca9c3,RYR309,1
440bc2,BCS1TQ,1
4caed5,BCS1TQ,4
4ca660,SAS66G,2
4cac9f,SAS1017,2
4caf94,SAS1017,2
4ab562,SAS1021,1
4cac9f,SAS81C,1
4cac9f,SAS66G,1
4caf16,SAS1017,1
4caf16,SAS1015,1
4cad87,SAS81C,1
4caf16,SAS81C,1
4caf94,SAS66G,2
4cad93,SAS1021,1
4caf94,SAS81C,1
4ab566,SAS1015,1
4aca87,NSZ4051,1
4cacb0,SAS1021,1
4aca14,NSZ4051,1
4cafd8,SAS1021,1
4a08ea,ROT274K,1
4692d7,AEE962,1
4692d7,AEE9TP,2
4692d6,AEE9TP,1
4a0688,ROT274K,1
4a08e6,ROT274K,2
4a08e9,ROT274K,3
4690e4,AEE9TP,1
46b8ad,AEE986,1
4692d6,AEE962,1
4690f9,AEE9TP,1
440ced,TAY7CA,1
4690e4,AEE962,1
4691c3,AEE9TP,1
46b830,AEE962,1
4691c1,AEE9TP,1
440604,AUA802,1
4690e5,AEE6192,1
4692da,AEE86N,1
4d22ad,RYR6HG,1
4d22c3,RYR6HG,1
469e45,SEH840,1
46b832,AEE86N,1
4402a3,AUA802,1
4d22c1,RYR6HG,1
4690e4,AEE86N,1
44020a,AUA802,1
4caff6,RYR6HG,1
440c8c,AUA802,1
46b927,SEH840,1
46b82c,AEE86N,1
46b8b2,AEE86E,1
46da6c,SEH840,1
4692d3,AEE86E,1
46a5e1,SEH840,1
44022d,AUA802,1
4d22b4,RYR2ZB,1
44065b,AUA802,1
4d22b4,RYR6HG,1
46a5e4,SEH840,1
4d22bf,RYR2ZB,1
4690f9,AEE86N,1
46b82d,AEE8RB,3
46da6c,SEH874,1
46b832,AEE8DT,1
4691c7,AEE8RB,1
4692d4,AEE8DT,1
46b830,AEE8RB,2
46b828,AEE8DT,1
46a5e1,SEH874,2
46b82b,AEE8RB,1
46b833,AEE8DT,1
46b8b4,AEE8DT,1
46a5e2,SEH874,1
46bc51,AEE5MJ,1
46ced4,SEH1LE,1
46bc52,AEE2MJ,1
46bc4d,AEE5G,1
46bc4d,AEE248,1
46a60f,SEH3LE,1
46d0ad,SEH5LE,2
46bc54,AEE4MJ,2
46bc54,AEE2MJ,2
46d0ad,SEH3LE,1
46ba85,SEH1LE,1
46d2f2,SEH5LE,1
46bc55,AEE5G,1
46bc55,AEE6MJ,1
46bc53,AEE5MJ,1
46bc52,AEE5MJ,1
46d1cf,SEH5LE,1
46bc4b,AEE5G,1
46d2f2,SEH1LE,1
46ced4,SEH5LE,2
46ced4,SEH3LE,1
469596,SEH1LE,1
46bc50,AEE5G,1
46bc54,AEE5G,1
46bc54,AEE6MJ,1
46d2f2,SEH3LE,1
46b8b3,AEE6MJ,1
46d0ad,SEH1LE,1
3424d4,VLG84DB,1
344697,VLG8101,1
46b828,AEE712,1
46b82b,AEE710,1
46b832,AEE712,1
344691,VLG8101,1
46b82a,AEE710,2
46b82c,AEE712,1
346692,VLG8101,1
46b833,AEE710,1
3451d3,VLG8101,2
345359,VLG84DB,1
4690f9,AEE710,1
4692d3,AEE712,1
3443d5,VLG8101,2
345212,VLG84DB,1
4690e2,AEE712,1
46b82c,AEE710,1
34454b,VLG84DB,1
4690e9,AEE710,1
345116,VLG84DB,1
46b833,AEE712,1
4690ea,AEE4K,1
4690ea,AEE122,1
4690ea,AEE118,1
4690ea,AEE4GI,1
4690ea,AEE102,1
46a5e3,SEH6HG,3
469e45,SEH5HG,1
469e45,SEH4HG,1
46d0a3,SEH1HG,2
469596,SEH2HG,1
46d276,SEH3HG,1
46b8b3,AEE6006,1
46b8b5,AEE136,4
46b8b5,AEE3SW,2
46b8b5,AEE120,5
46b8b5,AEE6TY,5
46b8b5,AEE110,6
440bc7,BCS7750,1
46b82c,AEE104,1
469e45,SEH1HG,1
46a60f,SEH3HG,1
46a5e1,SEH5HG,1
46a5e1,SEH4HG,1
46b82d,AEE104,1
4690fa,AEE122,1
4691c2,AEE6000,1
46a5e7,SEH2HG,1
46b8b3,AEE4GI,1
46b8b3,AEE102,1
3420c6,BCS7750,1
46b8a6,AEE3SW,1
46b8a6,AEE120,1
46b82f,AEE104,5
46b927,SEH5HG,1
46862b,MDF032T,1
46d1cf,SEH3HG,1
4691c2,AEE108,1
46ba85,SEH2HG,1
469469,FLTCHK1,4
4690fa,AEE6004,1
4692d3,AEE124,1
4692d3,AEE112,1
46a5e7,SEH4HG,1
4692d8,AEE6002,1
4692d8,AEE122,1
4692d8,AEE118,1
4692d8,AEE4GI,1
4692d8,AEE6008,1
4691c5,AEE6TY,1
46b822,AEE4K,1
3474ce,BCS7750,1
46b8b5,AEE102,1
46da6c,SEH390,1
4692d7,AEE4K,1
4692d7,AEE122,1
4692d7,AEE118,1
4692d7,AEE4GI,1
4692d7,AEE102,1
46a5e7,SEH6HG,1
46a5e2,SEH5HG,2
46a5e2,SEH4HG,1
468e45,SEH2HG,1
46ced4,SEH3HG,1
3481c9,BCS7750,1
46a5e4,SEH1HG,2
4692d7,AEE6002,1
469e45,SEH6HG,1
46b8a6,AEE124,1
4692da,AEE3SW,1
46b8a2,AEE102,1
46d0c9,SEH2HG,2
46d0ad,SEH4HG,1
46d2f2,SEH3HG,1
347302,BCS7750,1
46862b,MDF032,1
46ced4,SEH4HG,1
46ba85,SEH3HG,1
4692ce,AEE3SW,1
4692ce,AEE120,1
4692ce,AEE6TY,1
46b8b4,AEE136,1
469dc1,SEH1HG,1
46a5e2,SEH6HG,1
4690e4,AEE4K,1
4690e4,AEE122,1
4690e4,AEE118,1
4690e4,AEE4GI,1
46d0a3,SEH5HG,2
46b8b2,AEE3SW,1
4690e2,AEE136,1
4690fa,AEE4GI,1
4690fa,AEE102,1
46a5e2,SEH2HG,1
46a5e1,SEH1HG,1
4690e4,AEE6004,1
46d0c9,3HG,1
46d0a3,SEH4HG,1
46bc54,AEE144,3
469596,SEH3XD,1
469596,SEH1XD,1
4691c3,AEE6AL,1
46d2f2,SEH5XD,2
46bc53,AEE4AL,1
4690e4,AEE4AL,1
46d2ef,SEH3XD,2
4690f9,AEE6AL,1
46bc4e,AEE142,2
46ced4,SEH1XD,1
4692d7,AEE6AL,1
46d1cf,SEH5XD,1
46d1cf,SEH290,1
46bc49,AEE142,1
46bc49,AEE4AL,2
46bc4d,AEE144,1
46d0ad,SEH5XD,1
46b8a2,AEE6AL,1
46bc49,AEE144,1
46bc52,AEE142,1
46bc52,AEE4AL,1
46ba85,SEH5XD,1
46d0c9,SEH3XD,1
4690e5,AEE6AL,1
46bc52,AEE144,1
46bc4b,AEE142,1
46d1cf,SEH1XD,1
4692cd,AEE6AL,1
4692d3,AEE144,1
46bc4e,AEE4AL,1
46cd38,SEH3XD,1
4690e2,AEE66M,1
4690e2,AEE214,1
4690e2,AEE208,1
46a5e3,SEH286,1
469e42,SEH6RA,1
46d0a3,SEH2RA,2
4691c7,AEE212,1
4691c7,AEE210,1
4691c7,AEE204,2
46d0ad,SEH4RA,1
46bc38,OA3002,1
46b828,AEE20RP,1
469e42,SEH2RA,1
4690e4,AEE8RD,1
46b8b5,AEE210,1
46a5e2,SEH6RA,1
46a5e3,SEH6RA,1
46a5e2,SEH2RA,1
4690e9,AEE8RD,1
4691c7,AEE8RD,1
4691c7,AEE6RP,1
4691c7,AEE2HO,1
46d276,SEH4RA,1
46a5e3,SEH2RA,1
4690e2,AEE210,1
46da6c,SEH6RA,1
4690fa,AEE210,1
4690fa,AEE204,1
4690fa,AEE2HO,1
4691c1,AEE8RD,1
469e45,SEH2RA,1
46a5e7,SEH6RA,1
46dca2,SEH4RA,1
4690e2,AEE990,2
46a5e4,SEH670,3
46b822,AEE994,1
4baa59,THY5QC,1
4baa59,THY6CF,1
4bc845,PGT326U,1
4bc84e,PGT1192,1
4bc845,PGT1192,1
4ba996,THY5QY,1
4baa5a,THY6CF,1
4691c3,AEE992,2
4691c3,AEE990,1
4baa42,THY5QC,1
4690e9,AEE992,1
4bc8c5,PGT1192,1
781698,CSC3828,1
4bb26b,THY6ZH,1
4baa56,THY6CF,1
46a5e2,SEH670,1
4bb06f,THY5QY,1
4baa42,THY6ZH,1
46a5e1,SEH670,2
4bc855,PGT1192,1
4bc8c9,PGT1192,1
4baa44,THY5QC,1
4692d8,AEE990,2
4bc8c3,PGT326U,1
4ba9ab,THY5QY,1
4bab46,THY5QY,1
4baa90,THY5QC,1
4bb287,THY6CF,1
46b825,AEE990,1
46dca2,SEH670,1
7811e5,CSC3828,1
4bc84f,PGT1192,1
4bc8c5,PGT326U,1
46b82b,AEE994,1
4baa65,THY5QC,1
4bcced,THY6514,1
4bc882,PGT1192,1
4baa84,THY5QY,1
4691c1,AEE992,1
4baa88,THY6CF,1
46b8b4,AEE994,1
4bb1e4,THY6ZH,1
494104,NJE951P,1
46b567,NSK390,1
300a3c,SIO801,2
4689d2,AEW1010,2
46dca2,SEH872,1
4692d3,AEE4ED,3
4691c1,AEE4ED,1
468e45,SEH872,1
46da6c,SEH872,1
46dca2,SEH3MX,3
4690e1,AEE6IM,1
44061d,EJU82QK,1
46b82b,AEE4MI,2
4cadfe,RYR8896,1
4691c2,AEE6IM,1
4403bb,EJU54YD,1
46b82a,AEE4MI,1
46b8a6,AEE6IM,1
46a5e3,SEH3MX,2
440cff,EJU82QK,1
46b833,AEE4MI,1
44083f,EJU91WL,1
46b831,AEE6IM,1
440cff,EJU54YD,1
46b82d,AEE4MI,2
44083f,EJU54YD,1
440018,EJU82QK,1
4692d6,AEE6004,1
46b833,AEE6IM,2
4691c7,AEE6IM,1
440735,EJU82QK,1
469e45,SEH3MX,1
44009e,EJU91WL,1
4d2242,RYR8896,1
46b830,AEE4MI,1
440047,EJU82QK,1
46b927,SEH3MX,1
44061d,EJU91WL,1
4d20bf,WZZ2094,2
471f41,WZZ2094,1
46a5e3,SEH790,2
4868b9,TRA5B,2
46b82a,AEE624,3
484133,KLM14M,1
4868b9,TRA86U,1
484fde,KLM14M,1
46b82c,AEE624,2
46b927,SEH790,1
48418b,KLM46D,1
46b82d,AEE624,1
46a5e1,SEH790,1
484cb4,KLM46D,1
485a32,KLM14M,1
4866ee,TRA86U,1
485a32,KLM46D,1
48418a,KLM14M,2
484ee4,KLM46D,1
46d0a3,SEH790,1
484b2a,TRA86U,1
4866e0,TRA86U,1
46dca2,SEH790,1
484fdf,KLM92Y,1
484ee5,KLM46D,1
46b828,AEE624,1
4866e0,TRA5B,1
484557,KLM14M,1
4d222b,RYR335,1
4d227e,RYR325,1
4caf26,RYR74L,1
39de50,TVF59LN,2
469e42,SEH9DG,7
39ceaa,TVF98PP,1
3991e6,AFR75QX,2
46b824,AEE4CA,5
46b824,AEE61CG,5
3991e9,AFR75QX,1
46b82c,AEE4CA,1
46b826,AEE61CG,1
39348e,TVF96HL,1
4690e5,AEE6168,1
39348e,TVF59LN,1
392aed,AFR75QX,1
39de4e,TVF59LN,1
39d305,TVF98PP,1
392af4,AFR75QX,1
39de55,TVF59LN,1
39e5d9,FHZOZ,1
39de4b,TVF96HL,1
39de41,TVF67BK,1
3991e1,AFR75QX,1
440469,EJU79NY,1
3964ea,TVF96HL,1
46b828,AEE4CA,1
39bb22,AFR75QX,1
4691c5,AEE780,1
46a5e4,SEH3LC,3
46da6c,SEH1LC,1
440058,BCS7060,1
46b831,AEE904,4
46b831,AEE2LK,4
4c808f,CYP311,5
46b8b4,AEE91C,3
46b8b4,AEE908,4
46b8b4,AEE912,3
46d0a3,SEH1LC,1
469e45,SEH3LC,1
468e45,SEH7LC,1
440304,BCS4MP,2
4c484c,PNC4M,1
46b831,AEE90C,3
46b828,AEE91L,2
4c8096,CYP313,1
4c8090,CYP313,2
4c8090,CYP311,1
46b82b,AEE91L,1
469e45,SEH7LC,1
46a5e4,SEH1LC,1
46b8b3,AEE91C,1
4692da,AEE908,1
4692da,AEE6006,1
46da6c,SEH3LC,2
46b82d,AEE904,1
46b82d,AEE2LK,1
468e45,SEH1LC,2
440b90,TAY6CA,1
440189,BCS4MP,1
440058,BCS4MP,1
469dc1,SEH7LC,2
440ced,TAY6CA,1
ae17ef,SPAR12,5
46a5e7,SEH1LC,1
46b831,AEE91L,1
46b828,AEE904,1
46b828,AEE2LK,1
46a5e3,SEH1LC,1
46b833,AEE91L,1
46b833,AEE2LK,1
4692da,AEE90C,1
46b8a2,AEE91C,1
46b8a2,AEE908,2
46b8b5,AEE6006,1
4692cd,AEE904,1
46b82a,AEE91L,1
46a5e7,SEH7LC,1
46a5e1,SEH3LC,1
46b8b3,AEE912,1
46a5e4,SEH2FI,1
4ca759,ITY721,1
4690e1,AEE65R,1
4caded,ITY717,2
4cae17,ITY719,1
46b832,AEE5RF,1
48c1a6,RYR93PL,1
491306,NJE596N,1
46a5e1,SEH2FI,1
4691c7,AEE65R,2
46b828,AEE5RF,2
4cadea,ITY719,1
4ca8ff,ITY721,1
4cadde,ITY717,2
46b830,AEE65R,1
46b82c,AEE5RF,1
4cadfa,ITY719,1
4ca783,ITY717,1
4ca90a,ITY721,1
46da6c,SEH2FI,1
46a5e2,SEHFI,1
4cade9,ITY719,1
46b832,AEE65R,1
4ca85c,ITY721,2
4d24cc,RYR93PL,1
4cae18,ITY719,1
4ca8f4,ITY721,1
46b822,AEE5RF,1
46b82a,AEE65R,1
46a5e3,SEH2FI,1
4d2383,RYR93PL,1
4cadec,ITY717,1
4ca90a,ITY719,1
46b824,AEE65R,1
469e45,SEH2FI,1
46b831,AEE5RF,1
4d2095,RYR93PL,1
46b82a,AEE5RF,1
4cada6,ITY721,1
46d0a3,SEH2FI,1
4cadcb,ITY717,1
4cae1c,ITY719,1
46bc4e,AEE6LS,1
469534,SEH7TL,1
46bc54,AEE6LS,2
46d2f2,SEH7TL,2
46bc4b,AEE6LS,1
46d2ef,SEH7TL,1
469596,SEH7TL,1
46bc39,AEE6LS,1
46ced4,SEH6AK,2
46d1cf,SEH4AK,3
46bc53,AEE226,3
46d276,SEH2AK,2
469596,SEH6AK,1
46bc4e,AEE226,1
46d276,SEH6AK,2
46bc52,AEE226,1
46bc52,AEE2GS,1
46bc54,AEE2GS,1
46bc53,AEE224,1
469534,SEH224,1
46bc3a,AEE226,1
46bc4e,AEE224,1
46bc4e,AEE2GS,1
46bc4b,AEE226,1
46d0c9,SEH6AK,1
4692cd,AEE222,1
4690f9,AEE6400,1
469e45,SEH4WA,2
48e95e,LOT7MD,1
4692da,AEE872,1
46d0a3,SEH4WA,1
4690e9,AEE872,1
48af0e,LOT2EW,1
46a5e2,SEH4WA,1
4691c7,AEE872,1
46b831,AEE872,1
46da6c,SEH4WA,1
4690e9,AEE7EA,1
48e95c,LOT2EW,1
46b8a6,AEE7EA,1
48e95e,LOT2EW,1
468e45,SEH4WA,1
4691c3,AEE872,1
48af10,LOT7MD,1
4690fa,AEE808,1
4691c1,AEE808,1
4690e9,AEE808,1
3c5ee1,EWG4EB,2
4690fa,AEE750,1
4ac9ed,SAS55H,2
4cae8e,SAS2778,1
4692cd,AEE750,2
4ac9ef,SAS2778,1
4acab2,SAS55H,1
4cad94,SAS2778,1
45ab4b,SAS55H,1
4691c3,AEE750,1
4cad96,SAS2778,1
46b8b2,AEE750,1
4acaa2,SAS55H,1
4cad97,SAS55H,1
4acaa1,SAS2778,1
4691c1,AEE750,1
46b8aa,AEE750,1
47ba78,SAS2778,1
4690e4,AEE2PT,1
46b824,AEE2PT,1
469e42,SEH922,1
46b8a6,AEE2PT,3
4690e2,AEE7PT,1
4690f9,AEE7PT,1
46b927,SEH922,2
46b8b2,AEE2PT,1
4691c1,AEE832,1
4691c1,AEE13,1
3c66a1,DLH2LX,1
3c64b0,DLH691,2
3c65cd,DLH3KV,1
3c64a1,DLH1LX,1
468e45,SEH6MA,1
3c64a2,DLH1LX,1
3c64a1,DLH691,2
46b82f,AEE832,1
46b82f,AEE13,1
3c6672,DLH2LX,1
3c664e,DLH3KV,1
46b828,AEE832,1
46b828,AEE13,1
3c64b1,DLH1LX,1
46d0a3,SEH6MA,1
491188,NJE412Q,1
3c66e8,DLH3KV,1
3c6742,DLH2LX,1
3c64a7,DLH1LX,1
3c6663,DLH3KV,1
3c64a4,DLH691,1
3c65ca,DLH2LX,1
4690e4,AEE832,1
46b8ad,AEE13,1
46a5e4,SEH6MA,2
3c6676,DLH2LX,1
3c6668,DLH3KV,1
3c6487,DLH1LX,1
3c64b1,DLH691,2
4691c3,AEE832,1
4691c3,AEE13,1
3c648b,DLH2LX,1
3c6483,DLH1LX,1
46b824,AEE13,1
46b82c,AEE832,1
469dc1,SEH6MA,1
3c664d,DLH3KV,1
469e45,SEH6MA,1
46b82d,AEE832,1
46b82d,AEE13,1
3c6657,DLH2LX,1
3c66e1,DLH3KV,1
3c648c,DLH1LX,1
4ca805,RYR63FY,1
4692ce,AEE682,1
4d24cc,RYR9201,1
4692d6,AEE682,1
4cae95,RYR63FY,1
4d222d,RYR63FY,1
4692cd,AEE682,1
46b8b3,AEE682,1
4d21fe,RYR63FY,1
4d227b,RYR63FY,1
46b828,AEE8UM,1
3c64a3,DLH3CF,2
3c65d2,DLH683,1
46a5e2,SEH7AG,3
3c666b,DLH8JT,1
3c64a3,DLH8JT,2
3c64aa,DLH3CF,1
3c64a5,DLH685,1
3c09f2,LHX9932,1
4692d7,AEE8MC,2
4692d7,AEE8UM,1
46b927,SEH7AG,1
3c64ac,DLH685,3
3c64a5,DLH3CF,1
4690f9,AEE8MC,1
4692d3,AEE8UM,1
46a5e7,SEH7AG,1
3c64a8,DLH3CF,1
3c65c9,DLH8JT,1
4692ce,AEE8UM,2
46b82c,AEE8MC,1
3c66a8,DLH2CF,1
3c666b,DLH3CF,1
3c65d4,DLH8JT,1
4691c7,AEE8MC,1
46b8b4,AEE8UM,1
46a5e1,SEH7AG,1
3c648e,DLH685,1
3c6759,DLH8JT,1
3c675a,DLH2CF,1
46a5e3,SEH7AG,1
3c65d5,DLH8JT,1
46b82a,AEE8MC,1
3c648d,DLH685,1
46b8a2,AEE8UM,1
3c6759,DLH3CF,1
3c6451,DLH2CF,1
440058,BCS7837,1
440bc9,BCS813,1
440304,BCS7837,2
440189,BCS7837,1
46bc55,AEE292,1
46bc52,AEE292,2
46d1cf,SEH4EL,1
46cd38,SEH4EL,1
46d0a3,SEH8BR,1
46b826,AEE6TH,3
46b826,AEE2BR,4
44cdd0,BEL1VC,1
468d07,SEH8BR,4
46b833,AEE6TH,1
46b833,AEE2BR,1
46b825,AEE6TH,2
46b825,AEE2BR,2
44cc41,BEL1VC,1
44ce6a,BEL1VC,1
46a5e7,SEH8BR,1
4d20ff,WZZ37UE,1
471fa0,WZZ1276,1
4d2020,WZZ1276,2
48c26c,RYR1WE,2
471f4a,WZZ37UE,1
48c12b,RYR1WE,3
471f37,WZZ37UE,1
46b822,AEE7LD,1
46a5e1,SEH920,1
4692ce,AEE70D,1
346186,IBE08FR,2
347219,IBE08FR,1
4690e1,AEE6004,1
46b82b,AEE7LD,2
46b8b3,AEE70D,1
46b826,AEE7LD,1
469e45,SEH920,1
46b832,AEE70D,1
34660b,IBE08FR,1
46d0a3,SEH920,1
344449,IBE08FR,1
46b833,AEE7LD,1
347287,IBE08FR,1
46b831,AEE7LD,1
4692cd,AEE70D,1
46b927,SEH920,2
346499,IBE08FR,1
347453,IBE0840,1
46b830,AEE7LD,1
346204,IBE0840,1
34714d,VOE6ZT,2
a18dd3,N2FE,1
46b8ad,AEE3DW,2
4d24cc,RYR66DF,3
46bc4b,AEE150,3
46bc52,AEE154,3
46bc4d,AEE154,1
46bc55,AEE154,1
46b8ad,AEE154,1
46bc4e,AEE150,1
46bc53,AEE150,1
4ca2d5,RYR5DG,2
48e9f2,RYR5DG,1
48e9f0,RYR5DG,1
48c223,RYR5DG,1
4d24b3,WZZ6UQ,1
4ca76a,RYR772R,1
4d24cc,RYR772R,2
471d65,WZZ6UQ,1
491d8d,NJE239P,1
4d20ff,WZZ2358,1
471dbf,WZZ6UQ,1
471dbf,WZZ2498,2
4d227e,RYR1242,2
471d5b,WZZ6UQ,1
4ca27b,RYR772R,1
4d24ae,WZZ2358,1
4690e2,AEE8YD,1
4d24cc,RYR1242,2
4691c4,AEE8YD,1
471dbd,WZZ6UQ,1
471db0,WZZ2498,1
471fae,WZZ2498,1
4692d8,AEE8YD,1
4690e9,AEE7RN,1
458d90,NFA033,1
4ac9e7,SAS94Y,1
493294,NJE423L,1
46b8ad,AEE7RN,1
4691c1,AEE7RN,1
4ac9ec,SAS94Y,1
46b8b6,AEE7RN,1
4868b9,TRA6708,1
4854cd,TRA6708,1
4866e0,TRA7Y,1
48c1a6,RYR6043,1
48c1a6,RYR5EP,1
4932a1,NJE083G,1
4690e4,AEE730,1
4691c3,AEE730,2
4d227e,RYR5EP,1
4d24ca,RYR6043,1
491d9a,NJE343W,1
4d24cc,RYR5EP,1
4d227e,RYR6043,1
4d234a,RYR5EP,1
48c1a6,RYR6593,1
4d24cc,RYR6593,1
46b927,SEH5DL,1
4692d3,AEE9W,1
4690e4,AEE9W,1
46da6c,SEH5DL,2
3c5ef6,EWG2E,2
4690e5,AEE9W,1
46dca2,SEH5DL,1
3c4b4e,EWG2E,1
4690e9,AEE9W,1
4690fa,AEE9W,1
46d0a3,SEH5DL,1
46b828,AEE9W,1
3c4b4b,EWG2E,2
46b8b4,AEE9W,1
46bc53,OAL042,1
468e45,SEH760,2
4692cd,AEE866,1
4690e9,AEE4RG,1
46a5e4,SEH760,1
4691c3,AEE866,1
4691c7,AEE866,1
46da6c,SEH760,1
4692d3,AEE4RG,1
46dca2,SEH760,1
49d04d,TVS4447,1
46a5e1,SEH760,1
4691c3,AEE4RG,1
468e45,SEH924,1
39cea0,TVF8079,1
346611,VOE1FU,1
44061c,EJU93DE,1
44061c,EJU65EW,1
46dca2,SEH924,1
346649,VOE1FU,1
44064a,EJU93DE,1
4ca809,RYR34BF,1
48c1a6,RYR34BF,1
4d227e,RYR34BF,2
4cae59,RYR369H,1
4cac86,RYR34BF,1
4d2219,RYR34BF,1
4d24d6,WMT1AB,2
3451ca,RSC5AY,1
34744e,CNF215,1
34568f,NAY78LW,1
34568f,NAY42QL,1
34758f,NAY5AY,1
3450ca,CNF215,1
3480d7,NAY82BH,1
346345,NAY56LT,1
34758f,NAY73UJ,1
34744e,CNF455S,1
346095,RSC11KN,1
345686,IBS1532,1
343385,IBS1536,1
342104,IBS1532,2
342105,IBS1532,1
343385,IBS1532,1
341682,IBS1532,1
4cacb6,SAS036,1
4cad93,SAS034,1
47ba0d,SAS54A,1
4cad93,SAS169,1
4ac9ee,SAS71L,2
4acac6,SWE54L,3
4acac6,SWE52L,4
4cad91,SAS171,1
4cad86,SAS22A,2
4cac8a,SAS161,1
4cac8a,SAS157,1
4ac9f3,SAS71L,2
4cac8a,SAS169,1
4cac8a,SAS54A,1
4cad87,SAS161,1
4cac7b,SAS157,1
47bb0a,SAS147,1
4cad40,SAS22A,1
4cad97,SAS161,1
4cad97,SAS157,1
47bb0a,SAS54A,1
4cac7b,SAS171,2
4cad86,SAS169,1
4cad88,SAS22A,1
4cafce,SAS157,1
4caddb,SAS169,1
4ac9f2,SAS147,1
4caf94,SAS54A,1
45ac33,SAS149,1
4cad93,SAS161,1
45d969,VKG4721,1
4cad97,SAS48Y,1
4cad41,SAS22A,1
4cad41,SAS161,1
45ac32,SAS147,1
4cacb5,SAS157,1
45ac30,SAS71L,1
4cad87,SAS169,1
4ab56f,SAS161,1
4cac7b,SAS54A,1
4cacb0,SAS2159,1
4cad93,SAS48Y,1
4ab564,SAS71L,1
4ab568,SAS157,1
47ba0d,SAS63Z,1
4ac9e3,SAS63Z,1
4ac9f8,SAS63Z,1
4ac9ee,SAS63Z,2
47ba78,SAS63Z,1
45ac32,SAS6023,1
4cac8a,SAS63Z,1
4aca8c,NSZ2615,1
4601f9,FIN8LF,1
4601fb,FIN2N,1
461fa0,FIN5RY,1
4aca96,NSZ2613,1
461f39,FIN4AW,1
4601f8,FIN826,1
4ca660,SAS702,1
4cac9f,SAS722,1
4cafcc,SAS716,1
4aca8d,NSZ4281,2
461e1d,FIN4XD,1
461e1f,FIN6EH,1
461e1a,FIN4RA,1
461f64,FIN4RA,1
4ab566,SAS702,2
4601f7,FIN2N,2
4aca8c,NSZ23Y,1
461fa7,FIN4AW,1
4cad40,SAS716,1
4601fb,FIN826,3
461e21,FIN8LF,1
4ca660,SAS722,1
4aca8a,NSZ2613,2
461fa1,FIN5RY,1
461f65,FIN4KB,1
461e1e,FIN6EH,1
4601f6,FIN4XD,1
461fa7,FIN4RA,1
461e16,FIN8LF,1
4aca95,NSZ2613,1
4aca85,NSZ23Y,2
4601fa,FIN2N,1
461f6d,FIN5RY,2
461e1a,FIN4XD,1
461e18,FIN6EH,2
461e1e,FIN826,1
4cad87,SAS716,1
4caf94,SAS722,1
4ab5d0,SAS702,1
461f9b,FIN4KB,1
461fa9,FIN4AW,2
461f39,FIN5RY,1
4aca89,NSZ2615,2
461f69,FIN4RA,1
461f9a,FIN4AW,1
4601fd,FIN826,1
461f67,FIN6EH,1
4aca81,NSZ23Y,1
4601f6,FIN2N,1
4cad87,SAS722,1
4601f7,FIN8LF,1
4cad41,SAS716,1
461fa5,FIN4KB,1
461f36,FIN4XD,1
4601f4,FIN2N,1
461fa2,FIN4AW,1
461f9b,FIN4XD,1
4601f6,FIN8LF,1
4ab564,SAS702,1
461f67,FIN4KB,1
4aca89,NSZ2613,1
461f6c,FIN6EH,1
4cae75,SAS716,1
45ab54,FIN4RA,1
4cad40,SAS724,1
4aca81,NSZ2617,1
4aca81,NSZ2615,1
461e16,FIN6EH,1
461e18,FIN8LF,1
4ab568,SAS722,1
4601fd,FIN4XD,1
461f36,FIN4KB,1
4601f4,FIN826,1
4cad93,SAS54G,1
4ab563,SAS710,1
4ab56f,SAS708,1
4aca4a,NSZ4281,1
4601f2,FIN8LF,1
461faa,FIN4KB,1
461f62,FIN4RA,1
4601f9,FIN4XD,1
4ab56b,SAS702,1
4aca8c,NSZ43E,1
4aca8c,NSZ4031,1
4ac9e3,SAS22Y,1
4ac9e3,SAS016,2
4ac9f8,SAS010,2
4a91fa,SAS006,1
4ac9ee,SAS97T,2
4ac9ee,SAS77D,3
4ac9ee,SAS49J,2
4acb02,NSZ45F,1
4cafcc,SAS1004,1
4cac8a,SAS2004,1
4ac9e7,SAS49J,1
4ac9f8,SAS22Y,1
4ac9f8,SAS016,1
4acb02,NSZ43E,2
4acb02,NSZ4031,1
4aca8f,NSZ45F,1
4caf16,SAS2002,1
4ac9e5,SAS77D,1
494108,NJE812Q,1
4ac9f5,SAS010,1
4aca86,NSZ45F,2
4aca8e,NSZ43E,1
4aca8f,NSZ4031,2
4ac9e3,SAS006,1
4cafce,SAS2002,1
4caddb,SAS1004,1
4cacb0,SAS2002,1
4aca82,NSZ45F,1
4acb43,SAS22Y,2
4acb43,SAS016,1
4ac9f3,SAS77D,1
4ac9f3,SAS49J,1
4ac9e3,SAS1004,1
4aca4a,NSZ43E,1
47bb0a,SAS010,1
45ac30,SAS014,1
4aca86,NSZ4031,1
4cad91,SAS2004,1
4ac9e5,SAS97T,1
47bb0a,SAS49J,1
4cae75,SAS1004,1
4cacb0,SAS006,1
4aca82,NSZ4031,1
4ac9ee,SAS016,1
4aca8e,NSZ45F,1
4aca8e,NSZ39C,1
4ac9f5,SAS49J,1
47bb0a,SAS006,1
4ac9f4,SAS97T,1
4ac9f4,SAS014,1
4cac9f,SAS010,1
4acac5,SWE01C,1
4cafd8,SAS77D,1
4cac9f,SAS202,1
4cac9f,SAS49J,1
4d2228,RYR7GF,1
4d252b,WZZ44MN,2
4d2244,RYR10P,1
4d2228,RYR10P,1
4ca809,RYR10P,1
48c12e,RYR10P,1
4d2228,RYR96BY,1
a50c4b,UPS283,1
a53013,UPS283,3
4ca809,RYR96BY,1
48c228,RYR96BY,1
4d2228,RYR2FU,1
4ab568,SAS43P,2
4ac9f9,SAS40L,1
4ac9e7,SAS1772,1
4ab562,SAS1748,1
4ab563,SAS43P,1
4ac9ee,SAS40L,1
4ab564,SAS1748,2
4ac9e5,SAS1772,2
4ab564,SAS43P,1
4ac9f3,SAS1772,1
47bb0a,SAS40L,1
4ab568,SAS1748,1
4d2272,RYR2FU,1
4ac9e3,SAS40L,1
4ab56b,SAS43P,1
4cac23,RYR2FU,2
4ab566,SAS1748,1
4acaa2,SAS1772,1
4acb43,SAS40L,1
4ac9f3,SAS40L,1
4ab561,SAS43P,1
4cad2a,RYR2FU,1
4d2228,RYR27NM,1
4ca623,RYR58MN,1
48e9f6,RYR468Q,1
4d2272,RYR58MN,1
4d2501,RYR27NM,1
4cae48,RYR27NM,1
4cad2a,RYR468Q,1
4ca809,RYR27NM,1
4cac23,RYR58MN,1
4ac9d4,EUW9462,1
4d23fa,RYR27NM,1
4ac9e3,SAS2689,1
4ac9f5,SAS2689,1
4cac7a,SAS2689,1
4cac8a,SAS6071,1
4cad40,SAS2689,1
45ac30,SAS6071,1
4408df,AUA966,1
440666,AUA962,1
44001b,AUA966,1
4d22af,RYR97FL,1
440c8d,AUA966,1
44004f,AUA966,1
440607,AUA97W,1
440039,AUA966,1
44001c,AUA962,1
4d22c8,RYR97FL,1
4408df,AUA97W,1
440c8c,AUA966,1
48af0f,LOT4YP,1
48adab,LOT454,1
48e95c,LOT458,2
48ada2,LOT4YP,2
48e95e,LOT454,1
48e959,LOT458,1
48ac82,LOT454,1
48ada9,LOT454,1
48adab,LOT4YP,1
48ada0,LOT4YP,1
48af05,LOT454,1
48e95b,LOT454,1
48af0e,LOT454,1
4ac9ec,SAS35K,1
4aca92,NSZ3LE,1
4aca90,NSZ4ZE,1
4cadf0,RYR61YL,1
4caa58,RYR61YL,1
4cac23,RYR61YL,1
4aca4f,NSZ5HA,1
4cae8e,SAS35K,1
4ac9f5,SAS35K,1
4aca13,NSZ5HA,1
47ba78,SAS35K,1
4aca13,NSZ3LE,1
4cad2a,RYR61YL,1
4aca4f,NSZ3LE,1
4cad91,SAS35K,1
4cad2a,RYR4047,1
4caf16,SAS1740,2
4ca660,SAS740,2
4caf16,SAS740,1
4cac9f,SAS1740,1
4caf24,SAS1740,1
4caf94,SAS740,1
4cac9f,SAS740,1
4cacb0,SAS740,1
4cafd8,SAS1740,1
4cad2a,RYR27QC,1
4cac23,RYR27QC,1
4ac9f8,SAS1557,1
4867c1,KLM94R,1
484b90,KLM20H,1
4868a6,KLM78W,1
484cb4,KLM46M,1
4acb01,NSZ2038,1
4ac9e7,SAS1555,1
4cad97,SAS1553,3
4864ed,KLM1226,1
4ac9f3,SAS1555,2
484966,KLM20H,1
48418a,KLM46M,2
4867c1,KLM1226,1
486742,KLM94R,1
486804,KLM78W,1
4ac9ec,SAS1557,1
4cac9f,SAS1557,2
484442,KLM46M,1
4867c3,KLM1226,1
486954,KLM78W,1
48418c,KLM20H,1
48415e,KLM1214,1
4ac9f9,SAS1553,1
4867c4,KLM94R,1
486651,KLM1226,1
484166,KLM46M,1
48418b,KLM94R,1
4ac9e5,SAS1555,1
4cae8e,SAS1557,1
484130,KLM1214,1
4acb04,NSZ2038,2
484555,KLM20H,1
4867c3,KLM94R,1
48418b,KLM20H,1
486836,KLM1226,1
47bb0a,SAS1555,1
486802,KLM78W,1
484ee4,KLM46M,1
484131,KLM1214,1
484ee5,KLM1226,1
4acb02,NSZ2038,1
4ac9e5,SAS1553,1
484166,KLM1214,1
4cac8a,SAS1557,1
486741,KLM94R,1
486741,KLM20H,1
4cad93,SAS1555,1
4864ed,KLM20H,1
4cafd8,SAS33P,1
4867c0,KLM94R,1
48418c,KLM1214,1
490d81,NJE258G,1
39bdb4,AFR94YQ,2
4cac7a,SAS579,1
4cad93,SAS85Y,1
3991e3,AFR17NT,5
440102,TAY7TL,2
39de4f,TVF17PT,2
39de4f,TVF43PZ,1
39bdaf,AFR47SQ,1
4ac9f5,SAS579,1
4400be,TAY7TL,4
39bda0,AFR94YQ,1
4cad89,SAS85Y,1
4cacb6,SAS85Y,1
4ac9e5,SAS579,1
39e680,AFR47SQ,1
39e68a,AFR94YQ,1
440d90,TAY7TL,2
4ac9f2,SAS579,1
4aca4a,NSZ3KB,1
39e687,AFR47SQ,1
4cac7b,SAS85Y,1
39de57,TVF43PZ,1
39bdb4,AFR47SQ,1
39bdaf,AFR94YQ,1
491d88,NJE675B,1
4ac9f4,SAS579,1
39de49,TVF17PT,1
4cad87,SAS85Y,1
39e683,AFR47SQ,1
4cacb0,SAS85Y,1
502ce8,TVF7447,1
392af9,AFR17NT,1
39e681,AFR94YQ,1
4cad41,SAS579,1
4aca8f,NSZ4313,1
39e4ac,AFR17NT,1
39e683,AFR94YQ,1
780092,CAO3157,1
3991e8,AFR47SQ,1
3c65d5,DLH4MA,1
3c64a8,DLH3WU,1
3c6759,DLH8KY,1
3c66ab,DLH2UP,1
3c64ac,DLH2UP,1
3c64aa,DLH4MA,1
3c6542,DLH3WU,2
3c65c8,DLH8KY,1
3c6759,DLH4MA,1
3c65cc,DLH8KY,1
3c65c8,DLH2UP,1
3c66a2,DLH2UP,1
3c65c9,DLH3WU,2
3c64a3,DLH4MA,3
3c64aa,DLH8KY,2
3c6670,DLH3WU,1
3c64a8,DLH2UP,1
3c648e,DLH2UP,1
3c64a8,DLH8KY,1
3c6486,DLH3WU,1
3c64aa,DLH2UP,1
3c648e,DLH8KY,1
49d353,TVS64J,1
48c227,RYR7678,1
4cac23,RYR7678,1
4aca4a,NSZ5NE,1
4cadf0,RYR13ZN,1
4aca84,NSZ5NE,1
4ca809,RYR13ZN,1
4aca87,NSZ5NE,1
48c135,RYR13ZN,1
4acb04,NSZ5NE,1
4ca27c,RYR13ZN,1
4d2272,RYR13ZN,1
4bb282,THY8FY,1
4b8e05,PGT6KU,1
4bab2c,THY7MJ,1
4bb841,PGT38LW,1
4bbd01,TKJ69F,1
4bb287,THY8FY,1
4bc887,PGT6KU,1
4b9e05,TKJ69F,2
4bb861,PGT6KU,1
4bbd09,TKJ69F,1
4bb286,THY7MJ,1
4bc8c9,PGT38LW,1
4baa88,THY8FY,1
4bc8c7,PGT6KU,1
4b8533,PGT38LW,1
4bc84d,PGT38LW,1
4bc899,PGT6KU,1
4b9e02,TKJ69F,1
4baa63,THY8FY,1
4baa92,THY7MJ,1
4bc844,PGT38LW,1
4bc859,PGT6KU,1
4bb205,THY8FY,1
4b8e46,PGT38LW,1
4bc850,PGT6KU,1
4bb206,THY7MJ,1
4ab5d0,SAS189,2
4ab56b,SAS183,2
4ac9f5,SAS181,1
4caf16,SAS177,2
4ca660,SAS187,1
4caf94,SAS187,1
4ab561,SAS189,1
4ca660,SAS181,1
4cac9f,SAS177,2
4ab56f,SAS189,1
4caf16,SAS187,1
4caf94,SAS181,1
4ab566,SAS189,1
4ab561,SAS183,1
4cac9f,SAS187,1
4ab568,SAS181,2
4ab56b,SAS189,1
4ab564,SAS183,1
4cac9f,SAS181,1
4cacb0,SAS177,1
4ca6d9,SAS187,1
4cafd8,SAS181,1
4ab5d0,SAS2129,1
4ab56b,SAS2135,2
4ab563,SAS2131,2
4ab56f,SAS2131,1
4ab56b,SAS2129,1
4ab564,SAS2135,1
4ab566,SAS2131,1
4ab566,SAS2129,1
4ab568,SAS2131,1
493281,NJE518G,1
4ab568,SAS2135,2
4ab5d0,SAS2131,1
4ab565,SAS2137,1
4cacb6,SAS2111,1
4cad97,SAS125,2
4cad97,SAS121,4
494108,NJE535W,1
4cac7b,SAS105,1
4cad97,SAS2111,3
4cad87,SAS125,1
4cad87,SAS121,1
4cad91,SAS105,1
4cae75,SAS105,1
4cacb6,SAS127,1
4ac9f9,SAS101,1
4cad88,SAS2111,1
4cad88,SAS125,1
4caf94,SAS105,1
4cad87,SAS127,1
45ac30,SAS101,1
45d962,VKG4525,1
4ab561,SAS66T,1
4cac7a,SAS131,2
4cac7a,SAS127,1
4cafd8,SAS105,1
4ac9ee,SAS101,1
4cac7b,SAS2111,1
4ab565,SAS105,1
4cad86,SAS125,1
4ab566,SAS6051,1
4cac9f,SAS121,1
4ab5d0,SAS109,1
4ab566,SAS105,1
3c6637,DLH807,1
3c64a2,DLH5CF,1
3c66ae,DLH5XV,1
3c6674,DLH811,1
3c6446,DLH807,1
3c648b,DLH5XV,1
3c66ae,DLH811,1
3c6655,DLH5CF,1
3c66e1,DLH7LX,2
3c6758,DLH5XV,1
3c674d,DLH807,1
3c674d,DLH811,1
3c6498,DLH5CF,1
3c6666,DLH811,2
3c65c7,DLH5XV,1
3c6650,DLH7LX,1
3c6658,DLH807,1
3c64a7,DLH5CF,2
44022b,AUA1412,1
3c64a2,DLH5XV,1
3c64a6,DLH5CF,1
3c6584,DLH807,1
3c6485,DLH7LX,1
3c64a1,DLH811,1
3c6678,DLH5XV,1
3c64a4,DLH811,1
3c6485,DLH807,1
3c64a7,DLH7LX,1
3c6658,DLH5XV,1
4acb03,NSZ5503,2
48c229,RYR1PH,1
4cadf0,RYR1PH,1
4d2272,RYR1PH,1
3443d5,VLG73AE,1
4aca84,NSZ5503,2
34454a,VLG73AE,1
4cad2a,RYR9SF,1
48c229,RYR4RA,1
502cc7,BTI11X,1
4acb01,NSZ2031,1
502d29,BTI1M2,1
502cc7,BTI1M2,1
502d45,BTI11X,1
502d45,BTI1M2,1
502d5c,BTI11X,1
4caa58,RYR4RA,1
502ce4,BTI11X,1
4acb04,NSZ2031,2
48c235,RYR4RA,1
502d0e,BTI1M2,2
502ce6,BTI1F6,1
502d3e,BTI11X,1
4ca647,RYR4642,1
4ca809,RYR4RA,1
502d88,BTI11X,1
4d2272,RYR4642,1
4acb02,NSZ2031,1
502d95,BTI1F6,1
4d2272,RYR4RA,1
4cac7a,SAS69N,1
4cac9f,SAS50P,2
4cac9f,SAS73T,2
4cac9f,SAS1014,1
4ab56f,SAS59K,1
4caf94,SAS73T,2
4caf94,SAS1014,1
4acac4,SWE13U,1
4ca660,SAS50P,1
4cac9f,SAS69N,1
4ab561,SAS59K,1
4caf16,SAS73T,1
4caf16,SAS1014,1
4cad87,SAS69N,1
4caf94,SAS50P,2
4caf16,SAS69N,1
4cad93,SAS59K,1
4caf94,SAS69N,1
4ab566,SAS1014,2
4aca87,NSZ4050,1
4cacb0,SAS59K,1
4aca14,NSZ4050,1
4ca6d9,SAS73T,1
4cafd8,SAS59K,1
4cad93,SAS409,1
4ac9e5,SAS1425,2
4ac9e5,SAS91A,3
4a91fa,SAS39C,1
4a91fa,SAS1407,1
4ab822,NSZ3195,1
4ac9e7,SAS1421,2
4a91f8,SAS22H,1
4ac9f3,SAS41K,1
4ac9f3,SAS1415,2
4aca15,NSZ3213,1
4cad91,SAS53C,1
4cafcc,SAS40G,1
4cafcc,SAS1429,1
4caddb,SAS407,1
4ac9f3,SAS1425,2
4cad94,SAS22H,1
4cad42,SAS1421,1
4cad42,SAS54C,1
4caddb,SAS1407,1
4aca93,NSZ3195,1
4ac9f8,SAS1415,1
4aca90,NSZ3213,1
4cafce,SAS40G,1
4cacb6,SAS1429,1
4ac9f4,SAS407,1
4cad91,SAS409,1
4ac9ec,SAS91A,1
4cad89,SAS39C,1
4caf82,SAS22H,1
4ac9f5,SAS41K,1
4ac9f5,SAS1415,1
4caf7e,SAS9233,1
4ac9ed,SAS407,1
4aca8b,NSZ3213,1
4ac9ec,SAS53C,1
4ac9e7,SAS54C,1
4cad87,SAS40G,1
4cad87,SAS1429,1
4aca15,NSZ3195,1
4ac9f2,SAS39C,1
4ac9f2,SAS1407,1
4cad86,SAS409,1
4cad88,SAS54C,1
4aca93,NSZ3213,1
47ba0d,SAS407,1
4ac9ec,SAS1407,1
4acb43,SAS41K,1
4acb43,SAS1415,1
4caddb,SAS409,1
4aca8b,NSZ3195,1
4cac9f,SAS1421,1
4ab822,NSZ3211,1
4cad41,SAS40G,1
4cad41,SAS1429,1
4cad41,SAS22H,1
4cac8a,SAS53C,1
4ac9e3,SAS1425,1
4ac9e3,SAS91A,1
4ac9e2,SAS39C,2
4ac9e2,SAS1407,1
4ac9e2,SAS1421,1
4aca14,NSZ3211,1
4ac9f2,SAS53C,1
4aca45,NSZ3195,1
45ac32,SAS41K,1
4cafce,SAS22H,1
45ab21,SAS407,1
4ab822,NSZ3213,1
4acaa2,SAS54C,1
4cae75,SAS40G,1
4cae75,SAS1429,1
4cad87,SAS409,1
4ac9f2,SAS1429,1
4cad40,SAS91A,1
4caf82,SAS1407,1
4aca14,NSZ3213,1
4aca14,NSZ8533,1
4cad88,SAS1421,1
406d6f,TOM921P,1
45ab4f,SAS40G,1
4cad41,SAS41K,1
4cad41,SAS1415,1
4ac9e7,SAS405,1
45ac32,SAS53C,1
4ab821,NSZ3211,1
4aca50,NSZ3215,1
4cac79,SAS407,1
4cad93,SAS22H,1
4caf7e,SAS1421,1
4ac9ea,SAS91A,1
4ac9e9,SAS413,1
4ac9ef,SAS41K,1
4ac9ef,SAS1415,1
45ac30,SAS40G,1
4caf94,SAS53C,1
4ac9f2,SAS54C,1
49328f,NJE361P,1
4ab566,SAS1127,1
4ab566,SAS33E,1
4ab561,SAS1141,1
4ab563,SAS1145,1
4ab562,SAS1135,1
4ab566,SAS1135,1
4ab56f,SAS1127,1
4ab568,SAS33E,1
4ab561,SAS1145,1
4ab56f,SAS1135,1
4ab562,SAS1127,1
4ab562,SAS33E,1
4ab568,SAS1145,1
4ab564,SAS1145,1
4ab564,SAS1135,1
4ab56f,SAS33E,1
4ab568,SAS1127,1
4ab561,SAS1127,1
4ab56b,SAS1131,1
4ab56b,SAS33E,1
4ab568,SAS1131,1
4ab56b,SAS1145,1
4ab56b,SAS1127,1
4d2014,EWG13G,1
4aca83,NSZ4505,1
4cad40,SAS95W,1
4cad93,SAS2677,1
4ac9ec,SAS95W,1
4ac9ec,SAS2677,1
48c229,RYR737,1
4d2088,EWG13G,1
4aca86,NSZ4505,1
4cad97,SAS2677,1
4cac8a,SAS95W,1
4ac9f2,SAS2677,1
4cae8e,SAS95W,1
4aca4a,NSZ4505,2
3c4b4c,EWG13G,1
4cac7a,SAS95W,1
4ca6d9,SAS2677,1
4caf7e,SAS2677,1
4cacb0,SAS95W,1
4ca24e,RYR4605,1
4caa61,RYR4605,1
48c1a1,RYR33,1
48c1a1,RYR4605,1
4d220b,RYR4605,1
4ca647,RYR4605,1
4d221f,RYR41YP,1
4cad2a,RYR41YP,1
4d240c,EWG4237,1
4aca8f,NSZ1VD,1
49d3ce,TIE724J,1
4acb02,NSZ1VD,1
4d2088,EWG4237,1
4acb03,NSZ1VD,1
4cadf0,RYR8MU,2
4cad2a,RYR8MU,1
48c1a8,RYR8MU,1
48c125,RYR8MU,1
4ca647,RYR4635,1
48c132,RYR4635,1
48c134,RYR6692,1
4ca809,RYR4635,1
4cae58,RYR7MT,1
4ca809,RYR7MT,1
471d64,WZZ877,1
4ca647,RYR7MT,1
4ac9f5,SAS1044,2
4ac9f5,SAS50F,1
4ac9ee,SAS62Y,1
47bb0a,SAS50F,1
4ac9e5,SAS50F,1
47bb0a,SAS1044,1
4aca86,NSZ4063,1
4acb43,SAS62Y,1
45ac32,SAS1044,1
4acb43,SAS50F,1
3e3f1e,AWH77T,1
4caf16,SAS589,1
4caf94,SAS64U,1
44cdc6,BEL6UA,1
4cac7a,SAS64U,1
44cdcd,BEL2ZH,1
44cdc6,BEL2ZH,1
44ce6f,BEL6UA,1
44cdcd,BEL7HQ,1
4cac7b,SAS64U,1
44cc43,BEL7HQ,1
44ce66,BEL6UA,1
44cc42,BEL2ZH,1
4ac9f5,SAS64U,1
44ce75,BEL6UA,1
4acb43,SAS64U,1
44cc42,BEL7HQ,1
44cdd1,BEL2ZH,1
4ac9f3,SAS64U,1
44cdc2,BEL7HQ,1
344417,IBE0828,1
347454,IBE08VY,1
3475d5,IBE08VY,1
3420cc,IBE08VY,1
34444b,IBE08VY,1
346186,IBE08VY,1
3445d4,IBE0828,1
347287,IBE08VY,1
345692,IBE0042,1
4ca660,SAS1497,1
4caf94,SAS2497,1
4caf94,SAS1497,2
4caf16,SAS2497,1
4ca660,SAS2497,1
4caf16,SAS1497,1
4cacb0,SAS2497,1
4cac9f,SAS1497,1
4cacb0,SAS1497,1
4ab56f,SAS091,1
51113c,NYX806,2
4ab5d0,SAS085,1
51113c,NYX808,1
51113c,NYX802,2
4ab5d0,SAS85P,1
4ab564,SAS077,1
4ab566,SAS089,1
4aa6b6,SWX25,2
4ab563,SAS091,1
4ab56b,SAS093,1
4acac2,SWE41B,2
4ab566,SAS091,1
4d2412,EWG7FR,2
4d2014,EWG1UC,2
4d2412,EWG1UC,1
4d240c,EWG1UC,1
3c5ef2,EWG1UC,1
4cae22,BCS4VA,1
4cae23,BCS4VA,1
4cae26,BCS4VA,2
4cae24,BCS4VA,1
4acac5,SWE31A,3
4ab556,JON38,1
4aca89,NSZ21U,1
48e9f6,RYR53GW,1
4cad92,SAS245E,1
4ac9f5,SAS95T,3
4aca96,NSZ5053,1
4d2214,RYR53GW,1
4aca82,NSZ3WE,1
4cad2a,RYR53GW,1
4cafce,SAS95T,1
4ab824,NSZ5053,1
4cadba,RYR53GW,1
4cac79,SAS245E,1
4cac23,RYR53GW,1
47c1f7,NSZ21U,1
4ac9f4,SAS95T,1
4ac9ef,SAS95T,1
45bd84,MMD400,1
4aca96,NSZ5051,1
48c2b9,RYR53GW,1
4ac9f5,SAS245E,1
4aca83,NSZ5053,1
4aca83,NSZ5051,1
4acb43,SAS1817,1
4ca912,RYR53GW,1
4aca53,NSZ21U,1
48e9f6,RYR8EL,1
4cad94,SAS31B,1
4cac8a,SAS66M,1
4cacb6,SAS31B,1
4cac7b,SAS31B,1
4cadf0,RYR8EL,1
4caddb,SAS31B,1
4cac23,RYR8EL,2
4cad88,SAS66M,1
4cad88,SAS31B,1
4cae8e,SAS31B,1
4cac1f,RYR81HE,1
4cac8a,SAS72U,1
458d0c,JNJ9160,1
4caf82,SAS72U,1
4ac9e5,SAS72U,1
4cac87,RYR6QU,1
4cad2a,RYR6QU,3
4d2272,RYR6QU,1
4d2214,RYR56MA,1
4caecc,RYR56MA,1
34714e,VOE2507,1
34714e,VOE4CK,1
347641,VOE58QJ,3
34714e,VOE58QJ,1
34714d,VOE58QJ,1
3455d7,VOE4CK,1
346613,VOE1QC,1
346644,VOE4HY,3
346613,VOE4HY,2
34714e,VOE1QC,1
346613,VOE8YM,1
34568d,VOE6CW,2
347256,VOE6CW,1
3465d8,VOE6CW,1
34714e,VOE6CW,1
34714d,VOE81DF,2
34714d,VOE2762,2
3465d8,VOE2762,1
347641,VOE2SH,2
34714e,VOE2SH,1
4401f7,EJU56KM,1
4401f7,EJU107K,1
440175,EJU56KM,1
4402f1,EJU56KM,1
440c96,EJU107K,1
347641,VOE9KG,1
4405ea,EJU63FQ,2
34714d,VOE9KG,1
392da7,ITI21KZ,1
3981e4,ITI25KZ,1
394d49,ITI21KZ,2
394d49,ITI25KZ,2
3981e4,ITI23KZ,1
4401e4,EJU71JP,1
44009e,EJU71JP,1
345615,ANE33HL,1
3451d9,ANE33HL,1
348402,ANE33HL,1
345583,ANE33HL,1
49d3ac,BOH713,3
3c56f2,EWG79P,1
4d2414,EWG79P,1
4d2013,EWG79P,1
3c5eeb,EWG79P,1
4d2409,EWG6YA,1
3c5ee5,EWG79P,1
3c49ce,EWG6YA,1
3c7425,TUI172,2
3c54a3,EWG79P,1
3c7438,TUI172,1
3c56f5,EWG6YA,1
3c49ce,EWG79P,1
3c56eb,EWG3BJ,1
4caf13,SAS668,1
4cacb0,SAS1656,1
4cacb0,SAS658,2
4caf14,SAS668,1
4cafd8,SAS1656,1
4cafd6,SAS658,1
4cabdb,SAS1656,2
4caf24,SAS658,1
4ca1cc,SAS1656,1
4caf16,SAS658,3
4cafd7,SAS668,1
4cabde,SAS1656,1
4ca1cc,SAS668,1
4cabda,SAS668,1
3c01c3,KLM1828,3
485207,KLM1832,1
4852f4,KLM30Q,1
3c1aeb,KLM1828,2
4864ed,KLM30Q,1
48548d,KLM98C,1
484f80,KLM30Q,1
485814,KLM1832,1
485873,KLM98C,1
484f80,KLM98C,1
48548c,KLM1832,1
484c50,KLM30Q,1
485779,KLM98C,1
4868ba,TRA092,1
484c53,KLM30Q,1
485876,KLM1832,1
484bd1,KLM1830,1
486484,KLM30Q,1
3c01c3,KLM30Q,1
484bd1,KLM98C,1
484cc3,KLM1830,1
485874,KLM1832,1
3c56f6,EWG5592,1
4baac6,THY8JE,1
4bb213,THY8DY,1
4bb04d,TKJ2BM,1
4baac5,THY7MU,1
4bc8c8,PGT36NF,1
4b8e47,PGT972,1
4bc859,PGT36NF,1
4bc889,PGT972,1
4baad9,THY8DY,1
4baacd,THY8BF,1
4bb84c,PGT87WX,1
4ba976,TKJ2BM,1
4bab48,THY7MU,1
4ba916,THY8JE,1
4bc8cd,PGT36NF,1
4bab30,THY8BF,1
4bc8c5,PGT972,1
4baa93,TKJ2BM,3
4bc850,PGT87WX,1
4ba904,TKJ2BM,1
4bc882,PGT972,1
4bbd12,TKJ28Q,1
4bb263,THY8DY,1
4bc8c2,PGT36NF,1
4bc88e,PGT972,1
4bc8cd,PGT87WX,1
4ba91a,THY8DY,1
4bc883,PGT36NF,1
4bb055,TKJ2BM,1
4baad5,THY8BF,1
4bc845,PGT36NF,1
4baad3,THY7MU,1
4baac3,THY8JE,1
4bc893,PGT972,1
4bb285,THY8DY,1
4bb285,THY8BF,1
4bb296,TKJ28Q,1
4bc89a,PGT87WX,1
4bc8cf,PGT36NF,1
4bc849,PGT972,1
4bab46,THY7MU,1
4bb28d,THY8DY,1
4baac3,THY8BF,1
4baa53,THY8JE,1
3c56eb,EWG6C,1
345314,VLG1867,1
3c5ef2,EWG83U,1
34538d,VLG2BP,2
3c56eb,EWG83U,1
345116,VLG1867,1
3453c3,VLG2BP,1
34538d,VLG1867,1
345041,VLG2BP,1
3c5ee5,EWG83U,1
345359,VLG1867,1
3c54a5,EWG83U,1
34440a,VLG1867,1
346691,VLG2BP,1
3c55c1,EWG83U,1
3c5ee1,EWG83U,1
440d4d,TAY6TR,1
3986e9,AFR52ZG,1
39856c,AFR94XE,1
440b91,TAY6TR,3
398575,AFR94XE,1
c05aac,CGIIT,2
398601,AFR94XE,2
398566,AFR52ZG,1
398602,AFR94XE,1
396671,TAY6TR,1
3986e4,AFR52ZG,1
3986e3,AFR52ZG,1
3986e7,AFR94XE,1
ae0976,CNV6616,1
3c49cc,EWG75K,1
3c5ef2,EWG57M,1
3c5ee5,EWG75K,1
3c54a5,EWG2010,1
3c56f6,EWG6901,1
491222,NJE876Q,1
4d24ab,WZZ1671,1
471d65,WZZ1671,1
4d200f,WZZ1671,1
471f3d,WZZ1671,1
4d24ae,WZZ1671,1
440bc6,BCS4620,1
440bc8,BCS4620,1
440bbf,BCS4620,1
440bc4,BCS4620,1
3c7889,NGN904P,1
3c49ce,EWG5588,1
3c644e,DLH1MA,2
3c6598,DLH1TT,1
3c4dd2,DLH7EV,2
3c644c,DLH1TT,1
3c6593,DLH1MA,2
3c4dce,DLH7EV,1
3c6593,DLH1TT,1
3c644e,DLH1TT,1
3c6590,DLH1MA,1
3c4dd8,DLH7EV,1
3c6594,DLH1MA,2
3c6598,DLH4KM,1
3c6598,DLH7HJ,1
3c4dc2,DLH7EV,1
3c6451,DLH1TT,1
3c6593,DLH4KM,1
3c644b,DLH1TT,1
3c4dd0,DLH7EV,1
440821,AUA26B,1
3c5ef2,EWG17X,4
44082a,AUA270,1
3c54a5,EWG2K,2
440827,AUA270,1
44081e,AUA26B,1
3c5eed,EWG2K,1
3c56eb,EWG17X,2
440825,AUA270,1
3c5ee1,EWG2K,2
440609,AUA26B,1
440824,AUA270,1
44006c,AUA26V,1
440823,AUA26B,1
3c5eee,EWG17X,2
3c5eee,EWG2K,2
440606,AUA26V,1
440824,AUA26V,1
44082b,AUA270,1
3c54a3,EWG17X,2
440606,AUA26B,1
300781,AUA270,1
4cae21,BCS6VC,1
3c542c,BCS6VC,1
3c1bb0,BCS6VC,1
3c5430,BCS6VC,1
3c5430,BCS842P,1
3c5432,BCS6VC,1
3c4dcf,DLH5YL,1
3c6444,DLH9TV,1
3c658e,DLH2CP,2
3c4dcc,DLH5YL,1
ae21c8,SPADE98,1
3c658d,DLH137,1
3c6749,DLH8AE,1
3c4dd7,DLH137,2
3c6667,DLH8AE,1
3c6442,DLH9TV,1
3c6635,DLH2CP,1
3c787a,CFG4790,1
3c6742,DLH2CP,1
3c6447,DLH9TV,1
3c6637,DLH2CP,1
3c4dcb,DLH5YL,1
3c64ab,DLH9853,1
3c6584,DLH8AE,1
3c4dc6,DLH5YL,2
3c7878,CFG4826,1
3c4dd4,DLH9TV,1
3c6595,DLH2CP,1
3c6748,DLH137,1
3c4dd5,DLH137,1
3c644a,DLH2CP,1
3c4dcc,DLH9TV,1
3c6446,DLH8AE,1
48ad0e,LOT2XZ,1
48ad81,LOT2XZ,1
48ada6,LOT7PK,1
48ac81,LOT2XZ,1
48ad03,LOT7PK,1
48ada0,LOT7PK,1
48adb9,LOT2XZ,1
3c0d0c,TUI4D,1
3c6541,DLH9874,1
3d5899,DFFUN,5
3c5eec,EWG9ZT,2
3c5eee,EWG9ZT,3
348103,SWT8ST,4
a5dc31,GTI7481,1
46b82c,AEE25,1
46b82f,AEE25,4
4691c2,AEE25,1
3c5ee4,EWG6AT,2
3e47b2,DISIS,9
3ce8c7,LUA528J,1
48ad0d,LOT3508,1
48ad86,LOT3508,1
458d99,MMD107,4
458d99,MMD105,1
458d99,MMD103,4
458d99,MMD101,4
458d99,MMD109,3
458d9a,MMD109,1
458d9a,MMD107,1
458d9a,MMD105,1
458d9a,MMD101,1
458d99,MMD121,1
458d9a,MMD115,1
4d2228,RYR4611,1
4ab568,SAS749,2
4ac9ee,SAS1783,1
4ac9f9,SAS82T,1
4ab562,SAS1749,1
4ac9e7,SAS1783,1
4ab563,SAS749,1
4ac9ee,SAS82T,1
4ab564,SAS1749,2
4ab564,SAS749,1
47bb0a,SAS82T,1
4ab568,SAS1749,1
4ac9e5,SAS1783,2
4d2272,RYR4611,1
4ac9f3,SAS1783,1
4ac9e3,SAS82T,1
4ab56b,SAS749,1
4cac23,RYR4611,2
4ab566,SAS1749,1
4acb43,SAS82T,1
4ac9f3,SAS82T,1
4ab561,SAS749,1
4cad2a,RYR4611,1
4ac9ea,SAS1783,1
48af0f,LOT1CG,1
48adac,LOT7PC,2
48adac,LOT1CG,1
48e95e,LOT792,1
48ac81,LOT7PC,2
48ae83,LOT1CG,1
48ac82,LOT7PC,1
48af03,LOT1CG,2
48af02,LOT7PC,1
48e95e,LOT790,1
48af0b,LOT792,2
48adab,LOT790,1
48af0d,LOT1CG,1
48ae83,LOT7PC,1
51113f,NYX201,5
51113f,NYX207,3
4cac86,RYR2733,1
51118b,VPC004,3
4cae67,RYR2733,1
4ca97c,RYR15DX,1
502d5d,BTI877,2
4ca815,RYR15DX,1
3c6588,DLH885,1
3c6675,DLH881,2
3c65da,DLH883,1
3c65cd,DLH883,1
3c6744,DLH881,1
3c6447,DLH885,1
3c6635,DLH883,1
3c64b0,DLH885,1
3c6487,DLH883,1
3c65c3,DLH883,1
3c64a4,DLH885,1
3c6487,DLH881,1
3c6674,DLH885,1
3c664f,DLH883,1
3c6483,DLH883,1
3c64a1,DLH885,1
502d5f,BTI31B,2
502d7c,BTI36V,1
502dae,BTI79M,2
502dae,BTI31T,1
502d29,BTI31T,1
502dac,BTI36V,1
502d88,BTI31B,1
502d29,BTI31B,1
502d9f,BTI31T,1
502d96,BTI36V,1
502dac,BTI79M,1
502d7d,BTI79M,2
502d7a,BTI31B,1
502d3e,BTI31T,1
502d29,BTI36V,1
502d89,BTI31T,1
502d95,BTI36V,1
502d7d,BTI31T,1
502d47,BTI79M,1
502d5c,BTI36V,1
502ce5,BTI31B,1
502d59,BTI79M,1
502d44,BTI31B,1
502d3f,BTI36V,1
502d5f,BTI31T,1
4cabde,SAS1787,2
4cabde,SAS1797,2
502d88,BTI6UV,1
4cabda,SAS1791,1
4520c4,BCS3789,3
4caf13,SAS1787,1
4caf13,SAS1791,1
4acaa1,SAS9239,1
4cafd6,SAS1791,1
4cafd7,SAS1797,1
502ce5,BTI29H,2
4ca1cc,SAS1787,1
4cacbd,SAS1797,2
4520f9,BCS3789,1
4cafd7,SAS1791,1
502d28,BTI29H,1
4cafd6,SAS1797,2
4caf24,SAS1787,1
4ca1cc,SAS1791,1
4cabdb,SAS1787,1
4caf16,SAS1787,1
4caf24,SAS1791,1
48af02,LOT403,1
3c6423,CFG4788,1
502d88,BTI8ZE,1
4d241c,WZZ50EY,1
502d5d,BTI8ZE,1
4d24ad,WZZ50EY,2
502d7a,BTI6EY,1
502d7a,BTI8ZE,1
4d24b3,WZZ50EY,1
502ce5,BTI6EY,1
471db7,WZZ50EY,1
502d96,BTI6EY,1
4d2532,WZZ50EY,2
502d44,BTI6EY,1
502d7c,BTI6EY,1
4bb072,THY4PL,1
4bb062,THY1422,1
4bb324,THY4PL,1
4bb321,THY1422,1
4bab2f,THY1422,1
4baac9,THY4PL,1
4bab2d,THY4PL,1
502d5d,BTI78V,1
502d5f,BTI78F,1
502ce5,BTI78F,2
502dac,BTI7HQ,1
502d29,BTI7HQ,3
502ce5,BTI7HQ,1
502dac,BTI8FH,1
502ce5,BTI859,2
502ce5,BTI8FH,1
502d7a,BTI859,1
502d29,BTI8FH,2
502d7d,BTI859,1
502d7d,BTI8FH,1
502d95,BTI859,1
502d28,BTI859,1
502d44,BTI8FH,1
502d47,BTI859,1
502d5d,BTI8FH,1
467891,T02,1
467895,FNF114,1
502ce6,BTI35T,1
502d5c,BTI35T,1
502ccf,BTI3MD,1
502d45,BTI35T,1
502dac,BTI35T,1
502cc7,BTI3MD,1
502d58,BTI35T,1
502ce3,BTI3MD,1
345699,VOE9MU,6
345699,VOE69UK,2
4d2258,RYR53YP,1
48c2a0,RYR53YP,1
342090,IBS15MR,1
344455,IBS1578,1
3472c9,IBS15AM,1
3472c9,IBS15MQ,1
344498,IBS15CT,1
348212,IBB38HF,1
347647,IBB96WE,1
344217,AEA9049,1
346398,IBB6XE,1
347501,IBS15XJ,1
34750f,AEA9117,1
348306,IBB6XE,1
343141,IBS15QT,1
3472c9,IBS15CT,1
344455,IBS15MQ,1
347645,IBB96WE,1
34631a,SWT183,1
34750f,AEA13DH,1
344217,AEA58ZQ,2
347645,IBB38HF,1
345686,IBS15XJ,1
34644e,IBS15QT,1
348307,IBB900Z,1
3472c9,IBS1590,2
347247,IBS15XJ,2
343385,IBS15AM,1
347646,IBB900Z,1
342398,VLG47FV,1
344646,VLG6XG,1
348383,IBB62SZ,1
344646,VLG9QU,2
3452c9,VLG5NV,1
344501,VLG9QU,1
346690,VLG36SP,1
34535a,VLG36SP,1
345212,VLG3DX,1
345212,VLG39HR,1
3444cf,VLG64RJ,1
3452c9,VLG64RJ,1
34629a,IBB37TC,1
348213,IBB37TC,1
34629a,IBB66RZ,1
3475d9,VLG61EM,1
3475d9,VLG8EH,1
344644,VLG9ZT,1
48e9f1,RYR217H,1
48e9f1,RYS9728,1
48c231,RYR217H,1
48c123,RYR217H,1
46b8b3,AEE582,1
4692d8,AEE58M,1
46b8b3,AEE4385,1
4692d2,AEE58M,1
4691c2,AEE58M,2
46b82f,AEE58M,1
4cac88,RYR19PB,1
4ca765,RYR7093,1
4d21ed,RYR19PB,1
4cac55,RYR19PB,2
4690ea,AEE119,1
4690ea,AEE107,1
46d0a3,SEH1GK,2
469596,SEH2GK,1
46a5e1,SEH6GK,1
46b826,AEE2TS,1
46d276,SEH3GK,1
46b8b5,AEE127,1
46b8b5,AEE117,4
469e45,SEH1GK,1
46b82c,AEE2TS,1
46a5e3,SEH6GK,3
46b8b3,AEE107,1
46b8b5,AEE111,4
46b8b5,AEE105,4
46b8a6,AEE127,1
46b8a6,AEE5XQ,1
4692cc,AEE2TS,1
46862b,MDF033,1
46d1cf,SEH3GK,1
46a5e4,SEH389,1
4692d3,AEE6001,1
4692d3,AEE113,1
46a5e7,SEH4GK,1
4692d8,AEE123,1
4692d8,AEE119,1
4692d8,AEE83W,1
4692d8,AEE107,1
4691c5,AEE117,1
46b822,AEE125,1
46da6c,SEH6GK,1
4692d7,AEE83W,1
46a5e2,SEH4GK,1
46b8b5,AEE5XQ,2
46b927,SEH2GK,1
46a5e4,SEH1GK,2
46a5e3,SEH389,1
46ced4,SEH4GK,1
46ba85,SEH3GK,1
4692ce,AEE127,1
4692ce,AEE5XQ,1
4692ce,AEE117,1
4690e2,AEE6003,1
46d0c9,SEH2GK,1
469dc1,SEH1GK,1
4690e4,AEE129,1
4690e4,AEE123,1
4690e4,AEE119,1
4690e4,AEE83W,1
4690e4,AEE105,1
46b82f,AEE2TS,2
46b8b2,AEE127,1
469e45,SEH6GK,1
4690fa,AEE83W,1
4690fa,AEE107,1
46a5e2,SEH2GK,1
46a5e1,SEH1GK,1
46d0c9,SEH3GK,1
46d0a3,SEH5GK,1
46d0a3,SEH4GK,1
4d20a2,AXY909A,1
46b8b6,AEE544,1
46a5e7,SEH651,2
4692d8,AEE544,1
471eff,WZZ68LS,3
4691c2,AEE544,3
471f7a,WZZ68LS,1
46b8b3,AEE544,1
468e45,SEH651,1
4692d7,AEE544,1
46a5e2,SEH651,1
4d21f1,RYR13TM,1
4d226f,RYR13TM,1
48683e,TRA91T,1
4867ec,TRA91T,1
4866ee,TRA5806,1
48683f,TRA5806,1
48597d,TRA91T,1
4868e2,TRA5806,1
4692cc,AEE532,2
4692d2,AEE530,4
4692d2,AEE532,2
4692d8,AEE532,1
4691c2,AEE530,1
4690e4,AEE530,1
4692cc,AEE538,1
4690fa,AEE538,1
48c122,RYR95XU,1
48c227,RYR95XU,1
4d2246,RYR2HN,1
4d222b,RYR5111,1
4d222b,RYR2HN,1
4ca9c1,RYR71PY,1
4d207d,RYR71PY,1
48c230,RYR71PY,1
4d24ea,RYR7094,1
4ca806,RYR71PY,1
46bc4a,AEE588,1
46bc4a,AEE586,5
46a60f,SEH5KM,1
46d2f2,SEH5KM,2
469596,SEH5KM,1
46bc4a,OAL098,3
46bc4a,OAL3001,1
4d22bb,RYR89BU,1
44006e,AUA824,1
4d22c3,RYR89BU,1
4d22c1,RYR89BU,1
4cac55,RYR51CM,1
440100,SKV555,4
4402a3,AUA824,1
4d22c3,RYR51CM,1
48ada7,LOT2PH,1
48ada9,LOT606,1
48adab,LOT2PH,1
48ad0d,LOT606,1
4ca8e6,RYR7GN,1
4692d2,AEE550,2
4d2095,RYR7GN,2
4d220c,RYR7GN,1
48e9f5,RYR31ZM,1
4d207d,RYR7GN,1
4d220c,RYR2PG,1
4ca8e6,RYR9ZZ,1
4d2349,RYR2778,1
48c2a3,RYR2778,1
4d220c,RYR9ZZ,1
48c125,RYR2778,1
39ceaa,TVF35WJ,1
39de50,TVF50YJ,1
39de4e,TVF50YJ,1
4ca802,RYR1CV,1
4d2210,RYR1CV,1
4d21ed,RYR1CV,1
4cae59,RYR1CV,1
48e9f0,RYR1CV,1
4ca802,RYR7669,1
4ca8e6,RYR974,1
4d207d,RYR7669,1
4d2257,RYR7669,1
4692d8,AEE5CM,2
4692d2,AEE3SA,2
4692d2,AEE5CM,2
4690fa,AEE3SA,1
4690fa,AEE5CM,1
4691c2,AEE3SA,3
4691c2,AEE5CM,1
4cae51,RYR27YV,1
4692d2,AEE512,2
4d220c,RYR27YV,1
4400eb,EJU18TJ,1
4d207d,RYR27YV,1
44023f,EJU18TJ,1
4cac1f,RYR27YV,1
4692d2,AEE504,1
4bab23,THY8XU,1
4ba92f,THY6882,1
4bb26a,THY80X,1
4bb321,THY80X,1
4bb325,THY8XU,1
4ba90b,THY8XU,1
4ba914,THY80X,1
4ba9ab,THY8XU,1
4bb28c,THY80X,1
440bc7,BCS34W,1
46b82c,AEE510,1
46b82d,AEE510,1
46b82f,AEE510,4
4691c2,AEE510,1
46b82c,AEE5DL,1
46b82d,AEE5DL,1
46b82f,AEE5DL,4
46a5e4,SEH590,1
46a5e7,SEH590,1
46a5e3,SEH590,1
48c2b8,RYR41LK,3
4d220c,RYR41LK,1
4d207d,RYR41LK,1
4d2502,RYR41LK,1
4a4d79,HYS256,2
4a068b,ROT604P,1
4a1aae,AWG127T,1
4a1aae,AWG121Q,1
4a1eae,AWG127T,2
4a08ec,ROT608L,1
4a08e7,ROT608L,1
4a4d79,HYS254,1
4a1eae,AWG121Q,1
4d2303,RYR6483,1
4a0688,ROT602K,1
4a4eae,HYS256,1
4a08ea,ROT608L,1
4a0442,AWG127T,1
4a5df7,HYS256,1
4a4eae,HYS254,1
4a08a5,HYS256,1
4a0d12,AWG121Q,1
4a0443,AWG6001,1
4d24c6,WMT408,2
471f81,WMT9170,1
4d242a,WMT9170,1
4a1aae,AWG720F,1
4bca62,RHH059,1
3c654a,LHX7AE,1
3c6551,LHX1JT,2
3c6549,LHX7AE,2
3c6522,LHX7AE,1
3c6552,LHX1JT,1
3c6552,LHX7AE,1
3c09f2,LHX1JT,1
4d2479,WMT7741,1
4d24c6,WMT7741,1
4d248d,WMT7741,1
4d242a,WMT7741,1
395d67,BGA213H,1
395d69,BGA113J,1
395d6d,BGA413N,1
395d68,BGA313Y,1
3455d7,VOE7348,4
3455d7,VOE7346,2
395d67,BGA113H,1
395d68,BGA113Y,1
395d69,BGA213J,1
48c12b,RYR19YM,1
48e9f6,RYR19YM,1
3425ce,SWT3LS,2
392aeb,AFR21JA,1
392aec,AFR6105,1
3985a6,AFR56CP,1
3985a9,AFR73KY,2
3985a9,AFR17MP,3
3950ce,AFR93PP,1
39e690,AFR7403,1
4402db,EJU757H,1
4402b9,EJU723Z,1
4402b9,EJU71PW,1
347308,SWT5614,5
393322,AFR41CM,1
394c0a,AFR42JR,1
394c18,AFR41PT,2
4401fa,EJU901J,1
4401fa,EJU157J,1
392af9,AFR36ER,1
394c13,AFR7409,2
394c13,AFR63MF,1
392ae7,AFR97QH,1
3985a1,AFR37TA,1
3985a1,AFR15UB,2
394c0c,AFR59ED,1
3985a3,AFR88KM,1
3985a3,AFR6117,1
3985a3,AFR43AW,2
394c14,AFR15CU,1
39bda6,AFR7403,1
4402b9,EJU394R,1
4402b9,EJU157J,1
3950cf,AFR73KY,1
3950cf,AFR15CU,1
392ae9,AFR59ED,1
3946e5,AFR36ER,1
3991e5,AFR42JR,1
3950ce,AFR37TA,2
3950ce,AFR43AW,2
392aec,AFR38AN,1
392af2,AFR93PP,2
3950cc,AFR56CP,1
440b30,TAY6LC,2
392ae8,AFR75BG,1
3985a3,AFR6105,1
393323,AFR63MF,1
3985a4,AFR41CM,1
3985a6,AFR15UB,1
394c10,AFR21JA,1
394c18,AFR7409,2
4401fa,EJU723Z,1
4401fa,EJU71PW,1
4401fa,EJU757H,2
3985a9,AFR88KM,1
3985a9,AFR6117,1
3985a1,AFR97QH,2
3425ce,SWT4998,2
3985a9,AFR6105,1
3985a6,AFR42JR,1
3991ea,AFR41CM,1
39d319,TVF752,1
440469,EJU723Z,1
3991e9,AFR41PT,1
394c0c,AFR7409,2
44093e,EJU71PW,1
393323,AFR36ER,1
393323,AFR21JA,1
392aec,AFR88KM,1
392aec,AFR6117,1
3985a1,AFR56CP,1
440159,EJU394R,1
440159,EJU757H,1
394c19,AFR15CU,1
440019,EJU157J,1
3985a3,AFR37TA,1
39e4ac,AFR59ED,1
3985a4,AFR38AN,1
3950cf,AFR75BG,1
440ced,TAY3LS,1
39bdb0,AFR63MF,1
3950ce,AFR97QH,1
39dd41,CCM953,1
392af2,AFR73KY,1
392af2,AFR17MP,1
3950cc,AFR93PP,1
3950cc,AFR15UB,2
3991e1,AFR75BG,1
3991ea,AFR15CU,1
392af2,AFR56CP,1
392af2,AFR97QH,1
3950cc,AFR88KM,1
3950cc,AFR6117,1
3950cc,AFR17MP,1
3950ce,AFR73KY,1
3950ce,AFR6105,1
3985a9,AFR37TA,1
3985a9,AFR43AW,1
394c18,AFR7403,1
394c18,AFR59ED,1
440352,EJU394R,1
440352,EJU757H,1
393322,AFR36ER,1
394c0a,AFR63MF,2
3985a3,AFR38AN,1
44093e,EJU157J,3
394c13,AFR41CM,1
3985a1,AFR93PP,1
392aed,AFR41PT,1
394c0c,AFR21JA,1
394c0c,AFR36ER,1
3985a3,AFR16JX,1
392af3,AFR56CP,1
3986e3,AFR92EY,1
393323,AFR75BG,1
393323,AFR15CU,1
440469,EJU757H,1
39ceb5,TVF225,1
44093e,EJU901J,1
3985a4,AFR88KM,1
3985a4,AFR6117,1
398600,AFR63MF,1
3985a1,AFR38AN,1
3985a1,AFR17MP,1
39e684,AFR7403,1
44046d,EJU394R,1
392af2,AFR15UB,1
3950cc,AFR37TA,1
3985a9,AFR6129,1
394c09,AFR41CM,1
394c09,AFR59ED,1
4402db,EJU71PW,1
394c13,AFR42JR,1
44015a,EJU723Z,1
44015a,EJU394R,1
394c14,AFR41CM,1
393323,AFR59ED,1
392af4,AFR75BG,1
392af4,AFR21JA,1
440469,EJU71PW,1
394c19,AFR7403,1
3985a4,AFR56CP,1
394c09,AFR63MF,1
3985a3,AFR93PP,1
393322,AFR7409,1
394c0c,AFR15CU,1
393322,AFR21JA,1
392af2,AFR43AW,1
4d02b6,JFA18W,1
3986e0,AFR92EY,1
39c466,BEJ46G,1
3985a1,AFR6105,1
3985a9,AFR97QH,1
392af3,AFR15UB,1
44046d,EJU71PW,1
394c09,AFR7403,1
394c09,AFR15CU,1
3991e3,AFR59ED,1
34660e,VOE2BR,2
346648,VOE61MX,2
34660e,VOE61MX,3
3455d7,VOE61MX,1
3465d8,VOE2768,1
3455d7,VOE2768,1
4cae8d,RYR94WP,1
4d2268,RYR94WP,1
4d2272,RYR6YE,1
4ca9d0,RYR6YE,1
4d21ed,RYR6YE,1
4d2210,RYR6YE,1
344195,ANE83ZY,1
345543,ANE48SW,1
3483da,ANE1198,1
34604b,ANE48SW,2
345687,ANE83ZY,1
345583,ANE1198,1
348402,ANE77KX,2
34604b,ANE1198,1
34530d,ANE83ZY,2
348402,ANE83ZY,1
344197,ANE48SW,2
34714e,VOE6XK,1
345698,ANE83ZY,1
345597,ANE83ZY,1
3485d2,ANE48SW,1
347308,SWT180P,1
34530d,ANE77KX,1
34604c,ANE48SW,1
4caf29,RYR74XM,1
4d2268,RYR74XM,2
48e9f6,RYR74XM,1
4cac88,RYR74XM,1
4cadf9,RYR8587,1
4ca25a,RYR8NN,1
4d222e,RYR8NN,1
4ca24d,RYR8NN,1
4d2382,RYR8NN,2
39cd33,TJT37DR,2
39cd33,TJT31DR,3
392daa,TJT37DR,3
346649,VOE2112,1
392daa,TJT31DR,1
34714d,VOE2112,1
394ea2,TJT1512,1
395184,TJT1518,2
395184,TJT1512,1
34714d,VOE9023,1
3939e4,TJT1518,1
3939e4,TJT1512,1
39cd33,TJT1518,2
39cd33,TJT1512,1
398561,KLM24F,2
398560,KLM1452,6
398572,AFR38PA,6
398564,KLM24F,3
39856d,KLM1452,1
398569,KLM24F,2
440179,EJU509L,4
44056b,EJU413A,1
44056b,EJU509L,1
4404a4,EJU413A,1
4401e8,EJU509L,1
440179,EJU413A,1
392da4,ITI34TA,1
4400b7,EJU509L,1
4401e8,EJU413A,2
345613,VOE2267,1
440209,EJU413A,1
3455d7,VOE2267,1
34714e,VOE5BM,1
347641,VOE5LJ,3
34714e,VOE5LJ,1
34714d,VOE5LJ,1
3455d7,VOE5BM,1
44061c,EJU595R,1
440195,EJU823X,1
3986e8,AFR6027,1
3986e8,AFR6023,2
3986e8,AFR91AU,1
440191,EJU595R,1
3986e6,AFR6027,1
3986e5,AFR6027,1
440c32,EJU595R,1
3986e6,AFR6023,1
3986e6,AFR91AU,1
3986e3,AFR6027,1
3986e5,AFR6023,1
3986e5,AFR91AU,1
3986e0,AFR6027,1
440031,EJU595R,2
440031,EJU823X,1
39856d,AFR94XK,1
44061c,EJU823X,1
3986e2,AFR6027,1
3986e2,AFR94XK,1
440625,EJU823X,1
4caf26,RYR81EQ,1
4d2383,RYR76YR,1
4d222e,RYR81EQ,1
4d2268,RYR81EQ,2
34838a,ORO2153,1
3424d2,VLG4084,1
440daf,EJU3820,1
48b204,IGA697,1
440582,EJU45FR,1
39d304,TVF91QB,1
39cea1,TVF91QB,1
4cac8d,HAT753P,1
3c65d2,DLH87U,2
3c65cc,DLH89T,1
3c644b,DLH87U,1
3c66af,DLH37P,1
3c66a5,DLH89T,1
3c65d1,DLH37P,1
3c65cb,DLH37P,1
3c64ac,DLH89T,1
3c666a,DLH37P,1
3c65ce,DLH89T,1
3c65cb,DLH89T,1
3c64ac,DLH37P,1
3c66b0,DLH87U,1
4baa84,THY8MX,1
4bb066,THY2CC,1
4bb20d,THY8MX,1
4bc8d6,PGT091,1
4bb219,THY8MX,1
4bb214,THY8MX,1
4bb322,THY2CC,1
4400ec,EJU742M,1
4402f1,EJU926J,2
392da4,TJT36GI,2
4401f7,EJU926J,1
440c96,EJU742M,1
44d068,BEL4UG,2
44ce72,BEL76T,1
341119,BCS5AY,2
347301,BCS5AY,1
44ce75,BEL4UG,1
44cdc5,BEL76T,1
44cdd1,BEL76T,1
3c6543,DLH73P,2
3c6595,DLH62T,1
3c65c1,DLH73P,1
3c6752,DLH62T,1
3c6584,DLH62T,1
3c6745,DLH62T,1
3c66e8,DLH73P,2
3c6654,DLH62T,1
3c66e1,DLH73P,1
3c6544,DLH73P,1
3c6653,DLH62T,1
3c6650,DLH62T,1
48520b,TRA6141,1
4d2212,RYR1059,2
4d2124,HAT717P,1
4d2289,RYR17VH,1
4d02b7,JFA19Y,1
4cac53,RYR98EG,1
3c2141,DBPMI,2
4b8533,PGT718L,1
4ba8d2,TKJ6HA,1
4ba90b,THY9YP,1
4bc8cc,PGT10JG,1
4bc881,PGT76WF,1
4b9a4b,TCFRK,1
4bb055,TKJ56G,1
4baa66,THY3BQ,1
4bab48,THY6EU,1
4bb321,THY7YQ,1
4bc8d2,PGT46ZM,1
4baa76,THY7YQ,1
4bb84b,PGT76WF,1
4bb84e,PGT52EX,1
4bb875,PGT82DU,1
4baac5,THY4AR,1
4bbd0a,TKJ7YR,1
4baa09,THY1XS,1
4bc853,PGT2829,1
4baa70,THY3BQ,1
4b9e02,TKJ6HA,1
4baacc,THY4AR,1
4ba99a,THY1XS,1
4bab56,TKJ6HA,1
4b8750,PGT718L,1
4baac3,THY6EU,1
4b9e02,TKJ4BW,2
4bc896,PGT76WF,1
4bc85a,PGT82DU,1
4bc899,PGT46ZM,1
4bb872,PGT82DU,1
4bc894,PGT76WF,1
4ba993,THY7YQ,1
4bc84f,PGT46ZM,1
4bb84e,PGT2103,1
4b8e05,PGT613,1
4bc89a,PGT82DU,1
4bc8cf,PGT46ZM,1
4ba912,THY6EU,1
4bab45,THY9YP,1
4bb84a,PGT718L,1
4b9e06,TKJ7YR,1
4baa10,THY4AR,1
4bc899,PGT76WF,1
4ba916,THY3893,1
4ba904,TKJ7YR,1
4baac9,THY9YP,1
4ba90d,THY6EU,1
4b9521,TKJ6HA,1
4baa67,THY7YQ,1
4bc8d5,PGT82DU,1
4bb862,PGT46ZM,1
4ba99a,THY3BQ,1
4bb02b,TKJ56G,1
4baacb,THY7YQ,1
4bb028,TKJ6HA,1
4bab46,THY6941,1
4bc8c2,PGT46ZM,1
4bc8ce,PGT76WF,1
4bb027,TKJ56G,1
4ba914,THY3BQ,1
4bb026,TKJ7YR,1
4baace,THY6EU,1
4bc8c6,PGT718L,1
4baaca,THY9YP,1
4bb859,PGT1HD,1
4b9067,PGT1HD,1
4bcd81,SXS54R,1
4d22b3,RYR9RX,1
4d22b4,RYR84HB,1
4d22af,RYR84HB,1
4d22c1,RYR84HB,1
4d22c3,RYR9RX,1
4d22c4,RYR84HB,1
4d2256,RYR84HB,1
4ca243,RYR94NV,1
4cadf9,RYR94NV,1
4ca9aa,RYR94NV,1
4d2504,RYR94NV,1
4d21f1,RYR6034,1
4cadbf,RYR92AL,1
4d2256,RYR92AL,1
4d226f,RYR97KF,2
4caf2a,RYR97KF,1
4d234a,RYR3874,1
48c22d,RYR539E,1
4d201d,WMT7SK,2
4d2261,RYR539E,1
4d2420,WMT7SK,1
4d2257,RYR539E,2
4d2257,RYR5294,1
4d24b3,WMT7SK,1
48c132,RYR684D,1
3ce18f,PTN47X,1
48c12f,RYR4306,1
48c12c,RYR4306,2
48c1a2,RYR4306,1
471f74,WZZ162Y,1
471fa7,WZZ162Y,2
440af4,TAY5KU,4
4d24b3,WZZ26JK,1
4d24ad,WZZ26JK,1
4d2532,WZZ26JK,1
4d2145,WMT2918,1
471f06,WMT2918,1
502d45,BTI3WX,2
502d89,BTI3WX,1
4caf14,SAS2711,1
4cafd8,SAS2711,1
4cacb0,SAS2711,1
4ca6d9,SAS2711,1
4cabdb,SAS2711,1
4cacbd,SAS2711,1
4bb850,PGT1915,1
4b9067,PGT1929,1
4bab29,THY7LX,1
4bb282,THY9HM,1
4baa0a,THY4CZ,1
4ba8e3,TKJ9XF,1
4bb299,TKJ73J,1
4bb86c,PGT1923,1
4bb86c,PGT1981,1
4bb84f,PGT1983,1
4bb84f,PGT1919,1
4b8da4,TCCMD,2
4baa09,THY4HZ,1
4bbd0a,TKJ3RB,1
4bbd0a,TKJ82A,2
4bb86a,PGT1921,1
4bc850,PGT1913,1
4bb20f,THY30U,1
4bb2ad,TKJ1RV,1
4baac9,THY1PZ,2
4bc84e,PGT1911,1
4baad6,THY2KF,1
4bb86b,PGT1911,1
4ba912,THY1PZ,1
4baa0b,THY4CZ,1
4ba8d2,TKJ1RV,1
4bc88b,PGT1915,1
4bb2b2,TKJ9XF,1
4ba8c8,TKJ3RB,2
4b8533,PGT1923,1
4b8533,PGT1913,2
4bb2aa,TKJ73J,2
4bb841,PGT1919,1
4b9065,PGT1929,1
4bb863,PGT1927,1
4bc8c3,PGT1921,1
4bc8c4,PGT1919,1
4b906d,PGT1983,1
4b906d,PGT1981,1
4bb272,THY2KF,1
4bb2a3,TKJ1RV,1
4bc893,PGT1915,1
4bb842,PGT1929,1
4bc885,PGT1923,1
4bc8ce,PGT1911,1
4bb026,TKJ9XF,1
4bc849,PGT1913,1
4bab23,THY7LX,1
4bbd07,TKJ3RB,1
4bbd07,TKJ82A,1
4bb86a,PGT1917,1
4baa56,THY4CZ,1
4baaca,THY1PZ,1
4bc88c,PGT1921,1
4ba902,TKJ82A,1
4bb850,PGT1919,1
4bb850,PGT1911,1
4bb876,PGT1913,1
4bc8ce,PGT1927,1
4b9907,FHY431P,1
4baad3,THY7LX,1
4bc882,PGT1915,1
4bb879,PGT1929,1
4bbd08,TKJ73J,1
4bb04d,TKJ1RV,1
4bc88e,PGT1925,1
4bc848,PGT1935,1
4ba8ca,TKJ3RB,1
4bb843,PGT1983,1
4b9068,PGT1923,1
4bb879,PGT1915,1
4bb873,PGT2091,1
4b8e0b,PGT1917,1
4bc8c8,PGT1933,1
4b9065,PGT1911,1
4bb844,PGT1921,1
4bb844,PGT1929,1
4ba996,THY9HM,1
4bb865,PGT1925,1
4baa42,THY7LX,1
4baa42,THY4CZ,1
4ba9a9,THY4HZ,1
4baa1a,THY1PZ,1
4bc883,PGT1923,1
4b8533,PGT1927,1
4bbd01,TKJ73J,1
4bb055,TKJ75J,1
4bb026,TKJ1RV,1
4ba8c8,TKJ82A,1
4baa75,THY2KF,1
4bc8c2,PGT1913,1
4baa90,THY1PZ,1
4bb865,PGT1983,1
4bb865,PGT1981,1
4ba996,THY30U,1
4baa41,THY9HM,1
4bb2a3,TKJ82A,1
4baa44,THY2KF,1
4bbd08,TKJ3RB,1
4bb869,PGT1921,1
4bb86a,PGT1927,1
4ba999,THY7LX,1
4bb849,PGT1929,1
4b8e05,PGT1923,1
4bb848,PGT1911,1
4bb027,TKJ75J,1
4baa0c,THY4HZ,1
4bc881,PGT1925,1
4bb028,TKJ1RV,1
4bb026,TKJ73J,1
4bb294,TKJ9XF,1
4b8e03,PGT1915,1
4b9065,PGT1917,1
4bb868,PGT1929,1
4bbd05,TKJ1RV,1
4bb864,PGT1983,1
4bb864,PGT1981,1
4bc890,PGT1927,1
4bc84b,PGT1913,1
4b9068,PGT1917,1
4b9068,PGT1915,1
4ba8ce,TKJ9XF,1
4bb296,TKJ82A,1
4b8e05,PGT1919,1
4baa44,THY9HM,1
4bb026,TKJ3RB,1
4ba993,THY30U,1
4bb061,THY2KF,1
4baa4d,THY4CZ,1
4ba995,THY7LX,1
4bc854,PGT1911,1
4baad5,THY1PZ,1
4bb84c,PGT1925,1
4bb862,PGT1873,2
4bb859,PGT1871,2
4bb4ec,FHY491P,1
4baac6,THY2AF,1
4bb862,PGT1875,1
4baa10,THY2AF,1
4bb86e,PGT1871,1
4bb86f,PGT1875,1
4bcd81,SXS1CU,1
4baa50,THY2AF,1
4b906c,PGT1871,1
4b984f,FHY491P,1
4baad3,THY2AF,1
4bcd83,SXS1CU,1
4bb852,PGT1871,1
4bb86d,PGT1875,1
4bb84b,PGT1871,1
4bb866,PGT1875,1
3451d8,ANE2377,2
440d90,TAY6LC,1
3452c7,ANE3013,1
3453d3,ANE2377,1
493282,NJE105D,1
3451da,ANE2377,1
4d24cb,RYR13ZH,1
48c226,RYR46CA,1
4cad39,RYR96WU,1
4d24ea,RYR46CA,1
4caff7,RYR96WU,1
4caf29,RYR39CW,1
4caf29,RYR96WU,1
4d24cb,RYR62QF,1
4d2095,RYR530G,1
4d248e,WMT4409,1
4ca304,RYR91SL,1
4d225f,RYR8197,1
4caf26,RYR8197,1
4ca225,RYR91SL,1
4d204b,WMT4SX,1
4d20be,WMT4SX,1
4d2213,RYR530G,1
4cad4f,RYR91SL,1
4d2533,WMT4409,1
4ca27c,RYR91SL,1
4ca27c,RYR8197,1
4d2222,RYR530G,1
4ca9cf,RYR65CR,1
345597,ANE1084,1
345388,ANE001,1
7da3de,ANE57PH,1
344218,ANE1082,1
344459,AEA76UY,1
347481,AEA91SM,1
49410d,NJE191Q,1
34750b,AEA91SM,1
34750b,AEA76UY,1
348402,ANE1084,1
34530e,ANE1082,1
345583,ANE57PH,1
34604d,AEA76UY,1
34604b,ANE57PH,1
344218,ANE660K,1
345385,ANE1082,1
3451da,ANE1084,1
345698,ANE003,1
4d2241,RYR52TQ,1
346082,AEA91SM,1
343694,ANE003,1
345388,ANE1082,1
3455cb,GES321S,1
4911f7,TES242,1
344197,ANE1084,1
346516,LAV1942,1
34750a,AEA76UY,1
34530d,ANE660K,1
347309,AEA91SM,1
3451d8,ANE57PH,1
342213,INI342H,1
342213,INI334H,1
48c2b0,RYR7KT,1
4d00d5,LGL764V,1
348204,VLG6UQ,1
398568,AFR16ZM,1
398601,AFR28HN,1
39de49,TVF97XA,1
344693,VLG3VH,1
34454b,VLG8150,1
345313,VLG6UQ,1
39856a,AFR28HN,2
398602,AFR16ZM,2
398602,AFR28HN,1
3430cc,VLG3VH,1
3444da,VLG6UQ,1
3472c3,VLG8150,1
39de49,TVF4623,1
398601,AFR16ZM,1
39de4f,TVF97XA,1
342581,VLG6UQ,1
348402,ANE14HJ,1
4d225f,RYR6SK,2
3451da,ANE46LN,2
3451d8,ANE46LN,2
344218,ANE14HJ,1
346182,ANE03YN,1
4cad4f,RYR6SK,1
31f013,ECXMP,1
343694,ANE03YN,1
44cc44,BEL1PA,1
3430cc,VLG26Y,1
44cdc8,BEL1PA,1
3443d2,VLG26Y,1
4ca911,RYR18EV,1
3e3e62,PAV551,2
4854cb,TRA63K,1
486492,KLM34B,1
344409,VLG69YY,2
440d6f,EJU68GE,1
4867b0,TRA63C,2
486954,KLM86H,1
486800,KLM34B,1
4867eb,TRA63C,1
344409,VLG24BT,2
4854cb,TRA38C,1
486954,KLM34B,1
4864ed,KLM86H,1
486484,KLM86H,1
4d2226,RYR49PP,1
4d225f,RYR49PP,1
3c4b45,EWG9GT,1
3c4b4b,EWG9GT,2
3c654d,LHX02A,1
3c654a,LHX02A,1
3c6521,LHX02A,1
3c65d1,DLH22K,1
4ca73a,RYR43UC,1
4d242b,WMT1WE,1
4d251b,RYR1NX,1
4d24cb,RYR43UC,1
4d2242,RYR43UC,1
4d24b5,WMT1WE,1
4ca911,RYR43UC,1
4bb284,THY4BZ,1
4bab2f,THY1SQ,1
4bb274,THY1SQ,1
4bb212,THY4BZ,1
4d22b4,RYR70ZM,1
4d22c8,RYR98NX,1
440668,AUA432,1
4cae92,RYR386N,1
4d221f,RYR35ZJ,1
493289,NJE801V,1
4d24cb,RYR35ZJ,2
4ca304,RYR48QA,1
4ca911,RYR48QA,1
4cac1e,RYR4363,1
4cadfd,RYR4363,1
4cadf9,RYR3SZ,1
4854ca,TRA8Q,1
48520d,TRA73V,1
4d24cb,RYR3SZ,1
484b2a,TRA8Q,1
4d2289,RYR3SZ,1
342591,VLG2AT,1
4d227d,RYR7DA,1
4d0242,FYL34VC,1
4d2241,RYR2205,1
3451da,ANE2392,1
3451da,ANE91AC,1
3452c7,ANE2392,1
3452c7,ANE74MW,1
3443d5,VLG7XR,1
4d2257,RYR2205,1
345385,ANE74MW,1
34530d,ANE2392,1
344696,VLG2AT,1
4ca61d,RYR2205,1
342213,INI332H,1
4d2289,RYR2205,1
4ca847,RYR70CN,1
344459,AEA69PL,1
3451d4,VLG2QX,1
347481,AEA84DV,1
3452c7,ANE83MQ,1
3451da,ANE55YR,1
4d2289,RYR8YA,1
3442cc,ANE7010,1
344409,VLG15AP,2
34750b,AEA84DV,1
344218,ANE83MQ,1
346182,ANE7010,2
3430cc,VLG15AP,1
34604d,AEA69PL,1
348209,VLG2QX,1
346082,AEA84DV,1
344195,ANE83MQ,1
3444cf,VLG7YX,1
34750a,AEA69PL,1
347309,AEA84DV,1
346398,IBB19VY,1
3444cf,VLG55NM,1
347647,IBB19VY,1
348213,IBB19VY,1
3443d2,VLG3104,1
3452c7,ANE56RF,1
4cae52,RYR644,1
3483d9,ANE2383,1
4d23b6,ANE2383,2
4cadba,RYR644,1
4d2241,RYR5MC,1
4d24cb,RYR52TQ,1
4d2241,RYR3NR,1
4cadf9,RYR534L,1
4d2289,RYR534L,1
4caf29,RYR534L,1
4cafd3,RYR1771,1
3c64a1,DLH26M,1
3c6666,DLH26M,1
3c664f,DLH26M,1
3c6550,LHX1163,1
3c648c,DLH23U,1
346611,VOE5GF,1
4d225f,RYR2U,1
4d225f,RYR35UX,1
4cad39,RYR545L,1
4d24cb,RYR545L,1
4cad39,RYR64WD,1
4d2304,RYR64WD,1
48c2b3,RYR17GG,1
4d21fc,RYR17GG,1
471d66,WZZ1189,2
4ca893,RYR17GG,1
4ca708,RYR40FM,1
345659,VOE3VD,1
4d2289,RYR37UR,1
4cae95,RYR53WJ,1
4d222a,RYR37UR,1
4d2289,RYR28QZ,1
4cad4f,RYR28QZ,1
440181,EJU32RF,1
490d85,NJE5LE,1
4d2242,RYR4DC,1
48c2a4,RYR60AF,1
4caf2a,RYR60AF,1
48c1a9,RYR4DC,1
4ca4f4,RYR60AF,1
4cade2,RYR4DC,1
4cae4a,RYR60AF,1
4d244a,RYR620L,2
347690,VLG63EH,1
345248,VLG63EH,1
4ca6fc,RYR620L,1
491d9a,NJE079G,1
4d244a,RYR5753,1
4ca4f4,RYR5753,1
345643,VLG63EH,1
4ca97c,RYR620L,1
34454b,VLG63EH,1
4d24ca,RYR5753,1
4d24de,KMM466,3
4d21db,KMM478A,2
4d21dc,KMM478A,1
39de4d,TVF14JR,1
4d2038,KMM466,1
4d24ba,KMM478A,1
4d2038,KMM478,1
3964f3,TVF14JR,1
4d24de,KMM478,1
48c12b,RYR2EK,1
48c2a8,RYR80XZ,1
4d24ca,RYR80XZ,1
48c2a4,RYR80XZ,1
48c125,RYR80XZ,1
48c2a8,RYR2EK,1
4cadc2,RYR80XZ,1
4caf2a,RYR2EK,1
4cae90,RYR80XZ,1
48c235,RYR80XZ,1
48c1a7,RYR1DD,1
48c2a8,RYR33PJ,1
48c12b,RYR1CK,1
48e9f6,RYR1CK,1
4d2103,AXY439F,1
4d22ab,KMM624,2
4d21dc,KMM624,2
4d21a2,KMM624,1
4d2038,KMM624,1
4ca97b,RYR697T,1
4cae66,RYR697T,1
4d226f,RYR697T,1
4d24ca,RYR697T,1
4cae68,RYR5BN,1
4ca8e7,RYR5BN,1
4ca225,RYR4UD,1
4d22ab,KMM614,2
4d22ab,KMM612,2
4d24ca,RYR9447,2
4d2095,RYR4UD,1
4d21dc,KMM614,2
4d21dc,KMM612,2
4932a1,NJE651P,1
4d226f,RYR4UD,1
48c2a8,RYR7UE,1
4d21a2,KMM614,1
4d21a2,KMM612,1
4cad12,RYR4UD,1
48c229,RYR4UD,2
4d226f,RYR7UE,1
4d2038,KMM614,2
4d2095,RYR7UE,1
4d2038,KMM612,1
4d2383,RYR7UE,1
4d2383,RYR4UD,1
4d23fa,RYR9447,1
4d226f,RYR25JU,1
48c231,RYR25JU,1
48c1a6,RYR25JU,1
4d226f,RYR2203,1
471fa7,WZZ82,1
4d2221,RYR2203,1
4d24ca,RYR2203,1
48c12c,RYR2203,1
4d2068,WZZ82,1
4cae58,RYR77KB,1
4ca8d5,RYR2203,1
48c1a2,RYR77KB,1
471d65,WZZ82,1
4d226f,RYR77KB,1
4d22bf,RYR80WD,1
4d22c2,RYR80WD,1
4d22ca,RYR80WD,2
4d2501,RYR40XB,1
4ca802,RYR40XB,1
4ca6a9,RYR40XB,1
4caf2a,RYR40XB,1
4d226f,RYR7855,1
4cae4a,RYR40XB,1
48c2af,RYR40XB,1
4ca73b,RYR76YH,1
4cad3c,RYR76YH,1
4ca9aa,RYR87PZ,1
48c129,RYR76YH,1
48c2a8,RYR87PZ,1
48c2a8,RYR76YH,1
4d244a,RYR76YH,1
48c2a2,RYR76YH,1
4d2229,RYR87PZ,1
4cadf9,RYR76YH,1
4ca73b,RYR4WJ,1
4caf2a,RYR4WJ,1
4cae4a,RYR4WJ,1
4d21a2,KMM514,1
48c129,RYR32CU,2
4d22ae,RYR2PR,1
4d2038,KMM514,1
4d24de,KMM514,1
4d22ba,RYR32CU,1
4d22bf,RYR32CU,1
4d21db,KMM514,2
4d24ba,KMM514,1
4ca73a,RYR32CU,1
4d244a,RYR32CU,1
4d21f1,RYR7131,1
4d226f,RYR7131,1
8960dc,UAE110,1
896209,UAE110,1
89611c,UAE110,1
896118,UAE110,1
4d21b5,VCJ50M,4
8960e0,UAE110,1
89621b,UAE110,1
4d2020,WZZ902W,1
471f4a,WZZ902W,1
471f3d,WZZ902W,1
4d200e,WZZ902W,1
48c225,RYR10ZU,1
4d2453,WZZ902W,1
471f5d,WZZ902W,1
4d24ca,RYR10ZU,1
4d2402,WZZ902W,1
4d2038,KMM784,1
4bb068,THY7QV,1
4d24ba,KMM784,1
4bb287,THY7TW,1
3cd3c6,PTN22Q,1
4baad6,THY7QV,1
4bb2b0,THY6884,1
4ba90d,THY7TW,1
4d21db,KMM784,1
4baa8a,THY7TW,1
4d22ab,KMM784,1
4bb42b,TCMAK,1
4bb207,THY7TW,1
4bb064,THY7QV,1
4ba915,THY7QV,1
4baac9,THY7TW,1
4cadbb,RYR2LW,1
4cadbb,RYR7303,1
48c2b1,RYR161G,1
4ca5c8,EIN4GM,2
4d224c,RYR161G,1
4d24ca,RYR161G,1
48c129,RYR161G,1
48c223,RYR400W,1
48c2a2,RYR400W,1
4d24eb,RYR161G,1
4ca295,EIN4GM,1
48e9f0,RYR88VN,1
4d245f,WZZ4191,1
4ca4ef,RYR14QN,1
4d20c0,WZZ4191,1
48e9f2,RYR14QN,2
4caa59,RYR88VN,1
48e9f2,RYR88VN,1
4d2020,WZZ4191,2
48c223,RYR97CL,1
4ca73a,RYR14QN,1
4d21f7,RYR88VN,1
4d21dc,KMM308,1
4d21dc,KMM306,2
3c6751,DLH1925,1
4d24de,KMM308,1
4d24de,KMM306,2
4d24ba,KMM308,2
4d21a2,KMM306,1
4d2038,KMM306,1
4d21db,KMM3308,1
3c6549,LHX1925,1
4d21a2,KMM308,1
4d21db,KMM306,1
3c48f0,LHX1925,1
3c6542,DLH1925,1
4d21db,KMM308,1
48c2a8,RYR395,1
48c2a4,RYR29FF,1
4d24ca,RYR367,1
4d2229,RYR367,1
4d226f,RYR367,1
4d2222,RYR29FF,1
4caf2a,RYR395,1
4d244a,RYR367,1
4ca813,RYR367,1
4d24ba,KMM586,1
4cade6,RYR32DR,1
4d226f,RYR32DR,2
48c2a4,RYR32DR,1
48c2b1,RYR294H,1
4cae9f,RYR294H,1
4d21a2,KMM586,1
4d244c,RYR294H,1
48c2b2,RYR6088,1
4d226c,RYR294H,1
4d23fa,RYR32DR,1
4caf2a,RYR32DR,1
471f6a,WZZ58VS,1
4d206c,WZZ58VS,1
48af0e,LOT674,1
48e959,LOT672,1
471fa1,WZZ58VS,1
4d242d,WZZ58VS,1
4d242b,WZZ58VS,1
48af0d,LOT672,1
4d24ab,WZZ58VS,1
4d204a,WZZ58VS,1
48af06,LOT674,1
3c6754,DLH1YX,1
3c6753,DLH2RJ,1
3c6653,DLH2RJ,1
3c64b0,DLH2RJ,1
3c6650,DLH2RJ,1
3c6657,DLH2RJ,1
3c6485,DLH1YX,1
3c6543,DLH1YX,1
3c64a1,DLH2RJ,1
3c6655,DLH2RJ,1
3c6643,DLH4CF,1
3c6641,DLH1YX,1
4cac63,ABR142,5
4d24ca,RYR11UN,1
48c223,RYR2YL,1
4caf2a,RYR11UN,1
4d21db,KMM420,1
4d21a2,KMM420,3
4d24ba,KMM420,2
4d21db,KMM394,1
4d21a2,KMM394,2
4d24ba,KMM394,2
4d22ab,KMM394,1
485342,KLM9860,1
4d2038,KMM394,1
4d24ca,RYR17UK,1
471f68,WMT8609,1
4caf2a,RYR17UK,1
471f04,WMT8609,1
4d2226,RYR17UK,1
4d22c2,RYR6RH,1
4d22bf,RYR15ET,1
4d22b0,RYR6RH,1
4d22b0,RYR15ET,1
4d22ca,RYR15ET,2
4d22c2,RYR6GK,1
4d22c1,RYR6GK,1
4d22c2,RYR5868,1
4d22b7,RYR5868,1
501d1d,CTN4AT,2
501dd0,CTN442,2
4d20b6,VCJ1MA,2
501dc4,CTN442,2
501dc4,CTN4AT,1
501dd0,CTN4AT,1
501d21,CTN442,1
4d22b3,RYS9718,1
4d22c2,RYR1372,1
4d22b7,RYR848,1
501d18,CTN4AT,1
44082a,AUA604,1
501c38,CTN4AT,1
501c49,CTN442,1
4caed3,BCS9117,1
440409,BCS9117,2
440bc3,BCS9117,1
440bc1,BCS9117,1
501c38,CTN414,1
501c49,CTN410,1
501d21,CTN410,1
501c4a,CTN414,2
501c43,CTN416,4
3c4dd5,DLH5CH,1
3c4dcb,DLH5CH,1
501d1d,CTN410,3
3c4dd7,DLH9AA,2
501c44,CTN410,1
501c3b,CTN416,1
3c4dc6,DLH5CH,2
501c49,CTN414,1
3c4dc9,DLH9AA,1
501c38,CTN416,1
3c4dcc,DLH9AA,1
3c4dcc,DLH5CH,2
501c43,CTN414,1
501d18,CTN410,1
501c38,CTN480,2
501d1d,CTN480,1
501e83,CTN480,1
501c44,CTN480,1
501d21,CTN480,1
501c4a,CTN480,1
501e83,CTN25F,1
501c4a,CTN25F,2
501c3b,CTN25F,3
39856f,AFR12TZ,1
398604,AFR12TZ,1
398571,AFR12TZ,1
501c44,CTN25F,1
4bab2f,THY5WM,1
4baac7,THY4EX,1
4bb879,PGT558P,1
4baa63,THY4EX,1
4ba90c,THY5WM,1
4bab2f,THY4EX,1
4bb20b,THY5WM,1
4bab2c,THY4EX,1
4bab2d,THY4EX,1
4baa79,THY5WM,1
4d22b7,RYR590V,1
4d23fb,RYR590V,1
501c49,CTN436,2
501d21,CTN436R,1
3c6590,DLH8CF,1
501c49,CTN436R,4
3c6542,DLH8CF,1
501d1d,CTN436,1
3c66a7,DLH8CF,1
501d18,CTN436R,2
501e83,CTN436,1
3c6594,DLH8CF,1
493297,NJE951W,1
3c66af,DLH4WU,1
3c4dc1,DLH8CF,1
501c4a,CTN436,1
501c44,CTN436,1
3c644d,DLH8CF,1
3c4dc1,DLH4WU,1
501c38,CTN436,1
48c5e8,SAR1975,1
48c5f9,SAR1975,4
4d22b0,RYR597Y,1
48c225,RYR4KV,1
4d2216,RYR4KV,2
4d2275,RYR4KV,1
34750f,AEA49KZ,1
346499,IBE06RR,1
345388,ANE69GL,1
4ca703,RYR2KC,1
346082,AEA39VM,1
342211,IBE06EA,2
4d2492,WMT7EB,3
345218,AEA39VM,1
3453d3,ANE69GL,1
34538e,AEA49KZ,2
342107,IBE06EA,1
34660b,IBE06RR,1
347309,AEA39VM,2
347287,IBE06RR,2
347219,IBE06DW,1
347481,AEA49KZ,3
34620b,IBE06RR,1
4ca9c1,RYR88SY,1
4d20fb,WMT7EB,1
34134e,IBE06EA,1
4d23fd,RYR88SY,1
3423c3,IBE06EA,1
4ca9c1,RYR2KC,1
347288,IBE06RR,1
347453,IBE06DW,1
34745a,AEA49KZ,1
4d2518,RYR2KC,1
34250a,IBE06EA,1
34530d,ANE69GL,1
4d21fc,RYR88SY,1
34750f,AEA39VM,1
4d244c,RYR88SY,1
347454,IBE06RR,1
344446,AEA39VM,1
34250a,IBE06DW,1
3420cb,IBE06EA,1
4cad5b,ITY1462,3
4caaa7,ITY1480,1
4cad5e,ITY1466,1
491187,NJE012R,1
4cad52,ITY1460,1
4caf1c,ITY1460,2
4cadde,ITY1480,1
4cadde,ITY1466,1
4cada7,ITY1480,1
3e46e1,JPV148,2
4cad52,ITY1466,2
4caddd,ITY1466,1
4cad5d,ITY1460,2
4cae12,ITY1480,1
4ca8ff,ITY1480,1
4ca759,ITY1460,1
4cad5e,ITY1462,1
4cad52,ITY1462,2
4cadee,ITY1480,1
4cadee,ITY1466,1
3008ea,ICJSN,2
4400e9,TJS1,7
4cad5d,ITY1480,1
4cad5c,ITY1460,1
300371,LSA202,1
4ca8ff,ITY1466,1
300564,DLA6EL,1
300558,DLA3EJ,1
300558,DLA4NC,1
300394,DLA6EL,1
300394,DLA4NC,1
300780,DLA6EL,1
49410c,NJE619K,1
3007ef,DLA4NC,1
3007ef,DLA3EJ,1
300738,DLA4NC,1
300781,DLA3EJ,1
300781,DLA4NC,1
300554,DLA3EJ,1
300554,DLA6EL,1
300393,DLA4NC,1
3003af,DLA3EJ,1
30055b,DLA6EL,1
345204,VLG68TP,3
4d2492,WMT8FV,2
4ca6fc,RYR866,1
4d2221,RYR405,1
344158,VLG8TU,1
345205,VLG8TU,1
4cad3d,RYR405,1
4d2274,RYR405,1
346188,VLG68TP,1
344157,VLG8TU,1
345116,VLG8TU,1
345101,VLG68TP,1
4ca225,RYR24JX,1
4ca56b,RYR405,1
342592,VLG68TP,1
3424d1,VLG8TU,1
344697,VLG94KJ,1
4ca7b5,RYR866,1
3444d1,VLG8TU,1
4d20fb,WMT8FV,1
4d222e,RYR24JX,1
345248,VLG94KJ,1
345041,VLG68TP,1
4cadbd,RYR405,1
4cad28,RYR24JX,1
4d2092,WMT8FV,1
4d2237,RYR866,1
4d228f,RYR405,1
34454b,VLG8TU,1
440159,EJU38AZ,1
440469,EJU32UE,1
39e683,AFR23BR,1
39a204,FPO3JU,3
39e68a,AFR64AH,1
440637,LDX344C,1
440019,EJU72JA,1
440019,EJU93VH,1
39de4d,TVF56RX,1
39bdb7,AFR44KY,1
394c14,AFR21CG,1
39856c,AFR32ZY,1
440469,EJU93VH,2
4402b9,EJU72JA,1
39de57,TVF56RX,1
4402db,EJU32UE,2
440047,EJU82AF,1
398563,AFR23BR,1
39e687,AFR21CG,1
39bdae,AFR44KY,2
39bda6,AFR21CG,1
44046d,EJU32UE,1
44046d,EJU72JA,1
394c18,AFR64AH,1
39e697,AFR44KY,1
398575,AFR32ZY,1
440610,EJU82AF,1
4400b7,EJU38AZ,1
3946e5,AFR23BR,1
a66e43,N513TF,1
3991e4,AFR23BR,1
4401fa,EJU32UE,1
4401fa,EJU93VH,1
39de48,TVF56RX,1
39856c,AFR64AH,1
39d30a,TVF3835,1
440611,EJU82AF,2
440611,EJU48HC,1
39856f,AFR32ZY,1
4402e8,EJU72JA,1
39bdb4,AFR21CG,1
440611,EJU38AZ,1
39bdb5,AFR44KY,2
3986e3,AFR23BR,1
44015a,EJU32UE,1
44015a,EJU93VH,1
39bda1,AFR32ZY,1
39e689,AFR21CG,1
392af9,AFR64AH,1
4401fa,EJU72JA,1
502ce8,TVF56RX,1
398602,AFR64AH,1
440352,EJU72JA,1
398570,AFR32ZY,1
39bdb1,AFR23BR,1
440cb1,EJU43AR,1
39d30a,TVF56RX,1
440611,EJU15XL,1
3991e5,AFR21CG,1
39d300,TVF3835,1
398602,AFR32ZY,1
44015a,EJU72JA,1
39bdb1,AFR44KY,1
39bda0,AFR23BR,1
39856f,AFR64AH,1
39bdb5,AFR21CG,1
44093e,EJU93VH,1
440159,EJU15XL,1
44093e,EJU75GC,1
4400eb,EJU75GC,1
440484,EJU75GC,1
4409c0,EJU75GC,1
49130d,NJE638N,1
a361d7,N317LL,1
3cef03,PVD422F,1
a70002,EJM536,2
a41941,UPS259,2
a4158a,UPS259,1
a41cf8,UPS259,2
a20035,N228RE,1
440bc8,BCS7511,1
4cae24,BCS7993,1
4cae26,BCS7993,1
45ce4e,SRR7993,3
3c664f,DLH1MH,1
3c65ca,DLH5ML,1
3c6595,DLH1ML,1
3c6583,DLH5ML,1
3c6635,DLH333,1
3c6442,DLH9KJ,1
3c658d,DLH1MH,1
3c6743,DLH5ML,1
3c6742,DLH333,1
3c6752,DLH9KJ,1
3c4dcb,DLH5ML,1
3c6744,DLH333,1
3c6758,DLH1MH,1
3c6753,DLH5ML,1
3c66e8,DLH333,1
3c658e,DLH1ML,1
3c6743,DLH333,1
3c6445,DLH5ML,1
3c6583,DLH1MH,1
3c6585,DLH1ML,1
3c6489,DLH9KJ,1
3c6668,DLH1MH,1
3c6758,DLH1ML,1
3c6672,DLH333,1
4cad3d,RYR58WM,1
4d2274,RYR65XE,1
4cad28,RYR58WM,1
4d2274,RYR58WM,1
4d2369,RYR65XE,1
346613,VOE82DB,1
4d2092,WMT8534,1
346649,VOE82DB,1
3444c8,VOE82DB,2
4d20fb,WMT8534,1
aa195f,N75TF,2
3007ef,AUA544U,2
300557,AUA542,2
300557,AUA550J,1
3007ef,AUA548,1
3007ef,AUA550J,1
300738,AUA542,1
300738,AUA550J,1
300557,AUA544U,3
300393,AUA550J,1
300394,AUA550J,1
300557,AUA548,1
300781,AUA550J,1
300557,AUA1487,1
44cc46,BEL19V,1
44ce72,BEL1EV,1
44d068,BEL1EV,1
44cdcd,BEL1EV,1
44d076,BEL1EV,1
44cc42,BEL19V,1
44cdc5,BEL1EV,1
44cdc2,BEL1EV,1
44cdc8,BEL19V,1
4baacf,THY3NR,1
4bb20f,THY3MN,1
4bc886,PGT6CN,1
4baa67,THY3MN,1
4bb26d,THY4YQ,1
4baada,THY3NR,1
4bb286,THY4YQ,1
4bab45,THY3MN,1
4bc88a,PGT6CN,1
4baa8e,THY4YQ,1
4baa62,THY3MN,1
4bb214,THY4YQ,1
4baa88,THY3NR,1
4bb214,THY3MN,1
4bb273,THY4YQ,1
4bc84a,PGT6CN,2
4d222f,AXY435A,1
4bb207,THY4YQ,1
4bab2f,THY3NR,1
4bb2b0,THY3MN,1
4d00d9,LGL42VM,1
4d00db,LGL42VM,1
4d00d4,LGL42VM,1
4d00d7,LGL42VM,1
4d00d7,LGL6546,1
4d00c6,LGL42VM,1
4402f1,EJU1690,1
4401f7,EJU4003,1
4d2492,WMT1UK,2
4d2092,WMT1UK,1
440195,EJU19UE,1
440625,EJU19UE,1
4d2150,AXY729T,1
34660f,VOE1592,1
440c31,EJU93VU,1
3465d8,VOE1592,1
440625,EJU93VU,1
440018,EJU7816,1
484f06,KLM54H,1
484cb7,KLM50N,1
484cb7,KLM1628,2
484442,KLM54H,1
484f06,KLM50N,1
44034b,EJU51DZ,1
484166,KLM1628,1
48415e,KLM54H,1
484b8f,KLM50N,1
484558,KLM54H,1
486495,KLM50N,1
440073,EJU16UT,1
484fdf,KLM1628,1
48415f,KLM54H,1
486802,KLM50N,1
484131,KLM1628,1
440c34,EJU16UT,1
486484,KLM50N,1
48418b,KLM1628,1
48e9f5,RYR577,1
48e9f5,RYR88TU,1
4cad3d,RYR88TU,1
4d2274,RYR88TU,1
4ca8d6,RYR88TU,1
48e9f3,RYR35YE,1
48e9f3,RYR577,1
4d2274,RYR35YE,1
4d222e,RYR88TU,1
4cad28,RYR577,1
48e9f3,RYR88TU,1
48e9f5,RYR17XK,1
4ac9ef,SAS10E,1
4ac9f4,SAS10E,1
4cac79,SAS10E,1
4cad96,SAS10E,1
4ca9c1,RYR17XK,1
4aca78,SAS10E,1
4d2092,WMT5498,2
4d20fb,WMT5498,2
48ad87,LOT4PM,1
48ad80,LOT312,1
48ad10,LOT312,1
4d2265,RYR3625,1
48e9f3,RYR3625,1
4d2274,RYR3625,2
4ca707,RYR5FV,1
346107,LAV952P,1
4d20fb,WMT7V,1
4d2492,WMT7V,1
346649,VOE67GU,2
346614,VOE67GU,2
4caf13,SAS696,1
440c8c,AUA991B,1
4d22c1,RYR94SQ,1
44003a,AUA995F,1
4aca7a,SAS1694,1
040187,ETH724,2
44029f,AUA991B,1
4caf14,SAS696,1
4ac9ed,SAS1694,2
44065c,AUA995F,1
4d2387,RYR94SQ,1
45ac33,SAS1694,1
4408df,AUA991B,1
4402a3,AUA989,1
4cacbd,SAS696,1
4cadb8,RYR94SQ,1
440c8d,AUA995F,1
44020a,AUA989,1
4402a3,AUA99HC,1
4aca73,SAS1694,1
4ca763,RYR94SQ,1
44022d,AUA99HC,1
4ca88c,RYR94SQ,1
440607,AUA989,1
440052,AUA985,1
4ca1cc,SAS696,1
440c8d,AUA99HC,1
440039,AUA985,1
4cabde,BCY041P,1
040141,ETH724,1
44006e,AUA995F,1
4d22bf,RYR94SQ,1
44001b,AUA235D,1
440604,AUA239,1
44008f,AUA29M,5
440608,AUA223,1
440052,AUA225,1
440052,AUA223,1
440604,AUA225,1
44001a,AUA235D,1
44004f,AUA239,1
440825,AUA21P,1
440820,AUA235D,1
440608,AUA239,1
440827,AUA225,2
44082c,AUA223,1
44006e,AUA237,2
44006e,AUA21P,2
44004f,AUA223,1
440828,AUA235D,1
440821,AUA225,1
440052,AUA21P,1
440604,AUA237,1
44006c,AUA239,1
440824,AUA235D,1
44029f,AUA237,1
44065b,AUA239,1
440821,AUA21P,1
440666,AUA239,1
44081e,AUA235D,1
44022b,AUA223,1
440cac,AUA29M,1
44006e,AUA225,1
491188,NJE644U,1
44001b,AUA16P,1
44006d,AUA163,1
440827,AUA16N,2
44081d,AUA16N,1
44082b,AUA16P,1
44022d,AUA163,1
440666,AUA16N,1
440820,AUA163,1
44022b,AUA16P,1
44081d,AUA165,1
440604,AUA16N,1
440604,AUA163,1
44029f,AUA16P,1
44020a,AUA165,1
440822,AUA16N,1
440c8d,AUA163,1
44082c,AUA165,1
4402a3,AUA16N,1
44081e,AUA16P,1
3e1859,STQ111,4
440822,AUA163,1
440604,AUA697,1
44065b,AUA699M,1
4d22bb,RYR95GA,1
44065c,AUA693L,1
440666,AUA697,1
44004f,AUA693L,1
440c8d,AUA699M,2
44029f,AUA693L,1
440c8d,AUA693L,1
4d22af,RYR95GA,1
44022d,AUA697,1
44001c,AUA699M,1
4d22ba,RYR95GA,1
440607,AUA697,1
440052,AUA699M,1
4d22c8,RYR95GA,2
440c8c,AUA693L,1
4d22c4,RYR40AJ,1
44065b,AUA697,1
4bd156,CXI9903,1
44020a,AUA693L,1
440604,AUA801,1
4d22ad,RYR2TD,1
469e45,SEH841,1
46b832,AEE6WO,1
4402a3,AUA801,1
4d22c1,RYR2TD,1
4690e4,AEE6WO,1
44020a,AUA801,1
4caff6,RYR2TD,1
440c8c,AUA801,1
46b82c,AEE6WO,1
46da6c,SEH841,1
4692d3,AEE3W,1
46a5e1,SEH841,1
44022d,AUA801,1
4d22b4,RYR2FG,1
44065b,AUA801,1
4d22b4,RYR2TD,1
46a5e4,SEH841,1
4d22bf,RYR2FG,1
4690f9,AEE6WO,1
4408df,AUA965,1
440666,AUA96F,1
44001b,AUA965,1
4d22af,RYR97CW,1
440c8d,AUA965,1
44004f,AUA965,1
440039,AUA965,1
4408df,AUA96J,1
44001c,AUA96F,1
4d22c8,RYR97CW,1
440c8c,AUA965,1
463fc8,FSF858A,1
44001a,AUA377,1
44082b,AUA377,1
44065c,AUA377,1
440890,TYW759,1
440826,AUA101,1
44082c,AUA10A,1
44082c,AUA1M,1
440822,AUA101,1
44081e,AUA10A,1
44081e,AUA1M,1
440827,AUA10A,2
440827,AUA1M,1
44081e,AUA101,1
440820,AUA10A,1
440820,AUA1M,1
440828,AUA10A,1
440828,AUA1M,1
440824,AUA1M,1
440824,AUA103,1
3ce79a,PVD463B,1
440668,AUA101,1
440c8d,AUA209,1
440666,AUA219,1
3c0ac5,CFG4HJ,1
3c0ac5,CFG8AD,1
44065b,AUA205,1
440609,AUA207V,1
440609,AUA199,1
3c6427,CFG8NP,1
4402a3,AUA1Y,1
44065c,AUA21E,1
440039,AUA21V,1
44001a,AUA20V,1
440052,AUA217N,1
440052,AUA211,1
440052,AUA209,1
44006c,AUA207V,1
440667,AUA21V,1
44001b,AUA219,1
44065c,AUA211,1
44065c,AUA205,1
440668,AUA217N,1
3c0ac5,CFG1AJ,1
3c0ac5,CFG5HA,1
440608,AUA1Y,1
3c0ac6,CFG4ZX,1
3c6758,DLH1V,1
440606,AUA199,1
44022d,AUA20V,1
44065b,AUA21E,1
71bc23,AIH795,1
440052,AUA20V,1
440667,AUA211,1
440669,AUA217N,1
440604,AUA21V,2
44022d,AUA205,1
4402a3,AUA207V,1
4402a3,AUA199,1
3c79b7,CFG7XF,1
3c0ac5,CFG7UZ,1
3c0ac5,CFG6AK,1
44001b,AUA21E,1
44001a,AUA219,1
44001a,AUA1Y,1
3c6446,DLH1V,1
440609,AUA209,1
4408df,AUA21V,1
44004f,AUA217N,1
440668,AUA21E,1
3c6424,CFG9TN,1
3c6424,CFG8HE,1
440d01,PJV680,3
3c1bb0,BCS6008,1
44020a,AUA20V,1
3c0ac5,CFG4AJ,1
440666,AUA1Y,1
44065b,AUA209,1
44022d,AUA207V,1
44001c,AUA199,1
44006e,AUA1Y,1
4408df,AUA211,1
3c6424,CFG6TN,1
3c65cd,DLH9855,1
44001c,AUA211,1
440607,AUA209,1
440825,AUA20V,1
3cc253,AWH76F,1
3c6426,CFG3YR,1
490d06,NJE529W,1
440cab,AUA21V,1
4408df,AUA219,1
44022b,AUA21E,1
44022b,AUA205,1
3c6635,DLH1V,1
44020a,AUA217N,1
3c6427,CFG6WN,1
3c6427,CFG3KJ,1
440c8c,AUA1Y,1
44065c,AUA207V,1
44065c,AUA199,1
4402a3,AUA20V,1
440820,AUA211,1
440820,AUA205,1
3c6643,DLH1V,1
440605,AUA199,1
44006c,AUA219,1
71bc20,AIH795,1
44001b,AUA217N,1
44081d,AUA21E,1
440828,AUA1Y,1
440826,AUA207V,1
44022b,AUA209,1
3c6424,CFG8EN,1
3c6424,CFG9MD,1
71be29,KAL537,1
3c7982,CFG4YU,1
44004f,AUA251,1
440668,AUA25N,1
44006e,AUA25M,1
440609,AUA251,1
3c5eed,EWG85P,1
440824,AUA251,1
44001c,AUA25N,1
4408df,AUA25M,1
440052,AUA25M,1
440669,AUA25K,2
44082c,AUA251,1
440609,AUA25N,1
440606,AUA25N,1
44001b,AUA25M,1
440827,AUA25N,1
44082c,AUA25M,1
501d1d,CTN441,2
440820,AUA603,1
4d22b3,RYS9717,1
4d22ba,RYR841,1
501dd0,CTN443,1
501c38,CTN441,1
501c49,CTN443,1
4d22b3,RYR51NQ,1
440820,AUA245,1
45cf21,UPS275,5
4d2304,RYR51NQ,1
440828,AUA245,1
44082c,AUA249,1
4d22ba,RYR51NQ,2
440822,AUA249,1
4d236c,RYR51NQ,1
4408de,AUA249,1
4d22c3,RYR85DJ,1
4cad12,RYR51NQ,1
4d22b3,RYR85DJ,1
4d22b3,RYR9ET,2
440825,AUA66T,1
440821,AUA66H,2
44082a,AUA66D,1
44082a,AUA66R,2
4d22bb,RYR1CL,1
48ad82,LOT224,2
48ad0f,LOT226,1
44082c,AUA66H,1
48adae,LOT226,1
440822,AUA66D,1
04019a,ETH730,1
48ada9,LOT224,1
440821,AUA66D,1
48adac,LOT226,1
48adab,LOT224,1
489786,LOT4LU,1
44082b,AUA66T,1
440828,AUA66R,1
48ada4,LOT226,1
44081d,AUA66H,1
440820,AUA66T,1
44082c,AUA66D,1
040142,ETH730,1
48ada7,LOT4LU,1
4d22b9,RYR1CL,1
4d22c4,RYR9ET,1
440820,AUA66D,1
48ad83,LOT4LU,1
4d22c2,RYR1CL,1
4d22c2,RYR9ET,1
44082a,AUA66H,1
440825,AUA675,1
440822,AUA66T,1
4caff6,RYR9ET,1
300557,AUA66H,1
48af06,LOT224,1
440820,AUA297W,1
440826,AUA295,2
44006e,AUA29N,1
44d076,BEL4QA,1
4408df,AUA29N,1
440822,AUA295,1
44cdca,BEL4QA,1
440824,AUA297W,1
440607,AUA29N,1
440608,AUA295,1
44cdc8,BEL4QA,1
44cdd0,BEL7AM,1
44082b,AUA297W,1
44ce78,BEL9WV,1
440824,AUA29N,1
44cdc9,BEL4QA,1
44ce6f,BEL7AM,1
440822,AUA297W,2
44ce6c,BEL7AM,1
44065b,AUA295,1
440605,AUA293,1
44001b,AUA29N,1
44ce76,BEL9WV,1
44cdce,BEL4QA,1
44004f,AUA319,1
4867c2,KLM1902,1
44029f,AUA311T,1
44065b,AUA315,1
48415e,KLM26Y,1
44082b,AUA317,1
440820,AUA311T,2
44029f,AUA319,1
4866c1,TFL191,1
440604,AUA315,1
486741,KLM1902,1
440609,AUA317,1
484cb4,KLM26Y,1
486740,KLM24B,1
44001c,AUA311T,1
44022d,AUA315,1
440668,AUA319,1
4867c3,KLM24B,1
484166,KLM26Y,2
44065b,AUA317,1
4408df,AUA317,1
440607,AUA315,1
486897,KLM24B,2
4867c4,KLM1902,1
485a33,KLM26Y,1
440607,AUA319,1
486740,KLM1902,1
440669,AUA315,1
44001a,AUA319,1
440668,AUA317,1
44004f,AUA313,1
484131,KLM26Y,1
4841a6,KLM24B,1
44022d,AUA311T,1
440669,AUA319,1
4867c3,KLM1902,1
44001a,AUA313,1
484c1b,KLM1910,1
39bb20,AFR29JM,1
39bb20,AFR63XP,1
440668,AUA36U,1
39cead,TVF91KK,1
44006c,AUA36P,2
440606,AUA36F,1
44022d,AUA36G,1
39e68b,AFR75VX,1
494104,NJE265Q,1
39de41,TVF91KK,1
440608,AUA36P,1
39a203,FPO9VE,4
440824,AUA36U,1
39e682,AFR75VX,1
39e682,AFR63XP,1
4402a3,AUA36G,1
398575,AFR29JM,1
39bda4,AFR29JM,1
39de4a,TVF91KK,2
44001c,AUA36G,1
39e68a,AFR75VX,1
39bdb3,AFR63XP,1
440826,AUA36U,1
44029f,AUA36P,1
39bdb1,AFR29JM,1
39bda1,AFR75VX,1
39bda1,AFR63XP,1
440828,AUA36U,1
440c8c,AUA36G,1
440667,AUA36F,1
392aef,AFR29JM,1
44020a,AUA36P,1
440668,AUA36F,1
44065c,AUA36G,1
44006e,AUA36G,1
39bb21,AFR75VX,1
39bb21,AFR63XP,2
4408de,AUA36F,1
4408de,AUA36U,1
39d313,TVF91KK,1
3991e5,AFR29JM,1
44065b,AUA36P,1
39bda6,AFR113A,1
44065c,AUA36U,1
440668,AUA36G,1
398601,AFR29JM,1
39bda3,AFR75VX,1
4bc854,PGT57V,1
4baa92,THY8ZU,1
4bb299,TKJ9AB,1
4bc84f,PGT91AW,1
4baa79,THY9KL,1
4baa56,THY5ZV,1
4baa6e,THY7GH,1
4bc8cd,PGT3PW,1
4bc893,PGT57V,1
4baa8d,THY8ZU,1
4bc84a,PGT91AW,1
4baa55,THY7GH,1
4bb86a,PGT3PW,1
4bbd07,TKJ9AB,1
4bb286,THY5TD,1
4bb142,THY5ZV,1
4baa84,THY9KL,1
4baa84,THY8ZU,1
4bc8d5,PGT91AW,1
4bc896,PGT3PW,1
4bc845,PGT57V,1
4bb182,THY5TD,1
4ba953,THY5ZV,1
4bab4f,TKJ9AB,1
4bc886,PGT91AW,1
4baa65,THY8ZU,2
4bc88d,PGT57V,1
4ba905,TKJ9AB,1
4bc8c8,PGT3PW,1
4baa8e,THY7GH,1
4bb190,THY5ZV,1
4bb219,THY5ZV,1
4baa5a,THY6882,1
4bb293,TKJ9AB,1
4bb208,THY5ZV,1
4bc88d,PGT3PW,1
4bc8c3,PGT57V,1
4baa52,THY5TD,1
4bc854,PGT91AW,1
4bc896,PGT908,1
4baa4f,THY9KL,1
4baa4f,THY8ZU,1
4bc8cf,PGT7006,1
4bc8c3,PGT91AW,1
4baa81,THY7GH,1
4bb056,TKJ6653,1
4bc88a,PGT7174,1
4ba95a,THY5TD,1
4bb1e2,THY9KL,1
4bc889,PGT3PW,1
4bc8c6,PGT57V,1
4bb2ab,TKJ9AB,1
4ba92f,THY5ZV,1
440826,AUA353F,1
440821,AUA353F,1
440608,AUA353F,1
440827,AUA353F,1
44082c,AUA353F,1
44001b,AUA353F,1
440607,AUA912,1
44082b,AUA1401,1
4d21a2,KMM515,1
48c129,RYR73GG,2
4d22ae,RYR1586,1
4d2038,KMM515,1
4d24de,KMM515,1
4d22ba,RYR73GG,1
4d22bf,RYR73GG,1
4d24ba,KMM515,1
4ca73a,RYR73GG,1
4d21db,KMM515,1
4d244a,RYR73GG,1
4d22c3,RYR77GH,1
4d22ca,RYR13YR,1
4d22b6,RYR13YR,2
4d22af,RYR13YR,1
4caee4,RYR77GH,1
4d2222,RYR13YR,1
4d22b6,RYR8192,1
4d22c4,RYR77GH,1
4d22b9,RYR8192,1
4d22b3,RYR13YR,1
4d22b2,RYR77GH,1
440667,AUA40Y,1
4d22b4,RYR5WL,1
4d24b0,WMT6EJ,1
440608,AUA405,1
4d22af,RYR76RP,1
44006c,AUA405,1
440608,AUA40Y,1
4d22b9,RYR5WL,1
44065c,AUA40Y,1
4caff8,RYR5WL,1
44004f,AUA405,1
440052,AUA40Y,2
4d22ad,RYR5WL,1
4d24b0,WMT77KA,1
44001a,AUA405,1
471f74,WMT6EJ,1
346610,VLG4CA,1
4d22b2,RYR76RP,1
344645,VLG4CA,1
4d22b6,RYR76RP,1
4cada3,RYR5WL,1
4d248f,WMT77KA,1
440606,AUA405,1
4d22bc,RYR5WL,1
471daf,WMT77KA,1
4d22bb,RYR76RP,1
440821,AUA26K,1
44082a,AUA269,1
3c5eeb,EWG2K,1
440827,AUA269,1
44081e,AUA26K,1
440825,AUA269,1
440609,AUA26K,1
440824,AUA269,1
44006c,AUA265,1
440823,AUA26K,1
440606,AUA265,1
440824,AUA265,1
44082b,AUA269,1
440606,AUA26K,1
300781,AUA269,1
440669,AUA52U,1
440609,AUA525,1
3007ef,AUA521S,1
440036,EJU17RT,2
440606,AUA527,1
440667,AUA527,1
4408df,AUA525,2
44006d,AUA52U,1
300557,AUA521S,4
440607,AUA525,1
440604,AUA52U,1
440062,EJU17RT,2
44029f,AUA527,1
44001b,AUA527,1
440608,AUA525,1
44003a,AUA52U,1
44022b,AUA527,1
44001c,AUA527,1
440605,AUA52U,1
4ca85b,EJU17RT,1
300781,AUA521S,1
44065c,AUA527,1
4406f0,EJU17RT,1
440823,AUA633,1
440821,AUA63X,1
44082a,AUA633,1
440826,AUA63X,2
440826,AUA633,1
440667,AUA1481,1
440821,AUA633,1
44082b,AUA63X,1
44081e,AUA63X,1
44081e,AUA633,1
440828,AUA63X,1
44082c,AUA633,1
4690e5,AEE4393,1
4d22ae,RYR96BJ,1
4d22c3,RYR96BJ,1
4d21f0,RYR96BJ,1
4d22ae,RYR85MR,1
4d22c8,RYR96BJ,1
4d22b3,RYR85MR,1
4d22c4,RYR96BJ,1
4d22ae,RYR8MF,1
4d22ba,RYR8MF,1
4d22b9,RYR8MF,1
4d22b3,RYR8MF,1
44006d,AUA551Y,1
4d22c8,RYR1KT,1
4d22b6,RYR76SF,1
44001a,AUA557T,1
44001a,AUA551Y,1
3008f2,SNM572,1
4d22af,RYR76SF,1
440c8c,AUA557T,1
440667,AUA551Y,2
44022b,AUA557T,1
4d2259,RYR76SF,1
4d22c8,RYR76SF,1
440609,AUA557T,1
4402a3,AUA557T,2
4d22c3,RYR76SF,1
4d22b3,RYR1ED,1
4d22b3,RYR1KT,1
4d22b2,RYR76SF,1
440c8c,AUA551Y,1
44081d,AUA185,2
3007ef,AUA187,1
44022b,AUA183,1
440828,AUA181,2
3c65cb,DLH2559,1
493297,NJE277C,1
44082a,AUA183,1
440607,AUA181,1
44022d,AUA187,1
44081d,AUA181,1
44006c,AUA187,1
44001b,AUA183,1
44065b,AUA185,1
440609,AUA189,1
44006c,AUA183,1
440669,AUA181,1
440823,AUA185,1
44001c,AUA185,1
440827,AUA185,1
44081e,AUA187,1
44081e,AUA183,1
440821,AUA181,1
44004f,AUA189,1
440052,AUA187,1
440052,AUA185,1
44082c,AUA183,1
440822,AUA277,1
4b1636,HBIKS,1
440827,AUA271,1
3cc187,AWH93D,2
440826,AUA277,2
440826,AUA271,1
440824,AUA277,1
44065b,AUA271,1
44081d,AUA271,1
44082b,AUA277,1
3cc243,AWH99Z,1
440821,AUA271,1
440822,AUA283G,1
300557,AUA28F,1
300738,AUA28F,1
44082b,AUA283G,1
44082c,AUA28F,1
440821,AUA28F,1
4cad0f,RYR22JL,1
502d0c,BTI83U,1
502d5b,BTI7KL,1
502d45,BTI7KL,1
502ce6,BTI83U,2
4d22b4,RYR22JL,1
502d88,BTI9802,1
502d7d,BTI7KL,1
502cc7,BTI83U,1
4d22c4,RYR758,1
502d3f,BTI7KL,1
4d22b6,RYR22JL,1
493033,NJE129C,1
4d22bc,RYR38MK,1
44022d,AUA423,1
4caee4,RYR38MK,1
44065b,AUA423,1
4d22bb,RYR44KK,1
4d22be,RYR38MK,2
44004f,AUA423,1
4d22c4,RYR44KK,1
44022b,AUA423,1
4ca701,RYR38MK,1
4d22bb,RYR38MK,1
3c4841,DABBA,3
4d22b8,RYR38MK,1
44065c,AUA427,1
44001c,AUA423,1
4d22b4,RYR37HM,1
440668,AUA431,1
4d22b2,RYR35DK,1
3445d4,IBE0794,1
346204,IBE07EA,1
347344,IBE07WM,1
342091,IBE07WY,1
4d22c8,RYR35DK,1
34324f,IBE07WM,1
34444b,IBE07EA,2
346186,IBE07WY,1
3445d4,IBE07WM,1
4d22b6,RYR35DK,1
34260e,IBE07WY,1
3420cb,IBE07EA,2
344481,IBE07WY,1
34608e,IBE07EA,1
34324e,IBE07WM,1
4d22c1,RYR35DK,1
71c043,KAL591,1
347219,IBE07WY,1
3472cc,IBE07EA,1
34260e,IBE07WM,1
4d22b3,RYR35DK,1
34620b,IBE07WM,1
471f74,WMT411,1
3475d5,IBE42,1
4caee4,RYR35DK,1
345691,IBE07WY,1
4d24b0,WMT7691,1
471daf,WMT7691,1
440cab,AUA487,1
71bc20,AIH797,1
4d251d,RYR31SG,1
4d2248,RYR181Z,2
4d22b4,RYR31SG,1
71c226,KAL9575,1
4d22c1,RYR31SG,1
4080f1,AZG277,1
4d22ae,RYR31SG,1
4caee4,RYR181Z,1
4d2248,RYR31SG,1
4d22c8,RYR2GB,1
44082b,AUA513,1
300557,AUA51K,2
3007ef,AUA513,1
4d22bc,RYR4769,1
440820,AUA513,1
4caa5a,RYR2GB,1
300393,AUA51K,1
4d222d,RYR2GB,1
300394,AUA51K,1
4d22bb,RYR2GB,1
4d22c8,RYR9CX,1
4d22c1,RYR9CX,1
4d22bb,RYR9CX,1
4d22bc,RYR9CX,1
4caee4,RYR9CX,1
4ca295,EIN6NL,1
4ca4f5,RYR81LM,1
4d22b2,RYR7AC,1
4d224c,RYR81LM,1
4ca281,EIN6NL,1
4cae64,RYR81LM,1
4cadf0,RYR81LM,1
4ca836,EIN6NL,1
4d2241,RYR81LM,1
4d22b9,RYR81LM,1
4ca2c9,EIN6NL,1
4d22ba,RYR81LM,1
44001b,AUA1421,1
493281,NJE880K,1
440827,AUA68E,2
4d22b9,RYR35HA,1
44082b,AUA679,1
440827,AUA679,1
440825,AUA679,2
440822,AUA68E,2
44081d,AUA679,1
4d22b2,RYR35HA,1
4d22bb,RYR9162,1
440823,AUA679,1
4d22c4,RYR35HA,1
4d222c,RYR848,1
440828,AUA645,1
440823,AUA649,1
49d382,JBC501F,1
440825,AUA649,1
440822,AUA643,1
44081e,AUA645,1
440824,AUA649,1
440825,AUA645,1
300393,AUA643,1
44082b,AUA649,1
440823,AUA643,1
44081d,AUA645,1
44081e,AUA649,1
440826,AUA645,1
300557,AUA643,1
4d22ca,RYR658P,1
44081d,AUA917,1
4d22c3,RYR658P,1
4408df,AUA917,1
48ea4e,RYR919N,1
4d22bb,RYR27RN,1
44006e,AUA823,1
4d22c3,RYR27RN,1
4d22c1,RYR27RN,1
4cac55,RYR511,1
4402a3,AUA823,1
4d22c3,RYR511,1
440824,AUA287,1
440822,AUA29R,1
44081e,AUA29R,1
440825,AUA29R,1
4caff6,RYR99HR,1
461e1d,FIN4ET,2
461f36,FIN65M,1
461f67,FIN65M,1
461e1b,FIN4ET,1
461f6c,FIN65M,1
461e1e,FIN4ET,1
461e18,FIN4ET,1
461f39,FIN65M,1
4d22b3,RYR99HR,1
4d22ae,RYR99HR,1
461e18,FIN65M,1
461e15,FIN4ET,1
440c8c,AUA79P,2
4d22c4,RYR12HV,1
440604,AUA79P,1
440039,AUA79P,2
4d22b2,RYR12HV,1
440666,AUA79P,1
4d22c1,RYR44FE,1
4cac84,RYR44FE,1
4d22ba,RYR44FE,1
4d22ad,RYR63DV,1
4d22b6,RYR44FE,1
4d22c4,RYR9CY,1
4d248f,WMT7GX,1
4d22bb,RYR9CY,1
44001c,AUA45M,1
440666,AUA45M,1
4d22c3,RYR9CY,2
4d22b9,RYR103,1
4402a3,AUA45M,1
4cae65,RYR9CY,1
44020a,AUA45M,1
4d22bc,RYR74TN,1
44029f,AUA45M,1
4d24b0,WMT7GX,1
4d00c6,LGL8854,1
4d00f2,LGL852W,1
4d00c9,LGL8W,1
4d00d4,LGL8854,1
4d00d7,LGL8W,1
4d00db,LGL852W,2
4d00f3,LGL8W,1
4d00d8,LGL852W,2
4d00d5,LGL8854,3
4d00d4,LGL8W,1
4d00d8,LGL8W,1
4d00ca,LGL8W,1
4d22b6,RYR17TP,1
4ca8da,RYR17TP,1
4cae49,RYR17TP,1
300557,AUA653,2
300557,AUA65W,3
300738,AUA65W,1
300393,AUA653,1
300394,AUA653,1
300394,AUA65W,1
300781,AUA65W,1
3453cc,AEA7319,4
347309,AEA7311,5
34324f,IBE04ZV,3
34750a,AEA7319,1
34750a,AEA45TN,1
34750a,AEA7311,1
344195,ANE53CH,1
345691,IBE04GG,1
345388,ANE89GE,1
344449,IBE04GG,1
34324e,IBE04ZV,2
344213,ANE53CH,1
347481,AEA7317,2
347309,AEA45TN,3
3451d8,ANE89GE,1
34260e,IBE04ZV,1
34750f,AEA7317,1
3475c9,PVG023P,1
344197,ANE89GE,1
347453,IBE04GG,1
34750a,AEA7317,2
345583,ANE53CH,1
346082,AEA7319,2
344218,ANE89GE,1
344449,IBE04AM,1
342091,IBE04GG,1
3423c4,IBE0472,1
345218,AEA45TN,1
345218,AEA7311,1
34260e,IBE04GV,1
34629a,IBB39RP,1
348307,IBB39RP,1
3480c3,IBB39RP,1
348213,IBB39RP,1
458665,CAT338,1
48ea4e,RYR99WE,1
48ea4e,RYR72AQ,1
4cad2a,RYR3AA,1
4ca660,SAS739,1
4caf94,SAS41T,1
4caf16,SAS739,1
4caf16,SAS41T,1
4cac9f,SAS41T,1
4cacb0,SAS41T,1
4caf94,SAS739,1
4cafd8,SAS41T,1
4cac9f,SAS739,1
4cacb0,SAS739,1
48ea4e,RYR3AA,1
48ad80,LOT7TX,2
489789,LOT778,1
48ad82,LOT2WY,1
48af08,LOT776,1
48af08,LOT774,1
48ad0f,LOT2WY,1
48ad83,LOT7TX,3
48ada9,LOT776,1
48ad0d,LOT778,1
48ad02,LOT778,1
48ad0e,LOT798,1
48af0f,LOT776,1
48ada0,LOT2WY,1
48af0e,LOT774,1
48ad82,LOT7TX,1
48ada4,LOT2WY,2
48ae85,LOT776,1
48ad10,LOT778,1
48ada3,LOT774,1
48ad87,LOT778,1
48ada7,LOT776,2
48ada6,LOT774,1
48e95c,LOT2WY,1
48e95c,LOT774,1
48ad87,LOT2WY,1
48af0d,LOT778,1
48e95a,LOT776,1
4d2500,RYR65ZK,1
4ca623,RYR65ZK,1
4d2336,MLH8241,1
4caee5,RYR65ZK,1
4cafd7,SAS56F,1
4caf14,SAS745,1
4caf14,SAS743,1
4caf13,SAS745,1
4ca660,SAS56F,2
4ca1cc,SAS745,3
4caf24,SAS743,1
4caf13,SAS56F,1
4cabda,SAS56F,1
4caf16,SAS743,1
4ca660,SAS745,1
4cabda,SAS743,1
4caf16,SAS56F,1
4cadbb,RYR92QY,1
4cadbb,RYR7304,1
48ea4e,RYR92QY,2
3c6745,DLH895,1
3c66eb,DLH899,1
3c674f,DLH895,1
3c6676,DLH899,1
3c66ae,DLH895,1
3c658b,DLH899,1
3c6635,DLH899,1
3c65d9,DLH895,1
3c6758,DLH899,1
3c6754,DLH895,1
3c65ca,DLH899,1
3c6752,DLH895,1
3c6641,DLH899,1
3c65c3,DLH895,1
502d7c,BTI37D,1
502dae,BTI34P,1
502d7a,BTI3G2,1
502d5b,BTI35G,2
502dae,BTI3G2,1
502ce4,BTI35G,1
502d3e,BTI37D,2
502dae,BTI37D,1
502d89,BTI3G2,1
502d3e,BTI34P,1
502d3f,BTI35G,1
502d58,BTI34P,1
502d45,BTI37D,1
502dac,BTI34P,1
502d5e,BTI35G,1
502ce8,BTI3G2,1
502ce3,BTI3G2,1
502ce7,BTI34P,1
502d10,BTI35G,1
502ce6,BTI37D,1
502ce3,BTI34P,1
502d96,BTI3G2,1
502ce4,BTI3FL,1
502ce7,BTI3FL,1
502d5c,BTI3FL,1
502ce4,BTI42K,1
502ce8,BTI42K,2
502d5e,BTI42K,1
502d7c,BTI42K,1
502ce7,BTI42K,1
471db4,WZZ5170,1
4d20bf,WZZ5170,1
471f66,WZZ5170,1
471dbe,WZZ5170,1
4d24b3,WZZ9,1
4d24ad,WZZ9,1
471db7,WZZ9,1
4d2532,WZZ9,2
4d24b3,WZZ80TM,1
4d24ad,WZZ80TM,1
4d2532,WZZ80TM,1
502d88,BTI48B,1
4d241c,WZZ95UZ,1
502d5d,BTI48B,1
4d24ad,WZZ95UZ,2
502d7a,BTI9UZ,1
502d7a,BTI48B,1
4d24b3,WZZ95UZ,1
502ce5,BTI9UZ,1
471db7,WZZ95UZ,1
502d96,BTI9UZ,1
4d2532,WZZ95UZ,2
502d44,BTI9UZ,1
502d7c,BTI9UZ,1
503eaa,GJT8VZ,1
4baac2,THY61U,1
4baa64,THY7TF,1
4baad6,THY7TF,1
4bcced,THY6604,1
4bb279,THY61U,1
4baa4e,THY7TF,1
4baa65,THY61U,1
4bb274,THY7TF,1
4bb292,THY7TF,1
4bb06a,THY61U,1
4d22ca,RYR93RC,1
44081d,AUA918,1
48ea4e,RYR93RC,1
4d22c3,RYR93RC,1
4408df,AUA918,1
48ea4e,RYR91EQ,1
440826,AUA1402,1
4ca9c1,RYR49RG,1
4cadbb,RYR49RG,1
4d226a,RYR49RG,1
44ce62,BEL7NX,1
44ce6a,BEL7NX,1
44cdc2,BEL7NX,1
4d234f,RYR797U,1
4cadbb,RYR797U,1
502ce7,BTI98T,1
502ce7,BTI7HB,2
502d3f,BTI7HB,1
502d58,BTI7HB,1
502ce8,BTI98T,2
502d96,BTI7HB,1
502d45,BTI98T,1
502d46,BTI98T,1
502cd0,BTI98T,1
502cd0,BTI7HB,1
471db7,WZZ2QZ,1
4cadbb,RYR7655,3
4d24ad,WZZ2QZ,2
4601f7,FIN4W,2
4601fa,FIN2XM,1
4601f3,FIN89W,1
4601f2,FIN89W,2
4601f5,FIN4W,3
4601fd,FIN2XM,1
4601fb,FIN2XM,2
4601f6,FIN89W,2
4601f7,FIN2XM,1
4601fd,FIN89W,1
4601f9,FIN4W,1
4601f7,FIN89W,1
461e1a,FIN2XM,1
4d241c,WZZ33VX,1
4d24b3,WZZ33VX,1
4d2532,WZZ33VX,1
471d60,WZZ33VX,1
51113c,NYX801,2
4ab5d0,SAS096,1
4ab5d0,SAS086,1
4ab566,SAS65A,1
3c5429,BCS5547,1
48e899,ENT2FN,1
3c542e,BCS5547,1
3c5431,BCS5547,1
3c5434,BCS5547,2
48adad,LOT5NG,1
48af0d,LOT407,1
48af0d,LOT5NG,1
48ac82,LOT407,3
48adab,LOT403,1
48ae80,LOT5NG,1
48af19,LOT407,1
48ad10,LOT5NG,1
48af05,LOT407,1
48ad86,LOT403,1
48ada2,LOT403,1
48ad02,LOT5NG,1
48af01,LOT407,1
48ada6,LOT403,1
48e95a,LOT5NG,1
48ac82,LOT403,1
48adad,LOT2EL,1
489788,LOT2EL,1
48ada4,LOT4MB,1
48adab,LOT349,1
48ada9,LOT4MB,1
48af03,LOT4MB,1
48af12,LOT389,1
48ada2,LOT7AE,1
48ada6,LOT7AE,1
48ad80,LOT389,1
48adac,LOT7AE,1
489786,LOT7AE,1
48ad0f,LOT389,2
48ad0c,LOT7AE,1
48ada4,LOT389,1
48ada8,LOT7AE,1
48ad10,LOT389,1
48ad0f,LOT7AE,1
48af12,LOT27M,1
48ae80,LOT2VD,1
48af0c,LOT3ML,1
44ce72,BEL4UJ,1
48ad82,LOT1KE,1
44ce76,BEL9PY,1
48af09,LOT2VD,1
48ada4,LOT1KE,1
48af10,LOT3ML,1
44ce62,BEL9PY,1
48ad80,LOT1KE,1
48af0f,LOT2VD,2
44ce66,BEL9PY,1
48e95e,LOT3ML,1
48ad82,LOT27M,1
44ce75,BEL4UJ,1
48e95a,LOT2VD,1
44ce66,BEL4UJ,1
48ae82,LOT27M,1
48ad81,LOT1KE,2
44ce61,BEL9PY,1
48af02,LOT3ML,1
48ada1,LOT1KE,1
48af0d,LOT27M,1
48af05,LOT3ML,1
48ada1,LOT2VD,1
48af09,LOT3ML,1
48ada4,LOT2VD,1
48ac81,LOT461,1
4d242d,WZZ167A,1
4cafd8,SAS752,1
4cacbd,SAS2752,1
48af06,LOT461,1
48adac,LOT4WM,1
4aca6f,SAS2762,2
48af03,LOT1EM,1
4d2536,WZZ167A,2
4cafd7,SAS2752,1
4cacbd,SAS752,3
48ad87,LOT4WM,1
48adae,LOT1EM,1
48ae82,LOT461,2
4d206c,WZZ167A,1
48ada9,LOT461,1
48ad0d,LOT1EM,1
4cabde,SAS2762,1
4cabde,SAS752,1
471dc0,WZZ167A,2
4aca78,SAS2762,1
4cafd6,SAS2752,1
4ca6d9,SAS752,1
48ad19,LOT4WM,1
48ad80,LOT1EM,1
4cabda,SAS2752,1
48ad86,LOT1EM,1
48e95c,LOT461,1
4d242b,WZZ167A,1
48af11,LOT4WM,1
4ca1cc,SAS752,1
4ca1cc,SAS2752,1
48ada8,LOT1EM,1
48ac81,LOT3843,1
48adae,LOT2KH,1
48ada1,LOT4AM,1
48adb9,LOT3859,1
48adb9,LOT8NE,1
48ad87,LOT3KU,1
48ac82,LOT3843,1
48adad,LOT8NE,1
48ad82,LOT4AM,2
48adb9,LOT3KU,1
48ada1,LOT2KH,1
48af0c,LOT3859,1
48ad87,LOT3843,1
48ad0e,LOT4AM,1
48ac81,LOT2KH,1
48adae,LOT3859,1
48ad03,LOT3KU,2
3c9570,QGA24W,2
48ae83,LOT8NE,1
48ada9,LOT3843,1
489788,LOT4AM,1
48ac82,LOT3859,1
48ad82,LOT8NE,1
48ad87,LOT2KH,2
48ae83,LOT3843,1
48ada4,LOT3859,1
48ad0f,LOT3KU,1
48ae03,LOT97,1
48ad03,LOT4AM,1
48ada9,LOT3859,1
48ad02,LOT8NE,1
48ad02,LOT3843,1
48ada3,LOT3KU,1
48af03,LOT2KH,1
48ad0f,LOT3859,1
48ad84,LOT3KU,1
48ad02,LOT4AM,1
48ad03,LOT8NE,1
48ad03,LOT3843,1
48af0f,LOT6AU,1
48e95e,LOT7YE,1
48adac,LOT7MN,2
48adac,LOT6AU,1
48ac81,LOT7MN,2
48e95a,LOT7YE,1
48ae83,LOT6AU,1
48ac82,LOT7MN,1
48e95e,LOT789,1
48af03,LOT6AU,1
48af02,LOT7MN,1
48af0b,LOT7YE,1
48af0d,LOT6AU,1
48adab,LOT789,1
4d22b3,RYR6065,2
440825,AUA662,1
440821,AUA668,2
44081d,AUA67C,1
494111,NJE481Q,1
44082a,AUA664,2
4d22bb,RYR6075,1
48ad82,LOT2MB,2
48ad0f,LOT225,1
44082c,AUA668,1
48adae,LOT225,1
44082a,AUA67C,1
04019a,ETH731,1
48ada9,LOT2MB,1
48adac,LOT225,1
488206,SPARG,1
440822,AUA67C,1
48adab,LOT2MB,1
489786,LOT6PZ,1
44082b,AUA662,1
440828,AUA664,1
48ada4,LOT225,1
44081d,AUA668,1
440820,AUA662,1
040142,ETH731,1
440821,AUA67C,1
48ada7,LOT6PZ,1
4d22b9,RYR6075,1
4d22c4,RYR6065,1
48ad83,LOT6PZ,1
040188,ETH731,1
4d22c2,RYR6075,1
4d22c2,RYR6065,1
44082a,AUA668,1
440825,AUA678,1
440822,AUA662,1
44082c,AUA67C,1
4caff6,RYR6065,1
300557,AUA668,1
48af06,LOT2MB,1
48ad80,LOT6MB,1
48ad81,LOT7VJ,1
484555,KLM1314,1
48ac82,LOT5PX,1
484cb4,KLM64F,1
484162,KLM1316,1
48af06,LOT2CM,1
484555,KLM1316,1
48ada0,LOT7VJ,1
48418b,KLM1314,1
484556,KLM64F,1
48ad87,LOT5PX,1
48ad87,LOT2CM,1
48ad0e,LOT6MB,2
484556,KLM1314,1
48ad0f,LOT2CM,2
48af09,LOT5PX,1
48ad83,LOT7VJ,1
489788,LOT6MB,1
484161,KLM1316,1
48415f,KLM64F,1
48ad03,LOT6MB,1
48ac81,LOT5PX,1
484ee4,KLM1316,1
484165,KLM64F,1
48af05,LOT7VJ,1
48455d,KLM1314,1
48ac82,LOT7VJ,1
48adb9,LOT2CM,1
48e95e,LOT5PX,1
48ad0d,LOT6MB,1
484ee5,KLM1314,1
4855d1,KLM9936,1
484131,KLM1316,1
48418d,KLM1316,1
484c54,KLM1318,1
484161,KLM1314,1
486491,KLM9936,1
48ad84,LOT7VJ,1
48af05,LOT5PX,1
48ada7,LOT6MB,1
484cb7,KLM64F,1
48ad82,LOT2CM,1
485a34,KLM1316,1
484966,KLM1314,1
48ad0d,LOT5PX,1
48ada1,LOT7VJ,1
485a32,KLM64F,1
4852f6,KLM1318,1
48ad80,LOT3947,1
48ad81,LOT9WK,1
48e958,LOT3AV,1
48adae,LOT4YA,1
48adb9,LOT3945,1
489788,LOT3AV,1
48adab,LOT4YA,1
48ad0e,LOT3947,1
48adac,LOT9WK,1
489788,LOT3945,1
48af19,LOT4YA,1
48ad81,LOT3947,2
48ad0c,LOT4YA,1
48ae85,LOT3AV,1
010264,MSC3022,1
48ad10,LOT3947,1
48af02,LOT9WK,1
489786,LOT3945,1
48adb9,LOT9WK,1
48adb9,LOT4YA,2
48ada8,LOT3947,1
48e95b,LOT3AV,1
48ad0f,LOT4YA,1
48e893,ENT6FZ,1
48ad80,LOT3965,1
48ada8,LOT3965,1
48ad80,LOT3HB,2
48ada0,LOT3923,2
48ac82,LOT2NU,1
48ad0d,LOT3911,1
48ad0d,LOT3919,1
471db4,WZZ410,1
471d5a,WZZ413,1
48adac,LOT3921,1
48ac82,LOT3911,2
48ae85,LOT3923,1
48adae,LOT2NU,1
48ada2,LOT3HB,1
48ada6,LOT3921,1
48af03,LOT3919,1
48ad03,LOT3911,1
48af01,LOT3921,1
48ada1,LOT2NU,1
48ad10,LOT3HB,1
48af02,LOT3919,1
48adad,LOT3911,1
48e95a,LOT3919,1
48ada1,LOT3921,1
48ae85,LOT3HB,1
48ada3,LOT2NU,1
48ada3,LOT3923,1
48e95e,LOT2NU,1
48ad87,LOT3921,1
48ada5,LOT3HB,1
48ad86,LOT3919,1
48ad0f,LOT3911,1
48ad83,LOT3921,1
48af00,LOT3919,1
48ad10,LOT2NU,1
48adab,LOT3923,1
48af05,LOT3919,1
48ad0e,LOT3923,1
48ad0e,LOT2NU,1
489786,LOT3HB,1
48ad03,LOT3921,1
48ac81,LOT3911,1
48ada9,LOT6AL,1
489788,LOT5JF,1
4d2423,WZZ902,1
4d2067,WZZ39,1
48ad87,LOT5CH,1
48ad87,LOT5HZ,1
471dba,WZZ39,1
48ad0f,LOT5JF,1
48ad83,LOT6AL,1
48ad03,LOT5CH,2
48ad10,LOT5HZ,1
48ad02,LOT5HZ,1
48ada0,LOT6AL,1
471dbf,WZZ39,1
4d200f,WZZ902,1
489789,LOT5JF,2
48ad03,LOT5HZ,1
471f3d,WZZ811,1
48e958,LOT5CH,1
471d65,WZZ39,2
4d24ab,WZZ902,1
489789,LOT5CH,1
48ada4,LOT6AL,1
48ada4,LOT5JF,1
48ad19,LOT5HZ,1
4d200f,WZZ39,1
4d24b1,WZZ902,1
471dc0,WZZ39,1
48ada5,LOT5HZ,1
48ad02,LOT5CH,1
48ad02,LOT5JF,1
48ad84,LOT5HZ,1
7816a1,CSC9830,1
48ad03,LOT5JF,1
48ada3,LOT6AL,1
48ada9,LOT7FE,2
4d208f,WMT961,1
48ada4,LOT3LF,1
48adab,LOT3LF,1
48ac81,LOT7FE,1
48ad10,LOT3LF,1
48ada7,LOT7FE,1
48af0b,LOT3LF,1
48ac82,LOT7FE,1
4d2433,WMT961,1
48ac81,LOT3LF,1
48adac,LOT7FE,1
4d2421,WMT961,1
48ada3,LOT3LF,1
4cab80,NOS790,1
48af01,LOT7FE,1
48adb9,LOT3LF,1
4d2100,WMT961,1
489788,LOT2MD,2
48ad86,LOT521,1
48ad02,LOT52P,2
48ad0e,LOT529,2
48ad0f,LOT521,1
489789,LOT2MD,1
48adb9,LOT3FG,2
48ada4,LOT52P,1
49d3d4,TVS177F,1
48ac81,LOT529,1
45ce4d,UPS273,2
48ad0e,LOT2MD,1
48ad03,LOT3FG,1
48adb9,LOT521,1
49d41e,TVS101P,1
48ad81,LOT52P,2
4ca8fc,NOS46HP,1
48ae82,LOT529,1
48ad87,LOT521,1
48ada3,LOT52P,1
48ad10,LOT521,1
48ad10,LOT3FG,1
48ad0c,LOT2MD,1
48ad87,LOT2MD,1
49d63b,TVS37J,1
48adad,LOT3FG,1
48ad0d,LOT529,1
48ad0d,LOT521,1
48ad82,LOT521,1
48ad86,LOT3FG,1
48ad80,LOT52P,1
489788,LOT4NJ,1
48ad10,LOT9MA,2
48ad02,LOT3935,1
48ad02,LOT9MA,1
48adb9,LOT3935,1
48adab,LOT4NJ,1
48ad19,LOT9MA,1
48ad82,LOT3935,1
48ad03,LOT3935,1
48ad0c,LOT4NJ,1
48ae82,LOT49H,1
48e959,LOT49H,1
48ae82,LOT171,1
471f38,WZZ4388,1
4d206c,WZZ4388,1
48af11,LOT171,1
4d2067,WZZ4388,1
471db4,WZZ4388,1
471fa0,WZZ4388,1
48e958,LOT171,1
4d204a,WZZ4388,1
48e959,LOT171,1
48af03,LOT171,1
48e95c,LOT5KT,1
4d2433,WZZ42AY,1
4d204a,WZZ902F,1
48af09,LOT3TJ,1
471f75,WMT2574,2
48af12,LOT3TJ,2
48af05,LOT5KT,1
471dbf,WZZ42AY,1
471f6a,WZZ902F,1
4d242d,WZZ42AY,2
48af03,LOT5KT,2
471f71,WMT2574,1
48af06,LOT5KT,1
471fa1,WZZ42AY,1
4d24ab,WZZ902F,1
4d204a,WZZ42AY,1
4d242d,WZZ902F,1
48af0d,LOT5KT,1
4d200e,WZZ42AY,1
48af0c,LOT3TJ,1
48e95f,LOT5KT,1
4d242d,WZZ93HQ,1
4d2067,WZZ93HQ,1
4d2536,WZZ93HQ,1
4d242d,WZZ2TH,1
48ada0,LOT7NA,1
392aed,AFR63TL,1
39e682,AFR81EJ,2
48af02,LOT335,1
48af01,LOT3LC,2
39a205,TAY2IX,1
39e697,AFR85BP,1
39bdb7,AFR81EJ,1
39e681,AFR85BP,1
39bdaf,AFR63TL,1
48af10,LOT3LC,1
4d2536,WZZ2TH,2
48e959,LOT335,1
39856a,AFR85BP,1
39bda4,AFR81EJ,1
4d206c,WZZ2TH,1
48af06,LOT335,1
48af06,LOT3LC,2
39bda0,AFR81EJ,1
48ada5,LOT7NA,1
39bda6,AFR63TL,1
39856d,AFR85BP,1
471dc0,WZZ2TH,1
48af10,LOT335,1
39e683,AFR85BP,1
39e697,AFR63TL,1
39e680,AFR81EJ,1
48ae85,LOT335,1
48ada6,LOT7NA,1
39bb20,AFR81EJ,1
398564,AFR85BP,1
4d242b,WZZ2TH,1
48adad,LOT335,1
48af12,LOT3LC,1
39e687,AFR63TL,1
48adab,LOT7NA,1
48af05,LOT3LC,1
398564,AFR63TL,1
4d245f,WZZ2TH,1
39e687,AFR85BP,1
48af0f,LOT335,1
48ad81,LOT3JK,2
48ad03,LOT397,1
48ad83,LOT4NC,1
48ad80,LOT397,1
48ad0e,LOT4NC,2
48ac81,LOT4NC,1
48ad83,LOT3JK,1
48ad81,LOT397,1
489786,LOT397,1
48ad81,LOT4NC,1
48ada3,LOT3JK,1
48ada2,LOT3JK,1
3cc24b,AWH10M,1
48ad0c,LOT397,1
48ad84,LOT3JK,1
48ad19,LOT4NC,1
4ca244,RYR47DM,1
4d206c,WZZ31GE,2
4d2433,WZZ31GE,1
471f32,WZZ31GE,1
4cadf9,RYR47DM,1
471dbe,WZZ31GE,1
4cae62,RYR47DM,1
4d2536,WZZ31GE,1
4ca245,RYR47DM,1
471fa1,WZZ31GE,1
469e45,SEH4MP,2
48af0e,LOT5YM,1
46a5e2,SEH4MP,1
4691c7,AEE873,1
46b8a6,AEE7WE,1
48e95e,LOT5YM,1
468e45,SEH4MP,1
4691c3,AEE873,1
48af10,LOT2VN,1
4d2536,WZZ81BS,3
48af0e,LOT439,1
4caecc,RYR69QX,1
4d204a,WZZ81BS,1
4cad54,RYR69QX,1
4d20bd,WZZ81BS,1
48ada1,LOT439,1
4d2302,RYR69QX,2
4d242d,WZZ81BS,1
48af0b,LOT439,1
4cae6a,RYR69QX,1
48af0c,LOT439,1
48e95c,LOT439,1
48c2b9,RYR69QX,1
4d206c,WZZ81BS,1
48ad03,LOT3EZ,1
48ada1,LOT3839,1
48adab,LOT3837,1
48ad82,LOT81L,1
48ad0f,LOT3825,1
48ada3,LOT81L,1
48ad87,LOT3837,1
48adab,LOT81L,1
48af10,LOT3CH,1
48ada3,LOT3837,1
48ada6,LOT3EZ,1
48ada2,LOT3839,1
48ad0c,LOT81L,1
489789,LOT3837,1
48ad0e,LOT3EZ,1
48ad10,LOT3825,1
48ada2,LOT3837,1
491311,NJE094G,1
48ada5,LOT3839,1
48ad0d,LOT81L,1
48ad86,LOT3EZ,1
a53013,UPS273,1
4520d2,CGF7873,1
a3ca43,UPS273,1
a39b56,UPS273,1
a49375,UPS273,1
3c6750,DLH3LX,1
48e95b,LOT35E,1
3c644b,DLH8WE,2
48ada6,LOT355,1
48ad84,LOT3AN,1
3c644d,DLH6RK,1
48ada0,LOT3AN,1
48ad10,LOT355,1
3c6598,DLH8WE,1
3c6594,DLH3LX,1
48af0f,LOT35E,1
3c6598,DLH6RK,1
48ada0,LOT35E,1
48ada1,LOT3AN,2
489786,LOT355,1
3c6590,DLH8WE,2
3c66a2,DLH3LX,1
3c6451,DLH6RK,2
48ad0c,LOT355,1
48ada4,LOT35E,1
3c644d,DLH8WE,1
3c66ac,DLH3LX,1
48af11,LOT3AN,1
48adab,LOT3AN,1
48ad0f,LOT355,1
48ad0d,LOT35E,1
3c66ab,DLH3LX,1
48ad0c,LOT35E,1
48ada4,LOT355,1
3c644c,DLH8WE,1
3c6597,DLH6RK,1
48ada8,LOT3AN,1
3c6590,DLH3LX,1
3c644b,DLH3LX,1
4d2433,WZZ25EX,1
4d207d,RYR7ZY,1
471dbe,WZZ25EX,1
4d221e,RYR7ZY,1
471db4,WZZ25EX,1
3c6668,DLH6AE,1
48af01,LOT3MA,1
48adae,LOT6ED,1
3c674d,DLH3PJ,1
3c6743,DLH7VT,1
48e95a,LOT3RM,1
48ae80,LOT6ED,1
3c6754,DLH7VT,2
48af06,LOT3RM,1
3c6753,DLH6AE,1
3c658e,DLH1RK,1
48ada9,LOT3MA,1
48ac82,LOT6ED,1
48ada7,LOT3MA,2
3c6747,DLH6AE,1
3c6445,DLH1RK,1
48af02,LOT3RM,1
3c674f,DLH7VT,1
48adad,LOT6ED,1
3c6752,DLH7VT,1
3c66a1,DLH6AE,1
3c6441,DLH1RK,1
3c6753,DLH3PJ,1
48ae83,LOT6ED,1
489786,LOT3MA,1
3c6449,DLH6AE,1
3c66ae,DLH7VT,1
48adad,LOT3RM,1
3c6442,DLH1RK,1
3c64b0,DLH3PJ,1
3c6637,DLH6AE,1
48ada5,LOT3MA,1
3c6749,DLH1RK,1
48ad10,LOT3RM,1
3c66e1,DLH7VT,1
48af10,LOT6ED,1
3c6742,DLH6AE,1
3c6449,DLH3PJ,1
48ad0c,LOT6ED,1
48ad0c,LOT3RM,1
48ad0d,LOT3881,1
48af0b,LOT3887,1
48ad0f,LOT87M,1
48ad0f,LOT3KL,1
48af08,LOT9003,1
48ad86,LOT3885,1
48ad81,LOT3KL,1
48adad,LOT3881,1
48ada1,LOT3887,1
48ada6,LOT3KL,1
48adad,LOT3KL,1
489786,LOT3885,1
48ada2,LOT87M,1
489789,LOT3881,1
48ad0e,LOT3KL,1
48ad80,LOT87M,1
48ad87,LOT3KL,1
01024f,MSC3022,1
48ada8,LOT87M,1
48ad0f,LOT3885,1
48ada5,LOT3887,1
489786,LOT9001,1
48ad0c,LOT3KL,1
48af0b,LOT7RM,1
48ada6,LOT7LK,1
48ada4,LOT3HM,1
48ada7,LOT7LK,1
48ada6,LOT7RM,1
508404,SEU8623,1
48adb9,LOT7LK,1
48ada7,LOT7RM,1
48af02,LOT7LK,1
48adae,LOT7RM,1
48ada3,LOT3HM,1
48ada1,LOT7RM,1
48ada1,LOT7LK,1
3cc253,AWH67F,1
48ad82,LOT7LK,1
48ada5,LOT7RM,1
48ad86,LOT7RM,1
48ada3,LOT7LK,1
48e958,LOT4VN,1
471fa0,WZZ13YU,1
4d20bd,WZZ13YU,1
48ae82,LOT4VN,1
4d204a,WZZ13YU,1
48af01,LOT4VN,1
48e95b,LOT4VN,1
471dbe,WZZ13YU,1
4d24ab,WZZ13YU,1
48e959,LOT4VN,1
48af06,LOT4VN,1
4d245f,WZZ13YU,1
4d2536,WZZ13YU,1
48e95e,LOT4VN,1
4d204a,WZZ1304,2
4cae49,RYR35RN,1
471fa1,WZZ1304,2
4cad11,RYR35RN,1
471f3d,WZZ1304,1
4caf35,RYR35RN,1
4cae51,RYR35RN,1
4d242d,WZZ1304,1
4caf27,RYR6108,1
4d206c,WZZ1304,1
4d2271,RYR35RN,1
489789,LOT3803,1
48adb9,LOT1MH,1
48ad87,LOT2LK,1
48e95b,LOT3803,1
48ada2,LOT1MH,1
48ad03,LOT2LK,1
48ad80,LOT7KG,1
48ac82,LOT1MH,1
48ac81,LOT1MH,1
489788,LOT2LK,1
48ada2,LOT7KG,1
48af05,LOT3803,1
489789,LOT2LK,1
48ad83,LOT7KG,2
48ada8,LOT3803,1
48ad80,LOT1MH,1
48ada8,LOT1MH,1
48ae85,LOT2LK,1
489789,LOT2VR,1
48adb9,LOT6TA,1
48adab,LOT2VR,1
48ad87,LOT2VR,1
48ad0e,LOT2VR,1
48adab,LOT6TA,1
489789,LOT37Y,1
48ad83,LOT7HE,3
48ad82,LOT7ME,1
48e95a,LOT773,1
48af08,LOT5EF,1
48ad0f,LOT7ME,1
48ad82,LOT7HE,1
48af0e,LOT773,1
48ada9,LOT5EF,1
48ad0d,LOT37Y,1
48ad02,LOT37Y,1
48ad0e,LOT797,1
48af0f,LOT5EF,1
48ada0,LOT7ME,1
48ada4,LOT7ME,2
48ae85,LOT5EF,1
48ad10,LOT37Y,1
48ada6,LOT773,1
48ad87,LOT37Y,1
48ada7,LOT5EF,2
48e95c,LOT7ME,1
48e95f,LOT773,1
48ad80,LOT7HE,2
48ad87,LOT7ME,1
48e95c,LOT773,1
48af0d,LOT37Y,1
48e95a,LOT5EF,1
471dc0,WZZ6SJ,1
49d3d4,TVP7306,1
4d2536,WZZ6SJ,1
4d2067,WZZ6SJ,1
49d41e,TVP7306,1
4d24d6,WZZ6SJ,1
48e9b9,ENT5RU,1
4bb28e,THY5BF,1
48ada3,LOT3MT,1
48ada3,LOT135,1
4bb287,THY5NK,1
48ad83,LOT3MT,1
48ada4,LOT135,1
4bb219,THY5NK,1
4bb219,THY5BF,1
48ad80,LOT4JD,1
48adae,LOT135,1
4bb202,THY5BF,1
4baa8a,THY5NK,1
4baa75,THY6RZ,1
48ad81,LOT3MT,1
4bb275,THY5BF,1
48ad86,LOT3MT,1
48ad86,LOT135,1
48ada2,LOT4JD,1
4baa73,THY5NK,1
4baa55,THY5BF,1
48ad81,LOT4JD,1
48ada5,LOT135,1
4baa8a,THY5BF,1
4baa8c,THY5NK,1
48e95b,LOT4CE,1
48adab,LOT4AY,1
48e95c,LOT4CE,2
48ada2,LOT6AD,1
48e95e,LOT4AY,1
48e959,LOT4CE,1
48adab,LOT6AD,1
48ac82,LOT4AY,1
48ada9,LOT4AY,1
48ada0,LOT6AD,1
48adb9,LOT4CE,1
48ada7,LOT6AD,1
48af05,LOT4AY,1
49d563,TVS430P,1
48e95b,LOT4AY,1
48af0e,LOT4CE,1
48af0e,LOT4AY,1
48ad10,LOT3LX,1
48adb9,LOT3LX,1
48ad02,LOT3LX,1
489789,LOT3LX,1
48ada3,LOT3LX,1
489788,LOT3LX,1
48ad10,LOT7PV,1
48ada9,LOT517,1
48ad86,LOT7PV,1
48ada4,LOT517,1
48ad10,LOT517,1
4d22b8,RYR80CM,1
4cadbc,RYR80CM,2
4d223b,RYR80CM,1
471db4,WZZ9254,2
4d206c,WZZ9254,1
471fa1,WZZ9254,1
471f6a,WZZ9254,1
461e16,FIN8ZR,2
461e16,FIN59P,2
461e1e,FIN8BX,1
461f36,FIN8ZR,1
461f67,FIN59P,1
461e1a,FIN8BX,2
461e15,FIN8BX,1
461e18,FIN8ZR,1
461e1f,FIN8ZR,1
461e1f,FIN8BX,1
461e1e,FIN59P,1
461e15,FIN8ZR,2
461f6c,FIN59P,1
461e1b,FIN8BX,1
461e17,FIN59P,1
461e17,FIN8BX,1
461e21,FIN59P,1
471f6a,WZZ8399,1
4d206c,WZZ8399,1
48af0e,LOT673,1
48e959,LOT671,1
471fa1,WZZ8399,1
4d242d,WZZ8399,1
4d242b,WZZ8399,1
48af0d,LOT671,1
4d24ab,WZZ8399,1
4d204a,WZZ8399,1
48af06,LOT673,1
48ad0e,LOT3ED,1
48ad81,LOT3ED,1
48ada6,LOT373,1
48ac81,LOT3ED,1
48ad03,LOT373,1
48ada0,LOT373,1
48adb9,LOT3ED,1
48e959,LOT341,1
493281,NJE098G,1
48af0c,LOT34P,1
48ada2,LOT34P,1
471f32,WZZ8MB,1
4d2067,WZZ8MB,2
4d206c,WZZ8MB,1
4d20bd,WZZ91SR,2
4d20bd,WZZ5QV,3
48e95a,LOT437,1
4d2534,WZZ91SR,1
48e95b,LOT437,2
4d242d,WZZ5QV,1
48adad,LOT437,1
471db4,WZZ91SR,1
471db4,WZZ5QV,1
48af03,LOT437,1
48af01,LOT437,1
471f32,WZZ91SR,1
471f41,WZZ91SR,1
471f41,WZZ5QV,1
4d2536,WZZ5QV,1
48af09,LOT437,1
4d2067,WZZ91SR,1
48ada7,LOT607,1
48ada9,LOT605,1
48adab,LOT607,1
48ad0d,LOT605,1
48ada7,LOT2WA,1
489789,LOT2WA,1
48ada3,LOT2WP,1
48ad0d,LOT2WP,1
48ada0,LOT2WP,1
48ac82,LOT2WP,1
48ada6,LOT6HU,1
48af10,LOT7HL,1
48ad87,LOT643,1
48ada7,LOT6HU,1
48adad,LOT7HL,1
48ad86,LOT639,1
48ae80,LOT7HL,1
48e95b,LOT639,1
48e95b,LOT6HU,1
48ada9,LOT643,1
48ad82,LOT639,2
48ada2,LOT6HU,1
3cfc6a,DCWWW,3
48af11,LOT7HL,1
48ada2,LOT643,1
48adad,LOT639,1
48adad,LOT6HU,1
48af19,LOT7HL,1
48adae,LOT6HU,1
48af0f,LOT639,1
48af0e,LOT7HL,1
48e959,LOT643,1
48ada6,LOT7HL,1
48adac,LOT6HU,1
48ad84,LOT6MD,1
48ad86,LOT6MD,1
48ada9,LOT4AT,1
48ad83,LOT6MD,1
48ad0e,LOT4AT,1
48ad0f,LOT4AT,1
48ad0e,LOT6MD,1
4d24d6,WZZ51TD,1
471dbf,WZZ808H,2
471fa0,WZZ51TD,2
4d242d,WZZ808H,1
4d2536,WZZ51TD,1
471fa1,WZZ808H,1
471fa1,WZZ51TD,1
471dc0,WZZ808H,1
4d242b,WZZ808H,1
471db4,WZZ51TD,1
471f41,WZZ808H,1
471dbf,WZZ48,2
4d242d,WZZ48,1
4d24ab,WZZ48,1
471dc0,WZZ48,1
4d200e,WZZ48,1
471f41,WZZ48,1
471dbf,WZZ12CK,1
4d2433,WZZ12CK,1
4d2534,WZZ12CK,1
4d2067,WZZ12CK,1
471fa1,WZZ12CK,1
4d22c2,RYR22YX,1
4ca2ab,RYR2YY,1
48c2b8,RYR2YY,3
4d2225,RYR2YY,1
4d2225,RYR3878,1
4d2346,RYR3878,1
4d23fc,RYR6LQ,1
4cae90,RYR83QP,1
4cae4c,RYR83QP,1
4d2346,RYR6LQ,1
4cad2b,RYR83QP,1
4ca259,RYR83QP,2
4cae4c,RYR9364,1
4d23fc,RYR9364,2
4d2346,RYR9364,1
48c2b8,RYR5SB,1
4ca646,RYR5SB,1
4d2302,RYR9364,1
4ca700,RYR9364,1
4cae4c,RYR41WY,1
4ca700,RYR41WY,1
4d2348,RYR41WY,1
48c2b8,RYR97TB,3
4d220c,RYR97TB,1
4d207d,RYR97TB,1
4d2502,RYR97TB,1
4d250e,LWG20N,1
3ca4ae,DCS402,2
4d2464,VJT440,2
aadd36,N8AL,1
a105b0,N165QS,1
3451d6,SWT2CW,3
341699,SWT2CW,1
48c132,RYR4RZ,1
4d2290,RYR16EV,1
4cae97,RYR9832,1
4cae66,RYR4RZ,1
48c12f,RYR16EV,1
48c22d,RYR16EV,1
4cadfc,RYR4RZ,1
48ac81,LOT4VG,1
48af09,LOT85A,1
48ada1,LOT3LN,1
48adb9,LOT3860,1
48adb9,LOT5KW,1
48ad87,LOT3852,1
48ac82,LOT4VG,1
48adad,LOT5KW,1
48adae,LOT85A,1
48ad82,LOT3LN,2
48adb9,LOT3852,1
48af0c,LOT3860,1
48ad87,LOT4VG,1
48ad0e,LOT3LN,1
48adae,LOT3860,1
48ad03,LOT3852,2
48ada1,LOT85A,1
48ae83,LOT5KW,1
48ac81,LOT85A,1
48ada9,LOT4VG,1
489788,LOT3LN,1
48ac82,LOT3860,1
48ad82,LOT5KW,1
48ae83,LOT4VG,1
48ada4,LOT3860,1
48ad0f,LOT3852,1
48ad87,LOT85A,2
48ad03,LOT3LN,1
48ada9,LOT3860,1
48ad02,LOT5KW,1
48ad02,LOT4VG,1
48ada3,LOT3852,1
48ad0f,LOT3860,1
48ad84,LOT3852,1
48ad02,LOT3LN,1
48ad03,LOT5KW,1
48ad03,LOT4VG,1
4d224c,RYR36WW,1
4ca763,RYR94RY,1
4ca764,RYR36WW,2
4cae68,RYR94RY,1
4ca8e7,RYR36WW,1
48c22d,RYR94RY,1
471f72,WZZ406,1
4ca301,RYR64WB,1
4ca8e7,RYR64WB,1
4d2279,RYR64WB,1
4ca97b,RYR94VV,1
4cae66,RYR94VV,1
4d226f,RYR94VV,1
4d24ca,RYR94VV,1
4cae68,RYR2EQ,1
4ca8e7,RYR2EQ,1
4caf24,SAS764,1
4cafd8,SAS764,2
4cabdb,SAS764,2
4cabda,SAS764,1
4d234c,RYR5PE,1
48c12f,RYR5PE,1
4d234c,RYR10AN,1
48c2b9,RYR10AN,1
4d234b,RYR10AN,1
4caeca,RYR10AN,1
4ca8d7,RYR10AN,1
4d234c,RYR4186,2
471fae,WZZ34XF,1
48c2b9,RYR4186,1
4d20b1,WZZ34XF,1
4ca8d7,RYR9KY,1
4ca8d7,RYR4186,1
48c22f,RYR9775,1
48c22d,RYR9775,1
48c232,RYR30YR,1
4d234c,RYR2CA,1
4ca8d7,RYR30YR,1
4cae68,RYR30YR,1
48c132,RYR476G,1
4ca8d7,RYR476G,1
3003ad,DLA1EM,2
3003af,DLA8RL,1
300554,DLA9MA,1
3009b8,DLA8RL,1
3009b7,DLA8RL,1
300564,DLA1EM,1
3009b2,DLA8RL,1
3009b8,DLA1EM,1
3006b5,DLA1EM,1
3009b8,DLA9MA,1
300554,DLA8RL,1
3007f2,DLA1EM,1
3007f2,DLA8RL,1
300780,DLA9MA,1
3009b4,DLA8RL,1
300564,DLA9MA,1
3009b2,DLA1EM,1
4d21f2,RYR1NW,1
4d234c,RYR1NW,1
4cae68,RYR1NW,1
4d20b1,WZZ38C,1
4d20b1,WZZ8864,1
471fae,WZZ8864,1
48c1a2,RYR951,1
4d24b1,WZZ8864,1
4d2238,RYR7106,1
4ca737,RYR7106,1
48c2ad,RYR71WR,1
4ca9d1,RYR71WR,1
4ca303,RYR5DC,1
3c4dd2,DLH3EK,1
3c4dd0,DLH7EP,2
3c4dd0,DLH6MK,2
3c4dc8,DLH6MK,1
3c4dc8,DLH3EK,1
3c4dce,DLH7EP,1
3c4dce,DLH6MK,1
3c4dcd,DLH3EK,1
3c4dc1,DLH7EP,1
3c4dc1,DLH6MK,1
3c4dc2,DLH6MK,1
3c4dcd,DLH7EP,1
3c4dd2,DLH6MK,1
3c4dce,DLH3EK,1
471fae,WZZ3,2
4d20b1,WZZ3,2
4d225a,RYR71FF,1
4ca764,RYR71FF,1
3ea427,GNY4531,1
3532c8,AME3108,2
34629a,IBB86BH,1
346391,IBB86BH,1
347646,IBB86BH,1
348383,IBB86BH,1
34768f,VLG2GT,1
348208,VLG2GT,1
34258f,VLG2GT,1
348209,VLG3977,1
3451d4,VLG3977,1
348207,VLG2GT,2
353601,AZOR04A,1
359645,MRL76,1
35964b,MRL74,1
359644,MRL78,1
359647,MRL75,1
35964a,MRL77,1
471f67,WMT659,1
471f62,WMT659,1
4d208f,WMT6499,1
4d241f,WMT6499,1
4d252a,WMT6499,1
4d204b,WMT6499,1
44d9a6,OOVMF,3
4400d0,TYW433,1
48af12,LOT238,1
48af0f,LOT2LP,1
44ce66,BEL9AN,2
44ce66,BEL5XD,1
48e95e,LOT4HE,1
48ada4,LOT4MH,1
48ad82,LOT238,1
48e95a,LOT2LP,1
48ad80,LOT4MH,1
48ae82,LOT238,1
44ce61,BEL5XD,1
48af02,LOT4HE,1
44cdc8,BEL2ZR,1
44ce62,BEL2NM,1
49d5a6,TVS6SH,1
44ce6f,BEL2ZR,1
44cdd0,BEL6NX,1
44ce6c,BEL2ZR,1
49d5ee,TVS6SH,1
44cdc5,BEL6NX,1
4b3902,SWW264,1
3e1b1e,DIBLU,3
4d0293,LRQ076F,1
44ce78,BEL7GZ,1
44cdcf,BEL3TX,1
44ce6c,BEL3TX,1
44ce72,BEL7GZ,1
39984f,FYL42CP,1
3d4f7b,DFCIT,3
44ce72,BEL29D,1
44cdd1,BEL29D,1
44ce75,BEL8WD,1
34310d,BCS1730,1
44cdc6,BEL29D,1
44d068,BEL8WD,1
3c4dc6,DLH5RM,1
3c4dc4,DLH4LA,1
3c4dcb,DLH4LA,2
3c4dd7,DLH5RM,1
3c4dc9,DLH4LA,1
3c4dd4,DLH5RM,1
3c4dc6,DLH4LA,1
3c4dc9,DLH5RM,1
3c4dd5,DLH5RM,1
3c4dd7,DLH4LA,1
3c4dd4,DLH4LA,1
4bb86e,PGT461,1
4bb20a,THY6LW,1
4bab47,THY6LW,1
4bb28e,THY86D,1
4baa65,THY6LW,1
4baada,THY86D,1
4bb856,PGT461,1
4baa4d,THY6LW,1
4baa76,THY6LW,1
4bb202,THY86D,1
4baa7a,THY6LW,1
4bb87a,PGT461,1
4bb20d,THY86D,1
452051,BCS87W,1
440bcc,BCS87W,1
44ce6f,BEL4LB,1
44ce76,BEL4LB,1
489789,LOT5RJ,1
48adb9,LOT6VT,1
48adab,LOT5RJ,1
48ad87,LOT5RJ,1
48ad0e,LOT5RJ,1
48adab,LOT6VT,1
300558,DLA9XY,1
300558,DLA8VR,1
3c4dc2,DLH5EJ,2
30055b,DLA8VR,1
3c6594,DLH5EJ,1
300781,DLA9XY,1
300738,DLA8VR,1
3c4dc8,DLH5EJ,1
4853f4,KLM66B,3
484c51,KLM66B,1
484b32,KLM66B,1
4852f4,KLM66B,1
48548d,KLM66B,1
48c5e6,SAR1921,3
440bc0,BCS4853,1
440bc9,BCS4853,1
48c5e8,SAR1921,2
440bcd,BCS4853,1
39856c,AFR74YU,1
392af4,AFR363V,1
398579,AFR74YU,1
398568,AFR74YU,1
398604,AFR74YU,1
398570,AFR74YU,1
4ab5d0,SAS2184,2
4ab56b,SAS184,2
4ac9f5,SAS2182,1
4caf16,SAS176,2
4caf16,SAS59D,2
4ab561,SAS2184,1
4ca660,SAS2182,1
4ca660,SAS59D,1
4cac9f,SAS176,2
4ab56f,SAS2184,1
4caf94,SAS2182,1
4caf94,SAS59D,1
4ab566,SAS2184,1
4ab561,SAS184,1
4ab568,SAS2182,2
4ab56b,SAS2184,1
4ab564,SAS184,1
4cac9f,SAS2182,1
4cac9f,SAS59D,1
4cacb0,SAS176,1
4cafd8,SAS2182,1
3c5424,BCS3907,1
3c5428,BCS3907,2
3cc24b,AWH73B,1
3c542b,BCS3907,1
48c224,RYR9885,1
4ca6a9,RYR9885,1
4cae63,RYR8WD,1
4cae5a,RYR8WD,1
4cac87,RYR99XC,1
4d2386,RYR99XC,1
4ca25a,RYR99XC,1
4ca4f5,RYR7XC,1
4cadff,RYR7XC,1
4aca8b,NSZ3PQ,1
4ab821,NSZ3944,1
45ba07,NFA188P,2
45ba07,NFA188,2
45a9a8,OYJMH,1
a28e10,N264CE,1
3b7b64,BENGA9B,2
440d0a,LDX280,2
399a69,FHGTJ,2
399a63,FHGTD,2
458ed7,OYCVW,2
a95c19,N702BD,2
4ac98a,BCS7AG,1
395d69,BGA172J,1
4ca9d4,RYR48EE,1
48c1a9,RYR48EE,1
4caf27,RYR9983,1
4cade2,RYR8553,1
4cae54,RYR8553,1
48c2b9,RYR93SW,1
4d234c,RYR93SW,2
48c22d,RYR93SW,1
48c2b3,RYR93SW,1
449683,JAF36A,4
4cae49,RYR29YB,1
48c130,RYR29YB,1
4d20bc,WMT857M,1
4d201d,WMT857M,1
471efb,WMT857M,1
4d2346,RYR6RN,1
4cae49,RYR6RN,1
4aca46,NSZ5422,1
4d2382,RYR96QG,1
4cac84,RYR96QG,1
4aca8a,NSZ2911,1
461f64,FIN24Q,1
4aca8a,NSZ2909,1
4aca4f,NSZ5422,1
4aca89,NSZ2909,1
4caf35,RYR96QG,1
4d2368,RYR22WM,2
4caa61,RYR22WM,1
48c2a6,RYR22WM,1
4cade2,RYR11RQ,1
48c130,RYR11RQ,1
4ca569,RYR11RQ,1
4cad11,RYR11RQ,1
4aca46,NSZ5380,2
4cadf2,RYR13CX,1
4caf35,RYR13CX,1
4d2212,RYR13CX,1
344445,EVE113P,2
3c654a,LHX1849,1
3c6551,LHX1849,1
3c6523,LHX1849,1
3c6759,DLH1849,1
4d207c,RYR41CE,1
48c2ad,RYR41CE,1
4cade5,RYR41CE,2
4cae49,RYR4QG,1
4d2212,RYR4QG,1
4cae49,RYR26QP,1
4cadf2,RYR26QP,1
4ca24f,RYR2HW,1
4cae51,RYR2HW,1
344445,EVE111P,2
3c5835,IFA6098,1
4855d0,KLM25U,1
485876,KLM25U,1
48548c,KLM25U,1
3c5db0,GER8265,1
3cea42,QAJ3,2
502d59,BTI38C,1
502d95,BTI38C,1
440d6f,EJU12NK,1
4867c4,KLM9891,1
48663e,TRA46E,1
440cbe,EJU48RK,1
4868e2,TRA4Z,1
485779,KLM23L,1
485871,KLM23L,1
440072,EJU92NR,1
4866fe,PHEAQ,1
486648,CND7RG,1
48664a,CND097P,1
485873,KLM9960,1
485123,TRA15V,1
4867b0,TRA15V,1
440c35,EJU7803,1
44056b,EJU7803,1
440d6f,EJU79DA,2
4867ec,TRA15U,1
484b2a,TRA15U,1
491d9a,NJE730E,1
3c08bd,LUA306Y,1
48630e,AGR1319,1
aba856,N850LD,5
a5a9bd,N464PA,4
49410a,NJE981M,1
4d02c6,JFA24B,1
4bcdf0,SXS19Y,1
4bceb5,SXS81J,1
4bcdac,SXS81J,1
4bce0b,SXS81J,1
4bccb5,SXS19Y,1
4b9067,PGT34L,1
4bce45,SXS5WU,1
4bb85a,PGT4VK,1
4bb86f,PGT4VK,1
4bcdec,SXS3AA,1
4bd159,CAI41XW,1
4b906c,PGT1500,1
4bcdf9,SXS3AA,1
4bb565,CAI3ZC,1
48af0e,LOT6342,1
4bcda1,SXS46K,1
4bcda6,SXS46K,1
4bb859,PGT5165,1
4bb84f,PGT5165,1
4bb87a,PGT511M,1
4bcdae,SXS25P,1
4bcdd5,SXS25P,1
4bb853,PGT511M,1
4bcded,SXS25P,1
4bd155,CAI1A,1
4bb86f,PGT511M,1
4b9067,PGT31GK,1
4bcd81,SXS43H,1
4bb84a,PGT31GK,1
4bcdae,SXS51D,1
4bcdb6,SXS51D,1
4bcdb3,SXS51D,1
486648,CND4YL,1
45cab5,CND68PK,1
502ce3,BTI7702,1
449683,JAF3HJ,4
44b436,OOMAV,2
4d2320,SWU1964,1
4d2029,SWU1964,2
48e899,ENT6DH,1
48e899,ENT4SF,1
4ac9e3,SAS7023,1
4d23a7,FJO53F,4
a9566b,N700VB,5
aa5828,N766DL,2
3e3d48,DIOKE,2
3d6f93,EIS73,1
3d4d3f,EIS36,1
3e2280,DIEGM,2
3d90b7,DGBBB,1
3d6298,DFJOY,1
3e1cc5,DICCB,2
4868a1,PHBLU,2
a0cdf1,N151AL,2
44c069,PGC26X,1
4d222e,RYR68DK,1
34714d,VOE9225,1
4d2244,RYR68DK,1
471d5a,WZZ291,1
4d20bf,WZZ291,1
471f66,WZZ982G,1
471f41,WZZ982G,1
471f6e,WZZ982G,1
48c2a2,RYR32XG,1
4d234d,RYR32XG,1
48c2a4,RYR32XG,1
4d20c0,WZZ406,1
48c2b3,RYR34NM,1
48c2a4,RYR64KL,1
4cad3a,RYR34NM,1
4d2349,RYR34NM,1
501c0f,9AJET,3
4d20b1,WZZ249,4
3472c4,VLG34EJ,1
342592,VLG34EJ,1
3443d3,VLG1XN,1
48ef22,AMQ16J,2
34538d,VLG1XN,1
4bca62,RHH058,1
4d24c6,WMT7PJ,1
4ca6fc,RYR41JZ,2
4ca56b,RYR41JZ,1
3444da,VLG7CZ,1
4cafb4,RYR41JZ,1
4854ca,TRA6790,1
485061,TRA88P,1
48414d,TRA88P,1
48414d,TRA6790,1
4d24b4,WZZ42ZQ,1
4d248d,WZZ42ZQ,1
4d2479,WZZ42ZQ,1
4d2402,WZZ42ZQ,1
3ce18f,PTN86Q,3
4d21d7,ULC10,1
3444d1,VLG17FF,1
440030,EJU42ML,1
4cafb4,RYR44YN,1
3443d4,VLG202P,1
345614,VLG8670,1
347601,VLG8670,1
407fa0,FLJ64G,1
490d01,NJE952C,1
493290,NJE357D,1
348208,VLG1702,1
347303,SWT5784,1
39dd45,CCM36CR,1
4caee2,EIX52B,3
4d234f,RYR67QQ,2
4cade6,RYR67QQ,1
4ca9ed,RYR67QQ,1
4cae6c,RYR67QQ,1
4d21ed,RYR37PK,1
4d220c,RYR37PK,1
471f81,WMT3CZ,1
4d242a,WMT3CZ,1
4d2258,RYR9EK,1
4d251d,RYR9EK,2
4cae6c,RYR9EK,1
4d234f,RYR8HC,1
4d2275,RYR452Y,2
497c82,AFP01,1
497c82,AFP04,1
73806b,ELY2523,1
4d246f,WMT908,1
4cac53,RYR353,1
4cae67,RYR353,1
440da5,EJU86UC,1
4400e3,EJU5385,1
4400e3,EJU86UC,1
440302,LDX600,2
3c4438,DAAAX,3
490d84,NJE455P,1
3c56f6,EWG6900,1
4400e3,EJU19JD,1
440181,EJU19JD,2
4d221e,RYR54HY,1
48c133,RYR54HY,1
491d88,NJE771L,1
3c9654,BFD22T,1
3e1988,AWH99D,1
3cc243,AWH95Z,1
3cc187,AWH93W,1
500239,SMB442,1
502d0f,BTI4UJ,1
502cd0,BTI97T,1
502cc7,BTI4UJ,1
502d0e,BTI4UJ,1
502d95,BTI4UJ,1
493296,NJE896G,1
491188,NJE008U,1
4498b0,OOFEP,2
3e1988,AWH99B,1
4cae51,RYR955,1
440033,OEGTX,4
4d2414,EWG37B,1
4d2413,EWG37B,1
3aabfb,FMY8055,1
4d2275,RYR8602,1
4d2237,RYR8602,1
471db7,WZZ56ZM,1
4d24ad,WZZ56ZM,1
4aca46,NSZ5381,2
507ca5,MFX7488,1
4acac6,SWE72L,2
459ac1,OYFVA,2
5110c8,AEG432,4
4cad29,RYR99BD,2
4caa5a,RYR99BD,1
4cae95,RYR99BD,1
48c221,RYR1133,1
4d234c,RYR82ZU,1
48c12f,RYR82ZU,1
4cae68,RYR82ZU,1
4ca8d7,RYR82ZU,1
4d2433,WZZ8417,1
471fa0,WZZ8417,1
4c31e0,MPC002,2
4d242b,WZZ8417,1
501c39,MMO1212,1
501c39,MMO1210,1
501c39,MMO120P,1
4d24cc,RYR92VH,1
4692d6,AEE683,1
46b8b3,AEE683,1
4d21fe,RYR59VZ,1
4d227b,RYR59VZ,1
44cdcd,BEL2WM,1
347302,BCS7019,1
44cdc8,BEL2WM,1
33fd46,IEI1977,1
505dc2,TTJ777,2
4d202d,SWU1952,1
4d2320,SWU1952,1
4d2029,SWU1952,1
4d2054,SWU1950,1
4d2029,SWU1950,1
491188,NJE376Q,1
4d2320,SWU1950,1
33fd54,IEI1977,1
4d2029,SWU2101,1
3ce686,PTN64L,1
4d2320,SWU1963,1
4d2054,SWU1963,1
4d2029,SWU1963,1
4d202d,SWU1997,1
4d2320,SWU1997,1
4d202d,SWU1980,1
4d2054,SWU1980,1
44028c,EJU1859,1
346644,VOE65MG,1
346644,VOE84GJ,2
5083c0,VKA127,1
347301,BCS32B,1
4cac65,BCS837,1
3444c8,VOE93VV,1
39ceb8,TVF96AK,1
39cea3,TVF96AK,1
3465d9,VOE93VV,1
3b7b65,FZBFJ,1
4aaa68,DFL5930,1
505ed4,ELJ303,1
49d108,OKRDS,1
49d0e0,ABP751,2
4ca4f0,RYR996P,1
4d24b1,WZZ7013,1
471db6,WZZ7013,1
4ca802,RYR996P,1
471dc1,WZZ7013,1
4d24b1,WZZ403,1
49d421,TVS461F,1
505e81,TTJ613,1
49d328,TVQ693F,1
4d2143,WMT3LJ,1
471f70,WMT3LJ,1
4d2220,RYR22DG,1
471db6,WZZ927,1
49d563,TVS422P,1
505d66,OMAMG,4
4d24b1,WZZ3TF,1
4cae63,RYR5YY,1
48ea4d,RYR5YY,1
471db6,WZZ3TF,1
4ca855,RYR5YY,1
4cadba,RYR5YY,1
4bb876,PGT3NQ,1
4bc849,PGT907,2
4bb865,PGT3NQ,1
4520d3,EGT152,1
4bc84d,PGT3NQ,1
3cc23c,PWF107,1
3e476f,DISGD,2
3ce52c,PWF81,1
5001df,T7CAL,4
49d64e,OKACB,2
44017f,OEXKK,3
3c79c5,NGN7300,1
4cae63,RYR71MF,1
4cae6a,RYR71MF,1
4ca9d2,RYR71MF,1
4cade2,RYR63UU,1
48c130,RYR63UU,1
4ca569,RYR63UU,1
4cad11,RYR63UU,1
4d2416,EWG4BC,1
4cac1f,RYR84SM,1
4d22b8,RYR84SM,1
4d22c6,RYR84SM,1
4d223b,RYR84SM,1
4d2081,EWG4BC,1
3d9391,CSR04,2
3d4973,DFABJ,4
4d2302,RYR1SE,1
4cae96,RYR1SE,1
4cab80,NOS127,1
49d558,ABP971,2
4a5d84,YRWLD,1
471fae,WZZ21QQ,1
471d5b,WZZ21QQ,1
479807,LNTBM,2
4a524b,TOY536,1
4d24d7,WMT7682,1
471f75,WMT405,1
471dba,WZZ4RJ,1
49d10f,OKFTR,1
4d245f,WZZ4RJ,1
471d65,WZZ4RJ,1
4d225e,RYR3826,1
471d5b,WZZ701,2
4d200f,WZZ85,1
4d20ff,WZZ85,1
471f36,WZZ85,1
4c4aa9,PNC7D,2
4cad64,RYR59MC,1
4cafd3,RYR59MC,1
48c138,RYR59MC,1
4d227a,RYR59MC,1
4d2423,WZZ9FQ,1
471db6,WZZ9FQ,1
471d5a,WZZ9FQ,1
471f36,WZZ7BJ,1
471d5b,WZZ7BJ,1
4d241c,WZZ7BJ,1
4d00d7,LGL58HB,1
4d00c6,LGL58HB,1
4d0105,CLX515,1
4d0107,CLX381,1
4d00ca,LGL58HB,1
48c121,RYR97SG,1
4caf34,RYR97SG,1
48c12d,RYR97SG,1
471efd,WZZ86,1
471efc,WZZ86,1
4d200f,WZZ86,1
45ab54,FIN1AJ,2
461e1f,FIN1AJ,1
461e15,FIN7DR,1
4d20f4,WMT6RR,1
4ca8d5,RYR5SK,1
471d62,WMT6RR,1
48c12c,RYR5SK,1
49d5a8,NTF73F,2
471645,HAILH,1
4d2085,EWG6970,1
49d421,TVS461P,1
471db6,WZZ404,1
471f5d,WZZ701,1
48c121,RYR89TR,1
4caee6,RYR89TR,1
4ca8d5,RYR89TR,1
4ca911,RYR9455,1
4cad3a,RYR84MC,1
471db0,WZZ576,1
4d2427,WZZ576,1
4caf34,RYR84MC,1
471dbd,WZZ576,1
471fae,WZZ576,1
4ca8d5,RYR84MC,1
471d64,WZZ576,1
48c239,RYS9749,1
a53013,UPS6295,1
04022c,ETH3799,1
ae08f0,RUBIK33,5
473a03,FCA1FH,2
39e144,FHYKE,5
3ce39a,DCNMO,1
3c4dd5,DLH9AA,1
4b8e04,PGT558P,1
4baaca,THY5WM,1
4bb070,THY8CU,1
3d31e1,DERDH,4
4bb02b,TKJ6701,1
39cdc1,FHTOB,1
3931ec,FGMPM,2
440daa,BAG14,1
3d1d84,DEJKU,2
39dd58,CCM14LY,2
39dd59,CCM14LY,1
39dd48,CCM14LY,2
392af2,AFR67QA,1
3985a3,AFR67QA,1
490688,RVP954,5
490688,RVP951,5
493296,NJE762T,1
484345,BFY340P,1
49d543,OKVPL,2
493201,JME306A,4
491307,NJE515L,1
4b3819,HBVGJ,1
4911f4,VVV341,1
343183,INI231,1
490d01,NJE648Q,1
4d2229,RYR74XC,1
471f66,WZZ9JE,1
471f41,WZZ9JE,1
471f6e,WZZ9JE,1
3ce8dc,DCPMI,5
4ca92d,EIN4415,1
4ca280,EIN4415,1
4ca214,EIN4415,1
4ca217,EIN44KN,1
4cae60,RYR6385,1
407642,TOM8NE,1
4ca92d,EIN44LM,1
4ca935,EIN4MK,1
4ca76f,EIN4415,1
485123,TRA92V,1
4867b0,TRA92V,1
68326f,FJK1266,1
346614,VOE895,1
4ca24d,RYR5BK,1
48c132,RYR5BK,1
4d23f9,RYR5BK,1
4d2423,WZZ483,1
471db6,WZZ483,1
471d5a,WZZ483,1
4d020c,SVW33IO,2
4a2aac,DNA406,2
4856ed,PHBRA,4
4d02c1,JFA55L,1
4d244a,RYR8QD,1
4d24ca,RYR8QD,1
4cae4a,RYR8QD,1
4d2209,RYR46NJ,1
345612,VOE2RP,1
4d2220,RYR3297,2
4cae56,RYR46NJ,1
4ca2ad,RYR46NJ,1
4ca763,RYR8FZ,1
4ca88c,RYR8FZ,1
4d2387,RYR8FZ,1
4aca8d,NSZ9617,1
4ab821,NSZ9721,1
4caf7e,SAS7886,1
4aca8b,NSZ9729,1
4cad86,SAS2960,1
4a91fa,SAS7584,1
458667,CAT416,1
48ea4e,RYR8366,2
502d7c,BTI7XY,1
4caeaf,NOS8022,1
48c2a5,RYR47DZ,1
4ca973,ITY1712,1
4405a6,GAC342L,1
3db512,DGOVA,2
39b4a2,FHNFC,2
491d87,NJE138G,1
4520e0,HLR777,1
49d3ac,BOH714,1
49d557,ABP981,3
49d557,ABP982,1
484354,P4GKF,2
4d2504,RYR372V,2
4d2504,RYR459J,1
4cac88,RYR55PA,1
4ca73e,RYR372V,1
4d2287,RYR372V,1
4d2238,RYR55PA,1
4ca6a9,RYR55PA,1
4cae55,RYR372V,1
4d24cc,RYR62MG,1
4d227e,RYR62MG,3
4ca243,RYR94VN,1
4ca73e,RYR94VN,1
4ca73e,RYR397H,1
44c069,PGC28K,1
4d02e9,JFA65S,1
44c063,PGC19E,1
4d2216,RYR8526,1
4d2275,RYR8526,1
39bea2,FHPVC,3
3cc249,AWH24B,1
39adec,FHLPM,2
406018,EZY2717,1
3986e0,AFR6278,2
3986e3,AFR92XF,1
3986e4,AFR16WN,2
3986e0,AFR16WN,1
3986e6,AFR92XF,2
440195,EJU858R,1
3986e6,AFR6278,1
440625,EJU858R,1
4891b3,ENT8PE,1
a9cb5a,N730DD,2
440625,EJU96YF,1
440031,EJU96YF,1
39ab12,CRL632,2
4d224a,FHM7316,1
4d2243,RYR34,1
44ce61,BEL94L,1
44ce6a,BEL4SF,1
44ce72,BEL94L,1
44cdc6,BEL4SF,1
44cdce,BEL4SF,1
4cad7b,EIN829,1
4ca2cb,EIN829,1
300601,IZANL,1
ae03f9,DUKE60,1
45d961,VKG1984,1
4ca763,RYR15FJ,1
4ca88c,RYR15FJ,1
4d2387,RYR15FJ,1
4aca8b,NSZ9728,1
4cad86,SAS2959,1
4a91fa,SAS7583,1
458667,CAT415,1
4aca13,NSZ3594,1
4cad86,SAS2623,1
4cad92,SAS2623,1
4aca0b,NSZ3594,1
4caf82,SAS2609,1
4cac79,SAS6273,1
4acaa1,SAS7245,1
4cad42,SAS2619,1
47ba0d,SAS2623,1
4aca14,NSZ9738,1
4d2414,EWG5061,1
4aca15,NSZ3592,1
49410f,NJE943E,1
4ca911,RYR5EU,1
4cae9e,RYR8GZ,1
4cae9e,RYR98ZQ,2
4ca947,EIN88E,3
4ca894,RYR98ZQ,3
4cad7b,EIN828,1
4ca2cb,EIN828,1
440170,EJU54VC,1
440018,EJU54VC,1
344445,EVE7711,1
344445,EVE7912,1
39a2a4,FHIVE,3
39c8f4,PVR48V,1
39d311,TVF37EM,1
aadf82,N8ZZ,2
39d569,VLJ731C,1
39bdb5,AFR365V,1
39bdb8,AFR365V,1
4d241a,WZZ1HC,1
471db6,WZZ1HC,1
4d2448,WZZ1HC,1
471db7,WZZ87KD,1
4d24ad,WZZ87KD,1
3e4f9b,STQ99A,3
3ce629,DCOLT,3
503cb8,KLJ5985,1
494111,NJE317R,1
3d3d54,DEVMA,2
4cae6c,RYR5693,1
4caecc,RYR5693,1
a07f6a,FDX5202,2
a0996b,FDX5202,1
4ca295,EIN82T,1
4cae9b,RYR97XJ,1
495210,TAP1325,1
495211,TAP1327,1
4cade4,RYR97XJ,1
4ca836,EIN82T,1
4ca97a,RYR7328,1
4cac87,RYR7138,1
49529a,TAP1323,1
4cae61,RYR7138,1
4ca92b,RYR97XJ,1
4ca63a,EIN82T,1
495039,TAP1327,1
495038,TAP1325,1
4ca2cb,EIN4PT,1
495038,TAP1327,1
48c129,RYR7328,1
4d225e,RYR9PH,1
4cad3b,RYR97XJ,1
495037,TAP1323,1
495218,TAP1325,1
4ca2ca,EIN82T,1
495297,TAP1327,1
4cafcf,RYR97XJ,1
4ca891,RYR7138,1
49521a,TAP1323,1
48e87f,ENT4XT,1
4d24cc,RYR391W,2
4ca92d,EIN4414,1
4ca280,EIN4414,1
4ca214,EIN4414,1
4ca217,EIN44PE,1
4cae60,RYR60ED,1
407642,TOM22N,1
4ca92d,EIN44EC,1
4ca935,EIN4EK,1
4ca76f,EIN4414,1
4d244b,RYR14ZR,1
48c2b7,RYR14ZR,1
4cadff,RYR14ZR,1
4cae64,RYR14ZR,1
4cae64,RYR34RZ,1
4caf2b,RYR34RZ,1
3c0c9e,TUI6TK,1
3c6426,CFG4HF,1
3c0c9e,TUI3GY,1
3c4b45,EWG5EA,2
4d21dc,KMM353,2
3c4b49,EWG5EA,2
3c5ef8,EWG7V,4
3c5ee3,EWG7V,2
4d240b,EWG6900,1
491d99,NJE927Y,1
4d2406,EWG4239,1
4d2013,EWG6952,1
aa67ac,N77LD,2
3c56f0,EWG39C,1
3c786c,CFG2CW,1
3c56f4,EWG8NX,1
3c0acb,CFG9DH,1
3c49d5,EWG8NX,1
4d202d,SWU1953,2
4d2029,SWU1953,1
4d2054,SWU1953,1
4690e5,AEE4BT,1
46dca2,SEH5SP,1
46d0a3,SEH5SP,1
46b828,AEE4BT,1
46b8b4,AEE4BT,1
46da6c,SEH5SP,1
3c5ef5,EWG2TW,1
3c5ee8,EWG2TW,1
3c56ea,EWG2TW,1
3d5fd0,DFINO,8
3d7bc4,DFTCU,4
3d4997,DFACT,1
abcdff,N86RK,1
494144,NJE325P,1
506f24,LSV101,2
48520d,TRA6975,1
4853d3,TRA7W,1
484c59,TRA7W,1
484506,TRA7W,1
4854cd,TRA2T,1
4d248d,WZZ651P,1
471f4a,WZZ651P,2
4d2453,WZZ651P,1
471f5d,WZZ651P,1
4854ca,TRA6789,1
485061,TRA98N,1
48414d,TRA98N,1
48414d,TRA6789,1
480c41,MMF36,1
480c41,MMF63,1
4cae9f,RYR3067,1
48c2ac,RYR3067,1
4854cd,TRA7G,1
4866e0,TRA6709,1
4854ca,TRA9W,1
48520c,TRA9W,1
4d223b,RYR913,1
4d24cb,RYR913,1
4854cd,TRA9W,1
345389,RSC47HZ,1
3c6421,CFG4CL,1
511172,MBU8DT,1
3e1988,AWH97B,1
3e3f1e,AWH92B,1
45a1d2,SHW12,2
3d77ff,PAV417,1
3c49ce,EWG2W,2
4cae67,RYR36EJ,1
4d2503,RYR36EJ,1
3c56f4,EWG2W,2
440625,EJU73GL,1
440031,EJU73GL,1
461f9c,FIN7BA,1
461fa1,FIN7BA,1
4d2369,RYR74GJ,1
4ca806,RYR74GJ,1
44083f,EJU52QN,1
4404a4,EJU52QN,1
3c56ea,EWG7R,2
3c5ef6,EWG7R,4
3c5ef0,EWG7R,2
3c7425,TUI4PC,1
3c0ca7,TUI4PC,1
4d2369,RYR578H,1
4cae67,RYR578H,1
4ca264,RYR578H,1
4d2503,RYR578H,1
495211,TAP1906,1
495211,TAP1902,1
4952c7,TAP1908,2
4951cb,TAP1906,1
49529a,TAP1906,1
4951d2,TAP1908,1
4952cb,TAP1902,1
4952c8,TAP1908,1
495038,TAP1906,1
4951cc,TAP1902,1
4951d8,TAP1906,1
4951d9,TAP1902,1
3c49cc,EWG59N,2
3c5ee4,EWG59N,2
3c6548,LHX1787,1
3c6542,DLH41A,1
3c648e,DLH41A,1
4cad92,SAS97N,1
47bb0a,SAS2944,1
4acb04,NSZ6MJ,1
3cc57d,AMB101,2
4401e4,EJU9040,1
4402f0,EJU9045,1
4ca9d4,RYR85RK,1
48c1a9,RYR85RK,1
440170,EJU95LT,1
440018,EJU95LT,1
502d5f,BTI630,2
502cc7,BTI630,1
502cce,BTI630,1
3e4ae2,XRO1104,1
424c90,CRX8B,1
a955c7,N700NN,2
4d251d,RYR8RE,1
4d2347,RYR8RE,1
20418d,GDSCC,2
408280,GOENE,1
4402f0,EJU64LC,1
440248,EJU58YV,1
4951cb,TAP827V,1
4951cd,TAP829,1
495153,TAP827V,3
4402f0,EJU43CN,1
440175,EJU57AW,1
49514a,TAP823,1
440115,EJU9043,1
44061d,EJU3871,1
440daf,EJU57AW,1
49514b,TAP829,1
440117,EJU43CN,1
4952c2,TAP823,1
4951d2,TAP823,1
4400b2,EJU3873,1
4951cc,TAP829,1
440248,EJU43CN,1
4400ec,EJU57AW,1
4400f3,EJU58YV,1
4400f3,EJU43CN,1
495145,TAP827V,1
495153,TAP823,1
440115,EJU64LC,1
4951d2,TAP829,1
710066,PROVA23,2
3003d0,SSR19MP,1
4d2258,RYR4KX,1
4cae6c,RYR4KX,1
4d251d,RYR4KX,1
39dd58,CCM37JW,3
39dd48,CCM84DE,1
39dd58,CCM84DE,5
39dd44,CCM66QN,1
39dd44,CCM37JW,1
39aa48,FHKSI,1
506ca3,RMB1,2
503cbb,KLJ5904,1
440d86,OEDDC,1
3c6674,DLH29M,1
3c664d,DLH29M,1
3c648c,DLH29M,1
3c666f,DLH29M,1
3c66eb,DLH97V,1
4951d6,TAP5AS,2
3c66a1,DLH72M,1
4951cc,TAP575,2
4951d2,TAP5AS,1
4952c7,TAP571,1
3c6749,DLH97V,1
3c6754,DLH03A,1
3c6543,DLH72M,1
3c6758,DLH03A,1
3c658d,DLH72M,1
495308,TAP571,1
495309,TAP5AS,1
3c65ca,DLH03A,1
495304,TAP571,1
3c6672,DLH97V,1
4951d5,TAP575,1
4951d3,TAP575,1
495305,TAP5AS,1
3c6498,DLH97V,1
3c664e,DLH72M,1
495302,TAP571,1
3deb84,CHX90,1
4402ff,MOZ309,2
3c6544,DLH1292,2
3c56a9,GEC8342,2
3c66eb,DLH1292,1
3c56a3,GEC8342,1
3c6742,DLH1292,1
3c65c7,DLH1292,1
48e899,ENT3FY,1
48e899,ENT3XM,1
46b82f,AEE831,1
3c6672,DLH4MH,1
46b828,AEE3FT,1
46b828,AEE831,1
46d0a3,SEH6EV,1
3c64a7,DLH9WJ,1
3c66e8,DLH7RM,1
3c6663,DLH7RM,1
3c65ca,DLH4MH,1
46b8ad,AEE831,1
46a5e4,SEH6EV,2
4691c3,AEE831,1
3c648b,DLH4MH,1
3c6752,DLH9WJ,1
46b824,AEE831,1
46b82c,AEE3FT,1
469dc1,SEH6EV,1
3c664d,DLH7RM,1
469e45,SEH6EV,1
46b82d,AEE3FT,1
46b82d,AEE831,1
3c6483,DLH9WJ,1
3c6657,DLH4MH,1
3c66e1,DLH7RM,1
3c4dcb,DLH52E,2
3c4dcc,DLH34M,1
3c4dcb,DLH34M,1
3c7879,CFG5MT,1
4bcded,SXS2,1
4bcdaa,SXS2,1
490d04,NJE908Y,1
3006b5,DLA8JF,1
3003ad,DLA7AW,1
3003ad,DLA7KK,1
300564,DLA8JF,1
300564,DLA7AW,1
3007f2,DLA8JF,1
3009b2,DLA4CY,1
3009b7,DLA8JF,1
3006b5,DLA7KK,1
3003ad,DLA8JF,1
3003ae,DLA7AW,1
4d225d,RYR9JZ,1
4cade6,RYR9JZ,1
4ab554,SEMJT,1
3e24e9,DIFEF,3
3d4ea9,DFCAR,2
49d38c,TVS6P7,3
4d2406,EWG4257,1
39de41,TVF30KW,1
44061b,EJU52KL,1
39de4b,TVF30KW,1
440083,EJU52KL,1
39de42,TVF30KW,1
4d200f,WZZ279,1
4d20ff,WZZ279,1
471f36,WZZ279,1
4ab821,NSZ3945,1
3c0d0c,TUI92G,1
3c5eee,EWG4LR,1
345344,IBB42TR,1
3c7426,TUI847,1
3c6473,CFG5ET,1
501c16,CFG7MT,1
3c66e5,OCN2ND,1
4d2434,WZZ167X,1
4d2020,WZZ167X,1
48e9b9,ENT2AP,1
4891ac,ENT8YB,1
4d2453,WZZ167X,1
4bcdce,SXS6R,1
4bb865,PGT1539,1
440bc4,BCS5780,1
440bcf,BCS5780,1
440bc8,BCS5780,1
471f74,WZZ28LV,1
4d2402,WZZ409,1
48c2ae,RYR8782,1
48c2ae,RYR74ZZ,2
49d304,TIE029H,1
440bc2,BCS94Q,1
3472c4,VLG77HE,1
342592,VLG77HE,1
4a5d86,YRWLF,4
4ca61f,RYR275P,1
4caa57,RYR275P,2
4ca84e,RYR275P,1
440732,EJU9092,1
440170,EJU9083,1
347319,NAY53VL,1
347319,NAY6LC,1
3461d2,MEECNBZ,1
34731a,NAY62KY,1
493281,NJE214Q,1
394f03,NAK399,1
393205,NAK399Z,1
501db3,9ADWA,2
3e3ef9,PAV117,1
3e3ef9,PAV119,3
440592,GAC381V,1
3d7263,DFPOL,2
486265,PHTDX,2
490d04,NJE8HD,1
3e47ba,ECA2SJ,2
4d2264,RYR5ZK,1
4d2416,EWG39PT,1
4d2081,EWG39PT,1
4d22be,RYR5ZK,1
4cae49,RYR7UK,1
4cadf2,RYR7UK,1
494144,NJE486H,1
3cc187,AWH91R,1
3e3f1e,AWH94D,1
485991,KLM7912,2
49410f,NJE828G,1
485992,PHKFX,1
348103,SWT9ST,4
4cabc6,ABR2CH,4
485d61,AGR614,1
040248,ETH3735,1
4cc45a,ABD5901,1
4caca1,ABR1UC,1
a07ca0,N130QS,1
4cabc5,ABR1UC,2
4cabc7,ABR1UC,1
347505,SWT1PG,3
505a88,TVS464F,1
4caca3,ABR1PG,1
4cabc7,ABR2VE,2
a07f6a,FDX5201,2
a0996b,FDX5201,1
3480da,SWT4HJ,4
738c06,ICL908,1
4bb155,THY6056,1
440d92,FDX4648,2
440d4c,FDX4648,1
06a1eb,QTR8371,1
4d2078,SVA933,1
449d8d,OOGLM,3
48c129,RYR140A,1
48c223,RYR140A,1
4cac7b,SAS45M,1
4ca569,RYR971L,1
4ca7b3,RYR2523,1
4ab824,NSZ9BP,1
4caee5,RYR971L,1
4ca893,RYR971L,2
4aca96,NSZ9BP,1
4cad97,SAS45M,1
4cacb5,SAS48P,1
4ac9c6,BLX341,1
44ce6f,BEL7TA,1
44ce6a,BEL8HW,1
44ce75,BEL7TA,1
44ce61,BEL8HW,1
44ce78,BEL7TA,1
44ce78,BEL8HW,1
4aaa4c,HMF005,1
4cac55,RYR8732,1
4d207d,RYR8732,1
3cc24b,AWH73C,1
4ca24d,RYR21WH,1
4cae9a,RYR21WH,1
4d202d,SWU1955,2
4d2320,SWU1955,1
4d2054,SWU1955,1
3c56ed,EWG4TE,1
3c5ee6,EWG4TE,1
3c49d4,EWG4TE,1
3c5ef0,EWG4TE,1
3e491b,DISWP,2
3d2cf6,DEPGW,2
3ca970,DBJKP,2
490d84,NJE731C,1
395d67,BGA138H,1
395d69,BGA138J,1
4ac9f9,SAS29Z,1
4caddb,SAS29Z,1
494102,NJE306W,1
4cacb6,SAS29Z,1
4d2088,EWG3KY,2
4cae8e,SAS29Z,1
4ca4ef,RYR62VM,1
4cac9f,SAS2648,1
511194,MBU3PK,1
3cdd24,PWF3700,2
3caaab,DBJUK,4
48e0e0,AMQ8A,3
4cadf2,RYR97CY,1
4caf35,RYR97CY,1
4d2212,RYR97CY,1
4bcdab,SXS47B,3
4bb855,PGT672J,1
48511c,PHJRN,2
511170,MBU3SN,1
3f5d91,GAF942,2
3f7b3c,GAF619,2
3f551d,GAF851,2
3d7061,DFOUR,2
adf489,N999EU,1
395d67,BGA130H,1
493287,NJE470P,1
3e198a,AWH92B,1
3e1988,AWH99A,1
3cc187,AWH93T,1
3cc243,AWH15L,1
3e198a,AWH91A,1
3c7424,TUI6BM,1
45b534,GAV534,1
4d23c3,CXI6495,1
3c7425,TUI9FT,1
3c0ca7,TUI9FT,1
3cc187,AWH91E,1
3c0ca7,TUI907P,1
3ddc6b,CHR86,3
44b2ad,BAF84,1
3cc24b,AWH73A,1
4d202d,SWU1981,1
4d2054,SWU1981,1
3e1988,AWH92V,1
4bcda5,SXS97L,1
4bb87a,PGT5010,1
4bcda1,SXS97L,1
4bcda4,SXS8LZ,1
4bb859,PGT16DP,1
4bb86f,PGT16DP,1
4bcde6,SXS97L,1
4601f8,FIN211,1
4601f2,FIN211,1
4601f9,FIN213,1
4601f4,FIN213,1
461f9c,FIN1699,1
461fa1,FIN1699,1
4aca46,NSZ5423,1
4d2382,RYR17YN,1
4cac84,RYR17YN,1
4aca8a,NSZ2910,1
461f64,FIN6TF,1
4aca8a,NSZ2908,1
4aca89,NSZ2908,1
461fa0,FIN6TF,1
4caf35,RYR17YN,1
461f69,FIN3WR,1
461f62,FIN7LT,1
461f64,FIN7LT,1
461f9d,FIN8RK,1
494105,NJE974D,1
4601f2,FIN5PA,1
4601f4,FIN5PA,1
511177,ESVAR,1
4601f4,FIN5CE,1
486769,PHKFU,1
49d474,OKVLB,1
485061,TRA90C,1
39d308,TRA90C,1
3444da,VLG6937,1
346047,VLG6937,1
346183,VLG6937,1
4911f4,VVV342,1
3c5ef5,EWG27TW,1
3c5ee8,EWG27TW,1
3c56ea,EWG27TW,1
3cc187,AWH91A,1
4acada,EUW9835,2
3475d5,IBE0802,1
34660b,IBE0802,1
4bb206,THY9WA,1
4bb28b,THY1HN,1
4ba9c9,THY1HN,1
4bb20e,THY9WA,2
4bb209,THY8NR,1
4bb215,THY1HN,1
4bb287,THY8NR,1
4bb282,THY1HN,1
4bb265,THY8NR,1
4baa76,THY8NR,1
4bb272,THY1HN,1
4bb854,PGT59KE,1
4bab2e,THY56A,1
4baad5,THY56A,1
4bb062,THY2WH,1
4bb870,PGT59KE,1
4bab47,THY56A,1
4ba90f,THY2WH,2
4bb064,THY56A,1
4bc88a,PGT59KE,1
4baa63,THY56A,1
4bb86b,PGT59KE,1
4bab46,THY7HW,1
4baacf,THY4ZW,1
4ba916,THY7HW,1
4baada,THY4ZW,1
4bab46,THY4ZW,1
4bb322,THY7HW,1
48af05,LOT140,2
4bb324,THY1271,1
4bb065,THY1271,1
48af03,LOT140,1
48af01,LOT140,1
4baace,THY6LH,1
4bab2e,THY1271,1
4baad5,THY1271,1
4baada,THY6LH,1
4baa88,THY4NG,1
4bb283,THY4NG,1
4bab2d,THY4NG,1
4baad5,THY4NG,1
4bb025,TKJ6700,1
4b8e04,PGT375,1
4baa63,THY7VM,1
4baaca,THY1XY,1
4b8e47,PGT375,1
4bb070,THY1AB,1
4baa79,THY1XY,1
4bb2ab,TKJ8KN,1
4bc8d4,PGT30XE,1
4bb2aa,TKJ5ZB,1
4baad0,THY88L,1
4bab25,THY9EB,1
4baa76,THY87N,1
4b906d,PGT34LA,1
4bc8ce,PGT272C,1
4baad0,THY9EB,1
4bb14b,THY7PL,1
4bb872,PGT536T,1
4b906d,PGT3305,1
4b964d,TCERM,1
4ba9a9,THY8ZG,1
4ba9a8,THY1FS,1
4bab2f,THY1QV,1
4bb842,PGT227W,1
4bc8d2,PGT72BE,1
4bc8c9,PGT533G,1
4bc84f,PGT71RA,1
4baac2,THY8FP,1
4bb026,TKJ7HM,1
4ba903,TKJ4RV,1
4bc89a,PGT272C,1
4ba953,THY1SP,1
4bc846,PGT2206,1
4bab22,THY1SP,1
4b8e05,PGT536T,1
4b8e05,PGT6RN,1
4bb2ad,TKJ8KN,1
4bc893,PGT71RA,1
4bc8d2,PGT533G,1
4bc882,PGT263L,1
4baa44,THY8ZG,1
4ba94a,THY7PL,1
4baa69,THY1FS,1
4bb026,TKJ6PC,1
4bbd09,TKJ7HM,1
4b8e03,PGT227W,1
4baad4,THY3KY,1
4bb055,TKJ4RV,1
4bab23,THY88L,1
4bb843,PGT3307,1
4bb0eb,THY2328,1
4bb064,THY1QV,1
4bb056,TKJ5ZB,1
4baa14,THY9FQ,1
4bc845,PGT533G,1
4baa90,THY3KY,1
4bb865,PGT3307,1
4bb865,PGT3305,1
4ba9a8,THY2328,1
4baacd,THY88L,1
4bc88b,PGT71RA,1
4b9521,TKJ7KS,1
4bab4f,TKJ8KN,1
4b9e05,TKJ4RV,1
4baa8c,THY8ZG,1
4baa50,THY1FS,1
4bc852,PGT2206,1
4bc8ca,PGT72BE,1
4bb2aa,TKJ7HM,1
4bc8cf,PGT6RN,1
4baa8a,THY1SP,1
4bc8c9,PGT263L,1
4b8e47,PGT536T,1
4baa1a,THY87N,1
4b9e53,TCGRS,2
4bab53,TKJ5000,1
4ba914,THY6QT,1
4bb849,PGT29RH,1
4bc887,PGT388R,1
4bc899,PGT76WA,1
4bc855,PGT76WA,1
4ba915,THY6QT,1
4bc84f,PGT388R,1
4bb288,THY3BW,1
4baad4,THY6QT,1
4b9c61,BBT7031,1
4bb46f,MNB546,1
3964f8,TVF91MF,1
39d304,TVF91MF,1
4bb876,PGT411,1
4bb865,PGT411,1
4bc84d,PGT411,1
c2b55d,CFC2903,1
50014c,T7DNH,2
440331,GLJ33LE,1
3cd50b,TYW212F,2
4ab4eb,SEMGK,2
440118,TAY1904,6
49328a,NJE182R,1
471da8,WZZ347E,1
49d61e,BOH113,1
4d2216,RYR7104,1
4d2275,RYR7104,1
4d248d,WZZ6835,1
471f4a,WZZ6835,2
4d2453,WZZ6835,1
471f5d,WZZ6835,1
440196,FDX4678,3
4d2434,WZZ4CZ,1
4d2020,WZZ4CZ,1
4892c2,ENT9ZE,1
4891ac,ENT1YA,1
4d2453,WZZ4CZ,1
4d248d,WZZ3CN,1
4d2434,WZZ3CN,1
4d2368,RYR60PT,2
4caa61,RYR60PT,1
48c2a6,RYR60PT,1
4d21ea,RYR775N,1
4d2215,RYR775N,1
4d2368,RYR775N,1
4d222b,RYR6VX,1
4caa61,RYR6VX,1
46bc4b,AEE151,1
46bc4d,AEE155,1
46bc4e,AEE151,1
46bc52,AEE155,2
46bc53,AEE151,1
46bc52,AEE293,1
46cd38,SEH5LA,1
47bb0a,SAS57J,1
4cad94,SAS4263,1
4cad42,SAS4263,1
461fa9,FIN576,1
3c66b2,OCN1321,1
440daf,EJU3982,1
4d2014,EWG3EF,2
3c4b45,EWG3EF,2
392af4,AFR54JP,1
4aaa6e,DFL5710,2
493294,NJE910F,1
49d353,TVS79J,1
4cae52,RYR55NW,1
3c55c3,EWG96W,1
4cae5a,RYR55NW,1
4d2304,RYR55NW,1
4cad12,RYR55NW,1
48c228,RYR55NW,1
3c5ef5,EWG96W,1
3cffda,UNI107,1
4cae67,RYR41YW,1
4d2503,RYR41YW,1
490d85,NJE738H,1
3c56f5,EWG22H,1
4ca804,RYR80WX,2
3c5eea,EWG3CB,1
3c5ee7,EWG3CB,1
4ca95e,RYR80WX,1
4ca73f,RYR65PK,1
4d2304,RYR65PK,1
4caf26,RYR65PK,1
4d21f2,RYR65PK,1
3474ce,BCS204,1
3c5db0,GER8372,1
452130,BCS204,1
3c48a9,JBD2,4
3481c9,BCS448,1
3451d6,SWT1KR,1
3cd3a9,UNI135,2
4bcdfa,SXS39M,1
4bcdac,SXS39M,2
4bb865,PGT5014,1
4bb84a,PGT5014,1
4bb84b,PGT5014,1
4caed3,BCS5302,3
3c5eec,EWG6970,1
347302,BCS7552,1
48c5e4,SRN1988,1
3c79c5,NGN900P,1
3d1027,DEEJF,3
3cf1a2,DCSUS,2
394f06,NAK741,1
394f06,NAK773A,1
393643,NAK733S,1
a2915f,N2648X,1
39a5e7,FHJPH,1
3dbc00,PTO1184,1
a71211,N555AU,2
4ca226,RYR51FW,1
48c221,RYR51FW,1
440da5,EJU17PH,1
4400e3,EJU5386,1
4400e3,EJU17PH,1
440484,EJU17PH,1
44023f,EJU9041,1
471da8,WZZ62WG,1
3c6544,DLH1293,2
3c66eb,DLH1293,1
3c6742,DLH1293,1
3c65c7,DLH1293,1
471efd,WZZ9FV,1
471f00,WZZ401,1
471efc,WZZ9FV,1
4d200f,WZZ9FV,1
e200ae,FAG001,1
440d6f,EJU7984,2
4867ec,TRA5316,1
484b2a,TRA5316,1
738c0a,ICL607,1
39c44d,FHRCN,2
398668,FHBTI,2
39b96a,FHOLK,2
392daa,TJT104B,1
392233,FGIRT,2
a04dad,N119AL,1
39c415,AEH010F,1
4acac5,SWE32A,1
4acac2,SWE44B,1
4ac9ab,SERMK,2
4acac5,SWE34A,1
3d6547,DFKPJ,2
3d511e,DFCYW,2
3cc24b,AWH64B,1
4cae90,RYR45UM,1
48c2b3,RYR45UM,1
4cad3a,RYR45UM,1
4d2349,RYR45UM,1
495211,TAP1102,1
4d234d,RYR42TR,1
495216,TAP1104,1
495210,TAP1106,1
495297,TAP1102,1
49521a,TAP1104,2
495297,TAP1106,1
4d2263,RYR42TR,1
495219,TAP1106,1
495038,TAP1102,1
495216,TAP1102,1
49520f,TAP1106,1
495299,TAP1102,1
495216,TAP1106,1
4d2532,WMT9TY,1
471f68,WMT9TY,1
4d24b2,WMT9TY,1
49529a,TAP2HM,1
495218,TAP560,1
3c49d4,EWG7FB,1
49521a,TAP564C,1
495037,TAP564C,2
495298,TAP2HM,1
49520f,TAP874H,1
497c83,ATENA21,1
48c126,RYR196G,1
46b8b6,AEE2LP,1
46b8a6,AEE2LP,2
46b8b2,AEE2LP,1
44c063,PGC58Q,1
44044a,OEFKL,1
4cae60,RYR85LP,1
4acac1,SWE22V,1
4cac7b,SAS2051,1
39ceab,TVF1551,1
4d00f5,LGL69M,1
4d00f6,LGL601,1
4d00f1,LGL21PM,1
4d00f6,LGL21PM,1
4d00f1,LGL601,1
4d00ca,LGL8255,1
34714e,VOE4NZ,1
4d00db,LGL8255,1
4d00f1,LGL8245,1
347641,VOE4NZ,2
4d00d6,LGL8257,1
4d00c9,LGL3NC,1
4d00d7,LGL5807,1
4d00c6,LGL5807,1
4d00ca,LGL5807,1
3995ce,FYG77HF,1
4d00c3,LGL85ML,1
4d00d0,LGL11,1
48c1a7,RYR39KJ,1
4d23fa,RYR39KJ,1
4d00db,LGL85ML,1
45caa8,LGL082,1
4d028b,AIRESC3,2
4d02c6,JFA17X,1
44c061,PGC67E,1
4d02b7,JFA63M,1
4d00c3,LGL11,1
4ca2ab,RYR75SC,1
4d22be,RYR75SC,1
45cdd3,OYSNS,3
4caecc,RYR26DV,1
4ca75f,RYR26DV,1
4d23c4,GTR9922,1
4401e8,EJU9041,1
acb84d,NCR558,1
4401e4,EJU9046,1
adf64e,TWY501,2
3ce8c7,LUA292T,1
485873,KLM9965,1
48664a,CND098P,1
4ca2bf,RYR60LM,3
48c220,RYR60LM,1
48c231,RYR4PW,1
471f74,WZZ228,1
347459,PVG1903,1
4cade3,RYR96ZN,1
4d2250,RYR96ZN,1
471fae,WZZ95RN,2
471d5b,WZZ95RN,1
4d244c,RYR2057,1
48c2ac,RYR78YP,1
4cae4a,RYR78YP,1
4cad4f,RYR78YP,1
48c2b1,RYR78YP,1
48c2a4,RYR78YP,1
34260e,IBE0443,1
347295,GES101N,1
34324e,IBE0443,1
4d2271,RYR46GM,1
48c2b2,RYR46GM,1
4ca9c3,RYR46GM,1
3474cd,WFL716P,1
3cc83d,EFD5D,3
342188,IBS15BR,1
344449,IBE04YT,1
344197,ANE48MA,1
34324f,IBE0469,1
347481,AEA13PP,1
342091,IBE04KV,1
3453cc,AEA7306,1
346082,AEA7306,1
345597,ANE22XP,1
3485d2,ANE81BU,1
344218,ANE1217,1
344197,ANE81BU,1
4cae9c,RYR821Q,1
48c2ac,RYR821Q,1
e4998a,PSRDR,2
34134e,IBE04RA,1
7da3de,ANE91SH,1
347453,IBE04MH,1
3450d8,AME0811,1
3e3ee4,HRN124A,1
3475d5,IBE0801,1
34660b,IBE0801,1
485d61,AGR442,1
4acac6,SWE56L,1
49d563,TVS4396,1
3e37d4,DIMIM,3
4aadb2,SEKMR,4
3c9674,DBEST,2
3cc9f3,DCDTZ,2
3ddc04,CHX75,1
3cc5ff,DCCHB,1
3d53e6,DFEAG,2
440731,OEFAV,2
471d5b,WZZ701A,2
4601f8,FIN212,1
4601f2,FIN212,1
4601f9,FIN3RM,1
4601f4,FIN3RM,1
39dd58,CCM24QO,3
39dd44,CCM84FY,1
39dd44,CCM24QO,1
4cad64,RYR74HC,1
4cafd3,RYR74HC,1
48c138,RYR74HC,1
4d227a,RYR74HC,1
39ab12,CRL633,2
3981e4,TJT035P,1
346318,BCS1683,1
341119,BCS1683,1
347301,BCS1683,1
440bcf,BCS1683,1
440052,AUA384,1
4d22ae,RYR70GU,1
4d22b3,RYR70GU,1
440606,AUA384,1
4d22b4,RYR70GU,1
4d2367,ANE2279,3
4d23b6,ANE61JN,1
3483d9,ANE05QQ,2
4d2366,ANE54TD,1
4d2366,ANE98PN,2
4d2366,ANE2265,2
4d247c,ANE61JN,1
4d2367,ANE54TD,1
4d2367,ANE2263,1
4d2366,ANE2275,1
4d2367,ANE98PN,1
4d2367,ANE05QQ,1
3483d9,ANE2265,1
3483d9,ANE54TD,1
4d2367,ANE19NB,1
3442cb,ANE13XU,1
4d2367,ANE13XU,2
344307,ANE19NB,1
344307,ANE90FJ,1
4d2366,ANE19NB,1
3483d9,ANE37CL,2
4d247c,ANE37CL,1
3473d9,ECDBL,1
3cdd32,LHB2,1
471dba,WZZ3VD,1
4d245f,WZZ3VD,1
471d65,WZZ3VD,1
471d61,WZZ6529,1
4ca226,RYR23GN,1
48c221,RYR23GN,1
4ca61c,RYR78ZZ,1
4d225b,RYR78ZZ,1
4d2208,RYR78ZZ,1
4cae9d,RYR78ZZ,1
4cafc1,RYR78ZZ,1
44048c,OEFNB,2
4ca907,MSA95S,3
4855d0,KLM52L,1
485876,KLM52L,1
48548c,KLM52L,1
39856d,KLM52L,1
470cc0,FCA2VO,1
3995ce,FYG28HF,1
398d6d,FHDLN,1
4cae52,RYR87ZF,1
4d226d,RYR87ZF,1
49d4cf,QAV30E,4
49d57f,OKOVA,2
494106,NJE836V,1
4d00ed,LGL42,1
45ab28,OYJYH,1
3c6522,LHX1VV,1
49410f,NJE509U,1
3c7426,TUI51D,1
3c7878,CFG5AD,1
501c16,CFG7FD,1
3c66e5,OCN704,1
4caca1,ABR6MC,1
501c16,CFG7AM,1
3c654a,LHX1848,1
3c6551,LHX1848,1
3c6523,LHX1848,1
3c6759,DLH1848,1
3c6549,LHX1VV,1
3c6552,LHX7LT,2
3c09f2,LHX7LT,1
3c6551,LHX7LT,1
4bcda1,SXS5VB,1
4b9907,FHY318,1
4bcdf9,SXS5VB,1
4bceb5,SXS69G,1
4bcda6,SXS69G,1
3c6548,LHX1786,1
3c6542,DLH44M,1
3c648e,DLH44M,1
48c126,RYR50SG,1
4ca73a,RYR50SG,1
49328c,NJE644G,1
4cae52,RYR90ZG,1
3c55c3,EWG17W,1
4cae5a,RYR90ZG,1
4d2304,RYR90ZG,1
4cad12,RYR90ZG,1
48c228,RYR90ZG,1
3c5ef5,EWG17W,1
4cae52,RYR50CA,1
4d226d,RYR50CA,1
3c56ed,EWG59FG,1
3c5ee6,EWG59FG,1
3c49d4,EWG59FG,1
3c5ef0,EWG59FG,1
4cae63,RYR9929,1
4cae6a,RYR9929,1
4ca9d2,RYR9929,1
4cae63,RYR54YC,2
4ca9cc,RYR54YC,1
502d5c,BTI2MU,1
502d58,BTI2MU,1
4cad28,RYR30HH,1
48c232,RYR30HH,1
4ca806,RYR30HH,1
4cad0f,RYR51MN,1
4cae6a,RYR51MN,1
502dae,BTI2MZ,1
4cae96,RYR51MN,1
502ce4,BTI2MZ,1
4cadfd,RYR96CD,1
4d2302,RYR96CD,1
4cae53,RYR96CD,2
4911f4,VVV431,1
4911f4,VVV412,1
4d2302,RYR3364,1
4cae96,RYR3364,1
346644,VOE59XM,2
4ac92a,JON07,3
4d2264,RYR79UE,1
4cafd1,RYR79UE,1
4d2239,RYR79UE,1
4cae6a,RYR79UE,1
502d96,BTI42U,1
502ce5,BTI42U,1
490d82,NJE477N,1
4cae9e,RYR774Q,1
4cae9e,RYR3VA,2
4ca947,EIN883,3
4ca894,RYR3VA,3
495210,TAP11MG,1
495214,TAP1137,1
495039,TAP1139,1
495211,TAP1139,1
4cae63,RYR3XR,2
495297,TAP11MG,1
49529a,TAP11MG,1
495298,TAP1137,1
495297,TAP1139,1
495299,TAP1137,1
495216,TAP1139,1
4caa61,RYR56SG,1
4cae96,RYR56SG,1
48c2a7,RYR56SG,1
4caecc,RYR9SK,1
4ca75f,RYR9SK,1
4caecc,RYR1775,1
4d2239,RYR1775,1
4d24b1,WZZ771,1
4cae63,RYR639L,1
49d563,TVS488F,1
48ea4d,RYR639L,2
471db6,WZZ771,1
4cadba,RYR639L,1
3c56f2,EWG67XB,2
3c49ce,EWG67XB,1
4d23fb,RYR53KR,1
3d9557,DGCUP,1
a00690,N100VA,2
3006a0,IJACK,1
3d4cb2,DFBHI,1
34569a,VOE99QL,1
392daa,TJT104A,1
4402f0,EJU61RC,1
4400f3,EJU39PM,2
4401e8,EJU4763,1
39d309,TVF11JT,2
440248,EJU39PM,1
440b1e,EJU61RC,1
3c4dcb,DLH28P,2
3c4dcc,DLH31U,1
3c4dcb,DLH31U,1
44083f,EJU47BZ,1
4404a4,EJU47BZ,1
3964f8,TVF63DJ,1
49d344,OKAPS,1
48c230,RYR69DJ,1
48c126,RYR69YU,1
4ca73a,RYR69YU,1
48b228,AMQ9I,3
4d20c0,WZZ405,1
440404,OEETH,1
3443d3,VLG2469,1
34538d,VLG2469,1
460e65,OHFLT,1
4cad28,RYR94EM,1
48c232,RYR94EM,1
3ccd45,IFA1057,1
4ca806,RYR94EM,1
51118a,MBU6239,1
01022d,MSC2967,1
3c0ca7,TUI908P,1
4d23c3,CXI6496,1
4d2369,RYR921R,1
4ca806,RYR921R,1
3d3a54,DEUIM,1
4cae4b,RYR4622,1
4bcda6,SXS32Z,1
4bb86e,PGT245R,1
4bcd81,SXS32Z,1
4d224e,RYR2324,1
4ab572,SEMKR,2
3b7b3f,MILAN7I,2
490d81,NJE699M,1
393205,NAK356,1
45d04d,OYTBM,2
5083a2,VKA198,1
511173,NYX900,1
4ca4ee,RYR15YZ,1
4cadb9,RYR537F,1
4d2288,RYR15YZ,1
4ca61f,RYR537F,1
4ca73f,RYR13AE,1
4cadb9,RYR65GJ,1
4d2386,RYR537F,1
4ca809,RYR86AZ,1
4ca301,RYR86AZ,1
4d21ea,RYR44AN,1
4d2215,RYR70HJ,1
4d2215,RYR86AZ,1
48e9f1,RYR3NL,1
4ca73f,RYR3NL,1
48e9f0,RYR86AZ,1
4ca623,RYR44AN,1
4a2aac,DNA422,2
4ca8db,RYR30CK,1
48c1a9,RYR19NB,1
4d2290,RYR648F,1
4d2215,RYR648F,1
501c55,TDR9397,1
494144,NJE128N,1
459a62,FRO900,1
48c133,RYR2323,2
4d220e,9HWIT,1
471f5d,WZZ701A,1
4d234f,RYR67SH,2
4d2225,RYR1619,1
4cade6,RYR67SH,1
4ca9ed,RYR67SH,1
4cae6c,RYR67SH,1
3cc006,IJM45G,4
4d245f,WMT274,1
471f70,WMT274,1
4d20bc,WMT446,1
471efb,WMT446,1
4d201d,WMT446,1
4d24b2,WMT614,1
471f04,WMT614,1
4d2420,WMT614,1
3c5ef2,EWG4TF,2
471f03,WMT7WB,1
3c5ee5,EWG4TF,2
471f04,WMT7WB,1
4d2143,WMT5YT,1
471f70,WMT5YT,1
4a2182,AWG6000,2
4a2182,AWG6001,1
4692d7,AEE96T,1
4a08e6,ROT273L,1
4690e4,AEE96T,1
46b8ad,AEE987,1
4cae23,BCS5709,1
4691c3,AEE96T,1
4a08e9,ROT273L,2
46b830,AEE963,1
4691c1,AEE96T,1
4a0688,ROT649D,1
4a29f9,HYS278,1
73934d,HEZ641,1
502d59,BTI7QF,1
502d95,BTI7QF,1
4d00f5,LGL62EM,1
4d00f6,LGL602,1
4d00f1,LGL22A,1
4d00f6,LGL22A,1
4d00f1,LGL602,1
3480c3,IBB88UP,1
490d87,NJE349A,1
4d2409,EWG6N,1
4d2013,EWG6N,1
4d2085,EWG6N,1
4d2416,EWG4PF,1
4cac1f,RYR24YF,1
4d22b8,RYR24YF,1
4d22c6,RYR24YF,1
4d223b,RYR24YF,1
4ca2ab,RYR41KT,1
4d2264,RYR41KT,1
4d22be,RYR41KT,1
4d2409,EWG8M,1
511170,MBU4HW,1
511172,MBU4HW,1
4d2085,EWG8M,1
48c2a8,RYR553M,1
45a953,JNJ671,2
4ca73a,RYR553M,1
44ba67,AAB42N,4
4854ca,TRA12A,1
48520c,TRA12A,1
4d223b,RYR4WC,1
4d24cb,RYR4WC,1
4854cd,TRA12A,1
3c08c9,VJH992,1
4caecc,RYR118D,1
4d2239,RYR118D,1
4ca24f,RYR94SN,1
4cae51,RYR94SN,1
4690e5,AEE4369,1
4d02e0,JFA58K,1
3d7f74,JMP902,5
3ce686,PTN79N,1
3481c4,VOE6ZG,2
398570,AFR61BE,1
3986e7,AFR61BE,1
3430cd,VOE6ZG,3
3ce5d5,PTN64G,1
3986e2,AFR61BE,1
3986e4,AFR61BE,1
3986e3,AFR61BE,1
39de41,TVF63XK,1
44061b,EJU34WN,1
39de4b,TVF63XK,1
440083,EJU34WN,1
39de42,TVF63XK,1
abcf58,FDX5023,1
ab96a4,FDX5025,1
440102,TAY838P,1
ac10d8,FDX97,1
39666f,FPO45,1
346188,VLG1507,1
345102,VLG1505,2
39e688,AFR1766,1
39e688,AFR81WM,1
39e688,AFR72UG,1
39e68d,AFR72UG,1
39e691,AFR42GA,1
440cbe,EJU45RX,1
398601,AFR1178,1
440159,EJU91UF,1
398578,AFR98VD,1
4402ae,EJU45RX,1
398577,AFR98VD,1
39de57,TVF95YW,2
440072,EJU45RX,1
4401fa,EJU4821,1
39856e,AFR1178,1
490d81,NJE944P,1
398495,CCM95BM,1
39dd41,CCM95BM,1
398640,CCM52RF,1
3985a9,AFR69YK,2
440b30,TAY5LC,1
440d90,TAY5LC,1
3481c4,VOE1683,2
3444da,VLG20H,1
346047,VLG20H,1
346183,VLG20H,1
440196,FDX4463,3
440c1b,TAY4KW,1
440356,TAY5DN,1
440cec,TAY3RQ,2
4d2537,ALE80,2
4d02dc,JFA06F,1
491188,NJE271R,1
39de47,TVF49FP,1
44083c,EJU37WM,1
3472c3,VLG2KG,1
39ceab,TVF7468,1
39d30c,TVF7468,1
347257,VOE6ZG,1
39bdb8,AFR364V,1
39bdb7,AFR364V,1
4bcdac,SXS5VL,1
4bcda5,SXS5VL,1
4bcda4,SXS5VL,1
4d02c6,JFA50C,1
494112,NJE235E,1
39984f,FYL58CP,1
4d02ad,JFA82H,1
4d2389,FJO64J,2
3ca9a5,AZE788P,1
4402db,EJU13BW,1
44046d,EJU13BW,1
39bcf7,VLJ097Z,1
4d223a,RYR2RV,1
471fa1,WZZ631R,1
471fa0,WZZ631R,1
4d242d,WZZ631R,1
4d221e,RYR2RV,1
4a2095,TOY15,3
4d221e,RYR6RZ,1
4d223a,RYR6RZ,1
4ca9cf,RYR6RZ,1
3001ca,LSA213,1
4d2091,LWG19B,1
3cd90e,PTN17A,1
4ca88c,RYR8973,1
4d2387,RYR8973,1
459744,MMD1384,2
4952cf,TAP66PD,1
49526a,RZO120,1
4952d0,TAP1860,1
495149,TAP66PD,1
49526a,RZO4021,1
49526b,RZO128,1
49514e,TAP66PD,1
4952c3,TAP66PD,1
495150,TAP66PD,1
49526d,RZO124,1
49526b,RZO512,2
505ed4,ELJ301,2
3cdd21,LHB3,1
4ca24d,RYR87XJ,1
48c132,RYR87XJ,1
4d23f9,RYR87XJ,1
4cae67,RYR7976,1
48c12f,RYR7976,1
4ca24d,RYR7976,1
4cae68,RYR7976,1
4ca61c,RYR97UM,1
4d225b,RYR97UM,1
4d2208,RYR97UM,1
4cae9d,RYR97UM,1
4cafc1,RYR97UM,1
471f6a,WZZ4014,1
471fa0,WZZ4014,1
4cafd1,RYR68LB,1
48c22f,RYR68LB,1
4d2067,WZZ4014,1
440005,EJU13LR,1
49d5ef,TVS6UX,2
4401dc,EJU13LR,1
49d053,DFC2CE,2
34714e,VOE9FP,2
4cada3,RYR265A,1
4d22ad,RYR265A,2
4d22b6,RYR265A,1
4cade4,RYR265A,1
4925b0,JME680C,1
494989,JME514K,2
4d2264,RYR5047,1
49410d,NJE298L,1
4cafd1,RYR5047,1
4ca75f,RYR5047,1
4cae6a,RYR5047,1
4d248d,WZZ4EN,1
4d2434,WZZ4EN,1
4cad2b,RYR35YQ,1
48c2b8,RYR35YQ,1
4d2265,RYR35YQ,1
4ca700,RYR35YQ,1
49526d,RZO175,1
49526b,RZO175,1
4ca24d,RYR3SU,1
4cae9a,RYR3SU,1
490d08,NJE495N,1
48c233,RYR190Y,1
4d2382,RYR190Y,1
48c122,RYR88BA,1
4cae53,RYR88BA,1
4caeca,RYR88BA,1
48c222,RYR88BA,1
4ca24f,RYR88BA,1
4cadfd,RYR9076,1
4d2302,RYR9076,1
4cae53,RYR9076,2
4cae53,RYR11TZ,2
4ca24f,RYR11TZ,1
4d2222,RYR11TZ,1
4cae53,RYR8823,1
4a0441,KRP476,2
4d223b,RYR951,1
48c5e4,SRN1987,1
4d24ba,KMM539,1
4d21a2,KMM539,1
49d38c,TVS6N7,3
4d2406,EWG6T,1
504e86,FIA5231,1
484f6c,TRA052,1
4692cc,AEE517,1
48e9f5,RYS9729,1
4692d7,AEE517,1
4d223f,RYR172V,1
4cada3,RYR172V,1
440005,EJU16UZ,1
49d5ef,TVS42L,2
4401dc,EJU16UZ,1
3ce52c,PWF80,1
49d045,NTF65T,2
4d2220,RYR27NH,1
4cae56,RYR27NH,1
44001f,EJU62MZ,1
4ca810,RYR5831,1
4bcdae,SXS27Y,1
3461ce,VOE7BU,2
491d99,NJE684R,1
49d63b,TVS34J,1
49d0bd,OKTNT,3
44c061,PGC29W,1
4d00ca,LGL84VH,1
49d5ee,TVS1RM,1
49d04d,TVS1RM,1
490d81,NJE430Y,1
49d353,TVS78J,1
471efd,WZZ4578,1
471efc,WZZ4578,1
3451d5,VLG1AJ,1
345645,VLG1AJ,1
345659,VOE3UX,4
347258,VOE3UX,1
345659,VOE85VT,2
347258,VOE2WE,3
347258,VOE6RZ,2
345659,VOE6RZ,1
347258,VOE4HJ,1
345659,VOE4HJ,1
346610,VLG505P,1
348213,IBB6KL,1
348306,IBB6KL,1
348212,IBB6KL,1
344698,VLG55YJ,1
4ac929,SERII,1
471d5b,WZZ1CP,1
4d24ae,WZZ1CP,1
48c225,RYR7105,1
4d2275,RYR7105,1
4d208d,9HFAE,2
4d2216,RYR8527,1
4d2275,RYR8527,1
4d2275,RYR6KU,2
4d2275,RYR8603,1
4d2237,RYR8603,1
4cadbe,RYR11AU,1
4ca8d8,RYR11AU,1
4caecb,RYR8PY,1
3e32f6,XRO1105,1
4caecb,RYR252K,1
440bc4,BCS94Q,1
440bcf,BCS94Q,1
440bc8,BCS5781,1
06a1d3,QQE581,1
502d9f,BTI657,1
4cad0f,RYR65KL,1
4cae6a,RYR65KL,1
502dae,BTI8KA,1
4cae96,RYR65KL,1
502ce4,BTI8KA,1
502d5f,BTI629,2
502cc7,BTI629,1
502cce,BTI629,1
48c223,RYR63AD,1
4d24ca,RYR63AD,1
4d244a,RYR35JG,1
4caf2a,RYR35JG,1
3451d6,SWT2KR,2
508404,SEU8640,1
4d244b,RYR77AH,2
4cadff,RYR77AH,1
4cae64,RYR77AH,1
502ce3,BTI9811,1
4d222b,RYR445D,1
30093a,TJD265,4
4d24f0,SWU1919,2
4d202d,SWU1919,1
48c122,RYR7EU,1
4cae53,RYR7EU,1
4caeca,RYR7EU,1
48c222,RYR7EU,1
4ca24f,RYR7EU,1
4ca8f5,ITY1675,1
4ca8f4,ITY1675,1
4ca973,ITY1679,1
485123,TRA3036,1
4854c7,TRA084,1
4841a9,TRA1W,2
4853d2,TRA1W,1
4caefb,ITY1267,1
4ca783,ITY1263,1
4cad52,ITY1271,1
4cad5b,ITY1267,1
4cade9,ITY1263,1
300a3b,ITY1267,1
4caf1d,ITY1269,1
471f81,WMT3UW,1
4d245c,WMT3UW,1
4cac89,RYR523R,1
4ca24c,RYR523R,1
4ca9a9,RYR523R,1
4d248e,WMT6UP,1
4d241f,WMT6UP,1
33fff9,IAM3169,3
471f75,WMT967,1
49410d,NJE582P,1
4d02c4,JFA34N,1
4d2233,RYR2427,1
4ca708,RYR2427,1
4d2233,RYR404A,1
4ca708,RYR404A,1
3dbc00,PTO1185,1
4404e9,OEGGM,1
3cce03,DWW817,1
48661d,PHGKO,1
48686d,PHRTM,1
44a247,OOHRG,4
44846f,OOACO,1
4d02e0,JFA32N,1
348345,SWT620P,1
4405b6,EJU68DF,1
440c36,EJU68DF,1
4d20e1,AXY840Y,1
3aabf8,FMY8040,1
3aabfc,FMY8050,1
395d6d,BGA123N,2
395d69,BGA123J,2
395d69,BGA127J,1
4d02dc,JFA17R,1
4d02d8,JFA24B,1
4d02d8,JFA83E,1
493290,NJE440G,1
48520d,TRA72L,1
4853d3,TRA6972,1
484c59,TRA6972,1
484506,TRA6972,1
4854cd,TRA6C,1
440658,MOZ10,3
4404d8,GAC090V,1
440124,OEFHL,1
4d23c8,VJT678,3
494118,NJE086A,1
4aca4a,NSZ4472,1
4ac9e5,SAS2666,1
4ac9e2,SAS2916,1
4d253b,EWG5074,1
4aca13,NSZ3595,1
4cad86,SAS2624,1
4cad92,SAS2624,1
4aca0b,NSZ3595,1
4caf82,SAS2610,1
4cac79,SAS6274,1
4acaa1,SAS7246,1
4cad42,SAS2620,1
47ba0d,SAS2624,1
4cae8e,SAS7978,1
4aca14,NSZ9739,1
4d2414,EWG5060,1
4aca15,NSZ3593,1
4d0293,LRQ072B,1
4cae49,RYR925D,1
4d2212,RYR925D,1
4d2414,EWG4342,1
4d2413,EWG4342,1
46bc55,AEE241,1
46cd38,SEH311,1
46bc4e,AEE241,1
46bc38,AEE243,1
46bc4b,AEE247,1
46bc4e,AEE247,1
34758f,NAY5YM,1
3451ca,RSC6PN,1
346581,NAY92KE,1
342104,IBS15QW,1
359645,MRL56,1
35964b,MRL54,1
359644,MRL58,1
359647,MRL55,1
35964a,MRL57,1
35360a,AZOR01,2
a4cea8,N409GB,3
3c1baf,BCS198,1
3c5426,BCS73B,1
3c5421,BCS73B,1
3c542e,BCS198,1
3c5423,BCS6MP,1
3c5421,BCS6MP,1
3c542e,BCS6MP,1
3c5430,BCS6MP,1
4d209e,BCS4126,5
3c5424,BCS76K,1
3c5423,BCS76K,1
4cae23,BCS76K,1
4cae26,BCS76K,1
4cae28,BCS76K,1
452084,BCS7XA,1
452051,BCS5959,2
4520f9,BCS5959,1
3c55c6,EWG1169,1
8940b9,DHX755,2
440bc6,BCS138,1
440bc8,BCS138,1
3474ce,BCS136,1
8940d1,DHX755,2
440409,BCS138,2
452051,BCS136,1
3c542e,BCS134,1
4cae24,BCS67R,1
4cae23,BCS860,1
8940cc,DHX755,1
3c70aa,BCS120,2
3c4584,BOX118,2
341119,BCS116,1
3c71a1,BCS120,1
3c4583,BOX118,1
440bc4,BCS844,1
3c70b5,BCS71C,1
44eaae,AAB45Z,2
34310d,BCS116,1
3c5428,BCS851,1
3c4582,BOX118,1
3c5424,BCS55G,1
3c4ec7,BCS90Y,1
440189,BCS2EV,2
440058,BCS2EV,1
3c5432,BCS90Y,1
3c5424,BCS90Y,1
440304,BCS2EV,2
3c5422,BCS90Y,1
440bc3,BCS1260,1
3c5434,BCS90Y,1
3c5422,BCS2EV,1
440409,BCS162,1
3474ce,BCS4PK,1
440bc8,BCS166,1
440bc3,BCS162,1
3c542e,BCS838P,1
3474cb,BCS4PK,1
440bcf,BCS166,1
440bc1,BCS162,1
440bbf,BCS166,1
440bc4,BCS166,1
440bc0,BCS162,1
3c1baf,BCS4PK,1
440bcc,BCS166,1
3c7dc5,UNI151,1
4caed4,BCS5916,1
4caed4,BCS5914,1
440bcd,BCS5916,1
440bbf,BCS5914,1
3c1baf,BCS5916,1
3c5431,BCS5916,1
341119,BCS5916,1
3c5425,BCS20A,1
452130,BCS832P,1
3c5428,BCS20A,1
440bc4,BCS83C,1
3c542c,BCS20A,1
440bc2,BCS83C,2
3c542d,BCS20A,1
440bc7,BCS20A,1
4cae22,BCS87L,1
48a5f0,SRN773P,1
3c542c,BCS3LF,1
3c1bb0,BCS3LF,1
3c5430,BCS843P,1
3c5430,BCS3LF,1
3c5432,BCS3LF,1
3c5424,BCS3LF,1
440bcc,BCS6RU,1
440bc6,BCS6RU,1
4cae21,BCS26N,1
3c5434,BCS831P,1
3c542c,BCS26N,1
3c1bb0,BCS26N,1
3c5421,BCS26N,1
440bbf,BCS26N,1
346319,SWT7510,4
4d2341,BCS2882,4
4cae28,BCS5QC,1
488912,BNI5T,2
4d2409,EWG24G,1
511170,MBU7MX,1
511172,MBU7MX,1
4d2085,EWG24G,1
48a2b3,BNI5U,2
490d82,NJE714Y,1
3cc246,AWH13G,1
4d02d9,JFA08M,1
491d87,NJE718A,1
4cada8,ITY1281,2
4ca973,ITY1297,1
4cad5c,ITY1299,1
4caaa7,ITY1297,1
4caefc,ITY1299,1
4caefe,ITY1287,1
4ca973,ITY1285,1
3003f5,SIO615,3
ab1239,N812QS,1
4caeff,ITY8007,1
505dac,ELJ405,1
490d05,NJE956D,2
399a28,VLJ633F,2
493295,NJE182D,1
3c6674,DLH77X,1
3c664d,DLH77X,1
3c648c,DLH77X,1
3c666f,DLH77X,1
495211,TAP11SV,1
440201,TAY4VQ,1
49521a,TAP1105,2
495210,TAP11VP,1
4d2263,RYR78MG,1
495297,TAP11VP,1
495038,TAP11SV,1
495216,TAP11SV,1
495216,TAP11VP,1
495299,TAP11SV,1
495219,TAP11VP,1
4cafb3,RYR78MG,1
4d24b2,WMT9BQ,1
471f04,WMT9BQ,1
4d2420,WMT9BQ,1
4d22be,RYR90AL,1
4d22bb,RYR90AL,1
4d223f,RYR91QT,1
4cada3,RYR91QT,1
4d225c,RYR6BD,1
4ca708,RYR6BD,1
48c121,RYR626W,1
4caf34,RYR626W,1
48c12d,RYR626W,1
48c2a2,RYR88DG,1
4d234d,RYR88DG,1
48c2a4,RYR88DG,1
3444c8,VOE2139,1
39ceb8,TVF4885,1
39cea3,TVF4885,1
3465d9,VOE2139,1
48c2a4,RYR18YD,1
4d226f,RYR18YD,1
48c223,RYR18YD,1
4ca4f4,RYR18YD,1
4d23fb,RYR41PP,1
4409fc,OEDDD,1
440af6,OEDCC,1
4867c4,KLM9894,1
4cade3,RYR2GP,1
44031b,OEIHY,1
4d2250,RYR2GP,1
4d2502,RYR13HV,1
48c2ad,RYR13HV,1
4cade5,RYR13HV,2
4acac4,SWE71U,1
46d276,SEH6KU,2
469596,SEH6UG,1
46b8b2,AEE6LU,1
4692ce,AEE6LU,1
4692da,AEE764,1
46b82b,AEE764,1
46bc53,AEE6SM,1
46cd38,SEH1AZ,1
46d2ef,SEH1AZ,1
4d24cc,RYR32PQ,2
4d227e,RYR32PQ,3
502cd7,BTI612,1
502d5b,BTI612,1
46bc54,OAL052,1
46d2ef,SEH2ZT,1
46ced4,SEH2ZT,1
46bc4e,OAL052,1
469534,SEH2ZT,1
46bc55,OAL052,1
46cd38,SEH2ZT,1
347319,NAY7051,1
3c56f4,EWG1CM,1
3c0acb,CFG9FL,1
3c49d5,EWG1CM,1
4acac5,SWE33A,1
4cad86,SAS53C,1
4ac9f8,SAS41K,1
4ac9ec,SAS39C,1
45d068,VKG4538,1
4ac9f9,SAS2645,1
4caddb,SAS2645,1
4cacb6,SAS2645,1
4d2088,EWG7219,1
4cae8e,SAS2645,1
4cac9f,SAS2647,1
48c2b1,RYR66VV,1
48c223,RYR66VV,1
4d24ca,RYR3YK,1
4aca8f,NSZ3YT,1
4aca87,NSZ3YT,1
4d2272,RYR9RV,1
4cac23,RYR9RV,1
4aca89,NSZ4269,1
3cc246,AWH72A,1
46b8ad,AEE761,1
4ac9e2,SAS38H,1
46b8b6,AEE761,1
4aca4a,NSZ4471,1
4cad94,SAS7881,1
4ac9e5,SAS2665,1
4ac9ee,SAS7201,1
4cae8e,SAS7977,1
4aca53,NSZ4473,1
4ac9e2,SAS2915,1
4d253b,EWG7KY,1
4d253b,EWG5142,1
494113,NJE995C,1
493294,NJE691C,1
49514f,TAP783,1
47c1f7,NSZ2WK,1
4951ce,TAP781,1
4952c8,TAP783,1
4952cd,TAP783,1
4acb03,NSZ2WK,1
4951d4,TAP781,1
4cad92,SAS2847,1
47bb0a,SAS47J,1
4acb04,NSZ75Z,1
4d2346,RYR559V,1
4cae49,RYR559V,1
4ab349,SCQZ4B,2
34714e,VOE69LA,2
4d200a,AJO622,1
392da7,TJT030P,1
3c0d0c,TUI74K,1
3c5eee,EWG5AM,1
3e3f1e,AWH92C,1
3e198a,AWH97C,1
471f03,WMT6AE,1
471f04,WMT6AE,1
4691c1,AEE809,1
3474cb,BCS1444,1
3cc23c,PWF106,1
3c56f2,EWG7Z,2
3c49ce,EWG7Z,1
4bcdb6,SXS8VW,1
4bcdae,SXS8VW,2
4bcdd5,SXS78P,1
4bb84a,PGT71BE,1
4bce15,SXS78P,1
3d83db,DFWEL,1
49410c,NJE7RF,1
48ad87,LOT3932,1
48ad19,LOT3932,1
48ad82,LOT9KM,1
471db7,WMT7001,1
471f55,WMT7001,1
490d02,NJE168P,1
4cae6c,RYR3ZF,1
4caecc,RYR3ZF,1
471f36,WZZ35LC,1
471d5b,WZZ35LC,1
4d241c,WZZ35LC,1
4d251d,RYR8903,1
4d2347,RYR8903,1
502d96,BTI8ZF,1
490d84,NJE241G,1
502ce5,BTI8ZF,1
502ce5,BTI2YH,1
502cc8,BTI2YH,1
502d5d,BTI2YH,1
502d5c,BTI2GA,1
502d58,BTI2GA,1
344304,IBE0034,1
344345,IBE0034,1
4601f8,FIN1046,1
3451ca,RSC90HD,1
345389,RSC33RU,1
347282,NAY28SR,1
343397,CNF546L,1
3430cc,VLG26PB,1
347647,IBB78HH,1
348212,IBB87AC,1
345616,RSC47RL,1
3452ca,IBB4152,1
346184,VLG5GX,1
471d65,WZZ2UM,1
4cac55,RYR9243,1
4d2221,RYR60KJ,1
48c12c,RYR60KJ,1
4d200f,WZZ2UM,1
4691c2,AEE552,1
4690e4,AEE552,1
4692d8,AEE560,1
4692d7,AEE560,1
469596,SEH6KU,1
4692cc,AEE516,1
4692d7,AEE516,1
4d21ed,RYR8JL,1
4d220c,RYR8JL,1
3420c6,BCS34W,1
3474ce,BCS34W,1
3481c9,BCS34W,1
4cac55,RYR76LN,1
4d207d,RYR76LN,1
a0aabb,DEKTP,1
395d6d,BGA112N,2
395d69,BGA112J,2
395d6d,BGA212N,1
4d222e,RYR12YM,1
34714d,VOE9224,1
4d2244,RYR12YM,1
39b40a,NAK010,4
4ca448,IRL290,2
4404d8,GAC016C,1
49d5ee,TVS8SN,1
49d04d,TVS8SN,1
39c8ce,FHSGO,1
392441,FGJCB,1
39a982,FHKMC,1
39d565,FHVLF,1
4b9068,PGT1954,1
4baa0d,THY5SC,1
4bb86f,PGT1954,1
4bb84c,PGT1954,1
4bcdb0,SXS9ZF,1
4bb854,PGT4LX,1
4ba8d5,TKJ9DU,1
506cde,S5CSS,6
4caee7,RYR64QD,1
4d2256,RYR70GF,2
4cae92,RYR70GF,1
4ab56b,SAS2727,2
4ab564,SAS2727,1
4ab563,SAS4231,1
4ab568,SAS2727,1
4ab568,SAS4231,1
4ab56b,SAS4231,1
4b9068,PGT1953,1
4bb86f,PGT1953,1
4bb84c,PGT1953,1
4bab54,TKJ2KL,2
4bbd03,TKJ2KL,1
4bb85a,PGT1869,1
4bb864,PGT1863,1
4bcca9,SXS7A,1
4bcca9,SXS9C,1
4b9068,PGT1956,1
4d20bd,WZZ8EZ,1
4d242d,WZZ8EZ,1
4ca911,RYR81CY,1
4d24cb,RYR65CR,1
4d226a,RYR65CR,1
4d223a,RYR65CR,1
3442cb,ANE322J,1
4cad39,RYR1769,1
49520f,TAP10EV,1
495217,TAP1097,1
347258,VOE5KT,1
a4cc03,N408TA,2
4caecb,RYR6238,1
506c34,AEH802,1
48c235,RYR93YD,1
4d24ca,RYR93YD,1
4d244a,RYR6PL,1
4caf2a,RYR6PL,1
4d24ba,KMM538,1
4d21a2,KMM538,1
4d21dc,KMM352,2
4cad29,RYR22KP,2
440bc1,BCS7925,1
4caa5a,RYR22KP,1
4cae95,RYR22KP,1
48c129,RYR4527,1
48c223,RYR4527,1
4d2233,RYR3694,1
4ca708,RYR3694,1
48c2b1,RYR81KT,1
48c223,RYR81KT,1
4d24ca,RYR8959,1
300611,SLJ302,1
4d244a,RYR6ME,1
4cae4a,RYR6ME,1
4cae53,RYR9JN,2
4ca24f,RYR9JN,1
4d2222,RYR9JN,1
4cae53,RYR1HA,1
440bc1,BCS7923,1
440bc8,BCS7923,1
4d00c3,LGL986,1
48c1a7,RYR71XK,1
4d23fa,RYR71XK,1
4d00d6,LGL42,1
4d00db,LGL986,1
48c2a4,RYR5BZ,1
4d226f,RYR5BZ,1
48c223,RYR5BZ,1
4ca4f4,RYR5BZ,1
48c2ae,RYR19EZ,1
4d21dc,KMM376,1
501c2b,JSY2E,1
4d21db,KMM376,1
4d244a,RYR47AP,1
4caf2a,RYR4QY,1
4d244a,RYR96JP,1
4d24ca,RYR96JP,1
4cae4a,RYR96JP,1
48c2a8,RYR3ZN,1
4ca73a,RYR3ZN,1
4690e4,AEE731,1
491d8d,NJE024T,1
4d24cc,RYR4JA,1
4691c3,AEE731,1
4d227e,RYR93CV,1
4d234a,RYR4JA,1
440bce,BCS3EC,1
4cac1e,RYR863B,1
471838,JSF759,2
4d244a,RYR863B,1
48c233,RYR32BY,1
4d2382,RYR32BY,1
4d0242,FYL57VC,1
501c44,CTN5NL,3
4868a6,KLM48X,2
486803,KLM48X,1
48548d,KLM32E,1
4855d2,KLM32E,1
501c38,CTN5NL,1
486494,KLM48X,1
485779,KLM32E,1
4864ea,KLM48X,1
501c4a,CTN5NL,2
486800,KLM32E,1
501c49,CTN4408,1
501c3b,CTN4408,1
501c43,CTN4408,1
4d2302,RYR59TU,1
4d22b7,RYR59TU,1
4d22c1,RYR59TU,1
494102,NJE790U,1
49410f,NJE130L,1
48ad80,LOT6ER,1
48ada2,LOT6VL,1
48ad81,LOT6ER,1
48ada7,LOT6VL,1
48ad02,LOT6ER,1
48ad82,LOT6ER,1
501c3b,CTN456,1
501c4a,CTN456,1
501c3b,CTN4456,1
501c43,CTN4456,1
501c38,CTN456,1
501d18,CTN4456,1
4d2218,RYR520K,1
4d22b0,RYR520K,2
4d22ca,RYR520K,1
4d225e,RYR3827,1
4d22b7,RYR89SD,1
4d22ca,RYR89SD,1
4d22b0,RYR78EK,1
30080f,ICCAB,1
4d21fd,RYR3038,1
451dad,BCS943,3
451dad,BCS947,1
4d2265,RYR441J,1
4d2274,RYR1WJ,1
4d2220,RYR441J,1
4cad28,RYR441J,1
48e9f5,RYR2327,1
4cad3d,RYR2328,1
49d60d,ECC601,2
4d20fb,WMT8HW,1
4d2092,WMT8HW,1
4d2092,WMT4RP,1
4d20fb,WMT4RP,1
3c5eef,EWG5E,1
3c56f6,EWG5E,2
501e45,JSY1C,1
4a5065,YRTCE,1
3ccd44,IFA6095,1
494111,NJE322L,1
440826,AUA117,1
440825,AUA119G,1
44082c,AUA117,1
440824,AUA117,1
44081d,AUA119G,1
4d22be,RYR55CP,1
4d22bb,RYR55CP,1
45ce46,ITY9481,1
440052,AUA38S,1
4d22ae,RYR6XF,1
4d22b3,RYR6XF,1
440606,AUA38S,1
4d22b4,RYR6XF,1
4cada3,RYR170B,1
4d22ad,RYR170B,2
4d22b6,RYR170B,1
4cade4,RYR170B,1
4cabc7,ABR3IE,2
4caca1,ABR3IE,1
440a8a,AOJ97M,1
44022d,AUA36P,1
4bcd81,SXS1AY,1
4bcded,SXS1AY,1
4bce12,SXS1AY,1
4bcdb3,SXS8CC,1
4bce05,SXS1AY,1
4951d9,TAP1273,1
4d22b6,RYR84SQ,1
49514c,TAP71VE,1
4d22b4,RYR84SQ,1
4952a5,TAP71VE,1
4d22bf,RYR84SQ,1
49514f,TAP71VE,1
4952c6,TAP1273,1
4951d3,TAP1273,1
4d22c2,RYR84SQ,1
3451da,ANE71UE,1
3444d1,VLG4MG,1
348208,VLG18DT,1
344445,EVE7814,1
347690,VLG18DT,1
345543,ANE3009,1
3475c9,PVG1923,1
452051,BCS71R,2
471db7,WZZ1VJ,1
4d24ad,WZZ1VJ,2
471db7,WZZ69BE,1
4cadbb,RYR8HA,1
4d24b3,WZZ15PF,1
4cadbb,RYR67AX,2
4d24ad,WZZ15PF,1
471db7,WZZ15PF,1
48ea4e,RYR8365,2
502d7c,BTI3CX,1
4cae49,RYR6EA,1
48c130,RYR6EA,1
4d20bd,WZZ33SW,1
4d242d,WZZ33SW,1
48ad86,LOT6LH,1
489789,LOT6LH,1
48ad0d,LOT6LH,2
48ad87,LOT5VN,1
48ad83,LOT6PH,1
48ad81,LOT6LD,1
48ada7,LOT6PH,1
48ad82,LOT6LD,1
48adad,LOT7NA,1
39bda1,AFR63TL,1
489789,LOT3995,2
48ad0f,LOT3993,1
48ad02,LOT3995,1
48ad03,LOT3995,1
4d223a,RYR48JK,1
471fa1,WZZ4,1
4ca263,RYR48JK,1
4d242d,WZZ4,1
471f6a,WZZ935,1
471fa0,WZZ935,1
4cafd1,RYR8SF,1
48c22f,RYR8SF,1
4d2067,WZZ935,1
4d2433,WZZ8KE,1
471fa0,WZZ8KE,1
4d242b,WZZ8KE,1
4bd159,CAI4KZ,1
4bcd82,SXS11J,1
4892c5,ENT4001,1
4bcdf9,SXS11J,1
4bb565,CAI17SE,1
48af0e,LOT6341,1
3e49e8,ATU100,1
4952c3,TAP1207,1
4952ce,TAP120R,1
4d204a,WZZ37LF,1
48e95e,LOT425,1
49514f,TAP1207,1
48e95b,LOT425,1
48e95f,LOT425,1
4952c4,TAP120R,1
4952c9,TAP120R,1
48af0b,LOT425,1
4d200e,WZZ37LF,1
3e198a,AWH91B,1
494102,NJE063G,1
4d2369,RYR81QQ,1
4cae67,RYR81QQ,1
4ca264,RYR81QQ,1
4d2503,RYR81QQ,1
4cad2b,RYR52PL,1
48c2b8,RYR52PL,1
4d2265,RYR52PL,1
4ca700,RYR52PL,1
4d2225,RYR329,1
a2de6c,N284SE,2
449ca5,OOGEE,3
493296,NJE017U,1
49328e,NJE558B,1
3cefc0,PVD416Z,1
4d0281,JFA72Z,1
4d20b1,WZZ3705,4
4855d2,KLM26U,1
484c1b,KLM30D,1
4853f4,KLM26U,1
484cc3,KLM26U,1
48548c,KLM30D,1
4852f6,KLM26U,1
484cc3,KLM30D,1
484b32,KLM30D,1
484b32,KLM26U,1
48c2b9,RYR833H,1
4d234c,RYR833H,3
48c22d,RYR833H,1
4cae67,RYR4423,1
48c132,RYR4423,1
4ca24d,RYR4423,1
4cae68,RYR4423,1
471fae,WZZ1069,1
471d5b,WZZ1069,1
471fae,WZZ23DC,2
471d5b,WZZ23DC,1
4d234c,RYR727L,1
48c12f,RYR727L,1
489228,ENT7TM,1
4cae68,RYR727L,1
4ca8d7,RYR727L,1
48c22f,RYR9UA,1
4ca302,RYR9UA,1
469534,SEH3TH,2
46bc54,OAL053,1
46ced4,SEH3TH,1
46bc55,OAL053,1
46cd38,SEH3TH,1
3859fb,FWMXB,1
4d2124,HAT4218,1
44028c,EJU57PR,1
4caed4,BCS95W,1
440ca9,EJU57PR,1
4baa6c,THY3BM,2
4bb294,TKJ4XU,1
4bb289,THY69L,1
4b9e06,TKJ5UF,1
4baa69,THY3BM,1
4baa67,THY6QL,1
4baa6f,THY9FN,1
4bb28e,THY69L,1
4bb2a3,TKJ5UF,1
4baa55,THY3BM,1
44b2ad,BAF85,1
485061,TRA98W,1
3c542b,BCS25C,1
34310d,BCS115,1
3c4584,BOX117,1
3474cb,BCS3QL,1
440bc2,BCS25C,1
341119,BCS92P,1
341119,BCS115,1
440bc0,BCS25C,1
347301,BCS92P,1
3c71a7,BCS6TP,1
452130,BCS3QL,1
34310d,BCS92P,1
440bc8,BCS25C,1
3c1bae,BCS92P,1
3c5430,BCS6GA,1
3c1bae,BCS6GA,1
44cc41,BEL8RD,1
3c542a,BCS6GA,1
44ce6e,BEL5BN,1
44ce77,BEL8RD,1
3c5429,BCS6GA,1
44ce6c,BEL5BN,1
3e1c91,BFX41Z,1
44d071,BEL5EN,1
346147,IBE06VA,1
346147,IBE05GG,1
34840a,AEA62ZY,1
34840a,AEA32SQ,1
44d068,BEL2FM,1
44d068,BEL5EN,1
44cdcf,BEL3KK,1
344481,IBE06EW,1
4d2348,RYR50BB,1
a6e055,LCO3613,1
44cdcd,BEL3KK,1
344417,IBE05GG,1
348541,AEA62ZY,1
348541,AEA32SQ,1
44d076,BEL2FM,1
3c1bae,BCS41E,1
342189,IBE06VR,1
44cc45,BEL6LX,1
4ca564,RYR50BB,1
48c2ac,RYR1JG,1
44cdce,BEL5EN,1
342107,IBE06VA,1
34444b,IBE06EW,1
440bcd,BCS491,1
440bc1,BCS491,1
440bc6,BCS491,1
440bc7,BCS491,1
440607,AUA22D,1
440608,AUA296,1
44cdd0,BEL3XW,1
44082b,AUA29V,1
44ce78,BEL7VN,1
440824,AUA22D,1
440826,AUA296,1
44cdc9,BEL5RA,1
44ce72,BEL7VN,1
44ce6f,BEL3XW,1
440821,AUA29V,1
44ce62,BEL5RA,1
44ce76,BEL7VN,1
4cabda,SAS62A,1
44d068,BEL7WA,1
45ac54,SAS594,1
4acaa2,SAS1596,1
44cdc2,BEL1ZT,1
44d076,BEL5EP,1
452112,BCS7NC,1
44ce75,BEL5EP,1
4ac9f4,SAS1596,1
4cad91,SAS594,1
44ce61,BEL1ZT,1
4cad89,SAS43M,1
44cdce,BEL7WA,1
4cad94,SAS62A,1
44cc43,BEL9FL,1
44cdc6,BEL1HS,1
44ce6f,BEL2JZ,1
4cac7b,SAS66P,1
44ce66,BEL2JZ,1
44cc42,BEL9FL,1
44cc42,BEL1HS,1
4ac9f5,SAS66P,1
485876,KLM58G,1
486804,KLM96D,1
485206,KLM82A,1
48440f,KLM9858,1
485814,KLM82A,1
4855d0,KLM96D,1
485876,KLM28H,1
485a81,TFL062P,1
485779,KLM9936,1
4caaa8,ITY153,1
44cdd1,BEL6ZH,1
300a3a,ITY151,1
44ce6c,BEL5NI,1
44cdd0,BEL5WE,1
440036,EJU69HX,2
440036,EJU67KM,3
44ce76,BEL6ZH,1
44cdca,BEL5NI,1
4caf1d,ITY151,1
44ce78,BEL5WE,1
44ce6f,BEL5NI,1
34744d,VLG3YG,1
34744d,VLG4LK,2
44cdc8,BEL9QH,1
44ce62,BEL3FJ,1
4ca97c,RYR2BQ,1
345645,VLG8985,1
34768d,VLG76MF,1
4ca6fc,RYR2BQ,1
34744d,VLG76MF,1
440bc5,BCS1MU,1
347695,VLG8985,1
4d2219,RYR44JB,1
34440b,VLG3YG,1
44cc41,BEL3FJ,1
44cc41,BEL9QH,1
44cdd1,BEL8QB,1
44cdce,BEL6FP,1
3c6583,DLH4Y,1
44cdcf,BEL8ZB,1
a73e2f,LCO1513,1
44ce6e,BEL2SR,1
44cdc2,BEL2LG,1
44d076,BEL3DQ,1
44cdc9,BEL6FP,1
a6cf20,LCO1514,1
44cdd0,BEL2LG,1
44cdd0,BEL8ZB,1
44cdd1,BEL2SR,1
44ce77,BEL3DQ,1
44ce6f,BEL8QB,1
e80422,LCO3617,1
44ce77,BEL8ZB,1
3c65da,DLH4Y,1
44cdc6,BEL1ZK,1
44ce61,BEL1EX,1
44cdc5,BEL8CE,1
44cdcd,BEL8CE,1
44cdce,BEL1ZK,1
44cdd1,BEL9DL,1
44ce6c,BEL1EX,1
44ce6e,BEL8CE,1
44ce78,BEL1ZK,1
44cdc6,BEL1YC,1
440065,EJU34GM,1
440065,EJU61FR,1
4cad57,ITY165,2
44ce6e,BEL3WD,1
4d2213,RYR8CB,1
44cdc5,BEL8KA,1
44cdc8,BEL3WD,1
4cae1c,ITY159,2
44d076,BEL8KA,1
4ca811,RYR14FQ,1
44d071,BEL1YC,1
440484,EJU61FR,1
040131,ETH751,1
440589,EJU61FR,1
490d0c,NJE474V,1
440589,EJU34GM,1
39d314,TRA37G,1
44cdca,BEL6EP,1
39d30d,TRA37G,1
44d1ba,JAF3WK,1
4cae5a,RYR54GG,1
44cdc2,BEL6EP,1
39d308,TRA37G,1
44083b,EJU62JK,1
44cdca,BEL1EZ,1
44cdc8,BEL7JV,1
3443d2,VLG83VU,1
4ca911,RYR2302,1
44cc42,BEL8NV,1
485061,TRA96N,1
345107,VLG29AZ,1
4854c7,TRA35W,1
449682,JAF8AW,1
3424d4,VLG29AZ,1
44cdc6,BEL8NV,1
39d308,TRA35W,1
502ce4,BTI6C4,1
502ce6,BTI60L,1
502d0d,BTI6C4,1
44ce62,BEL2PN,1
3c644e,DLH2PH,1
44ce72,BEL9EV,1
44cdc9,BEL4HU,1
44ce6c,BEL7LF,1
44ce76,BEL7TC,1
49328b,NJE570C,1
44cdc9,BEL7LF,1
44ce6c,BEL7TC,1
44ce66,BEL9EV,1
44ce72,BEL2PN,1
3c6757,DLH2PH,1
44ce6f,BEL5GR,1
44cdc2,BEL4HU,1
44ce72,BEL7TC,1
3c644b,DLH2PH,1
44ce77,BEL2PN,1
3c61e9,VJH792,2
44d1a7,JAF091P,1
44d071,BEL5BS,1
44d076,BEL3ZY,1
44cc45,BEL3ZY,1
44cc41,BEL5BS,1
44ce61,BEL3UC,1
44ce75,BEL4DQ,1
44ce78,BEL3UC,1
44ce78,BEL4DQ,1
44ce61,BEL9KU,1
44ce75,BEL9WB,1
3c70b5,BCS1956,1
44cc46,BEL9WB,1
44cdcf,BEL9KU,1
44ce75,BEL9KU,1
44ce72,BEL3LY,1
44ce6a,BEL7GJ,1
44ce61,BEL3LY,1
44cdc6,BEL7GJ,1
44ce78,BEL3LY,1
4ca63a,EIN6AP,1
4cad3f,RYR78TP,1
4ca84c,RYR300A,1
4ca640,EIN6KR,1
347302,BCS2886,1
4ca295,EIN6AP,1
4cae52,RYR300A,1
4ca568,RYR78TP,1
4ca281,EIN6KR,1
44cdce,BEL1MG,1
4ca61c,RYR28PU,1
44cc45,BEL1MG,1
494107,NJE708Y,1
4bcd82,SXS6HR,1
44d1a1,JAF4TH,1
44ce6a,BEL9GI,1
44ce76,BEL9GI,1
44ce75,BEL6PR,1
461f35,FIN8CA,1
461e1a,FIN8AX,1
461f62,FIN1EN,1
461e1f,FIN8AX,1
461f67,FIN1EN,1
461f36,FIN8CA,1
502ce5,BTI98R,1
502cc8,BTI98R,1
44cdcd,BEL8JS,1
44cdd1,BEL8JS,1
4d21a2,KMM421,1
4d24ba,KMM421,2
46b825,AEE6BR,1
46b825,AEE3BR,2
44cc41,BEL3WF,1
468d07,SEH8BX,1
44ce6a,BEL3WF,1
46b8b4,AEE489,1
44ce76,BEL2DT,1
49514a,TAP645,1
495293,TAP647,1
44ce6e,BEL2DY,1
4951d8,TAP641,1
44ce77,BEL2DY,1
44ce76,BEL1HX,1
493281,NJE623R,1
3cf0b8,PTN47D,1
345646,VLG303P,1
345614,VLG2DV,1
347601,VLG2DV,1
460483,FSF200B,1
4caf27,RYR982R,1
4cade2,RYR60LH,1
4cae54,RYR60LH,1
4ac90a,JIV9,4
4acac2,SWE73A,1
458665,CAT303,1
399549,AGH21B,1
39c5c6,OYO2,2
39dd40,CCM70CI,1
39dd59,CCM70CI,1
3c5421,BCS2FC,1
3474ce,BCS417,1
3c5428,BCS57D,1
4d02b7,JFA87S,1
4caf28,RYR7993,1
4ca9cf,RYR7993,1
4ca2ad,RYR1NF,1
4d2402,WZZ37HK,1
4ca621,RYR9625,1
4d23fb,RYR16YD,1
4caf27,RYR16YD,1
44061c,EJU92KL,2
341446,BCS22W,1
4d21ec,RYR2EG,1
4d234c,RYR2EG,1
4d225b,RYR2EG,1
4cac84,RYR7832,1
4d2301,RYR7832,1
4402ae,EJU81UM,1
4cae51,RYR3486,1
4d2236,RYR3486,1
3c66ae,DLH41P,1
3c65c7,DLH41P,1
4cae54,RYR6VP,1
4ca259,RYR6VP,1
4d2212,RYR11KB,2
020124,MAC122P,1
484f18,KLM1579,1
4854c7,TRA6X,1
4868b9,TRA5641,1
3cf3a9,PVD455V,1
4bb029,TKJ5SA,1
440666,AUA314,1
39ae2a,FHLRK,3
39cdc7,FHTOH,2
44c061,PGC14X,1
44c061,PGC86B,1
4bcd83,SXS89K,1
4bcdab,SXS89K,1
4bcd82,SXS5LZ,1
4bb84b,PGT67P,1
4bcdb6,SXS51E,1
4bcdb3,SXS51E,1
4bcd83,SXS8XD,1
4bcda1,SXS8XD,1
44b674,OOMST,2
48628c,PHEBM,2
4d0264,FYL81KH,1
49328e,NJE354Q,1
4d0240,FYL31AC,1
44cf18,OOSXX,2
4d02ab,JFA74A,1
4d0261,FYL11GF,1
493291,NJE271R,1
3dcfff,PTO8813,1
3cd90d,00000000,1
3d5f48,DFIII,1
3cc207,PWF1907,2
393f0d,CLG1555,1
49329a,NJE701P,1
4bcd82,SXS5R,1
4bcd83,SXS5R,1
471db3,WZZ6060,1
4d20bf,WZZ6060,1
471f6e,WZZ6060,1
4d2234,RYR946,1
4caf28,RYR265H,1
48c1a8,RYR7VY,1
48c125,RYR7VY,1
4d2369,RYR66UR,1
4ca7b3,RYR861E,1
4ca8e8,RYR861E,1
4d24d7,WZZ8419,1
471f6e,WZZ8419,1
491d89,NJE608A,1
342591,VLG9LM,1
4400ec,EJU45TN,1
3444d1,VLG3EN,1
3ce690,PTN67A,1
344645,VLG9LM,1
440631,EJU45TN,1
3424d5,VLG9LM,1
3453c3,VLG3EN,1
34660e,VOE8HQ,1
346648,VOE8HQ,1
346691,VLG5FC,1
4d2275,RYR8598,1
4d2237,RYR8598,1
34838b,VOE7ZE,2
4405b6,EJU34GX,1
440c36,EJU34GX,1
345102,VLG17ET,1
39dd57,CCM58XQ,1
4d234f,RYR12LH,2
4cadf4,RYR12LH,1
4ca9ed,RYR12LH,1
4d2225,RYR8037,1
4ca9ed,RYR42BR,1
4d2080,RYR42BR,1
4cadf4,RYR42BR,1
4caf2a,RYR8729,1
48c2a8,RYR762D,1
4d242f,WMT3505,1
4ca894,RYR3053,1
4ca569,RYR3053,1
4cac53,RYR49MW,1
4ca806,RYR2322,1
4951d6,TAP53ED,1
4ca816,RYR7195,1
4952c6,TAP31DB,1
4952c9,TAP53ED,1
4cae55,RYR7195,1
4951ca,TAP535,1
4951d6,TAP535,1
4cad3a,RYR7195,1
4952ca,TAP31DB,1
4952ce,TAP53ED,1
4952cd,TAP31DB,1
4cac1f,RYR7195,1
4951d9,TAP535,1
4d2029,SWU1951,1
4d2320,SWU1951,1
48ea4e,RYR1582,1
4caee8,RYR5XZ,1
440219,EJU64UJ,1
440224,EJU64UJ,1
3c55c7,EWG62L,2
3c56eb,EWG62L,2
3964f8,TVF25CD,1
3d1c55,DEIZD,2
471f6b,WZZ4420,1
4690e5,AEE4399,1
45884c,BBB21,2
458d0c,JNJ9086,1
4bb86e,PGT79HU,1
4bce0b,SXS091,1
4d23b7,VJT712,1
495298,TAP871,1
4cae95,RYR94BU,1
495211,TAP869,1
4d21fe,RYR853E,1
495216,TAP869,1
4d20ee,RIZ01,2
452186,MAC9902,1
4d227b,RYR6LB,1
4d22c6,RYR6LB,1
501c39,MMO121P,1
4d21fe,RYR91DK,1
4d202d,SWU1954,1
4d2029,SWU1954,1
4d2054,SWU1954,1
4d2320,SWU2313,1
4d24f0,SWU702,1
4d2054,SWU1995,1
4d02ab,JFA07G,1
4d02dc,JFA10M,1
346644,VOE4QA,1
346613,VOE4QA,1
440ca9,EJU738V,1
440ca9,EJU182G,1
346613,VOE1VN,1
44028c,EJU638E,1
440175,EJU902E,1
4401d1,EJU638E,1
49329a,NJE832C,1
440053,EJU76MV,1
440ca9,EJU76MV,1
471f06,WMT2RR,1
440db0,EJU46CT,1
440248,EJU91EY,1
440237,EJU17BH,2
440b1e,EJU46CT,1
440daf,EJU17BH,1
4401d1,EJU182G,1
4d00c1,LGL21,1
505cb1,AXE106P,1
49d045,NTF103E,1
491d8a,NJE345P,1
471d5c,WZZ7065,1
3dd6ae,DHBNY,2
3cc23c,PWF1895,2
49130d,NJE107P,1
463a2c,OHWAU,3
3cc24b,AWH32M,1
3cd32a,DCHGS,1
3ddc78,CHX83,1
34838b,VOE92HB,2
34838b,VOE2346,1
34714e,VOE2346,1
345613,VOE60ML,1
39ceb9,TVF37QZ,1
34838b,VOE1KE,1
3cc57c,JEI252,1
49d47b,OKVOZ,1
49d600,OKDPH,2
4a3896,DKA174,3
4a5e68,YRWSH,1
4d201e,WMT1FS,1
471db4,WMT1FS,1
4d201e,WMT7N,1
4d201f,WMT7N,1
3964f7,TVF731,1
491d8d,NJE2RB,1
04022b,ETH3799,1
48e8fe,SPJAL,1
440053,EJU72XT,1
440ca9,EJU72XT,1
502d45,BTI6YC,1
502d0e,BTI6YC,1
48c12b,RYR9785,1
48c26c,RYR9785,1
471f5d,WZZ407,1
4401da,SKV112,1
4bb150,THY6559,2
4869ff,PCH599,1
48c42c,SPTBM,1
4d22c2,RYR15ET,1
4d22ca,RYR5PC,1
4d22c2,RYR9ZQ,1
4d22ba,RYR9ZQ,1
4d2410,EWG3UC,1
3c9654,BFD19T,1
3d63bc,DFKAE,2
4d2013,EWG46C,1
3e3467,LHB6,1
39c58f,FHRMP,2
3dd1bd,PTO7792,1
39dd54,CCM57EF,1
39d1a8,FHUNI,1
39c58d,FHRMN,2
4d02b6,JFA35Q,1
33fc98,FIAMM04,1
49410a,NJE724G,1
493290,NJE601F,1
4911f3,VVV361,1
3430cd,VOE94QP,1
3481c4,VOE94QP,1
4d2320,SWU1954,1
4ac9d4,EUW9797,2
46b434,FOE7806,2
4404db,GAC614C,1
3cc8c8,JEI545,2
4d2088,EWG7PZ,2
4aca87,NSZ9611,1
394806,FGSAG,1
4bb5d6,MNB389,1
494141,NJE833C,1
4bb64b,KOC01,2
44b301,AAB43X,4
3999e4,PEA302,2
4d20cc,AXY351T,1
494111,NJE670P,1
346644,VOE8NV,1
346614,VOE8NV,1
44c061,PGC19S,1
347256,VOE2779,1
346613,VOE2779,1
4ca73a,RYR8TG,1
4ca2d5,RYR8TG,1
4d2218,RYR9HM,1
4d244a,RYR9HM,1
4d2279,RYR18AY,1
4d2218,RYR18AY,1
4d2232,RYR87EQ,1
4d226d,RYR87EQ,1
44c061,PGC89K,1
44c061,PGC51E,1
44c061,PGC27R,1
4cadf9,RYR91XE,1
4d228b,RYR6QD,1
4d225c,RYR6QD,1
4cae63,RYR544B,1
4ca9cc,RYR544B,1
3b7b64,BENGA97,2
4cac56,RYR35LL,1
4d2208,RYR35LL,1
471fa2,WMT5BX,1
4a068b,ROT644N,2
3d0643,IFJ14T,1
471f03,WMT3AD,1
4d2068,WMT3AD,1
495219,TAP473H,1
49521a,TAP475,1
440c32,EJU87WU,1
44064a,EJU45TZ,1
49520f,TAP471A,1
440db0,EJU48HQ,1
495038,TAP471A,1
440db0,EJU35PU,1
495210,TAP475,1
49520f,TAP475,1
4402ac,EJU87WU,1
440031,EJU67HW,1
3465d8,VOE2UC,1
440625,EJU65HU,1
44061c,EJU4393,1
44061c,EJU67PF,1
346649,VOE2018,1
44064a,EJU4393,1
44061c,EJU4379,2
4d22ab,KMM455,1
4d21dc,KMM455,1
440219,EJU84ZQ,1
440224,EJU84ZQ,1
3461ce,VOE2AQ,1
4ba993,THY2PX,1
4bb601,TCMPA,2
4ba993,THY83P,1
4d2387,RYR229C,1
49530c,TAP755,1
4951d5,TAP757P,1
49530c,TAP75CH,1
4ac9e6,SAS2801,1
4951cb,TAP757P,1
4951d5,TAP755,1
4acaa3,SAS2801,1
4952ce,TAP757P,1
49514d,TAP75CH,1
49514a,TAP757P,1
4ab822,NSZ3616,1
4bcde6,SXS89Q,1
4bb87a,PGT190V,1
4bcdec,SXS89Q,1
4cabdb,SAS2710,1
4cacbd,SAS2710,1
44020a,AUA990,1
4ab823,NSZ3692,1
4cae51,RYR53YZ,1
48c222,RYR53YZ,1
4ca947,EIN832,2
4ca894,RYR3054,1
4ca569,RYR3054,1
3e4601,PAV534H,1
3e4601,PAV532H,1
344445,EVE7914,1
3cefc0,PVD419N,1
471da8,WZZ58,1
49d556,OKMIP,1
3c56ed,EWG1909,1
471f8e,WMT5GV,1
4d2013,EWG6NG,1
4d2085,EWG6NG,1
3da051,PTO9942,1
3e4ae2,XRO1107,2
3cc57d,AMB098,2
494108,NJE365D,1
3ccd45,IFA1053,1
4bcd83,SXS4DP,1
4cae91,RYR26FZ,1
4ca566,RYR26FZ,1
4a2aac,DNA408,1
4d2258,RYR7367,1
4cae6c,RYR70YP,1
4cad3f,RYR12XT,1
4d2268,RYR12XT,1
4cafc4,RYR9319,1
4cadf0,RYR9319,1
4cae64,RYR99FJ,1
495037,TAP543W,1
495038,TAP541W,1
49521a,TAP543W,1
495039,TAP541W,1
495145,TAP541W,1
4d2405,EWG55N,1
4951cb,TAP543W,1
49529a,TAP541W,1
4951d2,TAP543W,1
3c5821,IFA1054,1
44052d,GAC144D,1
4d2320,SWU1953,1
4d240b,EWG51M,2
3c48f1,EWG51M,2
3c7421,TUI30A,1
4d2278,CXI053P,1
4bcde8,SXS6HT,1
4d240b,EWG76K,2
4d2014,EWG76K,2
3e1bcb,DIBSL,1
3d49de,DFAFM,5
494113,NJE322L,1
3d0e31,DEDPX,2
4d22b4,RYR4FT,1
4d22b2,RYR4FT,1
4d22c8,RYR4FT,1
4cad3a,RYR42QA,1
48520d,TRA27L,1
4854ca,TRA27L,1
4ca97a,RYR42QA,1
484c9b,TRA27L,1
3dc727,GAF518,2
3db661,GAF516,4
3d9ce6,GAF514,4
4b9907,FHY317,1
3481c4,VOE1703,1
3c6485,DLH22A,1
3c6674,DLH22A,2
4cae67,RYR24RG,1
48c131,RYR24RG,1
4082f9,EMC1,1
4ca264,RYR5FG,1
4d21f0,RYR5FG,1
440892,OEFMO,2
ad0ed3,N940TB,2
4d240f,EWG7UF,2
30019c,NOS8156,1
4ac98a,BCS422,2
3e1c91,BFX41X,2
3e1c91,BFX41H,2
440bc1,BCS9114,1
440d10,EJU929H,1
4d2101,WMT2862,1
44061d,EJU929H,1
4c31e2,MPC001,1
48434d,P4OWL,1
3461ce,VOE1409,2
3461ce,VOE2467,2
345613,VOE7ZT,1
3455da,VOE7ZT,1
503cbb,KLJ5906,1
3461ce,VOE3BB,1
4d20db,AEZ9892,1
3c6745,DLH9910,1
3c68b3,LUA409M,1
494111,NJE682Q,1
3c6485,DLH06J,1
3c6674,DLH06J,2
49130d,NJE693F,1
3c66b2,OCN8VZ,1
3c66ae,DLH38W,1
3c65c7,DLH38W,1
3c4969,TUI5BM,1
49410f,NJE175B,1
4d2264,RYR33UZ,1
4d2240,RYR33UZ,1
4d22be,RYR33UZ,1
4d201e,WMT1V,1
4d201f,WMT1V,1
4d220c,RYR46TP,1
4d207d,RYR46TP,1
48c228,RYR942,1
4d2288,RYR1688,1
4d245c,WMT7TK,1
4ca264,RYR5763,1
4d21f0,RYR5763,1
45a5d6,FXT60V,1
48630e,AGR2000,1
4d0242,FYL22VC,1
3cc24f,AWH92N,1
3c56f3,EWG611,1
3c5eea,EWG611,1
511171,MBU7NV,1
3c5ef6,EWG7269,1
458665,CAT304,1
39ceb9,TVF7845,1
4bb842,PGT53UD,1
4bcd85,SXS43T,1
4bce09,SXS43T,1
4bb85a,PGT1527,1
4bcde3,SXS9WZ,1
4bcdf0,SXS9WZ,1
4b906d,PGT249T,1
4bcdb2,SXS8WQ,1
4bcda1,SXS15D,1
4bccb5,SXS5UB,1
4bcdef,SXS5UB,1
4bcdac,SXS15D,1
4d248e,WZZ6973,1
4d252b,WZZ973,1
471f6b,WZZ29T,1
471fa7,WZZ7YT,1
471f74,WMT420,1
4d245a,WMT37JP,1
4d2080,RYR192A,1
4d21f0,RYR2FL,1
48c4d4,SPSGW,1
3c68b3,LUA489M,2
48c455,SPSCZ,2
5002cd,VAJ888,2
49410f,NJE116K,1
4d24d7,WZZ12W,1
471f6e,WZZ12W,1
4ca8da,RYR3158,1
4ca84e,RYR3HT,1
4ca84e,RYR58TB,1
4caa57,RYR2L,2
399549,AGH22B,1
490d02,NJE823E,1
3cf027,SCR762,1
3cc253,AWH91N,1
4b0e15,HBFIR,2
3e2ade,DIHKW,2
a26dfe,N256CD,2
494108,NJE413W,1
486464,PHKLX,1
440102,TAY1479,1
486788,AGR0073,2
4899ec,AMQ1PM,3
3c66a3,DLH9855,1
5083c0,VKA136,1
4d201d,WMT436,1
4d2068,WMT436,1
49410d,NJE093L,1
511171,MBU9LP,1
3c5ef6,EWG6HZ,1
495218,TAP563,1
49521a,TAP56DP,1
495298,TAP563,1
49529a,TAP563,1
495219,TAP56DT,2
495211,TAP56DP,1
3c5ee6,EWG7FB,1
495037,TAP56DP,1
502d58,BTI7DB,1
502d7c,BTI7DB,1
4d02df,JFA01E,1
440669,AUA260,1
4d240f,EWG4501,2
3d21e4,DELBW,1
3aabfe,FMY8055,3
3e3f1e,AWH94A,1
3c66a8,DLH9859,1
3aabfe,FMY8051,3
3cc243,AWH99X,1
3cc24f,AWH92M,1
3cc24b,AWH20J,1
461f6d,FIN1RA,1
461f67,FIN8KT,1
3d374c,DETEQ,1
34324f,IBE04CL,1
34324e,IBE04HZ,2
34324e,IBE04CL,1
34324e,IBE04YL,1
494113,NJE213L,1
3e383c,DIMMM,1
501c2b,JSY6L,1
491221,NJE773H,1
490d0a,NJE632M,1
3e3a2c,DINFO,1
4d24f0,SWU1918,1
4b90ee,TCDGN,2
491d89,NJE276F,3
507c7c,MFX806,1
4401ea,JTY52W,3
4baa8d,THY9SZ,1
4baa88,THY7UZ,1
4bb214,THY9SZ,1
4bb273,THY8PG,1
4bc84a,PGT37SZ,2
4bb207,THY8PG,1
4bab2f,THY7UZ,1
4bb2b0,THY9SZ,1
4b9c62,BBT581,1
4bd26d,TCTSM,1
4ba993,THY8CQ,1
4baa6e,THY1FG,1
4d206b,WMT9ZG,1
4d24b5,WMT9ZG,1
a7488c,NCR4819,1
440ce0,CHG532,1
494141,NJE899P,1
4601fd,FIN5EM,1
4601f2,FIN5EM,1
4ab56f,SAS2198,1
4ab563,SAS198,1
4ab563,SAS2198,1
4b8344,TUNAV02,1
4cae65,RYR7KY,1
48c225,RYR7KY,1
471f37,WZZ29KC,1
489227,ENT4RJ,1
4d2434,WZZ29KC,1
48c26c,RYR57KA,1
3480ce,WFL407P,1
48c12b,RYR7YE,1
48c26c,RYR7YE,1
440393,LDX8C,1
49d2b7,TVS452P,1
3c6748,DLH9911,1
4cade5,RYR8BA,2
3f4ddf,GAF112,1
3cc187,AWH123,1
3d777f,EIS73,1
3d7cf4,DFTOM,3
46bc4a,AEE597,2
46bc4a,AEE587,1
460561,OHCAZ,1
51113f,NYX208,2
51113f,NYX202,2
3c56f3,EWG610,1
3c5eea,EWG610,1
45202b,CGF1808,1
4404d8,GAC734R,1
471f69,WMT7FE,1
4d24b3,WMT7FE,1
3c49ce,EWG5594,1
394f09,NAK741Q,1
34604c,ANE11SA,1
345250,ANE49LX,1
345543,ANE49LX,1
3c1230,AIB102,1
440679,IJM400,2
3da051,PTO9941,1
3dc640,PTO1585,1
4ca643,RYR33ZB,2
4d225c,RYR33ZB,1
4ca805,RYR9394,1
4ca643,RYR5849,1
4ca84d,RYR5849,1
4d2233,RYR65KF,1
4d2242,RYR65KF,1
3c44ad,DCS109,1
471f7a,WZZ5M,1
471efc,WZZ5M,1
471eff,WZZ5M,1
4a524f,TOY438,1
502d9f,BTI658,1
485d61,AGR1442,1
3c1c82,VJH758,1
500349,T7P1MP,1
480c1b,NAF14,2
503cb3,KLJ6988,1
463434,FSF706A,2
4002a8,VPCLP,1
49d64d,ECC752,1
39ca84,SAMU44,1
486398,PHTAX,2
49d64c,PRG029,1
486516,PHPEK,2
394f09,NAK741L,1
a955fb,N700QQ,4
34660e,VOE3BW,1
346648,VOE3BW,1
34660e,VOE80GB,1
346648,VOE80GB,1
a54ed7,LXC44,2
4d20a6,GDM998P,1
34569a,VOE2390,1
4881ac,ENT5YW,1
4d2234,RYR959,1
4ca624,RYR1538,1
440cac,AUA1452,1
48c2ac,RYR915,1
4cae51,RYR3487,1
4d2236,RYR3487,1
44082b,AUA1403,1
495217,TAP876,1
4cae54,RYR9748,1
4ca259,RYR9748,1
4d200a,AJO625,1
4d252f,UVL7201,1
39d30c,TVF1551,1
490d06,NJE114U,1
4d02e3,JFA36P,1
4d00ca,LGL51JL,1
4d00c6,LGL51JL,1
4d00ca,LGL5KP,1
34660e,VOE79ED,1
4d00d4,LGL1SA,2
4d2264,RYR75SC,1
4ab544,SEMJD,2
3d083f,DEBJJ,2
3d063f,DEAPR,1
3dd1bd,PTO7791,1
493293,NJE073A,1
485d61,AGR1948,1
a9c52e,NCR877,1
34324f,IBE0445,1
34260e,IBE0449,1
34324e,IBE0445,2
345204,VLG58ZN,1
48c2ac,RYR9150,1
44c9eb,AAB41R,2
4caa59,RYR6YG,1
4d225a,RYR6YG,1
345205,VLG58ZN,1
345084,VLG1499,1
493282,NJE304V,1
494104,NJE818A,1
4d02c2,JFA40V,1
4cae4a,RYR38UU,1
48c220,RYR38UU,1
490d87,NJE025Q,1
3e4053,PAV513H,1
458b37,OYBYW,2
459a64,FRO974,1
4acac4,SWE22V,1
459a65,FRO942,1
472127,FCA1OL,1
395d67,BGA103H,1
3e198a,AWH92C,1
3e3f1e,AWH94S,1
3e1988,AWH99C,1
3d4fe2,DFCMS,3
495299,TAP403Z,1
495299,TAP405,1
4ca61c,RYR22DW,1
4ca8af,RYR22DW,1
495210,TAP401P,1
4cafd3,RYR22DW,1
49521a,TAP405,1
495299,TAP401P,1
4d227a,RYR22DW,1
495214,TAP403Z,1
495214,TAP405,1
4cae98,RYR2078,1
395184,ITI219A,1
adfd72,CNV6217,1
34714d,VOE5MY,1
3cc09c,PVD474C,1
48c22d,RYR316X,1
48c121,RYR316X,1
39ceb9,TVF44CT,1
4cae67,RYR37LK,1
48c131,RYR37LK,1
4d21ec,RYR27KJ,1
48c2b3,RYR27KJ,1
4d225b,RYR27KJ,1
4d02df,JFA19X,1
4d21ec,RYR9595,1
48c221,RYR2ZA,1
4d234c,RYR2ZA,1
48c221,RYR2PX,1
3964f0,TVF4010,1
39d317,TVF4010,1
39d300,TVF4806,1
3964f9,TVF4806,1
346350,VOE8TD,1
394f05,NAK729,1
3007ef,DLA3CR,1
300781,DLA1YN,1
300554,DLA3CR,1
300554,DLA1TJ,1
3003af,DLA3CR,1
300394,DLA1YN,1
30055b,DLA1TJ,1
3c65d4,DLH1KE,1
3c66b0,DLH4KV,1
3c66a7,DLH1914,1
3c6751,DLH1914,1
3c675a,DLH1914,1
449a78,AAB73F,1
471f37,WZZ24YD,1
4d2434,WZZ24YD,1
4d22b0,RYR78JJ,1
4d22c1,RYR78JJ,1
4cae63,RYR42CH,1
4ca9cc,RYR42CH,1
4d24ad,WZZ55ZY,1
471db7,WZZ55ZY,1
3cd3c6,PTN34C,1
ad32d9,N95FP,2
3e4109,DIPVD,2
4aca96,NSZ6LB,1
407446,EDC859R,1
4d226d,RYR12SL,1
48c121,RYR12SL,1
3cf3a9,PVD482U,1
49d56e,AAN141,1
3ccd59,PTN29N,1
3cf8be,PTN96M,1
3ce078,LUA862F,1
44c061,PGC52V,1
347256,VOE2778,1
346614,VOE2778,1
4401e8,EJU676J,1
440630,EJU676J,1
4400b7,EJU595K,1
3455d8,VOE94BY,1
440209,EJU676J,1
3964f8,TVF4100,1
346611,VOE723S,1
395d69,BGA183J,1
4402f1,EJU621D,2
4401f7,EJU621D,1
440c96,EJU624T,1
392da4,TJT36IM,1
342591,VLG3LU,1
3444d1,VLG1516,1
344645,VLG3LU,1
440631,EJU19XH,1
3986e1,AFR94TL,1
3455d8,VOE68PQ,2
4401e8,EJU691Q,1
440630,EJU691Q,1
4400b7,EJU65WG,1
44093e,EJU895K,1
3985a6,AFR86PX,2
3964f1,AFR41SH,1
3950ce,AFR41SH,1
3985a3,AFR76BQ,1
3985a3,AFR86KA,1
392aec,AFR95YE,1
39e695,AFR7315,1
44083b,EJU195X,1
44061b,EJU319V,1
392af3,AFR25GA,1
3986e0,AFR66XQ,1
4402f1,EJU424Q,1
4402f1,EJU675T,1
50031c,T7EMI,1
440096,EJU472W,1
440469,EJU895K,2
440469,EJU709V,1
440469,EJU869W,1
4d0281,JFA76D,1
44093e,EJU763N,1
3985a4,AFR32TX,1
3985a4,AFR48MR,1
3985a1,AFR6225,1
392aeb,AFR7309,1
392af2,AFR32TP,1
3950cc,AFR89FW,1
3950cc,AFR26NR,1
4d2530,VJT537,4
3985a9,AFR93DW,1
3985a9,AFR6203,1
3991e8,AFR95QM,1
3991e8,AFR35CV,1
394c09,AFR39RP,1
4402db,EJU19KZ,1
3991e4,AFR57SD,1
392af1,AFR7309,1
440c96,EJU195X,1
440cb1,EJU319V,1
394c0a,AFR35CV,1
3950cc,AFR48MR,1
440469,EJU19KZ,1
3985a3,AFR66XQ,1
440ca9,EJU159V,1
440ca9,EJU368U,1
346613,VOE3FF,1
44028c,EJU1619,1
440175,EJU76EK,1
34714e,VOE2MX,1
4401f7,EJU513P,1
347641,VOE2MX,2
440175,EJU167W,1
4d201e,WMT5ZL,1
471dc0,WZZ15DA,1
48af0c,LOT3PW,1
48ada2,LOT3PW,1
39dd57,CCM42VO,1
39dd57,CCM207,1
39dd57,CCM67WB,2
39dd57,CCM76XG,1
484cb7,KLM10X,1
486953,KLM68N,1
440c34,EJU64MZ,1
486495,KLM38E,1
4864ee,KLM68N,1
4cada7,ITY343,1
4cad52,ITY345,1
49d365,TVS4307,1
49d365,TVS4595,1
4cad5e,ITY355,1
49d2b7,TVS4343,1
49d2b7,TVS4342,1
440c96,EJU62KB,1
49d3d5,TVS4345,1
49d3d5,TVS4310,1
4caf1c,ITY355,1
34604b,ANE83VN,1
3485d2,ANE63YF,1
344218,ANE002,1
440c96,EJU43GT,1
345687,ANE89UJ,1
4401f7,EJU43GT,1
344213,ANE89UJ,1
345698,ANE63YF,1
440181,EJU86JE,2
4aca14,NSZ3641,1
4a91fa,SAS74E,1
4ac9f2,SAS74E,1
4d00db,LGL86MN,1
4d00f1,LGL8246,1
347641,VOE7VM,1
44083b,EJU15LE,1
44ce6a,BEL2NT,1
501c39,MMO1213,1
501c39,MMO1211,1
4401f7,EJU351R,1
4401f7,EJU483A,1
4402f1,EJU579N,1
346648,VOE2525,1
44083b,EJU579N,1
4402f1,EJU351R,1
4402f1,EJU836F,1
440175,EJU836F,1
3c644d,DLH11V,1
3c6751,DLH9857,1
3c6594,DLH11V,1
3c6750,DLH04M,1
4404d8,GAC845Q,1
3ce690,PTN79D,1
494106,NJE561F,1
39dd44,CCM63KL,1
39dd44,CCM10KE,1
39dd58,CCM17KY,1
471db7,WZZ5GD,1
3e2dc8,XGO2PX,1
4bc852,PGT3RR,1
4baa4e,THY8BK,1
4bb282,THY1814,1
4bb28b,THY8BK,1
3c6544,DLH77E,1
3c6749,DLH54U,1
3c66aa,DLH41X,1
3c6744,DLH77E,1
3c644a,DLH54U,1
a69c7b,N525L,2
3e4458,XGO2ML,1
39dd59,CCM88CE,1
39dd59,CCM26JA,1
39dd59,CCM107,1
39dd59,CCM37CE,1
39dd40,CCM88CE,1
4d24ae,WZZ1210,1
448c6a,OOCCJ,2
440db0,EJU97AP,1
495214,TAP481,1
495210,TAP485,1
346648,VOE93KP,1
34838b,VOE2887,1
49d2d8,AAO56,2
491306,NJE605C,1
39dd54,CCM83AH,1
4cae64,RYR72WU,1
4d2251,RYR72WU,1
48e957,AMQ5O,2
4ca73a,RYR628,1
4ca2d5,RYR628,1
48e9f2,RYR9318,1
4d21f7,RYR9RM,1
4caa59,RYR11UZ,1
4d225a,RYR11UZ,1
511184,VPC003,2
3c582f,IFA6105,1
3e1f4e,BFX10F,2
490d09,NJE571A,1
471f04,WMT62VD,1
4aca96,NSZ1NW,1
471f06,WMT2385,1
471db3,WMT2385,1
3b7b64,BENGA9C,1
3b7b3e,MILAN7A,1
3b7b65,BENGA98,1
4d02c2,JFA09L,1
45ba85,OYNTE,2
347459,PVG2003,1
460483,FSF300C,1
0100a7,MSR542,1
4cae97,RYR3985,1
a6ffea,N550FB,1
4d2501,RYR87GY,1
4ca624,RYR1533,1
4ca259,RYR634Z,1
4ca2ab,RYR8UA,1
48c1a9,RYR8UA,1
471f68,WMT5065,1
4d24b2,WMT5065,1
471f04,WMT5065,1
4a1eae,AWG610,1
4a0d12,AWG610,1
4a34e8,ROF115,2
4d201d,WMT306,1
4d2068,WMT306,1
471f03,WMT8106,1
71c372,HL8372,1
4d2068,WMT8106,1
46b434,FOE7805,2
471f78,WMT3185,1
471f62,WMT8WF,1
471f06,WMT8SL,1
4d201d,WMT8SL,1
4ca643,RYR58NA,1
4ca84d,RYR58NA,1
44001c,AUA700,1
471f69,WMT5ST,1
4d24b3,WMT5ST,1
4ca2ad,RYR5435,1
471f06,WMT1FX,1
471db3,WMT1FX,1
471f04,WMT7862,1
4d24b4,WMT7862,1
32003f,DRAG146,2
34604c,ANE10EV,1
3442cb,ANE59AM,1
346398,IBB90DV,1
347645,IBB90DV,1
348305,IBB90DV,1
458d0c,JNJ684,1
4404d8,GAC905D,1
4d2416,EWG27A,1
ad0e0f,N940KF,1
4cadbc,RYR79FL,1
48c224,RYR8VF,1
494101,NJE266T,1
49d5a6,TVS3BD,1
49d5ee,TVS3BD,1
4d227b,RYR3485,1
4d22c6,RYR3485,1
45a953,JNJ699,1
3cedb8,LUA804K,1
3e4601,PAV533H,1
4caf26,RYR70DC,1
471838,JSF153,2
39de48,TVF30KT,1
39a580,TLJ170L,1
398602,AFR96FC,1
39bb21,AFR87GQ,1
440352,EJU4825,1
398570,AFR1226,1
39bdb1,AFR95EP,1
440cb1,EJU4687,1
39d30a,TVF30KT,1
440611,EJU4008,1
4402db,EJU72RX,1
3991e5,AFR16FX,1
39d300,TVF83TG,1
398602,AFR1226,1
44015a,EJU4825,1
39bda0,AFR95EP,1
39856f,AFR96FC,1
39bdb5,AFR87GQ,1
39bdb5,AFR16FX,1
44093e,EJU72RX,1
440159,EJU4008,1
4bcd84,SXS26H,1
4bcde9,SXS26H,1
398640,CCM40FY,1
4c8090,CYP381,1
39c466,BEJ27G,2
407f00,CLF075A,2
a65ba0,N509CQ,1
ac4341,N89CV,1
4d250e,LWG19N,1
4d0265,FYL53EK,1
34660e,VOE2929,1
346648,VOE2929,1
4d2279,RYR1385,1
4d2218,RYR1385,1
395cbb,AIB202,1
4d21ef,RYR6446,2
3cd90d,DCJMR,1
4401fa,EJU38YE,1
44046d,EJU38YE,1
440352,EJU38YE,1
33fff0,IAM4679,2
3455d7,VOE2855,2
4caf28,RYR189X,1
4ca9cf,RYR189X,1
4d234c,RYR2EW,1
48c121,RYR2EW,1
4d02c3,JFA84P,1
490d85,NJE692G,1
490d08,NJE588H,1
471fa7,WZZ3BF,1
395184,ITI219C,1
4cac56,RYR62DK,1
4d2208,RYR62DK,1
4cae98,RYR20EW,1
48c224,RYR73AG,1
4d2208,RYR73AG,1
4cada3,RYR2037,1
4cae51,RYR57AA,1
48c222,RYR57AA,1
48c227,RYR906D,1
4bceb5,SXS160,1
471f7a,WZZ2EJ,1
471efc,WZZ2EJ,1
471eff,WZZ2EJ,1
406b90,EZY64GJ,1
49530b,TAP1243,1
440248,EJU43BQ,1
495149,TAP1241,1
49514c,TAP1243,1
4952cb,TAP1241,1
440daf,EJU43BQ,1
49d64c,PRG028,1
49d174,DFC66E,2
4ca947,EIN833,2
4ca9ed,RYR71LQ,1
4cadf4,RYR71LQ,1
4400ec,EJU48AU,1
440c96,EJU48AU,1
49d3d5,TVS452P,1
49d5a6,TVS4BD,1
49d5ee,TVS4BD,1
49d382,JBC517E,1
4d2080,RYR646T,1
49d64d,ECC751,1
4d221e,RYR8232,2
4ca7b3,RYR4069,1
4ca8e8,RYR4069,1
49d086,DFC22R,1
473fee,FCA2FM,1
344099,VLG9VF,2
346107,LAV1776,1
347258,VOE3814,1
4d2275,RYR6MK,1
4d2216,RYR6MK,1
320010,POLI111,1
4cac55,RYR1UW,1
4ca8d8,RYR1UW,1
4d207d,RYR1UW,1
4690e5,AEE6198,1
4a524f,TOY439,1
502d45,BTI26F,1
502d0e,BTI26F,1
501c39,TDR9371,1
398e28,AIA133F,1
4d2095,RYR84BL,1
4d2240,RYR84BL,1
347641,VOE4DU,2
4d250e,LWG39N,1
4d206b,WMT7LK,1
4ca2c0,RYR15QX,1
4cadde,ITY1709,1
4d2226,RYR1XV,2
4cad5d,ITY1731,1
485d61,AGR0872,1
4ca85c,ITY1269,1
5084a6,UTN1002,1
4ca643,RYR68FD,2
4d225c,RYR68FD,1
49d3d5,TVS452F,1
4d228b,RYR55PH,1
4d225c,RYR55PH,1
4cafc4,RYR7JF,1
4cadf0,RYR7JF,1
458c4b,OYCBK,2
45a256,NHD205,1
45a953,JNJ699B,1
4841a9,TRA40M,1
484b6e,TRA54P,1
4bccb5,SXS6P,1
4bcdb6,SXS83N,1
4bcdb3,SXS83N,1
44083b,EJU934Y,1
4402f1,EJU934Y,1
48ef33,WCG034,1
49130d,NJE931L,1
501c2b,JSY5D,1
501c2b,JSY1M,1
49328f,NJE272E,1
345619,GES271S,2
4bcdd5,SXS43X,1
4bb853,PGT43WQ,1
4bb86f,PGT43WQ,1
3cc187,AWH55H,1
3cc187,AWH94G,1
3c56ed,EWG1910,1
3c4668,ATV500,1
440bc8,BCS15N,1
440036,EJU75RN,2
4406f0,EJU75RN,1
440c85,IJM409,1
44001b,AUA530,1
4d2199,ULC44,1
4a524f,TOY440,1
3c56f2,EWG2247,1
4854c7,TRA97X,2
39d307,TRA97X,1
3430cd,VOE1351,1
3481c4,VOE1351,1
4d222e,RYR56NE,1
39d304,TVF49GN,1
39d303,TVF49GN,1
4d2268,RYR56NE,1
4cada3,RYR56NE,1
39dd45,CCM811,1
4d22ff,RYR25YB,1
3e4601,PAV531H,1
a466c3,N383DJ,1
440102,TAY289P,1
a66d27,LXJ513,1
4cade5,RYR6432,2
3c5192,DADLR,1
4a9dce,SEGNN,1
471f9e,WZZ6161,1
469534,SEH2SO,1
48c12f,RYR4936,1
4ca84a,RYR4936,1
45ce4d,SRR6119,1
3c5099,NGN7904,1
49328f,NJE845Y,1
46cd38,SEH030,2
4692d7,AEE690,1
4692d8,AEE780,1
490d0a,NJE893V,1
4d2102,VJT492,3
4691c5,AEE4IG,1
4868b9,TRA26T,1
4a1eae,AWG611T,1
4a0d12,AWG611T,1
494111,NJE031E,1
4690e5,AEE4395,1
3cc8c8,JEI555,2
3cd003,JEI171,3
4ab56b,SAS2720,1
4ab568,SAS2728,1
4ab56b,SAS2728,1
4d00d4,LGL8SA,2
4ab56f,SAS195,1
4ab5ea,SEMOJ,1
347641,VOE2572,2
34838b,VOE4LU,1
34714e,VOE4LU,1
44001f,EJU62WU,1
3c56f2,EWG1ZA,1
3474cd,WFL717P,1
348103,SWT4999,1
3cc24b,AWH32E,1
4d2184,DCW1,1
505f77,SQF201,1
4bcdae,SXS6H,1
3d77ff,PAV420,1
490d85,NJE436E,1
3d77ff,PAV422,1
a8c3bd,GTI8802,1
471db3,WZZ104,1
4d20bf,WZZ104,1
471f6e,WZZ104,1
511167,ESSKI,1
461a76,OHKAO,1
345699,VOE2176,1
ad5d9e,N960RA,1
4cac23,RYR46JJ,1
4cac55,RYR46JJ,1
4cac55,RYR23JX,1
46bc4a,AEE596,3
4d220c,RYR87AX,1
4d207d,RYR87AX,1
48c221,RYR8BX,1
4d220c,RYR8BX,1
347302,BCS34W,1
440d4c,TAY7SR,1
4d245c,WMT8LK,2
471f58,WMT569,1
4d248d,WMT569,1
3ce25a,BID32B,1
4d2479,WMT9BU,1
4d245c,WMT9BU,1
4d245c,WMT8923,1
4d245c,WMT4XM,1
4d242a,WMT4XM,1
4d245c,WMT1JG,1
4d242a,WMT1JG,1
4a5e66,MYJ219,2
4d242a,WMT635,1
a7d9fb,N605BR,1
4d2268,RYR41FG,1
495038,TAP495Y,1
495039,TAP4TL,1
495298,TAP491,2
495298,TAP495Y,1
48e9f6,RYR41FG,1
4ca97a,RYR41FG,1
49521a,TAP4TL,1
49529a,TAP495Y,1
4d222e,RYR2TQ,1
39d304,TVF4850,1
39d303,TVF4850,1
4d2268,RYR2TQ,1
4cada3,RYR2TQ,1
3455d7,VOE2854,1
3c1230,AIB101,1
39dd40,CCM72CI,2
395cbb,AIB201,1
34660e,VOE2842,1
4cad3f,RYR9838,1
4d2268,RYR9838,1
394f09,NAK741N,1
ac6f98,N900EH,1
4ba976,TKJ7KS,1
4b8e47,PGT1661,1
39a580,TLJ142Y,1
4690e5,AEE6194,1
4bab5a,TKJ9DE,1
4cadf5,RYR64QD,1
4d2244,RYR3631,1
300a41,VND02J,2
4d2287,RYR8830,1
4d234d,RYR54SD,1
4d2256,RYR54SD,1
491d88,NJE366H,1
463044,OHSHG,1
4ca764,RYR34FU,1
48c122,RYR4VA,1
471f78,WMT3186,1
471f62,WMT715,1
3ce25a,BID41B,1
4d22ab,KMM454,1
440c31,EJU9040,1
4d21dc,KMM454,1
4d252f,UVL719F,1
493286,NJE663N,1
48c133,RYR2LC,1
4ca9cf,RYR2LC,1
48c221,RYR9535,1
4d234c,RYR9535,1
44082b,AUA770,1
4ca6a9,RYR48TV,1
4ca25a,RYR77YL,1
4d251a,RYR48TV,1
501c4a,CTN72E,2
4d22c2,RYR54NJ,2
4d22ca,RYR54NJ,1
4d22ca,RYR8787,1
4d2247,RYR8787,1
48664a,CND9918,1
4d225b,RYR2749,1
4d22b7,RYR2749,1
4d2383,RYR63BE,1
4951cb,TAP86GM,1
495216,TAP863Y,1
4951d9,TAP86GM,1
4951ca,TAP863Y,1
4951ce,TAP86GM,1
4951d9,TAP863Y,1
34568d,VOE67GU,1
3c4b4b,EWG47U,1
3c56ea,EWG47U,2
4d2468,AXY817N,1
4d227e,RYR7CC,1
4d2492,WMT2204,1
49410f,NJE651N,1
4d22b4,RYR687,1
4d22b2,RYR687,1
4d22c8,RYR687,1
300557,AUA547,2
300393,AUA543,1
300557,AUA549,1
300557,AUA543,2
300781,AUA549,1
3cc253,AWH91U,1
440570,PEV107,1
344445,EVE7816,1
344445,EVE7812,1
4c2e40,YULSA,1
4d24ad,WZZ47,1
471db7,WZZ47,1
4ca24c,RYR4NP,1
4ca9a9,RYR4NP,1
502d58,BTI38N,1
502d7c,BTI38N,1
48ea4e,RYR1583,1
471eff,WZZ38SH,1
471db7,WZZ9261,1
4d2054,SWU1996,1
49d3d3,TVQ663P,1
503cbb,KLJ5905,1
4d20f4,WMT3HR,1
48ad82,LOT6EN,1
4ca700,RYR7684,1
3e51e9,DIWFH,1
4d2225,RYR3884,1
4ca700,RYR3884,1
459a64,FRO174,1
395184,ITI219B,1
4d02ab,JFA50Z,1
490d85,NJE430R,1
3cc187,AWH91S,1
493296,NJE090T,1
4d21ef,RYR6447,2
4d234c,RYR1FD,1
4ca302,RYR1FD,1
48c22d,RYR64RV,1
48c121,RYR64RV,1
4d2124,HAT6060,1
4d2218,RYR79TC,1
4d244a,RYR79TC,1
5084df,UZA133P,1
abd336,GTI9664,1
494141,NJE842P,1
4ca2ab,RYR61JA,1
48c1a9,RYR61JA,1
3c542b,BCS3UP,1
44cdc8,BEL5KF,1
44ce76,BEL5FJ,1
485122,TRA29V,1
494142,NJE786E,1
4a08eb,ROT374W,1
4690fa,AEE539,1
44ce6a,BEL8GQ,1
44cdc9,BEL8GQ,1
4d00ca,LGL52LU,1
4d00c6,LGL52LU,1
501c55,TDR9500,1
3d49dd,DFAFL,1
4d02ad,JFA29K,1
3cc9e7,DCDTN,1
49328e,NJE7FV,1
3c5425,BCS846,1
3cc187,AWH55L,1
458d9a,MMD973,1
48c074,SPRDW,1
4d2413,EWG53FD,2
3e2316,DIEMG,1
392da5,TJT060P,1
39dd41,CCM810,1
398249,ASJ04SJ,1
4aca4f,NSZ5362,1
39aca4,FHLFE,3
4cadfd,RYR1UV,1
3e47ba,ECA002J,2
471f58,WMT9MC,1
4cadfd,RYR4162,1
344445,EVE7210,1
3d6f23,DFOIL,1
485a83,TFL4EA,1
48415f,KLM93W,1
486802,KLM1633,1
484442,KLM43F,1
440c34,EJU4074,1
486484,KLM1633,1
4400da,JVW474,1
4d02a0,LXA26B,2
4d2114,VJT708,1
48597e,TRA5071,1
89631d,UAE9748,1
4868b9,TRA545,1
486648,CND5861,1
485a84,TFL8DW,1
39c415,AEH010,1
39984f,FYL31CP,1
3e1f3f,DIDAL,1
4bb565,CAI62DT,1
4bb855,PGT912X,1
4892c0,ENT4338,1
4bcd83,SXS2HX,1
4bd159,CAI6BH,1
4891b2,ENT7992,1
44a0c8,OOHFH,3
44c069,PGC86X,2
4485b2,OOAMR,2
4d0242,FYL11VC,2
a8cecd,LXJ667,1
485f59,PHJRC,3
48630e,AGR1000,1
4d02e3,JFA48C,1
44cd63,OOSKC,2
440302,LDX600C,2
44b5b4,OOMMT,1
46d2ef,SEH011,1
3e3f1e,AWH94V,1
4d241f,WMT9BG,1
4a2aac,DNA407,1
345543,ANE70RM,1
49328a,NJE540V,1
48c2a2,RYR7WZ,1
491222,NJE091F,1
491d99,NJE529F,1
344645,VLG3EN,1
440c36,EJU45TN,1
3444d1,VLG80ZD,1
4d20fb,WMT5EE,1
4d222e,RYR27CN,1
345248,VLG9DN,1
345041,VLG71SU,1
4cadbd,RYR11TF,1
491d9a,NJE480W,1
4cad28,RYR27CN,1
4d2092,WMT5EE,1
4d2237,RYR71QT,1
4d228f,RYR11TF,1
34454b,VLG80ZD,1
345204,VLG71SU,1
501c4a,CTN375,1
345543,ANE45ZG,1
471fa2,WMT7050,1
344645,VLG9YV,1
34454a,VLG9JD,1
4692d7,AEE561,1
4d2021,WMT901,1
4d22b7,RYR2LA,1
4d2256,RYR792J,1
440484,EJU5057,1
4409c0,EJU5057,1
4bccb5,SXS8FC,1
440030,EJU83FG,2
501c43,CTN4409,1
4d2426,WZZ84,1
4932a1,NJE471N,1
4400dc,EJU18QH,1
4d0281,JFA30H,1
458664,CAT423,1
4d2413,EWG39UY,2
458664,CAT413,1
440668,AUA960,1
45c86b,FLI7140,1
34660f,VOE2005,1
4d2320,SWU1921,1
aa7fba,N776EE,1
452148,HLR777,2
471f58,WMT9WH,1
4d24c2,WMT9WH,1
4d2017,FJO97,1
440ce2,AELIA33,2
49d5ee,TVS462F,1
4d2320,SWU2111,1
4d202d,SWU704,1
4d24f0,SWU1943,1
30095a,CPV714,1
44058f,GAC956P,1
49d353,TVS28J,1
49d53e,NTF76M,2
490d0c,NJE998C,1
4d02b6,JFA94W,1
30085a,IOZZL,1
3008e8,IMYAU,2
3003d0,SSR38BM,1
399c01,FHHAB,2
3444c8,VOE3TA,1
4d20fb,WMT6638,1
39c466,BEJ36G,1
4d228b,RYR7143,1
48c22c,RYR841,1
49d045,NTF36T,2
3c5099,NGN901P,1
3964f8,TVF37QZ,1
471d62,WMT566,2
48c1a9,RYR8735,1
4caa57,RYR9528,1
3455da,VOE877,1
471d62,WZZ5Z,1
471873,HAJGT,1
48c12c,RYR87KN,1
48c1a2,RYR87KN,1
4bcda6,SXS3JC,1
4d2301,RYR7833,1
3d0073,TYW524P,2
3cf571,PAV601,1
4d230d,VJT750,1
493296,NJE877W,1
4932a1,NJE651U,1
e4998d,PSBIR,1
4911f4,VVV411,1
346193,VOE95YA,1
502d59,BTI9AY,1
4d24ab,WZZ51HK,1
48e893,ENT3AF,1
48cb15,TVP7543,1
471fa1,WZZ18QC,1
4aca87,NSZ9613,1
4ab822,NSZ9719,1
3430cd,VOE9502,1
4ac9ee,SAS7204,1
4cad94,SAS7892,1
503c4c,LWG5330,2
48c873,SPTDU,1
4d242d,WZZ9DW,1
48cb15,TVP7719,1
458667,CAT418,1
4ac9d0,SERNP,2
4d2209,RYR1997,1
48c2a2,RYR3FV,1
4baada,THY28V,1
39de57,TVF36JP,1
4cade7,RYR23CA,1
48e9f0,RYR2262,1
4cabf8,MSA9796,1
440019,EJU54QM,1
440735,EJU54QM,1
4d2209,RYR30JP,1
45caa7,DTR1901,1
4caecc,RYR96FL,1
4d00da,LGL8CT,1
a28eef,N264MC,2
49d63b,TVS35J,1
494101,NJE936G,1
3ce997,PTN67A,1
4d02e2,JFA19X,1
3ce0f7,PVD492R,1
39ca71,FHSTR,1
48630e,AGR0319,1
4d20cc,AXY479G,1
50009e,T7VYT,2
4d22ca,RYR1AZ,2
471f8e,WMT8QC,1
4d02e2,JFA55G,1
4d2504,RYR95TZ,1
4d21f1,RYR6033,1
4d2255,RYR3PD,1
4d2385,RYR5331,1
4cadf9,RYR4882,1
3995ce,FYG39HF,1
3e2afc,DIHMA,1
39a00b,FHIAL,2
440406,TSW7M,1
a2a43a,DCM3227,1
3ce078,LUA922M,1
4d02c4,JFA42W,1
398c06,FHDAG,1
463777,FSF804A,1
471fa2,WMT5027,1
3c65d4,DLH1HP,1
440713,EJU59FX,1
4aca4a,NSZ4330,1
3e1a54,PAV642,1
34660f,VOE7JM,1
4acb02,NSZ9621,1
4080b2,GJADN,1
440052,AUA986,1
440039,AUA986,1
4aca50,NSZ9716,1
4a91fa,SAS7581,1
4d2414,EWG6WP,2
44006e,AUA994,1
4cad96,SAS31T,1
4ca9c1,RYR6HH,1
4aca78,SAS31T,1
4d24f0,SWU1944,2
45c86b,FLI7126,1
4acaa3,SAS2521,1
4caf29,RYR8588,1
45c86b,FLI7122,1
4cad92,SAS2775,1
4cad7f,EIN43CE,1
4ca947,EIN836,1
3430cd,VOE9503,1
49410b,NJE784U,1
471f55,WMT29UM,1
4d2320,SWU1998,1
493289,NJE909H,1
4d028d,LRQ069J,2
49d327,TVS325F,1
491d99,NJE857Y,1
4d244b,RYR60MA,1
4ca836,EIN43JP,1
4cac84,RYR2SN,1
4ca214,EIN4324,1
4ca7b6,RYR60MA,1
4079a9,TOM12V,1
4d22b0,RYR8912,1
4d2274,RYR67PC,1
4d2369,RYR85JM,1
4cafc4,RYR6KP,1
4ca764,RYR6KP,1
48c2b0,RYR7KX,1
4d2251,RYR99FJ,1
3ce078,LUA681W,1
490d82,NJE507C,1
3cdf15,PVD491R,1
4b8533,PGT1662,1
3c5ef2,EWG9232,1
4d241e,WZZ9905,1
4cafcf,RYR8BC,1
342105,IBS1528,1
347159,NAY91VJ,1
3e17d0,STQ777,2
49d365,TVS325F,1
4d2085,EWG48N,1
300564,DLA3HP,1
3481c4,VOE3ET,1
407646,GKFTI,1
4d02c2,JFA67V,1
343183,INI273,1
3ccd59,PTN75R,1
a6ffcc,N550DX,1
4cad97,SAS1938,1
4bcd83,SXS9CK,1
440631,EJU871L,1
440582,EJU101V,1
a988ec,N713TS,1
440019,EJU9044,1
4690e4,AEE553,1
48c1a9,RYR83FL,1
3e31ea,LEJ330,1
31e009,IE313,2
3c6658,DLH7TW,1
3c6445,DLH5EP,1
3c6583,DLH9JF,1
3c6585,DLH8EE,1
3c6489,DLH326,1
3c6668,DLH9JF,1
3c6743,DLH7TW,1
3c6758,DLH8EE,1
493291,NJE026M,1
4bcda9,SXS8P,1
4bcd85,SXS3L,1
3c6429,CFG6HZ,1
3c66b9,OCN67M,1
3c66b3,OCN530,1
3c64a2,DLH338,1
4cadbb,RYR9398,1
4ca646,RYR7042,1
4d2247,RYR3P,1
abd336,GTI9665,1
4d2468,AXY258S,1
3c4668,ATV115P,1
490d08,NJE241M,1
484173,PHDIX,2
346350,VOE9231,1
4acb04,NSZ9733,1
3cc243,AWH97G,1
39cd33,ITI061P,1
502d96,BTI99B,1
4892c0,ENT2WU,1
34324f,IBE05FF,1
4cad89,SAS7934,1
4cad41,SAS2902,1
39ceaf,TVF7841,1
4d2407,EWG4101,1
34558c,IBB42TR,1
4cadf8,RYR8008,1
4bcdb4,SXS1UM,1
4bcdce,SXS1EE,1
4bb843,PGT5307,1
4bcd84,SXS54J,1
4bce13,SXS7HF,1
4bcde8,SXS9CP,1
4b906d,PGT76AQ,1
471fa7,WZZ95CL,1
4d2220,RYR8TC,1
502d9d,UAG101,2
4d20f6,VJT861,2
06a1cc,QQE759,1
490d81,NJE674Y,1
494141,NJE114C,2
4cafc4,RYR1379,1
3cedb8,LUA397H,1
4ca764,RYR1379,1
494118,NJE139H,1
462d44,FSF428K,1
44c061,PGC87H,1
49d630,OKELA,2
471f6a,WZZ4962,1
4d24ad,WZZ5ZN,1
491221,NJE712A,1
490d01,NJE128D,1
493286,NJE177Q,1
3e3ef9,PAV121,2
3cd50b,TYW213F,1
39cd33,ITI209A,1
44c063,PGC54R,1
3ce0f7,PVD431P,1
4d0240,FYL22AC,1
4bb855,PGT69V,1
4d202d,SWU1987,1
3ce8e8,IFA1052,1
4cad97,SAS1937,1
471da8,WZZ3FN,1
4692d3,AEE825,1
46da6c,SEH873,1
511194,MBU8XL,1
3c56f6,EWG7528,1
3c5ee6,EWG3WZ,2
3c5ee6,EWG24U,2
4bcd84,SXS77T,1
3cdd24,PWF103,1
4d2411,EWG34U,1
3cc24f,AWH92A,1
49130f,NJE815R,1
3e3f1e,AWH94U,1
4d21f7,RYR8908,1
45211b,GPX5PZ,1
461f6e,FIN9AP,1
461f67,FIN6AR,1
461f39,FIN1493,1
461f36,FIN1501,1
45ab22,JTD915,1
4bb84f,PGT31ZV,1
48b206,IGA692,1
3ce6c3,DCORR,1
345204,VLG80BK,1
39ceab,TVF80VQ,1
3c66b3,OCN8D,1
3d0073,TYW523P,2
4acb43,SAS1652,1
4d2088,EWG5065,1
4ac9f3,SAS7906,1
4ac9ec,SAS7944,1
440052,AUA987,1
440039,AUA987,1
4ac9ea,SAS7858,1
4aca50,NSZ9717,1
4a91fa,SAS7582,1
4ac9eb,SAS7244,1
44006e,AUA999,1
502ccf,BTI47J,1
461f67,FIN1492,1
461f39,FIN1494,1
458664,CAT414,1
440668,AUA959,1
40665f,TOM4CT,1
4a5dd4,MYJ193,1
440825,AUA677,1
3ce79a,PVD489V,1
4400d0,TYW431,1
4ca892,RYR63FM,1
4ca25a,RYR37AH,1
4ba993,THY68F,1
8966a3,ABY592D,1
4bab2c,THY9AU,1
49599a,JME911Z,1
4bab30,THY20T,1
800d87,IGO9638,1
4cade6,RYR4XQ,1
48b206,IGA493,1
503cb3,KLJ6989,1
459a65,FRO943,1
46cd38,SEH031,1
49d0a4,ITE597,1
452186,MAC9901,1
45213e,AMQ742,1
781b2b,HLF9859,1
49d2b7,TVS153P,1
ae0136,DUKE26,2
48ef33,WCG068,1
452119,AMQ667,1
471f78,WZZ1XM,1
4bd159,CAI3G,1
4891b2,ENT7991,1
4891b2,ENT4113,1
44cc43,BEL2XF,1
44082b,AUA113,1
44020b,GCK29,1
4ca566,RYR51RR,1
aaade6,N7877T,1
3c56f7,EWG8290,1
3c56f1,EWG7A,1
3c5eea,EWG59T,2
3f5407,GAF733,2
34760d,FBY123S,1
3cdd24,PWF1965,2
4d2274,RYR58JK,2
4ca707,RYR2MP,1
346107,LAV8089,1
4d02a1,JFA99X,2
4d2150,AXY362M,1
4d2141,WMT4WF,1
4d2092,WMT5SX,1
49118d,NJE050K,1
3e95ca,GAF623,3
4d21c2,AXY834R,1
4cad92,SAS2776,1
44a9ed,PGC53B,1
addfed,EJM216,2
39840d,TLJ426N,1
44c06a,PGC67K,1
4d02dc,JFA02C,1
4d403e,3AMTT,2
39c415,AEH019,1
346614,VOE2788,1
346614,VOE80SR,1
346648,VOE2732,1
452119,AMQ668,1
3d54b2,DFEIC,1
48e85a,SPTHC,2
484b6e,TRA44R,1
495210,TAP482,1
4951ce,TAP86PZ,1
3451d8,ANE45CY,1
4d252f,UVL721F,1
345313,VLG8549,1
4d00d7,LGL6545,1
4d00c6,LGL41V,1
4d00db,LGL51N,1
4d00d8,LGL51,1
4d02e9,JFA69Y,1
342213,INI371,1
4d2492,WMT8HD,2
34745a,AEA69DK,1
347288,IBE0683,1
4d2518,RYR95JN,1
34250a,IBE06YM,1
34530d,ANE23RN,1
4d21fc,RYR71JH,1
34750f,AEA42QK,1
4d244c,RYR71JH,1
347287,IBE0683,1
344446,AEA42QK,1
34250a,IBE0681,1
3420cb,IBE06YM,1
34538e,AEA69DK,1
348402,ANE81BU,1
4d02b7,JFA43X,1
34620b,IBE0981,1
34324f,IBE0559,1
4d24c2,WMT162,1
3485d2,ANE17NR,1
505e8e,EAT342,1
459a65,FRO175,1
3cf194,PWF117,1
506f3a,S5PGD,2
506fc2,S5PGI,2
3465d8,VOE89JC,1
4d2260,RYR2959,1
398e28,AIA134F,1
39cd33,ITI060P,1
4d4039,3AMPJ,1
344307,ANE91WJ,1
48c22c,RYR11VN,1
4d22b7,RYR27KW,1
3cce03,DWW928,1
348599,ECJFY,1
320044,POLI118,1
320053,POLI119,1
39a82f,FHKBP,1
4b281e,HBPFA,1
346350,VOE9029,1
4caa57,RYR45HK,1
4ba906,TKJ5001,1
3c5099,NGN7302,1
3c654d,LHX5YA,1
3c6551,LHX5YA,1
3c66b5,OCN320,1
3c64ac,DLH2YN,1
3c65c8,DLH2694,1
49130a,NJE526K,1
4690e5,AEE4365,1
4ca947,EIN837,1
4d2411,EWG6V,1
4932a4,NJE669N,1
346088,VLG24TL,1
3e5241,ECA2WR,1
4401e8,EJU85QT,1
346611,VOE87SR,1
34568d,VOE94BY,1
39ceaf,TVF79AM,1
461f67,FIN1604,1
4d227a,RYR8080,1
4d20bf,WZZ9743,1
491221,NJE985K,1
4cae55,RYR25HD,1
4bce09,SXS4FZ,1
3ccd44,IFA6030,1
4cadbd,RYR9696,1
4d2407,EWG6WK,1
4aca4f,NSZ9UM,1
a22ac5,N239JP,2
39b329,FHMZJ,2
440631,EJU97NM,1
4d21cf,AEZ385Z,1
48597d,TRA28B,1
4d253d,AEZ311L,1
0100a3,MSR532,1
4d2124,HAT6061,1
4baa99,TKJ2BA,1
4ca805,RYR311,1
a79b1c,JAS59,1
4d248d,WMT5KN,1
4d242a,WMT5KN,1
48c2ae,RYR85SZ,1
4ca624,RYR9239,1
4d201d,WMT565,1
4bb86f,PGT5542,1
4d02c2,JFA98A,1
4d2081,EWG9R,1
39dd41,CCM811,1
4d2416,EWG94B,1
4cadbc,RYR383E,1
348208,VLG2TF,1
4d2085,EWG4N,1
010287,NMA7743,1
440d2b,MJF4C,1
506d8b,UEE2,1
494105,NJE4EB,1
4d02e2,JFA93U,1
3c7e85,VJH624,2
494142,NJE696C,1
399a40,TLJ222X,1
49410b,NJE2CP,1
3991a3,IXR727,4
39de4d,TVF39CF,1
394c14,AFR96GZ,1
39d30a,TVF18MY,1
392da5,TJT050P,1
4bc8c1,PGT096,1
501c2b,JSY5L,1
48c132,RYR964D,1
4d02e3,JFA47B,1
adcde8,N989PR,1
4d22c1,RYR7SZ,1
4407fd,OEFUB,1
49410a,NJE631U,1
491221,NJE307R,1
471f70,WMT81ZW,1
345543,ANE2468,1
4892c0,ENT4HY,1
4892c0,ENT4337,1
488190,SPAMR,1
48e9f5,RYR9XF,1
4ca810,RYR22GR,1
48e9f5,RYR22GR,1
4d21f1,RYR9XF,1
49d44f,ABP611,2
49d39d,ABP931,1
49d327,TVS445P,1
49d353,TVS99J,1
3e2dc8,XGO3PB,1
49d327,TVS325P,1
49d53f,ECC281,1
4b37b7,HBVCP,1
300864,IMAXT,1
4d2216,RYR8PQ,1
31dc70,IC276,2
4d23fb,RYR21RZ,1
4ca8d8,RYR21RZ,1
4690e5,AEE6164,1
502ccf,BTI4CT,1
502d59,BTI2YT,1
502d3f,BTI6QW,1
502cc7,BTI4LA,1
48c1a8,RYR8118,1
502d96,BTI7FR,1
502d5b,BTI611,1
501c55,TDR9501,1
4cad52,ITY1475,2
4cadee,ITY1467,1
4cadee,ITY1463,1
300a3b,ITY1473,1
4cad5d,ITY1473,1
4cad5d,ITY1467,1
4ca8ff,ITY1463,1
48c812,SAH26P,1
493289,NJE233K,1
4d2095,RYR1429,1
4d2228,RYR1429,1
471f8e,WMT597N,1
4401a3,AOJ1F,1
490d0c,NJE217V,1
4d24f0,SWU703,1
4d20db,AEZ9893,1
347257,VOE8FC,1
346614,VOE2313,1
490d0c,NJE623L,1
ac6381,TWY818,1
4cae56,RYR4ZQ,1
49328a,NJE804L,1
4d2013,EWG47EZ,1
ae03e2,CNV6521,1
4bca68,RHH444,1
493286,NJE3VJ,1
3cc24f,AWH92D,1
3cc24f,AWH92B,1
4d02df,JFA88P,1
44a8a6,TFL8HG,1
440175,EJU934Y,1
4d244b,RYR55WB,1
4ca836,EIN43NX,1
4cac84,RYR88XD,1
4ca214,EIN4325,1
4ca7b6,RYR55WB,1
4079a9,TOM60V,1
485d34,PHFRA,2
4d253b,EWG3AZ,1
a206ae,N23FK,1
503eaa,GJT4QL,1
458664,CAT424,1
4cad7f,EIN43RT,1
4cad94,SAS7882,1
461f36,FIN1502,1
4ac9ee,SAS7202,1
502d28,BTI3JY,1
502cc7,BTI7HX,1
4d253b,EWG5078,1
46bc4a,OAL083,1
469596,SEH511,1
4bb056,TKJ70J,1
343183,INI272,1
344698,VLG7KW,1
3cc24b,AWH75A,1
51116f,MBU6147,1
3c56f1,EWG1909,1
4891b3,ENT6DN,1
44058f,GAC734S,1
4d21cf,AEZ839Y,1
4632b0,OHTFC,1
463fc8,FSF603A,1
493297,NJE4QC,1
48435a,P4G7A,1
3451d9,ANE3008,1
48c22d,RYR32SD,1
4d2303,RYR69SH,1
4ca2ad,RYR69SH,1
4cae57,RYR6RM,1
345659,VOE3321,1
4acaa3,SAS2522,1
4ac9ef,SAS2950,1
300a4d,IOZZW,1
4d2209,RYR551L,1
4691c2,AEE577,1
4d2492,WMT8AJ,1
490d08,NJE576D,1
491316,NJE997W,1
44005d,SKV73,1
45213e,AMQ743,1
3c66b5,OCN321,1
511194,MBU6TH,1
3c56f6,EWG7529,1
3c6429,CFG6AF,1
3c66b9,OCN311,1
34454a,VLG4ZE,1
3c5eeb,EWG18A,1
4400dc,EJU59DF,1
780005,CAO3155,1
4acb43,SAS1651,1
4d2088,EWG5064,1
4ac9f3,SAS7905,1
4ac9ec,SAS7943,1
4ac9ea,SAS7857,1
4ac9eb,SAS7243,1
4acaa4,SAS7515,1
4caff7,RYR468Q,1
490d81,NJE792R,1
4cac55,RYR9RV,1
4cad89,SAS7933,1
4cad41,SAS2901,1
4aca8d,NSZ9616,1
4cad94,SAS7891,1
4ab821,NSZ9720,1
4aca87,NSZ9610,1
4caf7e,SAS7885,1
4ac9ee,SAS7203,1
458667,CAT417,1
4aca4a,NSZ4329,1
4ab821,NSZ9744,1
4aca07,NSZ9712,1
4acb02,NSZ9620,1
4aca87,NSZ9612,1
4ab822,NSZ9718,1
4a914a,JET2,1
4ac9ef,SAS2949,1
4acb04,NSZ9732,1
4bb86a,PGT5GZ,1
3cd5c4,DCS607,1
4bcde8,SXS3JE,1
3c5eeb,EWG89Z,1
a4c2ff,CMB406,1
49130f,NJE567T,1
4ca700,RYR3885,1
45ba47,MMD2387,1
459544,MMD658,1
502d96,BTI7NK,1
4d20fb,WMT8600,1
4b3871,HCX72,1
502d28,BTI8DP,1
3480c3,IBB85LY,1
46bc4a,OAL082,1
4cac55,RYR8JR,1
4d242a,WMT69SL,1
4d245c,WMT1557,1
39dd40,CCM53AW,1
346611,VOE1921,1
48e9f6,RYR3YG,1
4d2244,RYR1338,1
39c466,BEJ16G,1
a858b7,CSR47,1
398465,FHBDF,1
a97c1f,N710AT,1
4bb841,PGT77CC,1
300966,IRSSL,1
49d28e,OKALT,1
4d2256,RYR1523,1
48e9f5,RYR7944,1
4ca810,RYR10LT,1
48e9f5,RYR10LT,1
4d21f1,RYR21CH,1
4d2260,RYR296W,1
3cd3bb,DCHMH,1
4cadfd,RYR8642,1
470cc0,FCA1VO,1
4cafcf,RYR1548,1
4d24cb,RYR9JV,1
4cadbb,RYR25CV,1
48c1a8,RYR786,1
4cac55,RYR2784,1
4b9dc7,TCGNG,1
485fd1,FYG73BM,1
45c86b,FLI7125,1
45c86b,FLI7141,1
4d234a,RYR2ZR,1
ac7a62,N903AS,1
4d22c1,RYR5PC,1
4d22c1,RYR9YB,1
4d22b0,RYR8FH,1
3465d8,VOE82FE,1
503cf5,MAC9904,1
346611,VOE4CD,1
346611,VOE4XC,1
461f6e,FIN1784,1
491d9a,NJE359D,1
48b70c,AMQ1M,1
3ce8c7,LUA674X,1
346614,VOE2789,1
346614,VOE9AH,1
4866f1,PHMAT,1
44082b,AUA79G,1
4d22b9,RYR9027,1
44065b,AUA573,1
4d22c3,RYR75MK,1
4d22c4,RYR97KW,1
440609,AUA2631,1
501c2b,JSY2M,1
3cc243,AWH97F,1
45c86b,FLI7127,1
494116,NJE5RT,1
3008df,ISPKS,1
4cadbb,RYR64CZ,1
503cf5,MAC9903,1
4cadbb,RYR1831,1
503eaa,GJT28Q,1
4d24ad,WZZ227,1
49d563,TVS430F,1
4d2092,WMT799,1
48ad10,LOT311,1
4d242d,WZZ8873,1
48cb15,TVP7718,1
4d24ab,WZZ19HU,1
48e893,ENT5FD,1
48cb15,TVP7542,1
471fa1,WZZ4254,1
440825,AUA676,1
4d2502,RYR22GG,1
3ce690,PTN52U,1
44c06a,PGC64J,1
3cc24f,AWH92C,1
4ca84a,RYR7305,1
489228,ENT7221,1
4ca8d7,RYR3VZ,1
4b9910,FHY713P,1
4bb46f,MNB547,1
343499,GES211B,1
344445,EVE7211,1
471f55,WMT7GQ,1
490d01,NJE301Y,1
4bcd86,SXS1NW,1
44ce66,BEL9CK,1
44d1c2,JAF3LY,1
408026,JAF96Y,1
