id1,id2,weight,distance
"Aalborg, DK","Billund, DK",3,156.52
"Aalborg, DK","Oslo (Gardermoen), NO",11,352.10999999999996
"Aalborg, DK","Copenhagen, DK",167,238.40000000000003
"Aalborg, DK","Amsterdam, NL",57,624.13
"Aalborg, DK","Málaga, ES",6,2507.05
"Aalborg, DK","Roskilde, DK",11,218.91
"Aarhus, DK","Gdańsk, PL",5,540.1
"Aarhus, DK","Málaga, ES",7,2458.03
"Aarhus, DK","Vienna, AT",1,996.32
"Aarhus, DK","Oslo (Gardermoen), NO",9,433.5299999999999
"Aberdeen, GB","Stavanger, NO",35,497.01
"Aberdeen, GB","London, GB",135,648.13
"Aberdeen, GB","Dublin, IE",24,491.91
"Aberdeen, GB","Amsterdam, NL",55,703.2699999999999
"Aberdeen, GB","Bergen, NO",22,548.27
"Aberdeen, GB","Luton, Luton, GB",10,603.94
"Aberdeen, GB","Grimsby, Lincolnshire, GB",1,419.68
"Aberdeen, GB","Paris, FR",4,926.26
"Aberdeen, GB","Glasgow, GB",8,201.61
"Aberdeen, GB","Birmingham, West Midlands, GB",25,528.74
"Aberdeen, GB","Norwich, Norfolk, GB",21,550.0200000000001
"Aberdeen, GB","Nottingham, Leicestershire, GB",20,489.15
"Aberdeen, GB","Manchester, Greater Manchester, GB",33,428.41
"Aberdeen, GB","Belfast, GB",6,372.3500000000001
"Aberdeen, GB","Bristol, GB",8,647.98
"Aberdeen, GB","Esbjerg, DK",6,687.09
"Aix en Provence, FR","Chambéry, FR",2,240.51
"Ajaccio, FR","Marignane, Bouches-du-Rhône, FR",66,338.33
"Ajaccio, FR","Paris, FR",50,965.23
"Ajaccio, FR","Nice, Alpes-Maritimes, FR",14,232.33000000000004
"Ajaccio, FR","Colombier-Saugnieu, Rhône, FR",5,517.05
"Ajaccio, FR","Seville, ES",2,1351.7
"Alava, ES","Valencia, ES",2,421.44
"Alava, ES","Santiago de Compostela, ES",1,463.53
"Alava, ES","Orio al Serio (BG), IT",2,1035.96
"Alava, ES","Seville, ES",5,664.53
"Alexandroupolis, GR","Spata-Artemida, GR",52,367.76000000000005
"Alghero, IT","Rome, IT",59,369.29
"Alghero, IT","Segrate (MI), IT",42,541.13
"Alghero, IT","Orio al Serio (BG), IT",4,571.78
"Alghero, IT","Bologna, IT",6,498.53
"Alicante, ES","London, GB",141,1471.3299999999997
"Alicante, ES","Nowy Dwór Mazowiecki, PL",4,2270.37
"Alicante, ES","Eindhoven, NL",47,1535.7599999999998
"Alicante, ES","Palma de Mallorca, ES",44,318.2300000000001
"Alicante, ES","Balice, PL",18,2074.3000000000006
"Alicante, ES","Leeds, West Yorkshire, GB",32,1734.86
"Alicante, ES","Paris, FR",46,1245.77
"Alicante, ES","Zaventem, BE",37,1458.0099999999998
"Alicante, ES","Luton, Luton, GB",41,1511.49
"Alicante, ES","Köln (Cologne), DE",21,1524.41
"Alicante, ES","Vienna, AT",10,1760.1199999999997
"Alicante, ES","Katowice, PL",12,2055.99
"Alicante, ES","Darlington, Durham, GB",4,1805.56
"Alicante, ES","Liverpool, GB",46,1682.9500000000003
"Alicante, ES","Newcastle upon Tyne, Tyne and Wear, GB",27,1865.09
"Alicante, ES","Rotterdam, NL",27,1569.31
"Alicante, ES","Rome, IT",19,1170.9299999999998
"Alicante, ES","Amsterdam, NL",53,1613.15
"Alicante, ES","Dublin, IE",25,1739.79
"Alicante, ES","Barcelona, ES",77,403.84999999999997
"Alicante, ES","Düsseldorf, DE",10,1555.69
"Alicante, ES","Bergen, NO",8,2480.89
"Alicante, ES","Copenhagen, DK",30,2164.54
"Alicante, ES","Tenerife, ES",7,1846.26
"Alicante, ES","Oostende, BE",12,1461.3099999999997
"Alicante, ES","Edinburgh, GB",26,1975.6799999999998
"Alicante, ES","Nottingham, Leicestershire, GB",26,1618.8499999999997
"Alicante, ES","Birmingham, West Midlands, GB",41,1578.5
"Alicante, ES","Belfast, GB",32,1865.1600000000003
"Alicante, ES","Manchester, Greater Manchester, GB",84,1680.5700000000002
"Alicante, ES","Seville, ES",13,478.1
"Alicante, ES","Warsaw, PL",26,2271.35
"Alicante, ES","Madrid, ES",67,359.3
"Alicante, ES","Bristol, GB",53,1466.4
"Alicante, ES","Exeter, Devon, GB",4,1402.72
"Alicante, ES","Cardiff, GB",18,1474.42
"Alicante, ES","Weeze, DE",14,1570.4400000000003
"Alicante, ES","Budapest, HU",20,1893.95
"Alicante, ES","Marignane, Bouches-du-Rhône, FR",10,750.73
"Alicante, ES","Charleroi, BE",36,1410.9900000000002
"Alicante, ES","Oslo (Gardermoen), NO",40,2570.41
"Alicante, ES","Bournemouth, GB",10,1393.4
"Alicante, ES","Prestwick, South Ayrshire, GB",10,1938.0899999999997
"Alicante, ES","Göteborg, SE",20,2347.85
"Alicante, ES","Stockholm, SE",29,2698.53
"Alicante, ES","Prague, CZ",4,1760.68
"Alicante, ES","Bratislava, SK",13,1804.28
"Alicante, ES","Cork, IE",8,1629.04
"Alicante, ES","Orio al Serio (BG), IT",9,1179.31
"Alicante, ES","Glasgow, GB",21,1977.0
"Alicante, ES","Berlin, DE",12,1905.67
"Alicante, ES","Geneva, CH",16,1040.1
"Alicante, ES","Ibiza (Eivissa), ES",17,180.27000000000004
"Alicante, ES","Porto, PT",4,768.23
"Alicante, ES","Newquay, GB",4,1396.56
"Alicante, ES","Beauvais, FR",10,1260.39
"Alicante, ES","Ferno (VA), IT",24,1119.8
"Alicante, ES","Nuremberg, DE",8,1553.41
"Alicante, ES","Zurich, CH",14,1259.76
"Alicante, ES","Frankfurt am Main (Lautzenhausen), DE",10,1437.52
"Alicante, ES","Granada, ES",1,308.07
"Alicante, ES","Büren, DE",3,1645.78
"Alicante, ES","Stavanger, NO",7,2332.55
"Alicante, ES","Poznań, PL",12,2066.7
"Almería, ES","Seville, ES",22,318.75
"Almería, ES","Melilla, ES",6,181.72
"Almería, ES","Madrid, ES",44,414.84
"Almería, ES","Barcelona, ES",21,626.44
"Almería, ES","London, GB",10,1641.02
"Amsterdam, NL","Schkeuditz, DE",18,522.02
"Amsterdam, NL","Ferno (VA), IT",31,796.6399999999999
"Amsterdam, NL","Birmingham, West Midlands, GB",83,442.13000000000005
"Amsterdam, NL","Grimsby, Lincolnshire, GB",40,370.39
"Amsterdam, NL","Belfast, GB",27,759.8099999999998
"Amsterdam, NL","Zaventem, BE",38,157.65999999999997
"Amsterdam, NL","Düsseldorf, DE",70,178.33999999999997
"Amsterdam, NL","Luxembourg, LU",49,314.94999999999993
"Amsterdam, NL","London, GB",494,341.41
"Amsterdam, NL","Cork, IE",28,906.11
"Amsterdam, NL","Paris, FR",187,378.01
"Amsterdam, NL","Caselle Torinese (TO), IT",23,818.0
"Amsterdam, NL","Kristiansand(Kjevik), NO",23,688.31
"Amsterdam, NL","Hamburg, DE",68,372.79
"Amsterdam, NL","Zurich, CH",145,603.4699999999999
"Amsterdam, NL","Luton, Luton, GB",85,353.85
"Amsterdam, NL","Málaga, ES",91,1883.6599999999999
"Amsterdam, NL","Edinburgh, GB",79,666.36
"Amsterdam, NL","Cardiff, GB",27,565.67
"Amsterdam, NL","Frankfurt am Main, DE",125,366.48
"Amsterdam, NL","Parma (PR), IT",3,925.61
"Amsterdam, NL","Marignane, Bouches-du-Rhône, FR",34,986.92
"Amsterdam, NL","Balice, PL",55,1073.59
"Amsterdam, NL","Segrate (MI), IT",139,831.08
"Amsterdam, NL","Dublin, IE",171,749.71
"Amsterdam, NL","Oslo (Gardermoen), NO",95,959.18
"Amsterdam, NL","Munich, DE",138,664.17
"Amsterdam, NL","Madrid, ES",144,1468.5799999999997
"Amsterdam, NL","Liverpool, GB",24,523.89
"Amsterdam, NL","Bergen, NO",51,888.31
"Amsterdam, NL","Bremen, DE",38,283.48
"Amsterdam, NL","Darlington, Durham, GB",25,477.65999999999997
"Amsterdam, NL","Copenhagen, DK",156,633.38
"Amsterdam, NL","Norwich, Norfolk, GB",39,239.17
"Amsterdam, NL","Southend-on-Sea, Essex, GB",12,290.79
"Amsterdam, NL","Seville, ES",33,1852.07
"Amsterdam, NL","Bucharest, RO",66,1786.58
"Amsterdam, NL","Tallinn, EE",28,1471.8700000000001
"Amsterdam, NL","Leeds, West Yorkshire, GB",29,462.46
"Amsterdam, NL","Stuttgart, DE",51,511.01
"Amsterdam, NL","Warsaw, PL",102,1098.43
"Amsterdam, NL","Toulouse/Blagnac, FR",42,997.47
"Amsterdam, NL","Valencia, ES",32,1481.12
"Amsterdam, NL","Funchal, PT",18,2783.52
"Amsterdam, NL","Velika Gorica, HR",23,1098.85
"Amsterdam, NL","Geneva, CH",104,681.99
"Amsterdam, NL","Pisa (PI), IT",6,1045.71
"Amsterdam, NL","Porto, PT",53,1594.97
"Amsterdam, NL","Barcelona, ES",146,1241.14
"Amsterdam, NL","Riga, LV",34,1337.18
"Amsterdam, NL","Southampton, GB",32,448.49
"Amsterdam, NL","Newcastle upon Tyne, Tyne and Wear, GB",61,521.9799999999999
"Amsterdam, NL","Istanbul, TR",133,2213.33
"Amsterdam, NL","Nice, Alpes-Maritimes, FR",16,978.8600000000001
"Amsterdam, NL","Salzburg, AT",29,772.63
"Amsterdam, NL","Billund, DK",68,477.25
"Amsterdam, NL","Vilnius, LT",24,1377.4399999999998
"Amsterdam, NL","Saint-Jacques-de-la-Lande, Ille-et-Vilaine, FR",10,659.99
"Amsterdam, NL","Göteborg, SE",54,760.16
"Amsterdam, NL","Gdańsk, PL",33,936.62
"Amsterdam, NL","Bristol, GB",71,523.83
"Amsterdam, NL","Hannover, DE",40,334.36
"Amsterdam, NL","Nantes, FR",40,733.2700000000001
"Amsterdam, NL","Prague, CZ",92,705.0
"Amsterdam, NL","Budapest, HU",44,1156.58
"Amsterdam, NL","Bordeaux, FR",39,923.65
"Amsterdam, NL","Stockholm, SE",117,1142.3699999999997
"Amsterdam, NL","Lisbon, PT",58,1846.2999999999997
"Amsterdam, NL","Poznań, PL",18,817.97
"Amsterdam, NL","Farnborough, Hampshire, GB",3,397.85
"Amsterdam, NL","Vienna, AT",83,959.4800000000001
"Amsterdam, NL","Manchester, Greater Manchester, GB",132,486.92
"Amsterdam, NL","Helsinki (Vantaa), FI",66,1521.36
"Amsterdam, NL","Valletta, MT",16,1984.49
"Amsterdam, NL","Colombier-Saugnieu, Rhône, FR",52,732.34
"Amsterdam, NL","Rome, IT",81,1302.7699999999998
"Amsterdam, NL","Berlin, DE",80,593.4
"Amsterdam, NL","Mönchengladbach, DE",3,169.46
"Amsterdam, NL","Exeter, Devon, GB",14,591.89
"Amsterdam, NL","Zgornji Brnik, SI",14,974.43
"Amsterdam, NL","Glasgow, GB",48,717.96
"Amsterdam, NL","Firenze (FI), IT",30,1058.4
"Amsterdam, NL","Faro, PT",24,1969.82
"Amsterdam, NL","Nuremberg, DE",54,541.6
"Amsterdam, NL","Bologna, IT",39,988.46
"Amsterdam, NL","Spata-Artemida, GR",51,2181.75
"Amsterdam, NL","Linköping, SE",23,965.29
"Amsterdam, NL","Wilhelmshaven, DE",3,257.35
"Amsterdam, NL","Trondheim, NO",25,1290.68
"Amsterdam, NL","Stavanger, NO",43,732.3800000000001
"Amsterdam, NL","Inverness, GB",13,808.5300000000001
"Amsterdam, NL","Palma de Mallorca, ES",15,1426.97
"Amsterdam, NL","Ibiza (Eivissa), ES",12,1516.6600000000003
"Amsterdam, NL","Orio al Serio (BG), IT",1,821.24
"Amsterdam, NL","Thessaloniki, GR",12,1904.79
"Amsterdam, NL","Gran Canaria Island, ES",2,3192.84
"Amsterdam, NL","Tarbes/Lourdes/Pyrénées, FR",2,1075.44
"Amsterdam, NL","Innsbruck, AT",35,733.08
"Amsterdam, NL","Wrocław, PL",19,844.6699999999998
"Amsterdam, NL","Genova (GE), IT",14,927.9
"Amsterdam, NL","Groningen, NL",5,151.81
"Andrézieux-Bouthéon, Loire, FR","Madrid, ES",1,861.49
"Angelsey, GB","King's Lynn, Norfolk, GB",1,347.14
"Angers, FR","Bern, CH",1,593.84
"Aix en Provence, FR","Annecy, FR",1,275.53
"Antalya, TR","Stockholm, SE",3,2677.16
"Antalya, TR","Istanbul, TR",323,488.2
"Antalya, TR","Tymbou (Kirklar), CY",47,311.30999999999995
"Antalya, TR","Dresden, DE",3,2077.9
"Antalya, TR","Newcastle upon Tyne, Tyne and Wear, GB",5,3172.24
"Antalya, TR","Frankfurt am Main, DE",10,2298.23
"Antalya, TR","Nuremberg, DE",7,2114.06
"Antalya, TR","Leeds, West Yorkshire, GB",2,3115.55
"Antalya, TR","Hannover, DE",15,2387.12
"Antalya, TR","Zurich, CH",13,2165.34
"Antalya, TR","Düsseldorf, DE",29,2478.71
"Antalya, TR","Paris, FR",6,2673.52
"Antalya, TR","Billund, DK",3,2650.92
"Antalya, TR","Bristol, GB",4,3082.36
"Antalya, TR","Birmingham, West Midlands, GB",8,3060.36
"Antalya, TR","Stuttgart, DE",15,2182.41
"Antalya, TR","London, GB",32,2913.1099999999997
"Antalya, TR","Hamburg, DE",10,2454.52
"Antalya, TR","Munich, DE",14,2000.9299999999998
"Antalya, TR","Manchester, Greater Manchester, GB",18,3130.5199999999995
"Antalya, TR","Vienna, AT",13,1701.9299999999998
"Antalya, TR","Berlin, DE",12,2185.92
"Antalya, TR","Köln (Cologne), DE",14,2432.08
"Antalya, TR","Southend-on-Sea, Essex, GB",3,2868.58
"Antalya, TR","Luton, Luton, GB",10,2949.1
"Antalya, TR","Copenhagen, DK",8,2489.08
"Antwerp, BE","Valencia, ES",1,1356.52
"Antwerp, BE","Hamburg, DE",1,455.31
"Antwerp, BE","St. Gallen, CH",5,553.09
"Antwerp, BE","Stuttgart, DE",1,439.51
"Antwerp, BE","Málaga, ES",8,1763.33
"Antwerp, BE","Geneva, CH",5,563.74
"Arvidsjaur, SE","Stuttgart, DE",5,1969.08
"Arvidsjaur, SE","Hannover, DE",2,1555.66
"Arvidsjaur, SE","Köln (Cologne), DE",3,1777.6
"Arvidsjaur, SE","Munich, DE",6,1966.4399999999998
"Augsburg, DE","Marignane, Bouches-du-Rhône, FR",15,708.91
"Augsburg, DE","Hamburg, DE",3,577.9
"Augsburg, DE","Maribor, SI",1,417.72
"Augsburg, DE","Toussus-le-Noble, Yvelines, FR",3,649.77
"Augsburg, DE","Bucharest, RO",2,1236.9
"Augsburg, DE","Berlin, DE",1,474.05
"Augsburg, DE","Schkeuditz, DE",1,345.83
"Avignon, FR","Geneva, CH",2,275.95
"Avignon, FR","Lesquin, FR",1,752.77
"Bacău, RO","Luton, Luton, GB",12,2055.66
"Bacău, RO","Zaventem, BE",1,1708.38
"Badajoz, ES","Madrid, ES",12,318.9
"Badajoz, ES","Tenerife, ES",2,1479.01
"Balice, PL","Oslo (Gardermoen), NO",28,1250.58
"Balice, PL","Zurich, CH",18,872.5
"Balice, PL","Copenhagen, DK",32,779.35
"Balice, PL","Munich, DE",23,611.42
"Balice, PL","Porto, PT",10,2401.17
"Balice, PL","London, GB",83,1398.3299999999997
"Balice, PL","Málaga, ES",18,2445.63
"Balice, PL","Dublin, IE",26,1820.41
"Balice, PL","Beauvais, FR",16,1268.1600000000003
"Balice, PL","Newcastle upon Tyne, Tyne and Wear, GB",14,1545.34
"Balice, PL","Frankfurt am Main, DE",52,800.8
"Balice, PL","Belfast, GB",10,1814.1799999999998
"Balice, PL","Luton, Luton, GB",36,1420.3800000000003
"Balice, PL","Stavanger, NO",10,1333.62
"Balice, PL","Geneva, CH",5,1098.54
"Balice, PL","Valletta, MT",25,1639.0
"Balice, PL","Birmingham, West Midlands, GB",31,1515.37
"Balice, PL","Warsaw, PL",91,251.13000000000002
"Balice, PL","Szymany, PL",4,386.74
"Balice, PL","Barcelona, ES",40,1679.8399999999997
"Balice, PL","Colombier-Saugnieu, Rhône, FR",4,1194.89
"Balice, PL","Larnaca, CY",6,2028.9000000000003
"Balice, PL","Vienna, AT",29,320.34999999999997
"Balice, PL","Valencia, ES",10,1975.4299999999998
"Balice, PL","Orio al Serio (BG), IT",31,896.0899999999999
"Balice, PL","Sandefjord(Torp), NO",21,1181.42
"Balice, PL","Luxembourg, LU",4,973.03
"Balice, PL","Pescara, IT",3,952.47
"Balice, PL","Bologna, IT",12,887.86
"Balice, PL","Helsinki (Vantaa), FI",11,1184.29
"Balice, PL","Memmingen, DE",10,733.11
"Balice, PL","Capannori (LU), IT",1,984.34
"Balice, PL","Jasionka, PL",2,159.78
"Balice, PL","Bournemouth, GB",7,1528.28
"Balice, PL","Eindhoven, NL",20,1023.22
"Balice, PL","Ronchi dei Legionari/Trieste, IT",6,666.15
"Balice, PL","Manchester, Greater Manchester, GB",33,1556.24
"Balice, PL","Vilnius, LT",8,629.09
"Balice, PL","Edinburgh, GB",28,1670.98
"Balice, PL","Paris, FR",45,1261.5099999999998
"Balice, PL","Bristol, GB",28,1584.06
"Balice, PL","Rome, IT",45,1080.87
"Balice, PL","Paphos, CY",5,1994.94
"Balice, PL","Thessaloniki, GR",9,1091.38
"Balice, PL","Leeds, West Yorkshire, GB",20,1521.58
"Balice, PL","Göteborg, SE",12,987.06
"Balice, PL","Istanbul, TR",20,1229.95
"Balice, PL","Palermo, IT",6,1425.6500000000003
"Balice, PL","Bergen, NO",8,1458.1
"Balice, PL","Lamezia Terme (CZ), IT",5,1273.14
"Balice, PL","Zaventem, BE",5,1084.32
"Balice, PL","Ferno (VA), IT",18,960.3999999999999
"Balice, PL","Bucharest, RO",14,778.16
"Balice, PL","Glasgow, GB",12,1733.66
"Balice, PL","Düsseldorf, DE",3,925.75
"Balice, PL","Liverpool, GB",22,1593.86
"Balice, PL","Charleroi, BE",18,1088.1099999999997
"Balice, PL","Shannon, IE",14,1999.68
"Balice, PL","Madrid, ES",14,2113.61
"Balice, PL","Stockholm, SE",18,1054.45
"Balice, PL","Marignane, Bouches-du-Rhône, FR",4,1329.58
"Balice, PL","Gdańsk, PL",4,486.47
"Barcelona, ES","Manchester, Greater Manchester, GB",61,1379.16
"Barcelona, ES","Newcastle upon Tyne, Tyne and Wear, GB",4,1552.68
"Barcelona, ES","Gran Canaria Island, ES",2,2184.63
"Barcelona, ES","Napoli, IT",13,1023.61
"Barcelona, ES","Frankfurt am Main, DE",80,1092.54
"Barcelona, ES","Nowy Dwór Mazowiecki, PL",22,1869.31
"Barcelona, ES","Paris, FR",286,890.3400000000001
"Barcelona, ES","Munich, DE",102,1094.6299999999999
"Barcelona, ES","Ronchi dei Legionari/Trieste, IT",8,1045.77
"Barcelona, ES","Valencia, ES",22,295.6
"Barcelona, ES","Bratislava, SK",24,1415.05
"Barcelona, ES","Warsaw, PL",42,1871.0999999999997
"Barcelona, ES","Bucharest, RO",31,1981.7699999999998
"Barcelona, ES","Budapest, HU",54,1514.6
"Barcelona, ES","London, GB",350,1146.99
"Barcelona, ES","Luton, Luton, GB",34,1190.76
"Barcelona, ES","Cardiff, GB",4,1196.82
"Barcelona, ES","Palma de Mallorca, ES",267,201.97
"Barcelona, ES","Geneva, CH",67,637.45
"Barcelona, ES","Copenhagen, DK",58,1768.57
"Barcelona, ES","Rome, IT",175,862.19
"Barcelona, ES","Madrid, ES",261,493.49
"Barcelona, ES","Tenerife, ES",31,2219.8
"Barcelona, ES","Caselle Torinese (TO), IT",22,625.83
"Barcelona, ES","Bordeaux, FR",25,453.49
"Barcelona, ES","Orio al Serio (BG), IT",44,783.84
"Barcelona, ES","Vienna, AT",53,1369.69
"Barcelona, ES","Porto, PT",78,898.6600000000001
"Barcelona, ES","Dublin, IE",79,1485.69
"Barcelona, ES","Seville, ES",122,809.28
"Barcelona, ES","Zurich, CH",85,855.9000000000001
"Barcelona, ES","Köln (Cologne), DE",40,1132.75
"Barcelona, ES","Istanbul, TR",75,2240.68
"Barcelona, ES","Ibiza (Eivissa), ES",116,276.15
"Barcelona, ES","Málaga, ES",113,765.97
"Barcelona, ES","Mahón (Maó), ES",32,241.05000000000004
"Barcelona, ES","Zaventem, BE",50,1083.78
"Barcelona, ES","Braunschweig, DE",1,1382.87
"Barcelona, ES","Ferno (VA), IT",177,720.79
"Barcelona, ES","Spata-Artemida, GR",39,1904.51
"Barcelona, ES","Schkeuditz, DE",27,1366.29
"Barcelona, ES","Liverpool, GB",10,1388.29
"Barcelona, ES","Lisbon, PT",115,994.0
"Barcelona, ES","Düsseldorf, DE",38,1167.41
"Barcelona, ES","Santiago de Compostela, ES",37,883.25
"Barcelona, ES","Bologna, IT",45,831.32
"Barcelona, ES","Southampton, GB",4,1105.23
"Barcelona, ES","Strasbourg, FR",8,915.53
"Barcelona, ES","Riga, LV",12,2341.7699999999995
"Barcelona, ES","Stuttgart, DE",33,994.6600000000001
"Barcelona, ES","Berlin, DE",73,1502.44
"Barcelona, ES","Bristol, GB",31,1179.64
"Barcelona, ES","Prague, CZ",45,1358.0299999999997
"Barcelona, ES","Luxembourg, LU",26,980.33
"Barcelona, ES","Granada, ES",10,680.14
"Barcelona, ES","Beauvais, FR",11,907.05
"Barcelona, ES","Edinburgh, GB",26,1676.5800000000002
"Barcelona, ES","Birmingham, West Midlands, GB",38,1273.75
"Barcelona, ES","Segrate (MI), IT",21,741.9700000000001
"Barcelona, ES","Nantes, FR",39,714.2400000000001
"Barcelona, ES","Valletta, MT",25,1235.97
"Barcelona, ES","Marignane, Bouches-du-Rhône, FR",17,350.62000000000006
"Barcelona, ES","Larnaca, CY",7,2834.7100000000005
"Barcelona, ES","Culleredo, ES",36,887.68
"Barcelona, ES","La Virgen Del Camino, ES",10,655.2
"Barcelona, ES","Charleroi, BE",20,1035.47
"Barcelona, ES","Hamburg, DE",23,1485.59
"Barcelona, ES","Leeds, West Yorkshire, GB",8,1424.93
"Barcelona, ES","Oslo (Gardermoen), NO",18,2190.3
"Barcelona, ES","Melilla, ES",2,800.13
"Barcelona, ES","Helsinki (Vantaa), FI",13,2628.15
"Barcelona, ES","Capannori (LU), IT",8,750.3
"Barcelona, ES","Cork, IE",5,1420.74
"Barcelona, ES","Colombier-Saugnieu, Rhône, FR",28,549.0
"Barcelona, ES","Stockholm, SE",21,2301.82
"Barcelona, ES","Caselle (VR), IT",9,844.8399999999999
"Barcelona, ES","Falconara Marittima (AN), IT",3,960.08
"Barcelona, ES","Tallinn, EE",8,2554.7
"Barcelona, ES","Gdańsk, PL",6,1890.94
"Barcelona, ES","Salzburg, AT",4,1125.71
"Barcelona, ES","Vilnius, LT",13,2258.08
"Barcelona, ES","Rotterdam, NL",14,1198.75
"Barcelona, ES","Frankfurt am Main (Lautzenhausen), DE",10,1042.17
"Barcelona, ES","Hannover, DE",6,1367.5999999999997
"Barcelona, ES","Jerez de la Frontera, ES",7,865.72
"Barrow-in-Furness, GB","Farnborough, Hampshire, GB",9,358.84
"Barrow-in-Furness, GB","Bristol, GB",9,307.61
"Barrow-in-Furness, GB","Nottingham, Leicestershire, GB",7,193.08
"Bastia, FR","Paris, FR",20,935.36
"Beauvais, FR","Porto, PT",37,1240.2000000000003
"Beauvais, FR","Budapest, HU",15,1269.75
"Beauvais, FR","Poznań, PL",6,1080.06
"Beauvais, FR","Pisa (PI), IT",10,900.28
"Beauvais, FR","Dublin, IE",31,728.76
"Beauvais, FR","Vilnius, LT",4,1676.88
"Beauvais, FR","Orio al Serio (BG), IT",14,707.95
"Beauvais, FR","Palermo, IT",3,1537.0
"Beauvais, FR","Edinburgh, GB",4,810.76
"Beauvais, FR","Seville, ES",9,1484.29
"Beauvais, FR","Valencia, ES",2,1126.85
"Beauvais, FR","Ronchi dei Legionari/Trieste, IT",3,940.49
"Beauvais, FR","Faro, PT",6,1603.08
"Beauvais, FR","Bologna, IT",14,884.08
"Beauvais, FR","Madrid, ES",12,1101.11
"Beauvais, FR","Rome, IT",18,1167.1
"Beauvais, FR","Copenhagen, DK",6,987.07
"Beauvais, FR","Stockholm, SE",4,1506.72
"Beauvais, FR","Wrocław, PL",5,1063.51
"Beauvais, FR","Vienna, AT",14,1068.04
"Beauvais, FR","Nowy Dwór Mazowiecki, PL",7,1336.58
"Beauvais, FR","Birmingham, West Midlands, GB",8,429.26000000000005
"Beauvais, FR","Manchester, Greater Manchester, GB",13,529.32
"Beja, PT","Geneva, CH",1,1466.91
"Belfast, GB","London, GB",323,530.49
"Belfast, GB","Bristol, GB",53,424.87
"Belfast, GB","Nottingham, Leicestershire, GB",77,369.44999999999993
"Belfast, GB","Liverpool, GB",77,254.15
"Belfast, GB","Manchester, Greater Manchester, GB",143,284.7
"Belfast, GB","Málaga, ES",22,2000.87
"Belfast, GB","Edinburgh, GB",116,223.36999999999998
"Belfast, GB","Newcastle upon Tyne, Tyne and Wear, GB",41,282.33
"Belfast, GB","Budapest, HU",6,1916.01
"Belfast, GB","Geneva, CH",17,1266.63
"Belfast, GB","Faro, PT",15,1964.96
"Belfast, GB","Paris, FR",24,820.25
"Belfast, GB","Luton, Luton, GB",64,486.52
"Belfast, GB","Glasgow, GB",67,171.03
"Belfast, GB","Leeds, West Yorkshire, GB",49,297.37
"Belfast, GB","Birmingham, West Midlands, GB",139,373.43
"Belfast, GB","Southampton, GB",28,516.92
"Belfast, GB","Cardiff, GB",10,403.07
"Belfast, GB","Roskilde, DK",1,1157.43
"Belfast, GB","Inverness, GB",6,345.89000000000004
"Bergen, NO","Stavanger, NO",180,159.29
"Bergen, NO","Oslo (Gardermoen), NO",246,324.71
"Bergen, NO","Sandefjord(Torp), NO",60,307.98
"Bergen, NO","Zaventem, BE",2,1045.34
"Bergen, NO","Frankfurt am Main, DE",22,1160.78
"Bergen, NO","Stockholm, SE",7,713.54
"Bergen, NO","Kristiansand(Kjevik), NO",62,283.74
"Bergen, NO","London, GB",28,1029.54
"Bergen, NO","Trondheim, NO",107,461.45000000000005
"Bergen, NO","Gdańsk, PL",9,1028.69
"Bergen, NO","Göteborg, SE",11,485.5299999999999
"Bergen, NO","Copenhagen, DK",66,679.5
"Bergen, NO","Ålesund, NO",2,256.51
"Bergen, NO","Roskilde, DK",2,663.01
"Bergen, NO","Manchester, Greater Manchester, GB",4,895.6
"Bergen, NO","Rotterdam, NL",1,928.22
"Bergen, NO","Helsinki (Vantaa), FI",18,1083.55
"Berlin, DE","Paris, FR",177,859.28
"Berlin, DE","Marignane, Bouches-du-Rhône, FR",6,1167.27
"Berlin, DE","Munich, DE",131,461.96
"Berlin, DE","Palma de Mallorca, ES",53,1645.61
"Berlin, DE","Saarbrücken, DE",12,568.89
"Berlin, DE","Orio al Serio (BG), IT",27,793.64
"Berlin, DE","Vienna, AT",80,520.53
"Berlin, DE","London, GB",228,932.04
"Berlin, DE","Valencia, ES",7,1787.41
"Berlin, DE","Zaventem, BE",21,642.78
"Berlin, DE","Copenhagen, DK",63,366.26
"Berlin, DE","Southend-on-Sea, Essex, GB",4,880.76
"Berlin, DE","Frankfurt am Main, DE",195,431.24000000000007
"Berlin, DE","Budapest, HU",31,674.12
"Berlin, DE","Stuttgart, DE",29,508.0
"Berlin, DE","Zurich, CH",136,650.17
"Berlin, DE","Thessaloniki, GR",16,1500.52
"Berlin, DE","Düsseldorf, DE",22,477.81
"Berlin, DE","Köln (Cologne), DE",52,469.36
"Berlin, DE","Rome, IT",48,1177.03
"Berlin, DE","Segrate (MI), IT",28,828.43
"Berlin, DE","Funchal, PT",12,3264.3000000000006
"Berlin, DE","Madrid, ES",45,1860.57
"Berlin, DE","Luton, Luton, GB",15,947.14
"Berlin, DE","Istanbul, TR",113,1716.58
"Berlin, DE","Spata-Artemida, GR",26,1796.72
"Berlin, DE","Oslo (Gardermoen), NO",30,883.2800000000001
"Berlin, DE","Edinburgh, GB",24,1165.38
"Berlin, DE","Camberley, Surrey, GB",1,990.88
"Berlin, DE","Dublin, IE",51,1326.82
"Berlin, DE","Friedrichshafen, DE",10,594.1999999999999
"Berlin, DE","Tenerife, ES",1,3642.36
"Berlin, DE","Luxembourg, LU",19,593.56
"Berlin, DE","Helsinki (Vantaa), FI",46,1128.86
"Berlin, DE","Manchester, Greater Manchester, GB",41,1063.11
"Berlin, DE","Jasionka, PL",1,643.47
"Berlin, DE","Birmingham, West Midlands, GB",15,1032.61
"Berlin, DE","Nîmes/Garons, FR",1,1169.09
"Berlin, DE","Geneva, CH",24,865.7000000000002
"Berlin, DE","Warsaw, PL",26,505.71
"Berlin, DE","Ronchi dei Legionari/Trieste, IT",6,726.58
"Berlin, DE","Bern, CH",5,743.77
"Berlin, DE","Bucharest, RO",18,1269.72
"Berlin, DE","Málaga, ES",34,2240.8699999999994
"Berlin, DE","Tallinn, EE",6,1052.69
"Berlin, DE","Palermo, IT",3,1580.89
"Berlin, DE","Valletta, MT",6,1838.13
"Berlin, DE","Liverpool, GB",4,1100.97
"Berlin, DE","Stockholm, SE",43,840.09
"Berlin, DE","Bordeaux, FR",4,1335.7
"Berlin, DE","Ferno (VA), IT",17,825.1
"Berlin, DE","Porto, PT",8,2078.36
"Berlin, DE","Faro, PT",11,2389.25
"Berlin, DE","Bristol, GB",8,1116.42
"Berlin, DE","Seville, ES",4,2243.15
"Berlin, DE","Bologna, IT",10,885.32
"Berlin, DE","Maastricht, NL",1,557.2
"Bern, CH","London, GB",16,748.5100000000001
"Bern, CH","Orio al Serio (BG), IT",1,218.96
"Bern, CH","Stockholm, SE",3,1558.61
"Bern, CH","Saint-Jacques-de-la-Lande, Ille-et-Vilaine, FR",1,705.13
"Bern, CH","Madrid, ES",5,1150.22
"Bern, CH","Braunschweig, DE",1,640.1
"Bern, CH","Düsseldorf, DE",3,489.58
"Bern, CH","Kidlington, Oxfordshire, GB",1,840.07
"Biarritz, FR","Paris, FR",63,710.1299999999999
"Biarritz, FR","Colombier-Saugnieu, Rhône, FR",25,580.45
"Biarritz, FR","Charleroi, BE",3,899.79
"Billund, DK","Copenhagen, DK",62,219.77
"Billund, DK","Katowice, PL",6,882.4900000000001
"Billund, DK","Stockholm, SE",21,668.53
"Billund, DK","Frankfurt am Main, DE",37,636.5899999999999
"Billund, DK","Jönköping, SE",1,374.0
"Billund, DK","Warsaw, PL",12,862.6900000000002
"Billund, DK","Vila Baleira, PT",2,3196.12
"Billund, DK","Oslo (Gardermoen), NO",20,508.25
"Billund, DK","Bucharest, RO",8,1726.1
"Billund, DK","Köln (Cologne), DE",14,558.23
"Billund, DK","Istanbul, TR",7,2176.52
"Billund, DK","Birmingham, West Midlands, GB",12,798.2699999999999
"Billund, DK","Roskilde, DK",5,187.33
"Billund, DK","Göteborg, SE",1,282.93
"Billund, DK","Schkeuditz, DE",10,521.35
"Billund, DK","Paris, FR",29,853.9799999999999
"Billund, DK","London, GB",31,766.69
"Billund, DK","Hannover, DE",5,366.25
"Billund, DK","Riga, LV",4,924.03
"Billund, DK","Málaga, ES",7,2356.3
"Birmingham, West Midlands, GB","Dublin, IE",146,321.25
"Birmingham, West Midlands, GB","Düsseldorf, DE",11,598.36
"Birmingham, West Midlands, GB","Funchal, PT",6,2506.46
"Birmingham, West Midlands, GB","Munich, DE",22,1059.84
"Birmingham, West Midlands, GB","Frankfurt am Main, DE",47,765.72
"Birmingham, West Midlands, GB","Faro, PT",23,1783.96
"Birmingham, West Midlands, GB","Glasgow, GB",29,418.26000000000005
"Birmingham, West Midlands, GB","Bucharest, RO",25,2215.29
"Birmingham, West Midlands, GB","El Matorral, ES",1,2849.98
"Birmingham, West Midlands, GB","Prestwick, South Ayrshire, GB",1,386.02
"Birmingham, West Midlands, GB","Geneva, CH",41,894.3
"Birmingham, West Midlands, GB","Istanbul, TR",34,2632.65
"Birmingham, West Midlands, GB","Oslo (Gardermoen), NO",1,1165.79
"Birmingham, West Midlands, GB","Budapest, HU",12,1584.26
"Birmingham, West Midlands, GB","Málaga, ES",40,1767.69
"Birmingham, West Midlands, GB","Ferno (VA), IT",3,1074.41
"Birmingham, West Midlands, GB","Valletta, MT",20,2244.65
"Birmingham, West Midlands, GB","Edinburgh, GB",47,402.83
"Birmingham, West Midlands, GB","Paris, FR",65,448.56
"Birmingham, West Midlands, GB","Seville, ES",5,1702.7300000000002
"Birmingham, West Midlands, GB","Shannon, IE",9,485.53
"Birmingham, West Midlands, GB","Copenhagen, DK",12,1001.9900000000001
"Birmingham, West Midlands, GB","Stockholm, SE",1,1445.45
"Birmingham, West Midlands, GB","Caselle (VR), IT",9,1208.72
"Birmingham, West Midlands, GB","Bydgoszcz, PL",4,1324.6
"Birmingham, West Midlands, GB","Rome, IT",16,1591.99
"Birmingham, West Midlands, GB","Tenerife, ES",3,2951.4499999999994
"Birmingham, West Midlands, GB","Cork, IE",10,464.93999999999994
"Birmingham, West Midlands, GB","Zurich, CH",15,921.13
"Birmingham, West Midlands, GB","Porto, PT",10,1351.47
"Birmingham, West Midlands, GB","Charlestown, IE",6,497.85999999999996
"Birmingham, West Midlands, GB","Prague, CZ",12,1141.2299999999998
"Birmingham, West Midlands, GB","Valencia, ES",2,1444.87
"Birmingham, West Midlands, GB","Palma de Mallorca, ES",9,1475.18
"Birmingham, West Midlands, GB","Madrid, ES",10,1344.8
"Birmingham, West Midlands, GB","Łódź, PL",4,1441.9
"Birmingham, West Midlands, GB","Orio al Serio (BG), IT",8,1122.74
"Blackpool, GB","Nottingham, Leicestershire, GB",2,153.97
"Blackpool, GB","Grimsby, Lincolnshire, GB",2,177.79
"Bodrum, TR","Istanbul, TR",61,442.68
"Bodø, NO","Trondheim, NO",163,452.6700000000001
"Bodø, NO","Oslo (Gardermoen), NO",106,802.7
"Bologna, IT","Paris, FR",67,866.49
"Bologna, IT","Vienna, AT",24,567.61
"Bologna, IT","Seville, ES",8,1640.55
"Bologna, IT","Valencia, ES",6,1121.07
"Bologna, IT","Munich, DE",41,426.2900000000001
"Bologna, IT","Düsseldorf, DE",4,822.78
"Bologna, IT","Madrid, ES",59,1307.07
"Bologna, IT","Palermo, IT",16,728.15
"Bologna, IT","Geneva, CH",6,446.51
"Bologna, IT","Köln (Cologne), DE",11,768.95
"Bologna, IT","London, GB",62,1142.85
"Bologna, IT","Rome, IT",33,317.59999999999997
"Bologna, IT","Bucharest, RO",27,1172.58
"Bologna, IT","Zurich, CH",21,387.8
"Bologna, IT","Manchester, Greater Manchester, GB",4,1389.36
"Bologna, IT","Copenhagen, DK",20,1236.11
"Bologna, IT","Frankfurt am Main, DE",46,644.29
"Bologna, IT","Schkeuditz, DE",11,768.81
"Bologna, IT","Reggio Calabria, IT",10,805.5899999999999
"Bologna, IT","Ferno (VA), IT",8,235.03
"Bologna, IT","Dublin, IE",6,1610.8
"Bologna, IT","Luxembourg, LU",4,683.95
"Bologna, IT","Nowy Dwór Mazowiecki, PL",6,1116.48
"Bologna, IT","Charleroi, BE",20,834.4100000000001
"Bologna, IT","Eindhoven, NL",6,885.25
"Bologna, IT","Budapest, HU",12,687.7800000000001
"Bologna, IT","Istanbul, TR",46,1489.44
"Bologna, IT","Porto, PT",4,1662.91
"Bologna, IT","Lamezia Terme (CZ), IT",21,748.71
"Bologna, IT","Málaga, ES",8,1589.54
"Bologna, IT","Luton, Luton, GB",9,1185.75
"Billund, DK","Bolzano (BZ), IT",1,1042.93
"Bolzano (BZ), IT","Seville, ES",1,1737.23
"Boos, FR","Saint-Jacques-de-la-Lande, Ille-et-Vilaine, FR",1,258.96
"Bordeaux, FR","Paris, FR",119,545.72
"Bordeaux, FR","Saint-Jacques-de-la-Lande, Ille-et-Vilaine, FR",4,368.72
"Bordeaux, FR","Geneva, CH",27,553.97
"Bordeaux, FR","Madrid, ES",36,545.59
"Bordeaux, FR","Marignane, Bouches-du-Rhône, FR",42,497.57
"Bordeaux, FR","Nantes, FR",4,267.57
"Bordeaux, FR","London, GB",37,744.5099999999999
"Bordeaux, FR","Colombier-Saugnieu, Rhône, FR",67,464.97
"Bordeaux, FR","Cardiff, GB",5,755.81
"Bordeaux, FR","Istanbul, TR",14,2437.54
"Bordeaux, FR","Manchester, Greater Manchester, GB",4,954.22
"Bordeaux, FR","Ferno (VA), IT",12,744.44
"Bordeaux, FR","Dublin, IE",10,1037.19
"Bordeaux, FR","Porto, PT",15,759.51
"Bordeaux, FR","Zaventem, BE",7,778.2800000000001
"Bordeaux, FR","Lesquin, FR",13,698.84
"Bordeaux, FR","Rome, IT",23,1113.54
"Alicante, ES","Bordeaux, FR",1,728.05
"Bordeaux, FR","Strasbourg, FR",14,757.79
"Bordeaux, FR","Luton, Luton, GB",8,783.9
"Bordeaux, FR","Prague, CZ",4,1266.08
"Bordeaux, FR","Frankfurt am Main, DE",6,904.7999999999998
"Bournemouth, GB","Luton, Luton, GB",2,158.91
"Bournemouth, GB","Wrocław, PL",6,1308.68
"Bournemouth, GB","Geneva, CH",15,772.53
"Bournemouth, GB","Madrid, ES",2,1159.45
"Belfast, GB","Bournemouth, GB",2,513.8
"Bournemouth, GB","Funchal, PT",2,2351.85
"Bratislava, SK","Frankfurt am Main, DE",3,662.59
"Bratislava, SK","Lamezia Terme (CZ), IT",10,1033.03
"Bratislava, SK","Košice, SK",20,302.27
"Bratislava, SK","Thessaloniki, GR",7,965.44
"Bratislava, SK","Eindhoven, NL",4,923.08
"Bratislava, SK","London, GB",18,1288.4299999999998
"Bratislava, SK","Genova (GE), IT",1,766.42
"Bratislava, SK","Schkeuditz, DE",10,508.12000000000006
"Bratislava, SK","Rome, IT",13,801.69
"Bratislava, SK","Dublin, IE",11,1740.7699999999998
"Bratislava, SK","Charleroi, BE",6,957.5499999999998
"Bratislava, SK","Spata-Artemida, GR",7,1261.37
"Bratislava, SK","Oslo (Gardermoen), NO",6,1393.4399999999998
"Bratislava, SK","Larnaca, CY",4,2004.64
"Bratislava, SK","Warsaw, PL",3,522.16
"Bratislava, SK","Valletta, MT",7,1388.47
"Bratislava, SK","Catania, IT",1,1202.84
"Bratislava, SK","Ferno (VA), IT",12,703.2599999999999
"Bratislava, SK","Manchester, Greater Manchester, GB",10,1481.06
"Bratislava, SK","Edinburgh, GB",4,1642.44
"Braunschweig, DE","Frankfurt am Main, DE",3,290.45
"Braunschweig, DE","Manching, DE",11,406.6000000000001
"Braunschweig, DE","Munich, DE",2,449.47
"Braunschweig, DE","Laage, DE",2,211.7
"Bremen, DE","Frankfurt am Main, DE",50,336.2
"Bremen, DE","Munich, DE",57,562.78
"Bremen, DE","Toulouse/Blagnac, FR",3,1180.84
"Bremen, DE","Zurich, CH",8,621.67
"Bremen, DE","Vienna, AT",8,775.78
"Bremen, DE","London, GB",23,624.25
"Bremen, DE","Istanbul, TR",24,2015.78
"Brest, FR","Cardiff, GB",3,336.8
"Brest, FR","Marignane, Bouches-du-Rhône, FR",15,928.8300000000002
"Brest, FR","Paris, FR",45,496.55
"Brest, FR","London, GB",5,462.21
"Brest, FR","Colombier-Saugnieu, Rhône, FR",28,780.26
"Brest, FR","Rome, IT",4,1509.28
"Brest, FR","Toulouse/Blagnac, FR",4,696.95
"Bristol, GB","El Matorral, ES",1,2713.96
"Bristol, GB","Glasgow, GB",47,511.84999999999997
"Bristol, GB","Inverness, GB",12,690.33
"Bristol, GB","Edinburgh, GB",67,509.75
"Bristol, GB","Paris, FR",46,421.23
"Bristol, GB","Copenhagen, DK",19,1117.3800000000003
"Bristol, GB","Budapest, HU",14,1630.31
"Bristol, GB","Dublin, IE",71,331.03
"Bristol, GB","Cork, IE",18,401.89000000000004
"Bristol, GB","Málaga, ES",43,1641.46
"Bristol, GB","Kaunas, LT",3,1818.18
"Bristol, GB","Geneva, CH",65,861.98
"Bristol, GB","Capannori (LU), IT",1,1300.16
"Bristol, GB","Newcastle upon Tyne, Tyne and Wear, GB",28,412.19
"Bristol, GB","Funchal, PT",8,2370.64
"Bristol, GB","Palma de Mallorca, ES",5,1381.6
"Bristol, GB","Ferno (VA), IT",9,1056.26
"Bristol, GB","Tenerife, ES",3,2815.0399999999995
"Bristol, GB","Caselle Torinese (TO), IT",8,1028.1
"Bristol, GB","Gdańsk, PL",3,1453.94
"Bristol, GB","Madrid, ES",23,1219.86
"Bristol, GB","Toulouse/Blagnac, FR",8,914.61
"Bristol, GB","Bucharest, RO",11,2259.4
"Bristol, GB","Porto, PT",14,1215.43
"Bristol, GB","Melilla, ES",1,1790.62
"Bristol, GB","Rome, IT",14,1567.03
"Bristol, GB","Orio al Serio (BG), IT",6,1111.59
"Bristol, GB","Faro, PT",26,1650.3900000000003
"Bristol, GB","Prague, CZ",17,1200.29
"Andrézieux-Bouthéon, Loire, FR","Bristol, GB",1,829.47
"Bristol, GB","Lisbon, PT",13,1487.63
"Bristol, GB","Valletta, MT",8,2202.9
"Brno, CZ","Prague, CZ",7,204.65
"Brno, CZ","London, GB",11,1213.71
"Brno, CZ","Schkeuditz, DE",6,405.02
"Brno, CZ","Nuremberg, DE",5,408.74
"Bremen, DE","Broughton, GB",2,784.64
"Broughton, GB","Grimsby, Lincolnshire, GB",1,179.86
"Broughton, GB","Köln (Cologne), DE",1,737.9
"Bucharest, RO","London, GB",89,2079.32
"Bucharest, RO","Frankfurt am Main, DE",42,1452.81
"Bucharest, RO","Marignane, Bouches-du-Rhône, FR",7,1671.21
"Bucharest, RO","Luton, Luton, GB",50,2109.67
"Bucharest, RO","Valletta, MT",10,1378.2400000000002
"Bucharest, RO","Larnaca, CY",8,1251.05
"Bucharest, RO","Timişoara, RO",31,399.34999999999997
"Bucharest, RO","Copenhagen, DK",6,1556.0
"Bucharest, RO","Rome, IT",53,1148.7699999999998
"Bucharest, RO","Istanbul, TR",73,452.33000000000004
"Bucharest, RO","Memmingen, DE",16,1275.8399999999997
"Bucharest, RO","Zurich, CH",30,1391.11
"Bucharest, RO","Warsaw, PL",61,934.75
"Bucharest, RO","Prague, CZ",22,1084.12
"Bucharest, RO","Orio al Serio (BG), IT",52,1290.56
"Bucharest, RO","Riga, LV",5,1388.44
"Bucharest, RO","Dortmund, DE",15,1572.64
"Bucharest, RO","Charleroi, BE",34,1746.3399999999997
"Bucharest, RO","Pescara, IT",12,988.82
"Bucharest, RO","Manchester, Greater Manchester, GB",9,2272.62
"Bucharest, RO","Vienna, AT",43,832.0800000000002
"Bucharest, RO","Liverpool, GB",4,2309.02
"Bucharest, RO","Madrid, ES",37,2470.1499999999996
"Bucharest, RO","Paris, FR",84,1878.6899999999998
"Bucharest, RO","Zaventem, BE",8,1756.91
"Bucharest, RO","Pisa (PI), IT",8,1255.92
"Bucharest, RO","Caselle Torinese (TO), IT",3,1452.95
"Bucharest, RO","Zaragoza, ES",4,2216.37
"Bucharest, RO","Turku, FI",4,1794.67
"Bucharest, RO","Firenze (FI), IT",1,1189.45
"Bucharest, RO","Budapest, HU",28,631.06
"Bucharest, RO","Thessaloniki, GR",7,515.21
"Bucharest, RO","Munich, DE",34,1173.94
"Bacău, RO","Bucharest, RO",3,229.43999999999997
"Bucharest, RO","Dublin, IE",13,2532.8599999999997
"Bucharest, RO","Recea, RO",8,251.83
"Bucharest, RO","Ferno (VA), IT",23,1366.83
"Bucharest, RO","Luxembourg, LU",4,1603.03
"Bucharest, RO","Paphos, CY",3,1220.09
"Bucharest, RO","Oslo (Gardermoen), NO",4,2006.37
"Bucharest, RO","Gdańsk, PL",3,1223.85
"Bucharest, RO","Málaga, ES",14,2708.64
"Bucharest, RO","Eindhoven, NL",12,1715.26
"Budapest, HU","Orio al Serio (BG), IT",29,746.67
"Budapest, HU","Spata-Artemida, GR",32,1132.6
"Budapest, HU","Manchester, Greater Manchester, GB",31,1642.0
"Budapest, HU","Luton, Luton, GB",38,1478.9800000000002
"Budapest, HU","Rome, IT",56,824.45
"Budapest, HU","Charleroi, BE",30,1117.63
"Budapest, HU","Dublin, IE",33,1901.87
"Budapest, HU","Nottingham, Leicestershire, GB",4,1566.13
"Budapest, HU","Copenhagen, DK",38,1007.11
"Budapest, HU","Paris, FR",71,1259.07
"Budapest, HU","Valletta, MT",23,1350.06
"Budapest, HU","Dortmund, DE",8,942.43
"Budapest, HU","Málaga, ES",24,2276.47
"Budapest, HU","Madrid, ES",50,1976.99
"Budapest, HU","Warsaw, PL",75,541.4399999999999
"Budapest, HU","Stuttgart, DE",17,746.5500000000001
"Budapest, HU","London, GB",116,1449.2
"Budapest, HU","Zaventem, BE",12,1126.71
"Budapest, HU","Caselle (VR), IT",2,672.03
"Alajero, La Gomera Island, ES","Budapest, HU",1,3804.88
"Budapest, HU","Ferno (VA), IT",46,820.26
"Budapest, HU","Gdańsk, PL",3,767.13
"Budapest, HU","Vienna, AT",34,202.5
"Budapest, HU","Istanbul, TR",80,1059.84
"Budapest, HU","Prague, CZ",24,459.11000000000007
"Budapest, HU","Oslo (Gardermoen), NO",16,1504.7100000000003
"Budapest, HU","Edinburgh, GB",14,1800.25
"Budapest, HU","Porto, PT",6,2302.0
"Budapest, HU","Nice, Alpes-Maritimes, FR",3,1018.39
"Budapest, HU","Düsseldorf, DE",6,987.15
"Budapest, HU","Nantes, FR",4,1558.38
"Budapest, HU","Vilnius, LT",10,902.85
"Budapest, HU","Eindhoven, NL",24,1084.21
"Budapest, HU","Nuremberg, DE",13,632.82
"Budapest, HU","Colombier-Saugnieu, Rhône, FR",6,1087.92
"Budapest, HU","Munich, DE",48,554.58
"Budapest, HU","Leeds, West Yorkshire, GB",4,1618.69
"Budapest, HU","Capannori (LU), IT",1,778.27
"Budapest, HU","Stockholm, SE",10,1337.76
"Budapest, HU","Frankfurt am Main, DE",63,823.04
"Budapest, HU","Zurich, CH",57,793.92
"Budapest, HU","Frankfurt am Main (Lautzenhausen), DE",3,910.59
"Budapest, HU","Thessaloniki, GR",11,833.86
"Budapest, HU","Palermo, IT",3,1144.87
"Budapest, HU","Schkeuditz, DE",12,661.86
"Budapest, HU","Valencia, ES",5,1806.97
"Budapest, HU","Paphos, CY",6,1803.28
"Budapest, HU","Geneva, CH",9,997.6900000000002
"Budapest, HU","Toulouse/Blagnac, FR",4,1443.77
"Budapest, HU","Shannon, IE",6,2067.78
"Budapest, HU","Wrocław, PL",9,433.2
"Buochs, CH","Prestwick, South Ayrshire, GB",1,1305.45
"Busevec, HR","Warsaw, PL",2,810.3
"Busevec, HR","Rome, IT",1,520.74
"Bydgoszcz, PL","London, GB",8,1234.56
"Bydgoszcz, PL","Dublin, IE",6,1604.86
"Bydgoszcz, PL","Luton, Luton, GB",4,1246.21
"Bydgoszcz, PL","Frankfurt am Main, DE",8,734.4
"Bydgoszcz, PL","Warsaw, PL",11,222.25
"Béziers, FR","Charleroi, BE",3,798.17
"Berlin, DE","Büren, DE",4,344.6499999999999
"Büren, DE","Munich, DE",14,427.26
"Caen, FR","Colombier-Saugnieu, Rhône, FR",11,566.36
"Caen, FR","Nice, Alpes-Maritimes, FR",3,849.04
"Caen, FR","Marignane, Bouches-du-Rhône, FR",8,771.97
"Caen, FR","Toulouse/Blagnac, FR",4,632.39
"Caen, FR","Montpellier/Méditerranée, FR",4,708.71
"Calden, DE","Velika Gorica, HR",1,799.02
"Cambridge, Cambridgeshire, GB","Göteborg, SE",6,973.9
"Cambridge, Cambridgeshire, GB","Newcastle upon Tyne, Tyne and Wear, GB",1,338.13
"Carcassonne, FR","Manchester, Greater Manchester, GB",2,1176.14
"Cardiff, GB","Nantes, FR",8,488.27
"Cardiff, GB","Toulouse/Blagnac, FR",7,932.78
"Cardiff, GB","Dole, FR",1,799.49
"Antwerp, BE","Cardiff, GB",1,543.04
"Cardiff, GB","Tenerife, ES",2,2795.57
"Cardiff, GB","Colombier-Saugnieu, Rhône, FR",8,883.66
"Cardiff, GB","Chassieu, Lyon, FR",1,876.02
"Cardiff, GB","Paris, FR",14,459.79
"Cardiff, GB","Marignane, Bouches-du-Rhône, FR",4,1092.75
"Cardiff, GB","Grenoble, FR",2,926.36
"Akrotiri, CY","Carterton, Oxfordshire, GB",29,3342.66
"Carterton, Oxfordshire, GB","North Connel, GB",1,579.95
"Carterton, Oxfordshire, GB","Land's End, Cornwall, GB",1,339.92
"Cascais, PT","London, GB",4,1595.37
"Cascais, PT","Geneva, CH",4,1514.45
"Caselle (VR), IT","Prague, CZ",6,580.71
"Caselle (VR), IT","Paris, FR",23,781.8600000000001
"Caselle (VR), IT","Frankfurt am Main, DE",28,543.63
"Caselle (VR), IT","Munich, DE",26,336.02000000000004
"Caselle (VR), IT","London, GB",51,1052.57
"Caselle (VR), IT","Oslo (Gardermoen), NO",12,1645.6299999999999
"Caselle (VR), IT","Rome, IT",17,418.25
"Caselle (VR), IT","Lamezia Terme (CZ), IT",10,845.55
"Caselle (VR), IT","Geneva, CH",2,381.93
"Caselle (VR), IT","Madrid, ES",5,1305.74
"Caselle (VR), IT","Ferno (VA), IT",2,170.27
"Caselle (VR), IT","Palermo, IT",14,828.5
"Caselle (VR), IT","Colombier-Saugnieu, Rhône, FR",2,452.73
"Caselle (VR), IT","Nuremberg, DE",1,456.54
"Caselle (VR), IT","Zurich, CH",2,291.13
"Caselle Torinese (TO), IT","Pescara, IT",15,607.7
"Caselle Torinese (TO), IT","Frankfurt am Main, DE",24,540.91
"Caselle Torinese (TO), IT","Munich, DE",25,471.18
"Caselle Torinese (TO), IT","Paris, FR",41,611.49
"Caselle Torinese (TO), IT","Rome, IT",49,539.38
"Caselle Torinese (TO), IT","Seville, ES",6,1421.0199999999998
"Caselle Torinese (TO), IT","Dublin, IE",16,1357.3
"Caselle Torinese (TO), IT","Istanbul, TR",14,1783.82
"Caselle Torinese (TO), IT","London, GB",92,901.82
"Caselle Torinese (TO), IT","Vienna, AT",5,753.14
"Caselle Torinese (TO), IT","Toulouse/Blagnac, FR",1,528.78
"Caselle Torinese (TO), IT","Madrid, ES",31,1063.91
"Caselle Torinese (TO), IT","Lamezia Terme (CZ), IT",23,995.73
"Caselle Torinese (TO), IT","Stuttgart, DE",2,405.89
"Caselle Torinese (TO), IT","Catania, IT",2,1058.71
"Caselle Torinese (TO), IT","Nice, Alpes-Maritimes, FR",2,174.93
"Caselle Torinese (TO), IT","Foggia (FG), IT",6,762.6
"Caselle Torinese (TO), IT","Palermo, IT",15,909.4400000000002
"Caselle Torinese (TO), IT","Charleroi, BE",18,631.47
"Caselle Torinese (TO), IT","Valencia, ES",5,920.9900000000001
"Caselle Torinese (TO), IT","Wrocław, PL",1,947.31
"Caselle Torinese (TO), IT","Reggio Calabria, IT",14,1033.67
"Castres, FR","Paris, FR",22,639.04
"Catania, IT","Segrate (MI), IT",3,1009.2
"Chabeuil, Drôme, FR","L'Hôpital-le-Mercier, Saône-et-Loire, FR",4,181.8
"Chambéry, FR","Segrate (MI), IT",11,265.37
"Avignon, FR","Chambéry, FR",2,207.37
"Chambéry, FR","Luton, Luton, GB",18,830.42
"Chambéry, FR","London, GB",41,784.34
"Chambéry, FR","Paris, FR",29,490.41
"Chambéry, FR","Nice, Alpes-Maritimes, FR",5,244.17
"Chambéry, FR","Valletta, MT",2,1306.65
"Amsterdam, NL","Chambéry, FR",6,746.16
"Charleroi, BE","Orio al Serio (BG), IT",38,660.06
"Charleroi, BE","Stockholm, SE",10,1317.75
"Charleroi, BE","Pisa (PI), IT",18,876.8
"Charleroi, BE","Marignane, Bouches-du-Rhône, FR",28,783.1
"Charleroi, BE","Palma de Mallorca, ES",15,1220.5899999999997
"Charleroi, BE","Valencia, ES",10,1279.78
"Charleroi, BE","Warsaw, PL",22,1158.49
"Charleroi, BE","Toulouse/Blagnac, FR",12,794.98
"Charleroi, BE","Lamezia Terme (CZ), IT",4,1583.11
"Charleroi, BE","Łódź, PL",4,1050.76
"Charleroi, BE","Helsinki (Vantaa), FI",8,1683.99
"Charleroi, BE","Palermo, IT",8,1533.56
"Charleroi, BE","Manchester, Greater Manchester, GB",34,562.5
"Charleroi, BE","Poznań, PL",4,882.97
"Charleroi, BE","Cork, IE",4,914.94
"Charleroi, BE","Nîmes/Garons, FR",8,745.52
"Charleroi, BE","Pescara, IT",14,1160.95
"Charleroi, BE","Katowice, PL",4,1033.14
"Charleroi, BE","Thessaloniki, GR",10,1809.3
"Charleroi, BE","Seville, ES",17,1666.93
"Charleroi, BE","Istanbul, TR",36,2155.26
"Charleroi, BE","Falconara Marittima (AN), IT",2,1015.71
"Charleroi, BE","Málaga, ES",25,1691.54
"Charleroi, BE","Genova (GE), IT",4,748.76
"Charleroi, BE","Riga, LV",7,1468.71
"Charleroi, BE","Wrocław, PL",6,875.2199999999999
"Charleroi, BE","Edinburgh, GB",18,801.8
"Charleroi, BE","Dublin, IE",4,804.48
"Charleroi, BE","Prague, CZ",9,697.02
"Charleroi, BE","Rome, IT",30,1140.44
"Charleroi, BE","Kaunas, LT",3,1407.88
"Charleroi, BE","Madrid, ES",20,1281.54
"Charleroi, BE","Valletta, MT",20,1813.75
"Charleroi, BE","Faro, PT",10,1792.6600000000003
"Charleroi, BE","Porto, PT",24,1440.03
"Charleroi, BE","Funchal, PT",4,2630.76
"Charleroi, BE","Vienna, AT",8,915.25
"Capannori (LU), IT","Charleroi, BE",2,870.31
"Charlestown, IE","Liverpool, GB",18,398.59
"Charlestown, IE","Edinburgh, GB",4,415.09
"Charlestown, IE","Luton, Luton, GB",20,609.84
"Charlestown, IE","London, GB",32,648.04
"Charlestown, IE","Manchester, Greater Manchester, GB",8,435.4
"Charlestown, IE","Nottingham, Leicestershire, GB",4,510.86
"Chassieu, Lyon, FR","Strasbourg, FR",3,372.62000000000006
"Chassieu, Lyon, FR","Marignane, Bouches-du-Rhône, FR",2,255.51
"Chassieu, Lyon, FR","Trémuson, Côtes-d'Armor, FR",3,667.08
"Chassieu, Lyon, FR","Paris, FR",8,446.07
"Chassieu, Lyon, FR","Orio al Serio (BG), IT",1,370.05
"Clermont-Ferrand, FR","Dole, FR",1,222.17
"Clermont-Ferrand, FR","Paris, FR",25,397.08000000000004
"Clermont-Ferrand, FR","Szymany, PL",2,1532.75
"Clermont-Ferrand, FR","Geneva, CH",1,232.49
"Bastia, FR","Colombier-Saugnieu, Rhône, FR",4,497.27
"Colombier-Saugnieu, Rhône, FR","Frankfurt am Main, DE",40,543.55
"Colombier-Saugnieu, Rhône, FR","Paris, FR",101,451.34000000000003
"Colombier-Saugnieu, Rhône, FR","Strasbourg, FR",15,366.9
"Colombier-Saugnieu, Rhône, FR","Pau/Pyrénées (Uzein), FR",9,508.34
"Colombier-Saugnieu, Rhône, FR","Istanbul, TR",49,1989.08
"Colombier-Saugnieu, Rhône, FR","Farnborough, Hampshire, GB",3,752.9
"Colombier-Saugnieu, Rhône, FR","London, GB",115,745.1499999999999
"Colombier-Saugnieu, Rhône, FR","Munich, DE",38,585.22
"Colombier-Saugnieu, Rhône, FR","Rome, IT",31,732.46
"Colombier-Saugnieu, Rhône, FR","Madrid, ES",59,923.0199999999999
"Colombier-Saugnieu, Rhône, FR","Ferno (VA), IT",17,282.81000000000006
"Colombier-Saugnieu, Rhône, FR","Valencia, ES",2,829.47
"Colombier-Saugnieu, Rhône, FR","Luton, Luton, GB",18,791.4899999999999
"Colombier-Saugnieu, Rhône, FR","Köln (Cologne), DE",10,591.29
"Colombier-Saugnieu, Rhône, FR","Toulouse/Blagnac, FR",59,375.65999999999997
"Colombier-Saugnieu, Rhône, FR","Saint-Jacques-de-la-Lande, Ille-et-Vilaine, FR",8,580.06
"Colombier-Saugnieu, Rhône, FR","Copenhagen, DK",20,1220.66
"Colombier-Saugnieu, Rhône, FR","Manchester, Greater Manchester, GB",9,999.5
"Colombier-Saugnieu, Rhône, FR","Prague, CZ",15,837.91
"Colombier-Saugnieu, Rhône, FR","Nantes, FR",64,537.23
"Colombier-Saugnieu, Rhône, FR","Wrocław, PL",1,1053.95
"Colombier-Saugnieu, Rhône, FR","Warsaw, PL",12,1359.05
"Colombier-Saugnieu, Rhône, FR","Málaga, ES",9,1285.1
"Colombier-Saugnieu, Rhône, FR","Poznań, PL",2,1131.0
"Colombier-Saugnieu, Rhône, FR","Nice, Alpes-Maritimes, FR",8,284.74
"Colombier-Saugnieu, Rhône, FR","Porto, PT",37,1215.38
"Colombier-Saugnieu, Rhône, FR","Schkeuditz, DE",10,822.0800000000002
"Colombier-Saugnieu, Rhône, FR","Vienna, AT",13,910.29
"Colombier-Saugnieu, Rhône, FR","Győr, HU",1,991.59
"Colombier-Saugnieu, Rhône, FR","Seville, ES",10,1296.98
"Colombier-Saugnieu, Rhône, FR","Dublin, IE",15,1181.99
"Colombier-Saugnieu, Rhône, FR","Düsseldorf, DE",5,630.8
"Comiso, IT","Rome, IT",29,566.35
"Comiso, IT","Segrate (MI), IT",14,1039.39
"Bucharest, RO","Constanța, RO",6,190.32000000000002
"Copenhagen, DK","Stockholm, SE",230,534.1
"Copenhagen, DK","Málaga, ES",61,2471.5399999999995
"Copenhagen, DK","Manchester, Greater Manchester, GB",71,995.05
"Copenhagen, DK","Riga, LV",38,716.23
"Copenhagen, DK","Vienna, AT",68,876.6400000000001
"Copenhagen, DK","Orio al Serio (BG), IT",30,1125.3100000000002
"Copenhagen, DK","Helsinki (Vantaa), FI",117,892.1999999999999
"Copenhagen, DK","Prague, CZ",54,622.8
"Copenhagen, DK","Frankfurt am Main, DE",94,679.66
"Copenhagen, DK","Göteborg, SE",53,236.27999999999997
"Copenhagen, DK","Geneva, CH",55,1138.25
"Copenhagen, DK","London, GB",251,953.01
"Copenhagen, DK","Paris, FR",124,993.1600000000001
"Copenhagen, DK","Tallinn, EE",57,838.9600000000002
"Copenhagen, DK","Oslo (Gardermoen), NO",220,517.02
"Copenhagen, DK","Schkeuditz, DE",21,467.55
"Copenhagen, DK","Rome, IT",33,1536.3899999999999
"Copenhagen, DK","Warsaw, PL",80,660.4300000000001
"Copenhagen, DK","Palanga, LT",22,528.58
"Copenhagen, DK","Trondheim, NO",55,877.13
"Copenhagen, DK","Segrate (MI), IT",11,1155.75
"Copenhagen, DK","Ferno (VA), IT",45,1144.1100000000001
"Copenhagen, DK","Vilnius, LT",29,809.2399999999999
"Copenhagen, DK","Istanbul, TR",88,2008.2799999999997
"Copenhagen, DK","Zurich, CH",95,950.35
"Copenhagen, DK","Düsseldorf, DE",44,618.9900000000001
"Copenhagen, DK","Luxembourg, LU",14,794.8599999999999
"Copenhagen, DK","Dublin, IE",43,1240.78
"Copenhagen, DK","Munich, DE",80,809.9100000000001
"Copenhagen, DK","Palma de Mallorca, ES",10,1930.61
"Copenhagen, DK","Edinburgh, GB",25,1000.6299999999999
"Copenhagen, DK","Madrid, ES",43,2068.98
"Copenhagen, DK","Kaunas, LT",9,726.49
"Copenhagen, DK","Stavanger, NO",70,555.88
"Copenhagen, DK","Porto, PT",4,2225.43
"Copenhagen, DK","Norrköping, SE",1,394.94
"Copenhagen, DK","Hamburg, DE",63,287.09
"Copenhagen, DK","Stuttgart, DE",36,804.94
"Copenhagen, DK","Funchal, PT",6,3415.3000000000006
"Copenhagen, DK","Poznań, PL",28,447.53000000000003
"Copenhagen, DK","Sandefjord(Torp), NO",13,421.95
"Copenhagen, DK","Nantes, FR",4,1361.18
"Copenhagen, DK","Zaventem, BE",51,754.38
"Copenhagen, DK","Velika Gorica, HR",11,1123.72
"Copenhagen, DK","Luleå, SE",1,1215.75
"Copenhagen, DK","Gdańsk, PL",51,395.27
"Copenhagen, DK","Wrocław, PL",12,574.73
"Copenhagen, DK","Nice, Alpes-Maritimes, FR",11,1385.27
"Copenhagen, DK","Kristiansand(Kjevik), NO",33,399.44000000000005
"Copenhagen, DK","Hannover, DE",24,400.97
"Copenhagen, DK","Grâce-Hollogne, BE",10,732.79
"Copenhagen, DK","Spata-Artemida, GR",30,2139.45
"Copenhagen, DK","Faro, PT",12,2584.3
"Copenhagen, DK","Sønderborg, DK",45,195.34999999999997
"Copenhagen, DK","Cork, IE",1,1446.6
"Cork, IE","London, GB",113,583.4000000000001
"Cork, IE","Tenerife, ES",2,2704.14
"Cork, IE","Faro, PT",6,1649.01
"Cork, IE","Seville, ES",6,1616.6500000000003
"Cork, IE","Paris, FR",8,808.27
"Cork, IE","Edinburgh, GB",16,566.45
"Cork, IE","Luton, Luton, GB",10,557.56
"Cork, IE","Rome, IT",3,1932.64
"Cork, IE","Glasgow, GB",8,521.04
"Cork, IE","Manchester, Greater Manchester, GB",24,451.64000000000004
"Cranfield, Central Bedfordshire, GB","Leixlip, IE",1,420.33
"Cranfield, Central Bedfordshire, GB","Haverfordwest, GB",1,298.87
"Culleredo, ES","Madrid, ES",107,503.07
"Culleredo, ES","London, GB",9,1105.81
"Culleredo, ES","Málaga, ES",6,807.34
"Culleredo, ES","Valencia, ES",2,782.79
"Culleredo, ES","Darlington, Durham, GB",1,1344.08
"Culleredo, ES","Geneva, CH",4,1187.32
"Angelsey, GB","Darlington, Durham, GB",1,247.17
"Darlington, Durham, GB","Innsbruck, AT",1,1201.97
"Darlington, Durham, GB","Paris, FR",8,631.25
"Derry, Derry and Strabane, GB","Glasgow, GB",2,195.13
"Derry, Derry and Strabane, GB","London, GB",5,614.63
"Derry, Derry and Strabane, GB","Liverpool, GB",2,338.66
"Derry, Derry and Strabane, GB","Manchester, Greater Manchester, GB",1,369.06
"Birmingham, West Midlands, GB","Derry, Derry and Strabane, GB",1,457.55
"Amsterdam, NL","Dole, FR",1,587.89
"Dole, FR","Strasbourg, FR",1,234.13
"Dole, FR","Saint-Léger-sur-Roanne, FR",1,154.71
"Dole, FR","Porto, PT",4,1294.14
"Dole, FR","Grenoble, FR",1,186.52
"Donegal, IE","Dublin, IE",9,224.75
"Dortmund, DE","Warsaw, PL",10,916.8799999999999
"Dortmund, DE","Katowice, PL",36,810.04
"Berlin, DE","Dortmund, DE",1,414.39
"Dortmund, DE","Palma de Mallorca, ES",8,1382.91
"Dortmund, DE","Istanbul, TR",12,1999.2300000000002
"Dresden, DE","Zurich, CH",12,556.82
"Dresden, DE","Düsseldorf, DE",5,487.8
"Dresden, DE","Munich, DE",39,340.34
"Dresden, DE","Frankfurt am Main, DE",44,387.80000000000007
"Dublin, IE","London, GB",577,472.06
"Dublin, IE","Madrid, ES",70,1458.1599999999999
"Dublin, IE","Edinburgh, GB",134,336.25
"Dublin, IE","Helsinki (Vantaa), FI",16,2022.41
"Dublin, IE","Gran Canaria Island, ES",2,2941.54
"Dublin, IE","Frankfurt am Main, DE",74,1086.12
"Dublin, IE","Stockholm, SE",24,1620.64
"Dublin, IE","Seville, ES",16,1780.54
"Dublin, IE","Łódź, PL",5,1734.82
"Dublin, IE","Vienna, AT",24,1702.09
"Dublin, IE","Düsseldorf, DE",27,914.7299999999999
"Dublin, IE","Manchester, Greater Manchester, GB",188,264.22
"Dublin, IE","Pisa (PI), IT",6,1628.83
"Dublin, IE","Eindhoven, NL",6,817.84
"Dublin, IE","Palanga, LT",4,1768.3
"Dublin, IE","Wevelgem, BE",1,708.03
"Dublin, IE","Tenerife, ES",3,2919.91
"Dublin, IE","Newcastle upon Tyne, Tyne and Wear, GB",42,346.7900000000001
"Dublin, IE","Southampton, GB",30,433.15
"Dublin, IE","Glasgow, GB",93,296.03000000000003
"Dublin, IE","Leeds, West Yorkshire, GB",63,307.11
"Dublin, IE","Prague, CZ",28,1454.3099999999997
"Dublin, IE","Munich, DE",55,1381.02
"Cardiff, GB","Dublin, IE",11,300.36
"Dublin, IE","Marignane, Bouches-du-Rhône, FR",4,1393.08
"Dublin, IE","Köln (Cologne), DE",21,956.34
"Dublin, IE","Zurich, CH",50,1237.6
"Dublin, IE","Funchal, PT",6,2452.18
"Dublin, IE","Kaunas, LT",6,1965.87
"Dublin, IE","Paris, FR",139,747.1500000000001
"Dublin, IE","Shannon, IE",21,195.39
"Dublin, IE","Oslo (Gardermoen), NO",13,1290.89
"Dublin, IE","Valletta, MT",19,2533.9400000000005
"Alajero, La Gomera Island, ES","Dublin, IE",2,2963.36
"Dublin, IE","Zaventem, BE",35,784.05
"Dublin, IE","Istanbul, TR",49,2952.8000000000006
"Dublin, IE","Orio al Serio (BG), IT",35,1434.08
"Dublin, IE","Málaga, ES",61,1867.9299999999998
"Dublin, IE","Farranfore, IE",29,259.43
"Dublin, IE","Luton, Luton, GB",54,433.34
"Dublin, IE","Faro, PT",36,1829.78
"Dublin, IE","Nantes, FR",6,771.69
"Dublin, IE","Vilnius, LT",3,2047.33
"Dublin, IE","Wrocław, PL",15,1588.77
"Dublin, IE","Liverpool, GB",79,226.55
"Dublin, IE","Rome, IT",53,1895.46
"Dublin, IE","Memmingen, DE",9,1305.69
"Dublin, IE","Newquay, GB",6,343.41
"Dublin, IE","Ferno (VA), IT",20,1381.7400000000002
"Dublin, IE","Nottingham, Leicestershire, GB",22,335.75
"Dublin, IE","Hamburg, DE",23,1067.46
"Dublin, IE","Poznań, PL",6,1544.7699999999998
"Dublin, IE","Exeter, Devon, GB",8,357.21
"Dublin, IE","Roskilde, DK",2,1207.67
"Dublin, IE","Nowy Dwór Mazowiecki, PL",12,1796.08
"Dublin, IE","Schkeuditz, DE",10,1270.04
"Dublin, IE","Frankfurt am Main (Lautzenhausen), DE",4,1007.49
"Dublin, IE","Geneva, CH",31,1191.38
"Dublin, IE","Porto, PT",16,1366.4299999999998
"Dublin, IE","Luxembourg, LU",19,959.18
"Dublin, IE","Segrate (MI), IT",16,1426.76
"Dublin, IE","Valencia, ES",5,1610.7
"Dublin, IE","Katowice, PL",8,1757.75
"Dundee, GB","London, GB",17,583.12
"Düsseldorf, DE","Vienna, AT",60,787.82
"Düsseldorf, DE","Ferno (VA), IT",41,645.5800000000002
"Düsseldorf, DE","Palma de Mallorca, ES",65,1341.97
"Düsseldorf, DE","Zurich, CH",74,445.0899999999999
"Düsseldorf, DE","London, GB",106,472.85
"Düsseldorf, DE","Helsinki (Vantaa), FI",28,1507.8700000000001
"Düsseldorf, DE","Warsaw, PL",38,979.2700000000001
"Düsseldorf, DE","Thessaloniki, GR",20,1726.62
"Düsseldorf, DE","Madrid, ES",48,1450.0600000000002
"Düsseldorf, DE","Munich, DE",107,485.81999999999994
"Düsseldorf, DE","Rotterdam, NL",2,177.1
"Düsseldorf, DE","Stockholm, SE",15,1150.62
"Düsseldorf, DE","Riga, LV",8,1283.86
"Düsseldorf, DE","Paris, FR",73,389.5199999999999
"Düsseldorf, DE","Istanbul, TR",122,2040.59
"Düsseldorf, DE","Funchal, PT",18,2814.27
"Düsseldorf, DE","Hamburg, DE",27,332.33
"Düsseldorf, DE","Newcastle upon Tyne, Tyne and Wear, GB",2,700.32
"Düsseldorf, DE","Frankfurt am Main, DE",60,188.84000000000003
"Düsseldorf, DE","Friedrichshafen, DE",11,448.46
"Düsseldorf, DE","Oslo (Gardermoen), NO",18,1026.06
"Düsseldorf, DE","Nice, Alpes-Maritimes, FR",3,849.21
"Düsseldorf, DE","Göteborg, SE",6,792.2399999999999
"Düsseldorf, DE","Manchester, Greater Manchester, GB",12,655.58
"Düsseldorf, DE","Málaga, ES",17,1853.46
"Düsseldorf, DE","Sylt, DE",4,416.38
"Düsseldorf, DE","Geneva, CH",5,563.75
"Düsseldorf, DE","Segrate (MI), IT",27,675.69
"Düsseldorf, DE","Faro, PT",8,1967.32
"Düsseldorf, DE","Rome, IT",7,1139.41
"Düsseldorf, DE","Salzburg, AT",25,594.3500000000001
"Düsseldorf, DE","Jerez de la Frontera, ES",4,1908.95
"Düsseldorf, DE","Valencia, ES",6,1427.3
"Düsseldorf, DE","Feldkirchen bei Graz, AT",7,790.64
"Düsseldorf, DE","Orio al Serio (BG), IT",2,661.35
"Edinburgh, GB","Wrocław, PL",6,1436.59
"Edinburgh, GB","London, GB",366,540.05
"Edinburgh, GB","Paris, FR",71,830.13
"Edinburgh, GB","Weeze, DE",8,789.18
"Edinburgh, GB","Istanbul, TR",30,2860.0
"Edinburgh, GB","Madrid, ES",29,1725.68
"Edinburgh, GB","Rome, IT",24,1941.95
"Edinburgh, GB","Gdańsk, PL",4,1392.17
"Edinburgh, GB","Farnborough, Hampshire, GB",7,547.15
"Edinburgh, GB","Helsinki (Vantaa), FI",10,1717.69
"Edinburgh, GB","Funchal, PT",4,2785.37
"Edinburgh, GB","Frankfurt am Main, DE",29,1032.74
"Edinburgh, GB","Luton, Luton, GB",52,493.92
"Edinburgh, GB","Vienna, AT",9,1610.07
"Edinburgh, GB","Poznań, PL",8,1365.74
"Edinburgh, GB","Porto, PT",6,1679.53
"Edinburgh, GB","Geneva, CH",37,1264.18
"Cannes, FR","Edinburgh, GB",1,1562.15
"Edinburgh, GB","Weßling, DE",1,1326.15
"Edinburgh, GB","Valletta, MT",16,2611.05
"Edinburgh, GB","Tenerife, ES",2,3249.81
"Edinburgh, GB","Málaga, ES",19,2144.98
"Edinburgh, GB","Zurich, CH",17,1248.09
"Edinburgh, GB","Schkeuditz, DE",12,1140.97
"Edinburgh, GB","Gran Canaria Island, ES",1,3268.88
"Edinburgh, GB","Zaventem, BE",2,764.69
"Edinburgh, GB","Orio al Serio (BG), IT",22,1461.82
"Edinburgh, GB","Southampton, GB",32,571.69
"Edinburgh, GB","Exeter, Devon, GB",8,579.99
"Edinburgh, GB","Nottingham, Leicestershire, GB",16,371.18
"Darlington, Durham, GB","Edinburgh, GB",8,202.1
"Edinburgh, GB","Oslo (Gardermoen), NO",14,970.2299999999999
"Edinburgh, GB","Faro, PT",8,2133.47
"Edremit, TR","Istanbul, TR",19,234.23
"Egelsbach, DE","Laage, DE",1,505.63
"Eindhoven, NL","Porto, PT",12,1560.29
"Eindhoven, NL","Ibiza (Eivissa), ES",6,1432.71
"Eindhoven, NL","Oslo (Gardermoen), NO",8,1035.03
"Eindhoven, NL","Prague, CZ",12,642.1
"Eindhoven, NL","Málaga, ES",40,1818.7
"Eindhoven, NL","Warsaw, PL",14,1070.67
"Eindhoven, NL","Faro, PT",22,1918.6
"Eindhoven, NL","Gran Canaria Island, ES",1,3147.46
"Eindhoven, NL","Innsbruck, AT",23,635.2
"Eindhoven, NL","Istanbul, TR",13,2136.0
"Eindhoven, NL","Wrocław, PL",8,800.55
"Eindhoven, NL","Seville, ES",18,1793.9000000000003
"Eindhoven, NL","Valencia, ES",13,1405.05
"Eindhoven, NL","Vilnius, LT",12,1372.2299999999998
"Eindhoven, NL","London, GB",42,375.12
"Eindhoven, NL","Orio al Serio (BG), IT",18,717.27
"Eindhoven, NL","Velika Gorica, HR",4,1008.83
"Eindhoven, NL","Gdańsk, PL",6,934.54
"Eindhoven, NL","Rome, IT",8,1199.0
"Eindhoven, NL","Nowy Dwór Mazowiecki, PL",4,1050.92
"Eindhoven, NL","Paphos, CY",3,2853.29
"Eindhoven, NL","Pisa (PI), IT",6,941.5099999999999
"El Matorral, ES","Frankfurt am Main, DE",4,3054.68
"Copenhagen, DK","El Matorral, ES",1,3683.66
"Aalborg, DK","El Matorral, ES",1,3685.4
"El Matorral, ES","London, GB",2,2810.36
"El Matorral, ES","Katowice, PL",1,3688.26
"Erfurt, DE","Greven, DE",1,260.13
"Düsseldorf, DE","Erzurum, TR",1,2922.09
"Exeter, Devon, GB","Geneva, CH",2,860.62
"Exeter, Devon, GB","Manchester, Greater Manchester, GB",8,300.95
"Exeter, Devon, GB","Málaga, ES",4,1565.72
"Falconara Marittima (AN), IT","Segrate (MI), IT",17,382.33
"Falconara Marittima (AN), IT","Rome, IT",12,215.86
"Falconara Marittima (AN), IT","Ferno (VA), IT",6,429.64
"Farnborough, Hampshire, GB","Ferno (VA), IT",6,939.57
"Farnborough, Hampshire, GB","Parma (PR), IT",1,1089.6
"Chambéry, FR","Farnborough, Hampshire, GB",18,795.5199999999999
"Blackpool, GB","Farnborough, Hampshire, GB",2,316.57
"Farnborough, Hampshire, GB","Warton, GB",12,309.35
"Farnborough, Hampshire, GB","Geneva, CH",18,753.37
"Farnborough, Hampshire, GB","Zurich, CH",20,796.6600000000001
"Faro, PT","Leeds, West Yorkshire, GB",11,1935.35
"Faro, PT","Southend-on-Sea, Essex, GB",4,1756.26
"Faro, PT","London, GB",107,1728.37
"Faro, PT","Rotterdam, NL",17,1925.01
"Faro, PT","Orio al Serio (BG), IT",7,1755.83
"Faro, PT","Geneva, CH",5,1551.8
"Faro, PT","Vienna, AT",6,2342.7
"Faro, PT","Zaventem, BE",7,1832.34
"Faro, PT","Manchester, Greater Manchester, GB",28,1868.69
"Faro, PT","Nottingham, Leicestershire, GB",8,1832.76
"Faro, PT","Kidlington, Oxfordshire, GB",2,1728.78
"Farnborough, Hampshire, GB","Faro, PT",3,1684.34
"Faro, PT","Paris, FR",19,1594.7699999999998
"Faro, PT","Luxembourg, LU",8,1805.57
"Faro, PT","Porto, PT",22,474.57
"Faro, PT","Luton, Luton, GB",28,1756.66
"Balice, PL","Faro, PT",3,2643.13
"Farranfore, IE","Manchester, Greater Manchester, GB",4,504.18
"Farranfore, IE","Luton, Luton, GB",14,626.88
"Farranfore, IE","Frankfurt am Main (Lautzenhausen), DE",4,1196.12
"Feldkirchen bei Graz, AT","Frankfurt am Main, DE",27,608.64
"Feldkirchen bei Graz, AT","Munich, DE",37,312.67
"Berlin, DE","Feldkirchen bei Graz, AT",5,613.18
"Feldkirchen bei Graz, AT","Vienna, AT",16,150.60000000000002
"Feldkirchen bei Graz, AT","Zurich, CH",9,522.8300000000002
"Feldkirchen bei Graz, AT","Mönchengladbach, DE",1,802.32
"Feldkirchen bei Graz, AT","London, GB",7,1227.8
"Feldkirchen bei Graz, AT","Istanbul, TR",8,1264.1
"Feldkirchen bei Graz, AT","Győr, HU",2,191.87
"Ferno (VA), IT","Hamburg, DE",20,888.3199999999999
"Ferno (VA), IT","Oslo (Gardermoen), NO",24,1626.9000000000003
"Ferno (VA), IT","Nowy Dwór Mazowiecki, PL",14,1150.89
"Ferno (VA), IT","Zurich, CH",78,203.67
"Ferno (VA), IT","Paris, FR",223,635.25
"Ferno (VA), IT","Warsaw, PL",39,1151.56
"Ferno (VA), IT","Frankfurt am Main, DE",84,488.99
"Ferno (VA), IT","Larnaca, CY",10,2413.18
"Ferno (VA), IT","Helsinki (Vantaa), FI",26,1950.22
"Ferno (VA), IT","Luxembourg, LU",41,482.62999999999994
"Ferno (VA), IT","London, GB",180,917.3399999999999
"Ferno (VA), IT","Madrid, ES",110,1160.4799999999998
"Ferno (VA), IT","Lamezia Terme (CZ), IT",54,969.52
"Ferno (VA), IT","Schkeuditz, DE",28,693.42
"Ferno (VA), IT","Prague, CZ",42,645.67
"Ferno (VA), IT","Munich, DE",63,381.35999999999996
"Ferno (VA), IT","Vienna, AT",20,656.37
"Brno, CZ","Ferno (VA), IT",2,715.55
"Ferno (VA), IT","Hannover, DE",21,762.69
"Ferno (VA), IT","Nantes, FR",10,810.15
"Ferno (VA), IT","Grâce-Hollogne, BE",33,607.7100000000002
"Ferno (VA), IT","Valencia, ES",12,1016.25
"Ferno (VA), IT","Jasionka, PL",3,1107.65
"Ferno (VA), IT","Istanbul, TR",56,1707.93
"Ferno (VA), IT","Manchester, Greater Manchester, GB",32,1167.39
"Ferno (VA), IT","Norwich, Norfolk, GB",1,951.21
"Ferno (VA), IT","Göteborg, SE",3,1363.39
"Ferno (VA), IT","Málaga, ES",43,1485.77
"Ferno (VA), IT","Rome, IT",52,518.99
"Ferno (VA), IT","Pescara, IT",27,562.58
"Ferno (VA), IT","Palermo, IT",34,910.56
"Ferno (VA), IT","Spata-Artemida, GR",62,1520.35
"Ferno (VA), IT","Toulouse/Blagnac, FR",5,623.52
"Ferno (VA), IT","Vilnius, LT",9,1540.86
"Capua, IT","Ferno (VA), IT",1,667.54
"Ferno (VA), IT","Strasbourg, FR",4,333.86
"Ferno (VA), IT","Glasgow, GB",6,1462.64
"Ferno (VA), IT","Nottingham, Leicestershire, GB",11,1081.63
"Ferno (VA), IT","Luton, Luton, GB",39,961.31
"Ferno (VA), IT","Seville, ES",36,1517.71
"Ferno (VA), IT","Köln (Cologne), DE",15,593.8199999999998
"Ferno (VA), IT","Stockholm, SE",12,1659.5199999999998
"Ferno (VA), IT","Valletta, MT",22,1190.63
"Ferno (VA), IT","Porto, PT",14,1484.08
"Ferno (VA), IT","Zaventem, BE",19,664.6899999999999
"Ferno (VA), IT","Grenoble, FR",1,266.55
"Ferno (VA), IT","Palma de Mallorca, ES",16,834.5
"Ferno (VA), IT","Marignane, Bouches-du-Rhône, FR",12,370.19
"Ferno (VA), IT","Napoli, IT",12,693.37
"Ferno (VA), IT","Pisa (PI), IT",9,253.35
"Ferno (VA), IT","Reggio Calabria, IT",20,1016.6600000000001
"Figari, FR","Nice, Alpes-Maritimes, FR",8,284.99
"Figari, FR","Paris, FR",15,1018.0699999999999
"Firenze (FI), IT","Nice, Alpes-Maritimes, FR",2,320.74
"Firenze (FI), IT","Munich, DE",25,507.40000000000003
"Firenze (FI), IT","Paris, FR",49,916.55
"Firenze (FI), IT","Frankfurt am Main, DE",17,719.88
"Firenze (FI), IT","Prague, CZ",6,736.98
"Firenze (FI), IT","Rome, IT",19,244.37
"Firenze (FI), IT","Madrid, ES",16,1281.45
"Firenze (FI), IT","London, GB",23,1198.49
"Firenze (FI), IT","Zaventem, BE",5,936.22
"Firenze (FI), IT","Zurich, CH",17,455.22
"Barcelona, ES","Firenze (FI), IT",19,797.33
"Foggia (FG), IT","Segrate (MI), IT",14,673.6
"Forlì (FC), IT","Palermo, IT",5,679.22
"Frankfurt am Main, DE","Segrate (MI), IT",112,512.27
"Frankfurt am Main, DE","Hannover, DE",59,281.82
"Frankfurt am Main, DE","Nuremberg, DE",60,190.25999999999996
"Frankfurt am Main, DE","Munich, DE",204,299.33
"Frankfurt am Main, DE","Hamburg, DE",187,406.21
"Frankfurt am Main, DE","Madrid, ES",121,1430.42
"Frankfurt am Main, DE","Vienna, AT",190,620.93
"Frankfurt am Main, DE","Riga, LV",32,1275.91
"Frankfurt am Main, DE","Zurich, CH",164,285.62
"Frankfurt am Main, DE","Warsaw, PL",84,896.37
"Frankfurt am Main, DE","Zaventem, BE",46,304.27
"Frankfurt am Main, DE","St. Gallen, CH",2,292.01
"Frankfurt am Main, DE","Zgornji Brnik, SI",25,608.37
"Frankfurt am Main, DE","Oslo (Gardermoen), NO",61,1141.83
"Frankfurt am Main, DE","Göteborg, SE",49,885.54
"Frankfurt am Main, DE","Toulouse/Blagnac, FR",28,896.6999999999999
"Frankfurt am Main, DE","Rome, IT",64,961.88
"Frankfurt am Main, DE","Salzburg, AT",48,408.8399999999999
"Capannori (LU), IT","Frankfurt am Main, DE",6,706.2800000000001
"Frankfurt am Main, DE","Luxembourg, LU",57,174.06
"Frankfurt am Main, DE","Valletta, MT",27,1647.8100000000002
"Frankfurt am Main, DE","Istanbul, TR",139,1866.94
"Frankfurt am Main, DE","Paris, FR",162,461.09000000000003
"Frankfurt am Main, DE","Poznań, PL",36,633.69
"Frankfurt am Main, DE","Schkeuditz, DE",68,301.48
"Frankfurt am Main, DE","Marignane, Bouches-du-Rhône, FR",31,775.52
"Frankfurt am Main, DE","London, GB",263,626.5200000000001
"Büren, DE","Frankfurt am Main, DE",1,176.38
"Frankfurt am Main, DE","Valencia, ES",11,1369.72
"Frankfurt am Main, DE","Geneva, CH",66,458.75
"Frankfurt am Main, DE","Tallinn, EE",34,1469.63
"Frankfurt am Main, DE","Manchester, Greater Manchester, GB",51,832.31
"Frankfurt am Main, DE","Wrocław, PL",37,599.64
"Frankfurt am Main, DE","Katowice, PL",25,749.18
"Frankfurt am Main, DE","Stuttgart, DE",65,156.22
"Frankfurt am Main, DE","Stockholm, SE",64,1210.58
"Frankfurt am Main, DE","Vilnius, LT",25,1242.79
"Frankfurt am Main, DE","Palma de Mallorca, ES",43,1251.07
"Frankfurt am Main, DE","Thessaloniki, GR",22,1540.8299999999997
"Frankfurt am Main, DE","Prague, CZ",82,406.96000000000004
"Frankfurt am Main, DE","Glasgow, GB",18,1083.44
"Frankfurt am Main, DE","Jasionka, PL",3,959.84
"Frankfurt am Main, DE","Nottingham, Leicestershire, GB",2,752.18
"Frankfurt am Main, DE","Stavanger, NO",19,1001.7800000000001
"Frankfurt am Main, DE","Helsinki (Vantaa), FI",72,1539.13
"Frankfurt am Main, DE","Nice, Alpes-Maritimes, FR",16,715.41
"Frankfurt am Main, DE","Funchal, PT",16,2834.92
"Antwerp, BE","Frankfurt am Main, DE",4,316.58
"Frankfurt am Main, DE","Málaga, ES",19,1816.0399999999997
"Frankfurt am Main, DE","Velika Gorica, HR",38,734.5899999999999
"Frankfurt am Main, DE","Jerez de la Frontera, ES",3,1884.18
"Frankfurt am Main, DE","Gran Canaria Island, ES",3,3193.9499999999994
"Frankfurt am Main, DE","Ronchi dei Legionari/Trieste, IT",12,593.08
"Frankfurt am Main, DE","Memmingen, DE",2,257.66
"Frankfurt am Main, DE","Porto, PT",30,1651.62
"Frankfurt am Main, DE","Newcastle upon Tyne, Tyne and Wear, GB",10,887.8799999999999
"Alajero, La Gomera Island, ES","Frankfurt am Main, DE",1,3274.6
"Bern, CH","Frankfurt am Main, DE",2,354.95
"Frankfurt am Main, DE","Grâce-Hollogne, BE",4,231.27
"Frankfurt am Main, DE","Gdańsk, PL",9,829.43
"Frankfurt am Main (Lautzenhausen), DE","Pescara, IT",4,990.09
"Frankfurt am Main (Lautzenhausen), DE","London, GB",22,542.43
"Frankfurt am Main (Lautzenhausen), DE","Palermo, IT",2,1394.28
"Frankfurt am Main (Lautzenhausen), DE","Málaga, ES",8,1751.2400000000002
"Frankfurt am Main (Lautzenhausen), DE","Lamezia Terme (CZ), IT",6,1417.53
"Frankfurt am Main (Lautzenhausen), DE","Porto, PT",4,1567.43
"Antwerp, BE","Frankfurt am Main (Lautzenhausen), DE",1,241.24
"Frankfurt am Main (Lautzenhausen), DE","Rome, IT",6,989.3
"Friedrichshafen, DE","Toulouse/Blagnac, FR",2,775.94
"Friedrichshafen, DE","Hamburg, DE",6,657.94
"Amsterdam, NL","Friedrichshafen, DE",6,617.02
"Funchal, PT","Riga, LV",4,4097.53
"Funchal, PT","London, GB",56,2493.04
"Funchal, PT","Manchester, Greater Manchester, GB",12,2569.72
"Funchal, PT","Ponta Delgada, PT",8,984.9199999999998
"Funchal, PT","Helsinki (Vantaa), FI",6,4304.82
"Funchal, PT","Schkeuditz, DE",4,3136.37
"Funchal, PT","Luton, Luton, GB",6,2510.61
"Funchal, PT","Porto, PT",77,1190.77
"Funchal, PT","Hannover, DE",6,3052.67
"Funchal, PT","Newcastle upon Tyne, Tyne and Wear, GB",2,2749.28
"Funchal, PT","Liverpool, GB",2,2548.35
"Funchal, PT","Lisbon, PT",126,965.15
"Funchal, PT","Luxembourg, LU",4,2671.24
"Cambridge, Cambridgeshire, GB","Funchal, PT",1,2562.49
"Funchal, PT","Nottingham, Leicestershire, GB",2,2557.08
"Funchal, PT","Glasgow, GB",2,2748.12
"Funchal, PT","Warsaw, PL",14,3714.21
"Funchal, PT","Vienna, AT",5,3264.89
"Funchal, PT","Shannon, IE",4,2311.71
"Gaziemir, TR","Tymbou (Kirklar), CY",20,664.73
"Gaziemir, TR","London, GB",5,2573.91
"Gaziemir, TR","Istanbul, TR",98,342.91
"Gaziemir, TR","Ordu, TR",2,981.27
"Gaziemir, TR","Köln (Cologne), DE",2,2101.26
"Gaziemir, TR","Trabzon, TR",3,1121.47
"Ferno (VA), IT","Gaziemir, TR",2,1722.74
"Gaziemir, TR","Vienna, AT",2,1385.89
"Gdańsk, PL","Stockholm, SE",15,570.65
"Gdańsk, PL","Helsinki (Vantaa), FI",8,766.2
"Gdańsk, PL","Oslo (Gardermoen), NO",21,782.7100000000002
"Alicante, ES","Gdańsk, PL",5,2294.78
"Gdańsk, PL","Rome, IT",8,1467.2999999999997
"Gdańsk, PL","Warsaw, PL",51,290.92
"Gdańsk, PL","Munich, DE",12,813.9100000000001
"Gdańsk, PL","Luton, Luton, GB",10,1282.98
"Gdańsk, PL","Hamburg, DE",5,565.94
"Gdańsk, PL","Stuttgart, DE",2,897.98
"Gdańsk, PL","Málaga, ES",6,2635.96
"Gdańsk, PL","Paphos, CY",4,2441.8
"Gdańsk, PL","Istanbul, TR",1,1672.93
"Gdańsk, PL","Skellefteå, SE",1,1148.68
"Gdańsk, PL","Sandefjord(Torp), NO",8,731.06
"Gdańsk, PL","Orio al Serio (BG), IT",2,1150.92
"Gdańsk, PL","Wrocław, PL",2,379.31
"Gdańsk, PL","Göteborg, SE",6,543.23
"Gdańsk, PL","Malmö, SE",5,349.45
"Gdańsk, PL","Turku, FI",6,718.87
"Gdańsk, PL","London, GB",11,1276.45
"Gdańsk, PL","Stavanger, NO",9,928.2699999999999
"Gdańsk, PL","Trondheim, NO",4,1096.84
"Gdańsk, PL","Leeds, West Yorkshire, GB",5,1308.38
"Gdańsk, PL","Karmøy, NO",1,974.32
"Bazan, BG","Gdańsk, PL",1,1307.1
"Gdańsk, PL","Manchester, Greater Manchester, GB",3,1360.19
"Gdańsk, PL","Poznań, PL",2,243.23
"Dortmund, DE","Gdańsk, PL",9,792.61
"Funchal, PT","Gdańsk, PL",3,3660.4600000000005
"Gdańsk, PL","Newcastle upon Tyne, Tyne and Wear, GB",1,1292.43
"Geneva, CH","Nice, Alpes-Maritimes, FR",30,299.78
"Geneva, CH","Zaventem, BE",44,532.1
"Geneva, CH","Zurich, CH",122,229.79000000000002
"Geneva, CH","Porto, PT",97,1308.6099999999997
"Geneva, CH","Stockholm, SE",37,1669.18
"Geneva, CH","Málaga, ES",29,1380.3
"Geneva, CH","Helsinki (Vantaa), FI",20,1990.72
"Geneva, CH","Madrid, ES",93,1020.17
"Geneva, CH","Leeds, West Yorkshire, GB",18,1012.14
"Geneva, CH","Toulouse/Blagnac, FR",24,472.81
"Geneva, CH","Paris, FR",172,446.44000000000005
"Geneva, CH","Lisbon, PT",72,1495.67
"Geneva, CH","Ibiza (Eivissa), ES",3,905.77
"Geneva, CH","London, GB",451,738.3299999999999
"Geneva, CH","Prague, CZ",17,740.86
"Geneva, CH","Saint-Jacques-de-la-Lande, Ille-et-Vilaine, FR",5,626.76
"Geneva, CH","Warsaw, PL",31,1261.93
"Geneva, CH","Liverpool, GB",33,1016.42
"Geneva, CH","Luton, Luton, GB",114,783.94
"Geneva, CH","Rome, IT",53,705.48
"Geneva, CH","Istanbul, TR",81,1918.9599999999998
"Geneva, CH","Segrate (MI), IT",20,260.73
"Geneva, CH","Spata-Artemida, GR",35,1731.2899999999997
"Geneva, CH","Lesquin, FR",4,529.9
"Geneva, CH","Munich, DE",58,488.33
"Geneva, CH","Manchester, Greater Manchester, GB",87,992.49
"Geneva, CH","Vienna, AT",33,816.92
"Geneva, CH","Schkeuditz, DE",12,729.5499999999998
"Geneva, CH","Luxembourg, LU",27,376.89
"Geneva, CH","Weert, NL",1,559.12
"Geneva, CH","Nantes, FR",31,597.22
"Geneva, CH","Saint-Tropez, FR",3,338.51
"Caselle Torinese (TO), IT","Geneva, CH",1,166.16
"Geneva, CH","Newcastle upon Tyne, Tyne and Wear, GB",12,1120.89
"Geneva, CH","Valencia, ES",8,922.12
"Geneva, CH","Palma de Mallorca, ES",6,792.36
"Genova (GE), IT","Lamezia Terme (CZ), IT",4,867.21
"Genova (GE), IT","Paris, FR",6,739.1
"Genova (GE), IT","Rome, IT",79,410.84
"Genova (GE), IT","Munich, DE",12,493.01
"Genova (GE), IT","Madrid, ES",4,1117.36
"Genova (GE), IT","Weßling, DE",1,449.1
"Genova (GE), IT","Warsaw, PL",6,1243.33
"Genova (GE), IT","Palermo, IT",3,786.02
"Genova (GE), IT","London, GB",7,1028.21
"Bucharest, RO","Girona, ES",4,1907.1500000000003
"Eindhoven, NL","Girona, ES",1,1079.77
"Chabeuil, Drôme, FR","Girona, ES",1,379.9
"Capannori (LU), IT","Girona, ES",1,671.57
"Charleroi, BE","Girona, ES",9,960.4
"Glasgow, GB","London, GB",285,564.45
"Glasgow, GB","Luton, Luton, GB",44,518.02
"Glasgow, GB","Rome, IT",14,1981.3799999999999
"Glasgow, GB","Inverness, GB",4,187.25
"Glasgow, GB","Paris, FR",25,857.72
"Glasgow, GB","Wrocław, PL",4,1499.19
"Glasgow, GB","Southampton, GB",14,583.86
"Alajero, La Gomera Island, ES","Glasgow, GB",1,3259.37
"Glasgow, GB","Málaga, ES",17,2134.6099999999997
"Glasgow, GB","Gran Canaria Island, ES",1,3236.84
"Glasgow, GB","Tenerife, ES",2,3215.77
"Glasgow, GB","Marignane, Bouches-du-Rhône, FR",1,1543.76
"Gran Canaria Island, ES","Sta Cruz de la Palma, La Palma Island, ES",15,241.79
"Gran Canaria Island, ES","Madrid, ES",7,1765.07
"Copenhagen, DK","Gran Canaria Island, ES",1,3814.66
"Grenoble, FR","L'Hôpital-le-Mercier, Saône-et-Loire, FR",2,154.99
"Grenoble, FR","London, GB",63,789.53
"Grenoble, FR","Romney Marsh, Kent, GB",1,701.74
"Grenoble, FR","Manchester, Greater Manchester, GB",14,1043.84
"Greven, DE","Málaga, ES",4,1966.8
"Greven, DE","Zurich, CH",6,523.56
"Greven, DE","London, GB",9,535.62
"Greven, DE","Munich, DE",44,511.26
"Greven, DE","Segrate (MI), IT",1,752.75
"Grimsby, Lincolnshire, GB","Southend-on-Sea, Essex, GB",3,233.88
"Grimsby, Lincolnshire, GB","Prestwick, South Ayrshire, GB",4,346.62
"Grimsby, Lincolnshire, GB","Turweston, GB",1,177.93
"Cambridge, Cambridgeshire, GB","Grimsby, Lincolnshire, GB",1,156.47
"Groningen, NL","Newcastle upon Tyne, Tyne and Wear, GB",1,579.55
"Groningen, NL","Mönchengladbach, DE",1,210.09
"Grâce-Hollogne, BE","Paris, FR",16,272.5299999999999
"Grâce-Hollogne, BE","Katowice, PL",9,962.15
"Grâce-Hollogne, BE","Madrid, ES",8,1336.73
"Göteborg, SE","Stockholm, SE",102,392.85
"Göteborg, SE","Helsinki (Vantaa), FI",69,790.7
"Göteborg, SE","Munich, DE",35,1041.51
"Göteborg, SE","London, GB",46,1039.2
"Göteborg, SE","Weßling, DE",1,1072.92
"Göteborg, SE","Istanbul, TR",17,2206.6
"Farnborough, Hampshire, GB","Göteborg, SE",1,1093.19
"Göteborg, SE","Zurich, CH",12,1165.15
"Göteborg, SE","Rome, IT",4,1770.07
"Göteborg, SE","Paris, FR",38,1136.8
"Göteborg, SE","Schkeuditz, DE",9,700.39
"Göteborg, SE","Örebro, SE",10,240.13999999999996
"Göteborg, SE","Warsaw, PL",6,831.86
"Göteborg, SE","Velika Gorica, HR",3,1359.16
"Halmstad, SE","Stockholm, SE",33,433.37000000000006
"Halmstad, SE","Luleå, SE",1,1101.26
"Hamburg, DE","Saarbrücken, DE",4,522.72
"Hamburg, DE","Istanbul, TR",85,1988.9400000000003
"Hamburg, DE","Munich, DE",152,596.01
"Hamburg, DE","Zurich, CH",88,687.7999999999998
"Hamburg, DE","Warsaw, PL",36,754.11
"Hamburg, DE","Oslo (Gardermoen), NO",8,738.62
"Hamburg, DE","Palma de Mallorca, ES",47,1651.71
"Hamburg, DE","Vienna, AT",47,766.6299999999999
"Hamburg, DE","London, GB",103,710.8099999999998
"Hamburg, DE","Luxembourg, LU",9,508.55
"Hamburg, DE","Stuttgart, DE",27,546.19
"Hamburg, DE","Saint-Nazaire/Montoir, FR",9,1100.24
"Hamburg, DE","Madrid, ES",28,1782.3500000000001
"Hamburg, DE","Tenerife, ES",1,3540.33
"Hamburg, DE","Manchester, Greater Manchester, GB",14,806.43
"Hamburg, DE","Helsinki (Vantaa), FI",34,1175.98
"Hamburg, DE","Toulouse/Blagnac, FR",26,1270.7400000000002
"Hamburg, DE","Paris, FR",58,712.45
"Hamburg, DE","Nuremberg, DE",1,461.22
"Hamburg, DE","Innsbruck, AT",5,710.29
"Hamburg, DE","Rome, IT",19,1323.21
"Gran Canaria Island, ES","Hamburg, DE",2,3530.96
"Hamburg, DE","Zaventem, BE",10,474.6000000000001
"Hamburg, DE","Salzburg, AT",16,679.46
"Hamburg, DE","Riga, LV",8,967.15
"Hannover, DE","Paris, FR",44,628.42
"Hannover, DE","London, GB",29,673.99
"Hannover, DE","Munich, DE",66,480.31
"Hannover, DE","Istanbul, TR",54,1929.6099999999997
"Erfurt, DE","Hannover, DE",2,186.83
"Düsseldorf, DE","Hannover, DE",5,238.93999999999997
"Hannover, DE","Zurich, CH",27,562.21
"Hannover, DE","Palma de Mallorca, ES",27,1530.69
"Hannover, DE","Madrid, ES",13,1678.7699999999998
"Hannover, DE","Schkeuditz, DE",8,209.46
"Hannover, DE","Wevelgem, BE",1,482.51
"Hannover, DE","Vienna, AT",25,687.41
"Grâce-Hollogne, BE","Hannover, DE",9,356.37
"Hannover, DE","Jerez de la Frontera, ES",2,2136.54
"Helsinki (Vantaa), FI","Vaasa, FI",2,347.43
"Helsinki (Vantaa), FI","Jyväskylän Maalaiskunta, FI",25,234.52
"Helsinki (Vantaa), FI","Vilnius, LT",38,632.35
"Helsinki (Vantaa), FI","Oslo (Gardermoen), NO",76,763.4900000000001
"Helsinki (Vantaa), FI","Oulu / Oulunsalo, FI",107,513.19
"Helsinki (Vantaa), FI","Vienna, AT",29,1460.34
"Helsinki (Vantaa), FI","London, GB",84,1823.5799999999997
"Helsinki (Vantaa), FI","Munich, DE",58,1574.64
"Helsinki (Vantaa), FI","Zurich, CH",29,1778.9599999999998
"Helsinki (Vantaa), FI","Tenerife, ES",3,4714.71
"Helsinki (Vantaa), FI","Stockholm, SE",197,401.99
"Helsinki (Vantaa), FI","Istanbul, TR",38,2160.1400000000003
"Helsinki (Vantaa), FI","Riga, LV",95,377.82
"Helsinki (Vantaa), FI","Warsaw, PL",43,934.02
"Helsinki (Vantaa), FI","Paris, FR",86,1885.36
"Helsinki (Vantaa), FI","Lisbon, PT",12,3363.94
"Helsinki (Vantaa), FI","Linköping, SE",3,566.61
"Helsinki (Vantaa), FI","Rome, IT",24,2228.87
"Helsinki (Vantaa), FI","Málaga, ES",37,3352.7199999999993
"Helsinki (Vantaa), FI","Kuopio / Siilinjärvi, FI",56,334.24000000000007
"Helsinki (Vantaa), FI","Zaventem, BE",25,1646.58
"Helsinki (Vantaa), FI","Manchester, Greater Manchester, GB",26,1812.07
"Helsinki (Vantaa), FI","Kittilä, FI",7,820.93
"Helsinki (Vantaa), FI","Örebro, SE",6,568.23
"Helsinki (Vantaa), FI","Kokkola / Kruunupyy, FI",22,390.06999999999994
"Helsinki (Vantaa), FI","Orio al Serio (BG), IT",14,1912.0599999999997
"Helsinki (Vantaa), FI","Prague, CZ",17,1319.9299999999998
"Helsinki (Vantaa), FI","Schkeuditz, DE",8,1264.27
"Helsinki (Vantaa), FI","Madrid, ES",15,2956.47
"Budapest, HU","Helsinki (Vantaa), FI",9,1475.4299999999998
"Hof, DE","Liverpool, GB",1,1063.7
"Hradec Králové, CZ","Innsbruck, AT",1,468.49
"Bastia, FR","Hyères, Var, FR",1,278.84
"Hyères, Var, FR","Paris, FR",16,752.2
"Augsburg, DE","Hörselberg-Hainich, DE",1,287.21
"Ibiza (Eivissa), ES","Madrid, ES",89,465.85999999999996
"Ibiza (Eivissa), ES","Rome, IT",1,990.74
"Ibiza (Eivissa), ES","Málaga, ES",14,570.91
"Ibiza (Eivissa), ES","Valencia, ES",24,173.88
"Ibiza (Eivissa), ES","London, GB",13,1409.39
"Ibiza (Eivissa), ES","Seville, ES",8,655.49
"Edinburgh, GB","Ibiza (Eivissa), ES",1,1931.06
"Ibiza (Eivissa), ES","Rotterdam, NL",1,1474.05
"Innsbruck, AT","London, GB",91,948.5300000000001
"Innsbruck, AT","Vienna, AT",41,402.35
"Brno, CZ","Innsbruck, AT",1,448.63
"Innsbruck, AT","Zaventem, BE",5,642.6
"Innsbruck, AT","Rotterdam, NL",24,720.78
"Inverness, GB","Luton, Luton, GB",19,672.8500000000001
"Inverness, GB","London, GB",53,718.62
"Inverness, GB","Manchester, Greater Manchester, GB",7,479.36
"Istanbul, TR","London, GB",268,2490.8999999999996
"Istanbul, TR","Manchester, Greater Manchester, GB",63,2696.0499999999997
"Istanbul, TR","Thessaloniki, GR",25,507.2300000000001
"Istanbul, TR","Köln (Cologne), DE",107,1996.9100000000003
"Istanbul, TR","Rome, IT",92,1378.74
"Istanbul, TR","Málaga, ES",27,2918.77
"Istanbul, TR","Trabzon, TR",150,908.38
"Istanbul, TR","Munich, DE",112,1576.2400000000002
"Istanbul, TR","Stockholm, SE",59,2189.48
"Istanbul, TR","Spata-Artemida, GR",103,551.74
"Istanbul, TR","Zaventem, BE",51,2170.47
"Caselle (VR), IT","Istanbul, TR",2,1537.79
"Istanbul, TR","Stuttgart, DE",93,1764.67
"Istanbul, TR","Tymbou (Kirklar), CY",284,766.8000000000001
"Istanbul, TR","Marignane, Bouches-du-Rhône, FR",41,1965.59
"Firenze (FI), IT","Istanbul, TR",3,1485.9
"Istanbul, TR","Zgornji Brnik, SI",30,1298.23
"Istanbul, TR","Warsaw, PL",61,1382.6299999999999
"Istanbul, TR","Vienna, AT",108,1253.8800000000003
"Istanbul, TR","Valencia, ES",12,2491.62
"Istanbul, TR","Porto, PT",26,3126.32
"Istanbul, TR","Madrid, ES",87,2734.0999999999995
"Istanbul, TR","Vilnius, LT",23,1534.7299999999998
"Istanbul, TR","Ordu, TR",39,765.8900000000001
"Istanbul, TR","Zurich, CH",97,1767.86
"Busevec, HR","Istanbul, TR",14,1154.84
"Istanbul, TR","Tallinn, EE",17,2062.05
"Istanbul, TR","Paris, FR",194,2270.2900000000004
"Istanbul, TR","Schkeuditz, DE",28,1720.18
"Istanbul, TR","Riga, LV",26,1803.89
"Istanbul, TR","Valletta, MT",34,1383.74
"Istanbul, TR","Palermo, IT",4,1385.65
"Istanbul, TR","Prague, CZ",77,1518.73
"Istanbul, TR","Rotterdam, NL",17,2217.69
"Istanbul, TR","Seville, ES",25,3008.24
"Istanbul, TR","Samsun, TR",6,637.58
"Istanbul, TR","Toulouse/Blagnac, FR",14,2275.23
"Istanbul, TR","Nice, Alpes-Maritimes, FR",15,1804.4299999999998
"Istanbul, TR","Oslo (Gardermoen), NO",39,2455.6099999999997
"Istanbul, TR","Nuremberg, DE",42,1678.49
"Istanbul, TR","Luxembourg, LU",20,2006.1700000000003
"Istanbul, TR","Nottingham, Leicestershire, GB",8,2617.94
"Istanbul, TR","Orio al Serio (BG), IT",38,1633.86
"Istanbul, TR","Luton, Luton, GB",18,2524.03
"Catania, IT","Istanbul, TR",2,1258.7
"Grâce-Hollogne, BE","Istanbul, TR",14,2097.0
"Jasionka, PL","Warsaw, PL",48,246.31000000000006
"Jasionka, PL","Munich, DE",21,767.91
"Jasionka, PL","London, GB",13,1552.33
"Edinburgh, GB","Jasionka, PL",2,1805.59
"Jasionka, PL","Riga, LV",1,772.54
"Birmingham, West Midlands, GB","Jasionka, PL",1,1665.99
"Jasionka, PL","Vienna, AT",2,454.88
"Jasionka, PL","Luton, Luton, GB",5,1573.12
"Alicante, ES","Jasionka, PL",2,2214.96
"Jerez de la Frontera, ES","Valletta, MT",2,1841.03
"Jerez de la Frontera, ES","Madrid, ES",26,459.26
"Farnborough, Hampshire, GB","Jerez de la Frontera, ES",1,1669.02
"Jerez de la Frontera, ES","Palma de Mallorca, ES",6,829.86
"Helsinki (Vantaa), FI","Joensuu, FI",5,358.72
"Jyväskylän Maalaiskunta, FI","Tampere / Pirkkala, FI",6,154.25
"Jönköping, SE","Luleå, SE",1,962.82
"Katowice, PL","Warsaw, PL",52,232.62000000000003
"Katowice, PL","Stockholm, SE",1,1006.2
"Katowice, PL","Valletta, MT",19,1668.0
"Barcelona, ES","Katowice, PL",10,1658.75
"Katowice, PL","Spata-Artemida, GR",17,1446.42
"Katowice, PL","Orio al Serio (BG), IT",6,876.69
"Katowice, PL","Schkeuditz, DE",15,490.9
"Katowice, PL","Rome, IT",14,1091.39
"Katowice, PL","Luton, Luton, GB",19,1360.6
"Katowice, PL","Wrocław, PL",3,169.57
"Katowice, PL","London, GB",25,1339.48
"Katowice, PL","Köln (Cologne), DE",10,841.4900000000001
"Katowice, PL","Madrid, ES",7,2084.38
"Kaunas, LT","Riga, LV",6,221.53
"Kaunas, LT","Köln (Cologne), DE",8,1220.17
"Kaunas, LT","Málaga, ES",9,2969.0499999999997
"Kaunas, LT","London, GB",6,1642.15
"Kaunas, LT","Stockholm, SE",11,625.22
"Kaunas, LT","Liverpool, GB",3,1752.46
"Kaunas, LT","Luton, Luton, GB",20,1647.48
"Kaunas, LT","Madrid, ES",3,2602.87
"Berlin, DE","Kaunas, LT",2,754.01
"Kavala, GR","Çorlu, TR",1,277.93
"Chambéry, FR","Kidlington, Oxfordshire, GB",4,867.39
"Kidlington, Oxfordshire, GB","Perugia (PG), IT",1,1418.99
"Kidlington, Oxfordshire, GB","Liverpool, GB",2,196.01
"Friedrichshafen, DE","Kidlington, Oxfordshire, GB",1,904.21
"Kiel, DE","Mönchengladbach, DE",3,427.11
"Darlington, Durham, GB","King's Lynn, Norfolk, GB",1,244.72
"Klagenfurt am Wörthersee, AT","Köln (Cologne), DE",1,705.64
"Klagenfurt am Wörthersee, AT","Vienna, AT",4,234.26
"Kos Island, GR","Spata-Artemida, GR",49,305.67999999999995
"Košice, SK","Vienna, AT",20,350.33
"Košice, SK","Prague, CZ",12,529.81
"Budapest, HU","Košice, SK",1,204.53
"Košice, SK","Zurich, CH",4,951.63
"Košice, SK","Warsaw, PL",11,395.81
"Košice, SK","London, GB",9,1545.29
"Košice, SK","Liverpool, GB",6,1754.36
"Kristiansand(Kjevik), NO","Oslo (Gardermoen), NO",47,279.98
"Kristiansand(Kjevik), NO","Roskilde, DK",2,380.87
"Kuopio / Siilinjärvi, FI","Tampere / Pirkkala, FI",7,280.33
"Kuopio / Siilinjärvi, FI","London, GB",1,2078.87
"Köln (Cologne), DE","Valletta, MT",10,1770.51
"Köln (Cologne), DE","London, GB",102,505.65
"Köln (Cologne), DE","Nottingham, Leicestershire, GB",38,621.08
"Köln (Cologne), DE","Saint-Jacques-de-la-Lande, Ille-et-Vilaine, FR",10,712.28
"Köln (Cologne), DE","Munich, DE",64,435.70000000000005
"Köln (Cologne), DE","Orio al Serio (BG), IT",30,608.14
"Köln (Cologne), DE","Larnaca, CY",6,2769.78
"Köln (Cologne), DE","Palma de Mallorca, ES",63,1303.9200000000003
"Köln (Cologne), DE","Prague, CZ",11,510.49
"Köln (Cologne), DE","Madrid, ES",13,1429.83
"Köln (Cologne), DE","Vienna, AT",48,745.99
"Köln (Cologne), DE","Seville, ES",7,1815.69
"Köln (Cologne), DE","Rome, IT",23,1085.68
"Köln (Cologne), DE","Schkeuditz, DE",32,360.32
"Köln (Cologne), DE","Valencia, ES",4,1397.28
"Köln (Cologne), DE","Velika Gorica, HR",6,870.92
"Köln (Cologne), DE","Manchester, Greater Manchester, GB",14,699.54
"Köln (Cologne), DE","Zurich, CH",15,392.44999999999993
"Köln (Cologne), DE","Zgornji Brnik, SI",13,745.27
"Köln (Cologne), DE","Porto, PT",19,1617.07
"Köln (Cologne), DE","Stockholm, SE",16,1176.51
"Köln (Cologne), DE","Salzburg, AT",4,544.84
"Köln (Cologne), DE","Stuttgart, DE",16,284.29
"Köln (Cologne), DE","Marignane, Bouches-du-Rhône, FR",11,838.65
"Köln (Cologne), DE","Malmö, SE",16,664.3
"Köln (Cologne), DE","Wrocław, PL",9,681.77
"Köln (Cologne), DE","Warsaw, PL",12,964.2199999999999
"Köln (Cologne), DE","Paris, FR",39,389.97
"Köln (Cologne), DE","Palermo, IT",4,1492.51
"Köln (Cologne), DE","Weßling, DE",4,430.41
"Carcassonne, FR","L'Hôpital-le-Mercier, Saône-et-Loire, FR",1,380.24
"La Roche-sur-Yon, FR","Paris, FR",1,395.47
"Laage, DE","Mönchengladbach, DE",2,491.24
"Düsseldorf, DE","Lahr/Schwarzwald, DE",2,333.5
"Lamezia Terme (CZ), IT","Rome, IT",38,456.59
"Lamezia Terme (CZ), IT","Madrid, ES",4,1710.14
"Lamezia Terme (CZ), IT","Orio al Serio (BG), IT",37,923.7999999999998
"Lamezia Terme (CZ), IT","Segrate (MI), IT",27,925.7799999999999
"Lamezia Terme (CZ), IT","Montichiari (BS), IT",7,873.35
"Lamezia Terme (CZ), IT","Wrocław, PL",4,1357.21
"Lamezia Terme (CZ), IT","Pisa (PI), IT",9,721.67
"Larnaca, CY","Vienna, AT",17,2036.4299999999998
"Larnaca, CY","Valletta, MT",19,1735.6499999999999
"Göteborg, SE","Larnaca, CY",1,3003.2
"Larnaca, CY","St. Gallen, CH",1,2437.58
"Larnaca, CY","London, GB",66,3252.31
"Larnaca, CY","Spata-Artemida, GR",140,930.2199999999999
"Larnaca, CY","Zaventem, BE",6,2936.46
"Larnaca, CY","Thessaloniki, GR",32,1126.84
"Larnaca, CY","Luton, Luton, GB",9,3288.1099999999997
"Larnaca, CY","Zurich, CH",10,2504.94
"Geneva, CH","Larnaca, CY",5,2626.61
"Larnaca, CY","Vilnius, LT",3,2289.84
"Larnaca, CY","Munich, DE",22,2339.52
"Larnaca, CY","Warsaw, PL",22,2175.43
"Larnaca, CY","Paris, FR",3,3013.14
"Le Mans, Sarthe, FR","Madrid, ES",5,890.92
"Leeds, West Yorkshire, GB","Paris, FR",13,574.5299999999999
"Leeds, West Yorkshire, GB","Wrocław, PL",6,1288.55
"Leeds, West Yorkshire, GB","Málaga, ES",22,1924.0200000000002
"Leeds, West Yorkshire, GB","Zgornji Brnik, SI",2,1425.25
"Leeds, West Yorkshire, GB","Warsaw, PL",9,1515.27
"Leeds, West Yorkshire, GB","Rome, IT",4,1697.84
"Leeds, West Yorkshire, GB","Salzburg, AT",4,1227.94
"Leeds, West Yorkshire, GB","Palma de Mallorca, ES",5,1625.83
"Leeds, West Yorkshire, GB","London, GB",4,283.82
"Leirvik, NO","Oslo (Gardermoen), NO",28,323.2799999999999
"Colmar, FR","Lelystad, NL",1,500.37
"Lesquin, FR","Marignane, Bouches-du-Rhône, FR",8,808.55
"Kidlington, Oxfordshire, GB","Lesquin, FR",1,338.88
"Lesquin, FR","Nice, Alpes-Maritimes, FR",13,828.5
"Lesquin, FR","Toulouse/Blagnac, FR",17,782.5
"Lesquin, FR","Porto, PT",4,1376.84
"Lesquin, FR","Montpellier/Méditerranée, FR",4,780.01
"Levaldigi (CN), IT","Venegono Superiore (VA), IT",2,165.81
"Limnos Island, GR","Thessaloniki, GR",8,203.73
"Limnos Island, GR","Spata-Artemida, GR",19,246.96
"Limnos Island, GR","Mytilene, GR",5,151.01
"Lincoln, Lincolnshire, GB","Warton, GB",4,178.79
"Lincoln, Lincolnshire, GB","Lossiemouth, Moray, GB",4,536.03
"Köln (Cologne), DE","Linz, AT",4,588.69
"Braunschweig, DE","Linz, AT",1,521.58
"Linz, AT","Schkeuditz, DE",10,379.52
"Linz, AT","London, GB",6,1084.11
"Linz, AT","Vienna, AT",12,172.04
"Lisbon, PT","Toulouse/Blagnac, FR",24,1029.41
"Lisbon, PT","Rome, IT",66,1854.0400000000002
"Frankfurt am Main, DE","Lisbon, PT",58,1872.71
"Lisbon, PT","Porto, PT",130,277.01
"Lisbon, PT","Madrid, ES",198,502.13999999999993
"Düsseldorf, DE","Lisbon, PT",21,1861.7300000000002
"Lisbon, PT","Paris, FR",191,1478.72
"Lisbon, PT","Munich, DE",50,1983.6100000000001
"Lisbon, PT","Zurich, CH",60,1723.08
"Lisbon, PT","Orio al Serio (BG), IT",19,1724.6600000000003
"Berlin, DE","Lisbon, PT",28,2303.19
"Lisbon, PT","Zaventem, BE",25,1717.4699999999998
"Lisbon, PT","Nantes, FR",18,1113.04
"Köln (Cologne), DE","Lisbon, PT",12,1850.45
"Lisbon, PT","London, GB",176,1581.9700000000003
"Lisbon, PT","Marignane, Bouches-du-Rhône, FR",24,1306.64
"Ferno (VA), IT","Lisbon, PT",60,1651.71
"Lisbon, PT","Manchester, Greater Manchester, GB",32,1702.15
"Lisbon, PT","Zaragoza, ES",1,757.98
"Lisbon, PT","Segrate (MI), IT",10,1684.6
"Lisbon, PT","Nice, Alpes-Maritimes, FR",11,1468.1
"Lisbon, PT","Valencia, ES",10,750.33
"Lisbon, PT","Málaga, ES",27,470.18
"Lisbon, PT","Oslo (Gardermoen), NO",8,2768.55
"Lisbon, PT","Luton, Luton, GB",22,1606.45
"Bologna, IT","Lisbon, PT",13,1807.43
"Colombier-Saugnieu, Rhône, FR","Lisbon, PT",29,1399.35
"Lisbon, PT","Schkeuditz, DE",6,2173.89
"Faro, PT","Lisbon, PT",38,221.32
"Eindhoven, NL","Lisbon, PT",11,1804.46
"Dublin, IE","Lisbon, PT",52,1643.37
"Birmingham, West Midlands, GB","Lisbon, PT",5,1623.21
"Lisbon, PT","Valletta, MT",6,2108.82
"Charleroi, BE","Lisbon, PT",18,1681.1600000000003
"Edinburgh, GB","Lisbon, PT",7,1956.15
"Budapest, HU","Lisbon, PT",18,2471.31
"Copenhagen, DK","Lisbon, PT",25,2471.7999999999997
"Lisbon, PT","Vienna, AT",23,2305.01
"Istanbul, TR","Lisbon, PT",22,3232.59
"Lisbon, PT","Stuttgart, DE",5,1833.04
"Lisbon, PT","Prague, CZ",12,2228.65
"Bordeaux, FR","Lisbon, PT",12,968.18
"Lisbon, PT","Warsaw, PL",23,2749.1
"Lisbon, PT","Luxembourg, LU",34,1711.6
"Lisbon, PT","Stockholm, SE",13,2988.64
"Lisbon, PT","Ponta Delgada, PT",17,1448.6499999999999
"Lisbon, PT","Poznań, PL",3,2502.71
"Beauvais, FR","Lisbon, PT",10,1484.8
"Liverpool, GB","Poznań, PL",6,1319.89
"Liverpool, GB","Paris, FR",16,571.07
"Liverpool, GB","Málaga, ES",25,1856.91
"Liverpool, GB","Turweston, GB",1,186.22
"Liverpool, GB","Prague, CZ",8,1228.84
"Liverpool, GB","Nowy Dwór Mazowiecki, PL",4,1572.5
"Liverpool, GB","Warsaw, PL",6,1597.38
"Liverpool, GB","Zirchow, DE",2,1120.63
"Liverpool, GB","Wrocław, PL",8,1362.28
"Locarno, CH","Vienna, AT",1,620.51
"Locarno, CH","Loreo (RO), IT",1,281.85
"London, GB","Porto, PT",88,1317.39
"London, GB","Stockholm, SE",182,1431.46
"London, GB","Munich, DE",229,915.1500000000001
"London, GB","Pescara, IT",10,1473.1
"London, GB","Zurich, CH",347,766.0399999999998
"London, GB","Pisa (PI), IT",59,1167.95
"London, GB","Marignane, Bouches-du-Rhône, FR",68,979.9100000000001
"London, GB","Paris, FR",367,294.11000000000007
"London, GB","Spata-Artemida, GR",129,2403.5
"London, GB","Roskilde, DK",4,921.42
"London, GB","Shannon, IE",83,620.52
"London, GB","Warsaw, PL",91,1437.7300000000002
"London, GB","Prague, CZ",126,1015.4900000000001
"London, GB","Nice, Alpes-Maritimes, FR",44,1027.67
"London, GB","Madrid, ES",370,1262.96
"London, GB","Málaga, ES",199,1686.65
"London, GB","Palma de Mallorca, ES",62,1346.89
"London, GB","Zgornji Brnik, SI",12,1209.55
"London, GB","Montichiari (BS), IT",1,1019.03
"London, GB","Stuttgart, DE",50,730.7
"London, GB","Segrate (MI), IT",241,961.1899999999999
"London, GB","Luxembourg, LU",118,488.62
"London, GB","Tenerife, ES",8,2924.53
"Bristol, GB","London, GB",3,185.83
"London, GB","Zaventem, BE",67,322.49
"London, GB","Vienna, AT",143,1247.34
"London, GB","Santiago de Compostela, ES",15,1146.08
"London, GB","Thessaloniki, GR",25,2142.06
"London, GB","Riga, LV",46,1666.4399999999998
"London, GB","Mošnov, CZ",6,1293.5
"London, GB","Perugia (PG), IT",8,1327.52
"London, GB","Manchester, Greater Manchester, GB",128,254.66999999999993
"London, GB","Valletta, MT",104,2089.07
"Braunschweig, DE","London, GB",2,731.85
"London, GB","Toulouse/Blagnac, FR",62,882.51
"London, GB","Seville, ES",84,1632.89
"London, GB","Rome, IT",227,1434.95
"London, GB","Valencia, ES",40,1337.0
"London, GB","Nantes, FR",46,497.48
"London, GB","Ronchi dei Legionari/Trieste, IT",8,1173.71
"London, GB","Vila Baleira, PT",2,2437.56
"London, GB","Orio al Serio (BG), IT",64,966.03
"London, GB","Paphos, CY",16,3191.78
"London, GB","Rotterdam, NL",46,312.45
"London, GB","Saint-Jacques-de-la-Lande, Ille-et-Vilaine, FR",14,401.28000000000003
"London, GB","Velika Gorica, HR",19,1342.51
"London, GB","Vilnius, LT",20,1717.47
"London, GB","Wrocław, PL",39,1174.74
"London, GB","Saint-Tropez, FR",3,1045.01
"London, GB","Nowy Dwór Mazowiecki, PL",20,1416.3200000000002
"London, GB","Oslo (Gardermoen), NO",166,1186.72
"London, GB","Newcastle upon Tyne, Tyne and Wear, GB",84,407.34
"London, GB","Montpellier/Méditerranée, FR",16,931.58
"London, GB","Newquay, GB",31,366.47
"London, GB","Lübeck, DE",6,768.5499999999998
"London, GB","Palermo, IT",8,1810.2300000000002
"London, GB","Sandefjord(Torp), NO",10,1071.25
"Cannes, FR","London, GB",5,1028.34
"London, GB","Reggio Calabria, IT",4,1932.34
"London, GB","Stockholm / Västerås, SE",4,1374.37
"London, GB","Memmingen, DE",20,834.9699999999999
"London, GB","Tallinn, EE",19,1782.4299999999998
"Capannori (LU), IT","London, GB",9,1164.92
"Birmingham, West Midlands, GB","London, GB",4,157.08
"Antwerp, BE","London, GB",4,314.87
"London, GB","Salzburg, AT",82,1024.28
"Chassieu, Lyon, FR","London, GB",3,739.6
"Grâce-Hollogne, BE","London, GB",11,395.25
"London, GB","St. Gallen, CH",4,824.37
"London, GB","Nuremberg, DE",27,816.72
"London, GB","Stavanger, NO",7,894.29
"London, GB","Poznań, PL",26,1157.3
"Alajero, La Gomera Island, ES","London, GB",6,2978.24
"Aarhus, DK","London, GB",8,876.96
"London, GB","Łódź, PL",22,1338.52
"Agno, CH","Loreo (RO), IT",1,272.95
"Lublin, PL","Luton, Luton, GB",8,1590.58
"Lublin, PL","Warsaw, PL",6,163.62
"Geneva, CH","Lublin, PL",1,1334.74
"Luleå, SE","Stockholm, SE",138,705.0
"Aalborg, DK","Luleå, SE",1,1140.93
"Luleå, SE","Umeå, SE",3,213.54
"Luton, Luton, GB","Palma de Mallorca, ES",12,1390.99
"Luton, Luton, GB","Paris, FR",77,340.35
"Luton, Luton, GB","Stuttgart, DE",1,767.12
"Luton, Luton, GB","Wrocław, PL",22,1194.62
"Hannover, DE","Luton, Luton, GB",3,688.19
"Luton, Luton, GB","Manchester, Greater Manchester, GB",5,208.65
"Luton, Luton, GB","Warsaw, PL",38,1452.28
"Luton, Luton, GB","Tenerife, ES",2,2945.91
"Luton, Luton, GB","Newquay, GB",2,359.85
"Luton, Luton, GB","Samedan, CH",3,951.1
"Luton, Luton, GB","Prague, CZ",23,1040.86
"Luton, Luton, GB","Madrid, ES",14,1297.3
"Luton, Luton, GB","Vilnius, LT",10,1723.8800000000003
"Luton, Luton, GB","Málaga, ES",32,1721.12
"Luton, Luton, GB","Seville, ES",8,1664.65
"Luton, Luton, GB","Porto, PT",8,1339.69
"Luton, Luton, GB","Segrate (MI), IT",21,1004.8600000000001
"Luton, Luton, GB","Strasbourg, FR",3,678.75
"Luton, Luton, GB","Poznań, PL",10,1171.82
"Luton, Luton, GB","Zurich, CH",23,807.12
"Luton, Luton, GB","Rome, IT",19,1479.34
"Capannori (LU), IT","Luton, Luton, GB",1,1209.11
"Luton, Luton, GB","Nuremberg, DE",2,847.5
"Luton, Luton, GB","Vienna, AT",13,1277.61
"Alajero, La Gomera Island, ES","Luton, Luton, GB",3,2998.78
"Cannes, FR","Luton, Luton, GB",3,1074.63
"Luxembourg, LU","Segrate (MI), IT",22,518.6799999999998
"Luxembourg, LU","Zurich, CH",24,296.16
"Luxembourg, LU","Munich, DE",46,430.51
"Luxembourg, LU","Porto, PT",68,1484.81
"Luxembourg, LU","Vienna, AT",32,775.44
"Luxembourg, LU","Madrid, ES",27,1282.01
"Luxembourg, LU","Rome, IT",17,994.02
"Luxembourg, LU","Orio al Serio (BG), IT",12,511.98
"Luxembourg, LU","Manchester, Greater Manchester, GB",4,718.29
"Luxembourg, LU","Paris, FR",39,288.7
"Luxembourg, LU","Warsaw, PL",13,1069.47
"Bern, CH","Luxembourg, LU",1,316.45
"Luxembourg, LU","Valencia, ES",2,1244.55
"Luxembourg, LU","Málaga, ES",10,1678.22
"Luxembourg, LU","Marignane, Bouches-du-Rhône, FR",8,692.38
"Luxembourg, LU","Seville, ES",1,1667.49
"Istanbul, TR","Maastricht, NL",5,2087.17
"Ibiza (Eivissa), ES","Maastricht, NL",2,1382.01
"Madrid, ES","Paris, FR",330,1090.58
"Alava, ES","Madrid, ES",3,283.8
"Madrid, ES","Oslo (Gardermoen), NO",22,2422.28
"Madrid, ES","Manchester, Greater Manchester, GB",43,1440.1999999999998
"Madrid, ES","Palma de Mallorca, ES",271,555.27
"Madrid, ES","Orio al Serio (BG), IT",32,1231.66
"Madrid, ES","Porto, PT",146,430.45
"Madrid, ES","Seville, ES",79,386.0
"Madrid, ES","Stockholm, SE",18,2598.65
"Madrid, ES","Málaga, ES",132,423.82000000000005
"Madrid, ES","Munich, DE",106,1507.29
"Madrid, ES","Segrate (MI), IT",55,1190.88
"Madrid, ES","Spata-Artemida, GR",40,2387.1199999999994
"Madrid, ES","Vienna, AT",57,1816.55
"Madrid, ES","Zaventem, BE",80,1323.8600000000001
"Madrid, ES","Zurich, CH",105,1249.91
"Madrid, ES","Prague, CZ",52,1760.57
"Madrid, ES","Pamplona, ES",17,310.0400000000001
"Madrid, ES","Marignane, Bouches-du-Rhône, FR",42,807.2899999999998
"Madrid, ES","Toulouse/Blagnac, FR",44,547.38
"Madrid, ES","Melilla, ES",18,576.4
"Madrid, ES","Rome, IT",211,1355.46
"Madrid, ES","Tenerife, ES",119,1786.83
"Madrid, ES","Warsaw, PL",28,2281.93
"Madrid, ES","Santiago de Compostela, ES",41,479.3399999999999
"Glasgow, GB","Madrid, ES",2,1717.72
"Madrid, ES","Mahón (Maó), ES",8,674.0
"Madrid, ES","Zgornji Brnik, SI",2,1597.38
"Cascais, PT","Madrid, ES",4,522.09
"Madrid, ES","Strasbourg, FR",8,1269.07
"Madrid, ES","Valletta, MT",27,1665.34
"Farnborough, Hampshire, GB","Madrid, ES",3,1226.28
"Madrid, ES","Nantes, FR",37,765.49
"Madrid, ES","Tarbes/Lourdes/Pyrénées, FR",5,431.1000000000001
"Granada, ES","Madrid, ES",2,360.75
"Madrid, ES","Rota, ES",7,480.84
"Madrid, ES","Sta Cruz de la Palma, La Palma Island, ES",15,1835.52
"Madrid, ES","Napoli, IT",8,1513.95
"Madrid, ES","Nice, Alpes-Maritimes, FR",19,967.5700000000002
"Madrid, ES","Schkeuditz, DE",13,1727.1300000000003
"Madrid, ES","Valencia, ES",64,291.99
"Madrid, ES","Pisa (PI), IT",17,1214.92
"Madrid, ES","St. Gallen, CH",2,1315.4
"Mahón (Maó), ES","Valencia, ES",2,404.3
"Malmö, SE","Stockholm, SE",75,517.9800000000001
"Malmö, SE","Oslo (Gardermoen), NO",13,535.11
"Budapest, HU","Malmö, SE",1,978.04
"Manchester, Greater Manchester, GB","Valletta, MT",30,2343.31
"Manchester, Greater Manchester, GB","Stockholm, SE",14,1410.85
"Manchester, Greater Manchester, GB","Pisa (PI), IT",7,1419.26
"Manchester, Greater Manchester, GB","Segrate (MI), IT",14,1210.32
"Manchester, Greater Manchester, GB","Palma de Mallorca, ES",13,1580.67
"Manchester, Greater Manchester, GB","Prague, CZ",53,1191.92
"Manchester, Greater Manchester, GB","Paris, FR",120,548.7400000000001
"Chambéry, FR","Manchester, Greater Manchester, GB",12,1039.0
"Manchester, Greater Manchester, GB","Munich, DE",38,1130.1300000000003
"Manchester, Greater Manchester, GB","Seville, ES",10,1793.24
"Manchester, Greater Manchester, GB","Santiago de Compostela, ES",1,1247.23
"Manchester, Greater Manchester, GB","Zurich, CH",48,1007.0599999999998
"Manchester, Greater Manchester, GB","Málaga, ES",54,1862.0800000000002
"Manchester, Greater Manchester, GB","Tenerife, ES",6,3021.1
"Manchester, Greater Manchester, GB","Rome, IT",40,1686.03
"Manchester, Greater Manchester, GB","Porto, PT",17,1428.16
"Manchester, Greater Manchester, GB","Salzburg, AT",13,1240.02
"Katowice, PL","Manchester, Greater Manchester, GB",5,1493.53
"Manchester, Greater Manchester, GB","Wrocław, PL",4,1324.56
"Manchester, Greater Manchester, GB","Orio al Serio (BG), IT",20,1212.92
"Gran Canaria Island, ES","Manchester, Greater Manchester, GB",1,3033.52
"Manchester, Greater Manchester, GB","Spata-Artemida, GR",19,2636.67
"Manchester, Greater Manchester, GB","Valencia, ES",4,1547.21
"Manchester, Greater Manchester, GB","Marignane, Bouches-du-Rhône, FR",8,1231.53
"Manchester, Greater Manchester, GB","Oslo (Gardermoen), NO",28,1111.5200000000002
"Manchester, Greater Manchester, GB","Vienna, AT",12,1443.33
"Göteborg, SE","Manchester, Greater Manchester, GB",7,1022.83
"Manchester, Greater Manchester, GB","Southampton, GB",14,274.09
"Manchester, Greater Manchester, GB","Zaventem, BE",16,535.69
"Manchester, Greater Manchester, GB","Sandefjord(Torp), NO",18,1007.49
"Manchester, Greater Manchester, GB","Riga, LV",7,1707.0
"Glasgow, GB","Manchester, Greater Manchester, GB",2,312.87
"Manchester, Greater Manchester, GB","Shannon, IE",14,450.05
"Manchester, Greater Manchester, GB","Paphos, CY",6,3411.7300000000005
"Manchester, Greater Manchester, GB","Stavanger, NO",4,785.49
"Bristol, GB","Manchester, Greater Manchester, GB",3,220.73
"Barcelona, ES","Manching, DE",1,1108.77
"Mannheim, DE","Paris, FR",8,453.81
"Farnborough, Hampshire, GB","Marignane, Bouches-du-Rhône, FR",1,980.56
"Marignane, Bouches-du-Rhône, FR","Porto, PT",20,1166.0899999999997
"Marignane, Bouches-du-Rhône, FR","Nantes, FR",48,674.48
"Marignane, Bouches-du-Rhône, FR","Paris, FR",186,690.55
"Marignane, Bouches-du-Rhône, FR","Málaga, ES",8,1116.06
"Marignane, Bouches-du-Rhône, FR","Prague, CZ",7,1010.35
"Marignane, Bouches-du-Rhône, FR","Orio al Serio (BG), IT",10,434.04
"Marignane, Bouches-du-Rhône, FR","Rochefort/Saint-Agnant, FR",2,560.39
"Marignane, Bouches-du-Rhône, FR","Valencia, ES",2,646.14
"Marignane, Bouches-du-Rhône, FR","Schkeuditz, DE",11,1031.7400000000002
"Marignane, Bouches-du-Rhône, FR","Toussus-le-Noble, Yvelines, FR",2,637.43
"Marignane, Bouches-du-Rhône, FR","Toulouse/Blagnac, FR",21,310.95
"Luleå, SE","Marignane, Bouches-du-Rhône, FR",1,2669.48
"Marignane, Bouches-du-Rhône, FR","Zaventem, BE",12,831.69
"Marignane, Bouches-du-Rhône, FR","Perpignan/Rivesaltes, FR",1,205.37
"Marignane, Bouches-du-Rhône, FR","Rome, IT",17,617.23
"Bastia, FR","Marignane, Bouches-du-Rhône, FR",22,361.01
"Marignane, Bouches-du-Rhône, FR","Munich, DE",24,746.16
"Marignane, Bouches-du-Rhône, FR","Stuttgart, DE",1,660.62
"Marignane, Bouches-du-Rhône, FR","Valletta, MT",6,1157.83
"Marignane, Bouches-du-Rhône, FR","Palermo, IT",5,892.93
"Marignane, Bouches-du-Rhône, FR","Seville, ES",9,1152.39
"Marignane, Bouches-du-Rhône, FR","Saint-Jacques-de-la-Lande, Ille-et-Vilaine, FR",13,744.92
"Marignane, Bouches-du-Rhône, FR","Strasbourg, FR",10,596.96
"Geneva, CH","Marignane, Bouches-du-Rhône, FR",5,319.26
"Marignane, Bouches-du-Rhône, FR","Zurich, CH",7,517.1
"Bodø, NO","Mehamn, NO",3,674.8
"Melilla, ES","Seville, ES",5,354.52
"Memmingen, DE","Málaga, ES",10,1740.61
"Bologna, IT","Memmingen, DE",4,392.31
"Memmingen, DE","Palermo, IT",4,1120.33
"Laage, DE","Memmingen, DE",2,674.63
"Memmingen, DE","Rome, IT",4,709.03
"Memmingen, DE","Valencia, ES",2,1276.15
"Memmingen, DE","Palma de Mallorca, ES",9,1113.51
"Montpellier/Méditerranée, FR","Paris, FR",72,650.19
"Montpellier/Méditerranée, FR","Nantes, FR",24,589.48
"Brest, FR","Montpellier/Méditerranée, FR",3,843.18
"Montpellier/Méditerranée, FR","Munich, DE",1,804.14
"Montpellier/Méditerranée, FR","Strasbourg, FR",3,619.84
"Montpellier/Méditerranée, FR","Saint-Jacques-de-la-Lande, Ille-et-Vilaine, FR",4,666.39
"Mošnov, CZ","Ronchi dei Legionari/Trieste, IT",1,552.31
"Mošnov, CZ","Poprad, SK",3,169.15
"Mošnov, CZ","Warsaw, PL",11,343.12
"Munich, DE","Stockholm, SE",54,1301.9600000000003
"Munich, DE","Osijek(Klisa), HR",4,622.67
"Munich, DE","Paris, FR",140,705.65
"Munich, DE","Rimini (RN), IT",1,486.06
"Munich, DE","Poznań, PL",24,576.01
"Munich, DE","Stuttgart, DE",46,192.5
"Munich, DE","Oslo (Gardermoen), NO",51,1317.29
"Munich, DE","Thessaloniki, GR",24,1241.52
"Munich, DE","Riga, LV",20,1259.6399999999999
"Falconara Marittima (AN), IT","Munich, DE",7,540.65
"Munich, DE","Toulouse/Blagnac, FR",28,960.12
"Munich, DE","Palma de Mallorca, ES",49,1215.74
"Munich, DE","Vienna, AT",58,355.29
"Munich, DE","Spata-Artemida, GR",78,1517.68
"Munich, DE","Warsaw, PL",81,778.4
"Munich, DE","Segrate (MI), IT",48,375.39000000000004
"Munich, DE","Wrocław, PL",32,476.95
"Munich, DE","Zurich, CH",85,261.08000000000004
"Munich, DE","Schkeuditz, DE",14,342.51
"Munich, DE","Seville, ES",9,1876.9900000000002
"Munich, DE","Rome, IT",81,730.2800000000001
"Grâce-Hollogne, BE","Munich, DE",9,523.53
"Munich, DE","Porto, PT",15,1790.2599999999998
"Capannori (LU), IT","Munich, DE",1,512.02
"Munich, DE","Valletta, MT",38,1408.3600000000001
"Munich, DE","Velika Gorica, HR",37,435.28
"Munich, DE","Nice, Alpes-Maritimes, FR",15,629.97
"Munich, DE","Tallinn, EE",9,1492.0899999999997
"Munich, DE","Zaventem, BE",43,596.98
"Munich, DE","Málaga, ES",16,1854.94
"Munich, DE","Valencia, ES",8,1388.47
"Munich, DE","Prague, CZ",35,264.56
"Munich, DE","Vilnius, LT",13,1163.45
"Munich, DE","Zgornji Brnik, SI",18,310.93000000000006
"Luton, Luton, GB","Munich, DE",6,949.46
"Mytilene, GR","Thessaloniki, GR",20,350.03000000000003
"Mytilene, GR","Spata-Artemida, GR",57,262.45
"Málaga, ES","Łódź, PL",4,2514.49
"Málaga, ES","Prestwick, South Ayrshire, GB",5,2093.43
"Málaga, ES","Warsaw, PL",36,2633.16
"Málaga, ES","Vienna, AT",30,2135.47
"Málaga, ES","Orio al Serio (BG), IT",17,1549.76
"Málaga, ES","Valencia, ES",15,470.66
"Málaga, ES","Newquay, GB",4,1531.19
"Málaga, ES","Stockholm / Västerås, SE",4,2963.06
"Málaga, ES","Oslo (Gardermoen), NO",36,2840.53
"Málaga, ES","Stockholm, SE",55,3004.0800000000004
"Málaga, ES","Wrocław, PL",15,2331.24
"Málaga, ES","Rotterdam, NL",23,1838.7300000000002
"Málaga, ES","Zaventem, BE",26,1735.4800000000002
"Göteborg, SE","Málaga, ES",18,2637.76
"Málaga, ES","Weeze, DE",16,1859.86
"Málaga, ES","Palma de Mallorca, ES",41,709.1299999999999
"Málaga, ES","Zurich, CH",30,1607.35
"Faro, PT","Málaga, ES",4,311.24
"Málaga, ES","Paris, FR",96,1506.12
"Málaga, ES","Prague, CZ",39,2116.15
"Málaga, ES","Shannon, IE",6,1815.2699999999998
"Málaga, ES","Nottingham, Leicestershire, GB",14,1813.4000000000003
"Málaga, ES","Nantes, FR",8,1189.16
"Málaga, ES","Oostende, BE",13,1717.5
"Málaga, ES","Rome, IT",26,1561.62
"Gran Canaria Island, ES","Málaga, ES",2,1419.65
"Málaga, ES","Newcastle upon Tyne, Tyne and Wear, GB",18,2053.02
"Málaga, ES","Tenerife, ES",11,1458.3900000000003
"Málaga, ES","Santiago de Compostela, ES",5,768.23
"Melilla, ES","Málaga, ES",45,208.17000000000002
"Capannori (LU), IT","Málaga, ES",1,1502.94
"Memmingen, DE","Mönchengladbach, DE",3,449.71
"Mönchengladbach, DE","Newquay, GB",1,811.49
"Chassieu, Lyon, FR","Nantes, FR",1,526.48
"Nantes, FR","Paris, FR",89,372.54
"Nantes, FR","Rome, IT",16,1259.93
"Nantes, FR","Valencia, ES",2,857.06
"Nantes, FR","Orio al Serio (BG), IT",4,882.55
"Nantes, FR","Schkeuditz, DE",10,1108.21
"Nantes, FR","Prague, CZ",12,1208.96
"Nantes, FR","Toulouse/Blagnac, FR",39,455.44999999999993
"Nantes, FR","Seville, ES",12,1137.91
"Nantes, FR","Porto, PT",29,864.62
"Nantes, FR","Strasbourg, FR",12,705.98
"Alicante, ES","Napoli, IT",2,1303.29
"Newcastle upon Tyne, Tyne and Wear, GB","Prague, CZ",4,1205.9
"Newcastle upon Tyne, Tyne and Wear, GB","Palma de Mallorca, ES",4,1753.19
"Newcastle upon Tyne, Tyne and Wear, GB","Rome, IT",4,1795.72
"Madrid, ES","Newcastle upon Tyne, Tyne and Wear, GB",1,1630.73
"Newcastle upon Tyne, Tyne and Wear, GB","Paris, FR",49,691.63
"Newcastle upon Tyne, Tyne and Wear, GB","Retford, Nottinghamshire, GB",1,201.23
"Newcastle upon Tyne, Tyne and Wear, GB","Valletta, MT",9,2465.98
"Luton, Luton, GB","Newcastle upon Tyne, Tyne and Wear, GB",3,362.44
"Newcastle upon Tyne, Tyne and Wear, GB","Southampton, GB",26,455.07
"Luxembourg, LU","Newcastle upon Tyne, Tyne and Wear, GB",1,805.43
"Ibiza (Eivissa), ES","Newcastle upon Tyne, Tyne and Wear, GB",1,1812.0
"Newquay, GB","Nottingham, Leicestershire, GB",1,366.94
"Norwich, Norfolk, GB","Valletta, MT",4,2139.01
"Nottingham, Leicestershire, GB","Palma de Mallorca, ES",7,1508.79
"Nottingham, Leicestershire, GB","Schkeuditz, DE",49,937.4599999999999
"Nottingham, Leicestershire, GB","Prague, CZ",4,1119.15
"London, GB","Nottingham, Leicestershire, GB",9,171.14
"Grâce-Hollogne, BE","Nottingham, Leicestershire, GB",8,525.93
"Farnborough, Hampshire, GB","Nottingham, Leicestershire, GB",2,177.01
"Nottingham, Leicestershire, GB","Tenerife, ES",2,3001.95
"Nottingham, Leicestershire, GB","Nuremberg, DE",2,939.5
"Balice, PL","Nottingham, Leicestershire, GB",11,1488.83
"Madrid, ES","Nottingham, Leicestershire, GB",2,1390.15
"Nottingham, Leicestershire, GB","Paris, FR",23,464.97
"Gran Canaria Island, ES","Nottingham, Leicestershire, GB",2,3011.26
"Nottingham, Leicestershire, GB","Riga, LV",6,1673.84
"Newcastle upon Tyne, Tyne and Wear, GB","Nottingham, Nottinghamshire, GB",3,238.86
"Nowe Kramsko, PL","Warsaw, PL",13,350.41
"Nowy Dwór Mazowiecki, PL","Spata-Artemida, GR",10,1634.0099999999998
"Nowy Dwór Mazowiecki, PL","Valletta, MT",26,1908.98
"Nowy Dwór Mazowiecki, PL","Orio al Serio (BG), IT",40,1095.25
"Nowy Dwór Mazowiecki, PL","Palermo, IT",7,1691.83
"Nowy Dwór Mazowiecki, PL","Paphos, CY",6,2183.57
"Nowy Dwór Mazowiecki, PL","Rome, IT",18,1335.81
"Nuremberg, DE","Paris, FR",39,638.96
"Nuremberg, DE","Palma de Mallorca, ES",24,1286.76
"Belfast, GB","Nuremberg, DE",1,1297.89
"Grâce-Hollogne, BE","Nuremberg, DE",4,421.5
"Nuremberg, DE","Vilnius, LT",6,1123.63
"Nuremberg, DE","Thessaloniki, GR",10,1364.62
"Nuremberg, DE","Weßling, DE",1,158.31
"Nuremberg, DE","Valencia, ES",2,1438.62
"Nuremberg, DE","Roskilde, DK",2,680.55
"Frankfurt am Main (Lautzenhausen), DE","Nuremberg, DE",1,278.79
"Köln (Cologne), DE","Nuremberg, DE",2,318.73
"Nuremberg, DE","Palermo, IT",2,1273.68
"Nuremberg, DE","Seville, ES",4,1910.13
"Jasionka, PL","Nuremberg, DE",2,787.77
"Nyköping, SE","Warsaw, PL",8,773.17
"Nîmes/Garons, FR","Paris, FR",5,638.51
"Groningen, NL","Odense, DK",1,357.45
"Oostende, BE","Salzburg, AT",1,822.83
"Darlington, Durham, GB","Oostende, BE",1,467.72
"Colombier-Saugnieu, Rhône, FR","Oostende, BE",1,630.12
"Eskişehir, TR","Ordu, TR",1,653.37
"Orio al Serio (BG), IT","Thessaloniki, GR",10,1217.43
"Orio al Serio (BG), IT","Łódź, PL",6,977.6
"Orio al Serio (BG), IT","Spata-Artemida, GR",11,1456.49
"Orio al Serio (BG), IT","Warsaw, PL",26,1094.42
"Orio al Serio (BG), IT","Palermo, IT",22,884.87
"Orio al Serio (BG), IT","Porto, PT",20,1559.46
"Nice, Alpes-Maritimes, FR","Orio al Serio (BG), IT",1,298.09
"Orio al Serio (BG), IT","Valencia, ES",14,1079.4
"Orio al Serio (BG), IT","Prague, CZ",29,598.07
"Dortmund, DE","Orio al Serio (BG), IT",3,668.32
"Caselle Torinese (TO), IT","Orio al Serio (BG), IT",3,168.91
"Falconara Marittima (AN), IT","Orio al Serio (BG), IT",6,368.26
"Orio al Serio (BG), IT","Pescara, IT",5,507.3
"Orio al Serio (BG), IT","Wrocław, PL",17,802.82
"Orio al Serio (BG), IT","Stockholm, SE",22,1632.4699999999998
"Orio al Serio (BG), IT","Seville, ES",14,1585.3799999999999
"Frankfurt am Main (Lautzenhausen), DE","Orio al Serio (BG), IT",4,509.41
"Bologna, IT","Orio al Serio (BG), IT",7,176.84
"Orio al Serio (BG), IT","Palma de Mallorca, ES",5,887.03
"Orio al Serio (BG), IT","Rome, IT",6,482.14000000000004
"Orio al Serio (BG), IT","Riga, LV",12,1594.84
"Orio al Serio (BG), IT","Vienna, AT",24,587.48
"Orio al Serio (BG), IT","Valletta, MT",14,1163.66
"Orio al Serio (BG), IT","Poznań, PL",9,911.51
"Orio al Serio (BG), IT","Toulouse/Blagnac, FR",9,697.64
"Orio al Serio (BG), IT","Ronchi dei Legionari/Trieste, IT",1,292.51
"Orio al Serio (BG), IT","Vilnius, LT",7,1485.8
"Orio al Serio (BG), IT","Velika Gorica, HR",5,493.8
"Oslo (Gardermoen), NO","Stavanger, NO",202,340.88
"Oslo (Gardermoen), NO","Trondheim, NO",234,363.05000000000007
"Oslo (Gardermoen), NO","Riga, LV",34,829.35
"Oslo (Gardermoen), NO","Tallinn, EE",9,771.47
"Oslo (Gardermoen), NO","Paris, FR",79,1334.9200000000003
"Oslo (Gardermoen), NO","Vienna, AT",15,1388.8700000000001
"Köln (Cologne), DE","Oslo (Gardermoen), NO",1,1066.23
"Oslo (Gardermoen), NO","Schkeuditz, DE",13,978.07
"Karmøy, NO","Oslo (Gardermoen), NO",27,342.96
"Oslo (Gardermoen), NO","Stockholm, SE",169,389.25
"Oslo (Gardermoen), NO","Zurich, CH",28,1425.76
"Oslo (Gardermoen), NO","Rome, IT",10,2047.1199999999997
"Jasionka, PL","Oslo (Gardermoen), NO",2,1314.96
"Oslo (Gardermoen), NO","Vilnius, LT",13,1047.15
"Oslo (Gardermoen), NO","Warsaw, PL",27,1073.11
"Göteborg, SE","Oslo (Gardermoen), NO",11,280.83
"Oslo (Gardermoen), NO","Prague, CZ",14,1139.78
"Oslo (Gardermoen), NO","Zaventem, BE",14,1112.63
"Palanga, LT","Vilnius, LT",2,304.18
"Palanga, LT","Riga, LV",16,210.48
"Palermo, IT","Valletta, MT",3,280.21
"Palma de Mallorca, ES","Santiago de Compostela, ES",12,1003.25
"Palma de Mallorca, ES","Valencia, ES",48,276.25
"Palma de Mallorca, ES","Vienna, AT",33,1457.75
"Palma de Mallorca, ES","Zurich, CH",43,995.51
"Palma de Mallorca, ES","Paris, FR",25,1085.01
"Greven, DE","Palma de Mallorca, ES",10,1449.78
"Palma de Mallorca, ES","Seville, ES",54,787.51
"Palma de Mallorca, ES","Stockholm, SE",14,2461.13
"Palma de Mallorca, ES","Reus, ES",1,221.8
"Marignane, Bouches-du-Rhône, FR","Palma de Mallorca, ES",1,478.69
"Bordeaux, FR","Palma de Mallorca, ES",1,651.98
"Palma de Mallorca, ES","Weeze, DE",10,1365.38
"Gran Canaria Island, ES","Palma de Mallorca, ES",1,2119.1
"Palma de Mallorca, ES","Segrate (MI), IT",8,845.9900000000001
"Granada, ES","Palma de Mallorca, ES",4,625.68
"Frankfurt am Main (Lautzenhausen), DE","Palma de Mallorca, ES",6,1209.18
"Palma de Mallorca, ES","Zaragoza, ES",15,396.32
"Palma de Mallorca, ES","Tarbes/Lourdes/Pyrénées, FR",1,463.76
"Palma de Mallorca, ES","Warsaw, PL",9,1981.19
"Palma de Mallorca, ES","Stuttgart, DE",29,1139.3
"Palma de Mallorca, ES","Southend-on-Sea, Essex, GB",6,1345.74
"Pamplona, ES","Rotterdam, NL",1,1118.63
"Geneva, CH","Paphos, CY",1,2554.84
"Paphos, CY","Warsaw, PL",1,2151.38
"Montichiari (BS), IT","Paphos, CY",1,2218.42
"Paphos, CY","Weeze, DE",3,2816.34
"Paphos, CY","Riga, LV",2,2553.65
"Paphos, CY","Wrocław, PL",4,2211.38
"Paphos, CY","Vienna, AT",6,1986.79
"Paphos, CY","Poznań, PL",4,2327.09
"Paphos, CY","Thessaloniki, GR",4,1056.54
"Paris, FR","Stockholm, SE",94,1514.5899999999997
"Paris, FR","Zgornji Brnik, SI",13,973.37
"Paris, FR","Zaventem, BE",23,238.78000000000003
"Paris, FR","Segrate (MI), IT",241,680.82
"Paris, FR","Santiago de Compostela, ES",10,1086.04
"Paris, FR","Toulouse/Blagnac, FR",357,634.54
"Paris, FR","Zurich, CH",117,508.3
"Paris, FR","Rome, IT",280,1148.49
"Nice, Alpes-Maritimes, FR","Paris, FR",128,733.56
"Paris, FR","Valencia, ES",41,1112.4
"Capannori (LU), IT","Paris, FR",11,880.22
"Paris, FR","Tallinn, EE",13,1830.04
"Büren, DE","Paris, FR",1,518.64
"Paris, FR","Warsaw, PL",103,1349.75
"Paris, FR","Pau/Pyrénées (Uzein), FR",71,689.59
"Exeter, Devon, GB","Paris, FR",1,434.56
"Paris, FR","Vienna, AT",107,1057.63
"Lesquin, FR","Paris, FR",6,153.21
"Paris, FR","Parma (PR), IT",2,786.34
"Paris, FR","Porto, PT",164,1235.96
"Paris, FR","Prague, CZ",108,867.45
"Cascais, PT","Paris, FR",2,1494.58
"Paris, FR","Perpignan/Rivesaltes, FR",22,731.33
"Paris, FR","Seville, ES",74,1474.33
"Paris, FR","Salzburg, AT",5,808.63
"Paris, FR","Saint-Jacques-de-la-Lande, Ille-et-Vilaine, FR",19,322.90000000000003
"Charmeil, Allier, FR","Paris, FR",19,358.98
"Paris, FR","Velika Gorica, HR",18,1108.75
"Paris, FR","Tarbes/Lourdes/Pyrénées, FR",20,702.65
"Paris, FR","Schkeuditz, DE",22,745.67
"Farnborough, Hampshire, GB","Paris, FR",36,306.99
"Paris, FR","Thessaloniki, GR",6,1892.5
"Oostende, BE","Paris, FR",3,215.55
"Paris, FR","Riga, LV",18,1672.8899999999999
"Paris, FR","Valletta, MT",25,1796.14
"Paris, FR","Stuttgart, DE",28,513.15
"Paris, FR","Saint-Tropez, FR",5,751.85
"Paris, FR","Rodez/Marcillac, FR",22,544.63
"Paris, FR","Spata-Artemida, GR",68,2143.15
"Cannes, FR","Paris, FR",28,734.3
"Bratislava, SK","Paris, FR",4,1102.81
"Palermo, IT","Paris, FR",5,1517.79
"Bournemouth, GB","Paris, FR",2,334.88
"Paris, FR","Vilnius, LT",7,1676.53
"Paris, FR","Southend-on-Sea, Essex, GB",10,275.09
"Catania, IT","Paris, FR",2,1670.06
"Kidlington, Oxfordshire, GB","Paris, FR",4,377.89000000000004
"Ferno (VA), IT","Parma (PR), IT",1,151.96
"Parma (PR), IT","Wevelgem, BE",2,850.07
"Marlow, Buckinghamshire, GB","Perth, Perth and Kinross, GB",1,562.2
"Albert, FR","Perugia (PG), IT",1,1069.95
"Palermo, IT","Perugia (PG), IT",4,553.47
"Perugia (PG), IT","Segrate (MI), IT",4,366.87000000000006
"Pescara, IT","Ravenna (RA), IT",1,266.88
"Pescara, IT","Valencia, ES",2,1272.23
"Pisa (PI), IT","Shannon, IE",1,1739.25
"Pisa (PI), IT","Seville, ES",11,1538.5999999999997
"Bristol, GB","Pisa (PI), IT",3,1300.92
"Balice, PL","Pisa (PI), IT",3,1006.02
"Palermo, IT","Pisa (PI), IT",14,659.38
"Pisa (PI), IT","Porto, PT",5,1584.17
"Pisa (PI), IT","Valencia, ES",7,1016.41
"Budapest, HU","Pisa (PI), IT",11,799.49
"Luton, Luton, GB","Pisa (PI), IT",3,1212.39
"Geneva, CH","Pisa (PI), IT",7,440.64000000000004
"Pisa (PI), IT","Valletta, MT",5,939.0
"Pisa (PI), IT","Prague, CZ",5,771.41
"Pisa (PI), IT","Schkeuditz, DE",7,871.22
"Málaga, ES","Pisa (PI), IT",5,1482.5600000000002
"Pisa (PI), IT","Reggio Calabria, IT",4,764.48
"L'Hôpital-le-Mercier, Saône-et-Loire, FR","Poitiers/Biard, FR",1,284.4
"Colombier-Saugnieu, Rhône, FR","Poitiers/Biard, FR",1,380.63
"Ponta Delgada, PT","Porto, PT",5,1508.54
"Brno, CZ","Poprad, SK",1,258.34
"Porto, PT","Segrate (MI), IT",10,1521.47
"Linz, AT","Porto, PT",1,1962.82
"Porto, PT","Valencia, ES",13,721.41
"Porto, PT","Rome, IT",27,1753.6199999999997
"Porto, PT","Zurich, CH",58,1529.51
"Porto, PT","Toulouse/Blagnac, FR",10,865.15
"Porto, PT","Seville, ES",16,488.68999999999994
"Porto, PT","Zaventem, BE",14,1473.4
"Porto, PT","Rodez/Marcillac, FR",4,974.87
"Porto, PT","Stockholm, SE",4,2735.3
"Porto, PT","Tenerife, ES",1,1607.37
"Nice, Alpes-Maritimes, FR","Porto, PT",2,1329.3
"Porto, PT","Schkeuditz, DE",6,1952.8200000000002
"Poznań, PL","Warsaw, PL",58,280.49
"Poznań, PL","St. Gallen, CH",1,755.12
"Groningen, NL","Poznań, PL",1,693.02
"Poznań, PL","Stockholm, SE",4,790.25
"Palermo, IT","Poznań, PL",2,1611.93
"Poznań, PL","Sandefjord(Torp), NO",6,855.92
"Poznań, PL","Valencia, ES",2,1954.04
"Katowice, PL","Poznań, PL",2,266.94
"Poznań, PL","Thessaloniki, GR",4,1403.43
"Grâce-Hollogne, BE","Prague, CZ",9,627.74
"Prague, CZ","Rome, IT",57,933.61
"Poznań, PL","Prague, CZ",3,313.66
"Prague, CZ","Salzburg, AT",6,272.47
"Prague, CZ","Riga, LV",10,996.7700000000001
"Prague, CZ","Spata-Artemida, GR",21,1555.64
"Poprad, SK","Prague, CZ",1,446.0
"Prague, CZ","Zaventem, BE",25,696.5699999999999
"Prague, CZ","Segrate (MI), IT",4,637.41
"Prague, CZ","Zurich, CH",54,511.1600000000001
"Prague, CZ","Warsaw, PL",71,521.4700000000001
"Bratislava, SK","Prague, CZ",11,303.65999999999997
"Düsseldorf, DE","Prague, CZ",14,543.81
"Prague, CZ","Vienna, AT",34,277.93
"Prague, CZ","Stockholm, SE",12,1071.1
"Prague, CZ","Valencia, ES",1,1651.13
"Luxembourg, LU","Prestwick, South Ayrshire, GB",3,977.09
"Prestwick, South Ayrshire, GB","Tenerife, ES",2,3174.23
"Madrid, ES","Ranón, ES",34,398.9
"Ranón, ES","Rome, IT",2,1518.28
"Barcelona, ES","Ranón, ES",14,711.58
"Palma de Mallorca, ES","Ranón, ES",8,854.82
"London, GB","Ranón, ES",4,990.63
"Alicante, ES","Ranón, ES",6,745.68
"Málaga, ES","Ranón, ES",7,776.99
"Ranón, ES","Weeze, DE",2,1274.68
"Charleroi, BE","Ranón, ES",4,1103.21
"Reggio Calabria, IT","Segrate (MI), IT",14,974.92
"Reggio Calabria, IT","Rome, IT",20,497.7099999999999
"Capannori (LU), IT","Reggio Calabria, IT",1,768.43
"Retford, Nottinghamshire, GB","Valletta, MT",1,2281.51
"Kidlington, Oxfordshire, GB","Retford, Nottinghamshire, GB",1,162.45
"Bucharest, RO","Rheinmünster, DE",3,1449.93
"Rheinmünster, DE","Stockholm, SE",2,1350.82
"London, GB","Rheinmünster, DE",13,653.1000000000001
"Alicante, ES","Rheinmünster, DE",9,1357.1900000000003
"Palma de Mallorca, ES","Rheinmünster, DE",9,1110.31
"Bologna, IT","Rheinmünster, DE",8,531.53
"Málaga, ES","Rheinmünster, DE",4,1688.63
"Porto, PT","Rheinmünster, DE",7,1556.02
"Rheinmünster, DE","Velika Gorica, HR",5,690.43
"Rhodes, GR","Thessaloniki, GR",13,638.27
"Rhodes, GR","Spata-Artemida, GR",52,404.48
"Riga, LV","Vienna, AT",27,1103.76
"Riga, LV","Turku, FI",6,408.44
"Riga, LV","Stockholm, SE",50,454.8399999999999
"Riga, LV","Tampere / Pirkkala, FI",16,496.3
"Riga, LV","Zurich, CH",13,1485.8700000000001
"Geneva, CH","Riga, LV",3,1708.2
"Riga, LV","Warsaw, PL",37,563.02
"Riga, LV","Tallinn, EE",57,277.33000000000004
"Köln (Cologne), DE","Riga, LV",3,1291.34
"Riga, LV","Vilnius, LT",50,269.96
"Berlin, DE","Riga, LV",12,846.34
"Riga, LV","Zaventem, BE",11,1438.4400000000003
"Balice, PL","Riga, LV",4,814.14
"Riga, LV","Sandefjord(Torp), NO",12,844.82
"Riga, LV","Rome, IT",16,1876.77
"Rome, IT","Vienna, AT",44,773.35
"Rome, IT","Valletta, MT",70,685.9800000000001
"Palermo, IT","Rome, IT",72,411.87
"Piešťany, SK","Rome, IT",1,868.34
"Rome, IT","Tarbes/Lourdes/Pyrénées, FR",4,1029.65
"Rome, IT","Segrate (MI), IT",180,477.7099999999999
"Rome, IT","Weßling, DE",1,704.0
"Rome, IT","Schkeuditz, DE",10,1069.68
"Rome, IT","Seville, ES",38,1639.35
"Rome, IT","Ronchi dei Legionari/Trieste, IT",43,455.4800000000001
"Rome, IT","Warsaw, PL",51,1323.8299999999997
"Rome, IT","Valencia, ES",28,1117.53
"Rome, IT","Thessaloniki, GR",17,893.7400000000001
"Rome, IT","Zaventem, BE",49,1179.6
"Rome, IT","Zurich, CH",78,699.5300000000001
"Nice, Alpes-Maritimes, FR","Rome, IT",36,472.7099999999999
"Ampugnano (SI), IT","Rome, IT",7,187.97
"Rome, IT","Wrocław, PL",10,1088.75
"Rome, IT","Stockholm, SE",20,2004.4599999999998
"Figari, FR","Rome, IT",1,278.37
"Rome, IT","Saint-Tropez, FR",1,511.34
"Rome, IT","Stuttgart, DE",8,805.71
"Rome, IT","Toulouse/Blagnac, FR",10,925.3799999999999
"Rome, IT","Spata-Artemida, GR",74,1071.91
"Larnaca, CY","Rome, IT",3,1996.32
"Rome, IT","Zaragoza, ES",8,1116.28
"Ronchi dei Legionari/Trieste, IT","Segrate (MI), IT",22,328.9099999999999
"Ronchi dei Legionari/Trieste, IT","Valencia, ES",2,1338.26
"Palermo, IT","Ronchi dei Legionari/Trieste, IT",4,854.44
"Marignane, Bouches-du-Rhône, FR","Ronchi dei Legionari/Trieste, IT",1,705.09
"Ronneby, SE","Stockholm, SE",46,392.7200000000001
"Roskilde, DK","Sønderborg, DK",3,163.49
"Roskilde, DK","Stockholm, SE",5,555.95
"Paris, FR","Roskilde, DK",1,966.07
"Melilla, ES","Rotterdam, NL",1,1945.11
"Rotterdam, NL","Salzburg, AT",29,768.09
"Hamburg, DE","Rotterdam, NL",1,410.14
"Rome, IT","Rotterdam, NL",9,1280.23
"Bordeaux, FR","Rotterdam, NL",2,878.66
"Rotterdam, NL","Tenerife, ES",1,3153.01
"Rotterdam, NL","Seville, ES",6,1807.0600000000002
"Oslo (Gardermoen), NO","Røros, NO",11,265.4599999999999
"Palma de Mallorca, ES","Saarbrücken, DE",3,1129.07
"Grenoble, FR","Saint-Jacques-de-la-Lande, Ille-et-Vilaine, FR",2,616.59
"Saint-Jacques-de-la-Lande, Ille-et-Vilaine, FR","Toulouse/Blagnac, FR",22,548.87
"Saint-Nazaire/Montoir, FR","Toulouse/Blagnac, FR",18,492.67
"Luxembourg, LU","Saint-Tropez, FR",1,714.33
"Salzburg, AT","Zurich, CH",11,335.99
"Caselle Torinese (TO), IT","Salzburg, AT",1,500.91
"Istanbul, TR","Salzburg, AT",12,1467.96
"Burbach, DE","Salzburg, AT",1,482.11
"Salzburg, AT","Segrate (MI), IT",3,386.21
"Farnborough, Hampshire, GB","Salzburg, AT",1,1065.18
"Rhodes, GR","Samos Island, GR",2,176.83
"Almería, ES","San Javier, ES",1,172.33
"Sandefjord(Torp), NO","Trondheim, NO",18,476.24
"Sandefjord(Torp), NO","Stavanger, NO",25,266.57
"Sandefjord(Torp), NO","Warsaw, PL",14,1021.39
"Sandefjord(Torp), NO","Wrocław, PL",7,991.33
"Santiago de Compostela, ES","Valencia, ES",5,763.9
"Santiago de Compostela, ES","Seville, ES",22,645.6799999999998
"Bordeaux, FR","Schkeuditz, DE",4,1205.78
"Schkeuditz, DE","Stockholm, SE",11,966.94
"Schkeuditz, DE","Zgornji Brnik, SI",5,600.32
"Schkeuditz, DE","Shannon, IE",10,1448.14
"Schkeuditz, DE","Spata-Artemida, GR",11,1757.42
"Schkeuditz, DE","Warsaw, PL",12,604.44
"Schkeuditz, DE","Vienna, AT",12,482.0299999999999
"Hamburg, DE","Schkeuditz, DE",4,287.16
"Bucharest, RO","Schkeuditz, DE",4,1281.73
"Laage, DE","Schkeuditz, DE",3,277.73
"Eindhoven, NL","Schkeuditz, DE",1,475.24
"Schkeuditz, DE","Zurich, CH",1,514.75
"Segrate (MI), IT","Zaventem, BE",51,702.77
"Segrate (MI), IT","Vienna, AT",58,629.1099999999999
"Firenze (FI), IT","Segrate (MI), IT",5,237.36
"Segrate (MI), IT","Valletta, MT",15,1153.85
"Palermo, IT","Segrate (MI), IT",27,874.14
"Segrate (MI), IT","Stockholm, SE",18,1666.12
"Nice, Alpes-Maritimes, FR","Segrate (MI), IT",6,257.15
"Angers, FR","Segrate (MI), IT",1,770.08
"Friedrichshafen, DE","Segrate (MI), IT",1,248.19
"Segrate (MI), IT","Stuttgart, DE",11,360.83
"Edinburgh, GB","Segrate (MI), IT",13,1464.26
"Seville, ES","Zurich, CH",9,1623.19
"Seville, ES","Valencia, ES",33,524.41
"Seville, ES","Weeze, DE",6,1837.96
"Seville, ES","Tenerife, ES",25,1415.88
"Seville, ES","Warsaw, PL",10,2654.59
"Pamplona, ES","Seville, ES",1,695.94
"Sečovlje, SI","Wiener Neustadt, AT",5,330.83
"Luton, Luton, GB","Shannon, IE",3,588.84
"Shannon, IE","Wrocław, PL",9,1769.81
"Eindhoven, NL","Shannon, IE",1,985.43
"Seville, ES","Shannon, IE",1,1715.71
"Shannon, IE","Tenerife, ES",1,2787.5
"Rome, IT","Shannon, IE",2,2003.45
"Skellefteå, SE","Stockholm, SE",51,592.5500000000001
"Alicante, ES","Southampton, GB",3,1410.02
"Paris, FR","Southampton, GB",6,315.5
"Oostende, BE","Southend-on-Sea, Essex, GB",1,156.86
"Spata-Artemida, GR","Stockholm, SE",11,2435.76
"Bucharest, RO","Spata-Artemida, GR",32,755.7900000000001
"Spata-Artemida, GR","Thessaloniki, GR",201,299.2099999999999
"Düsseldorf, DE","Spata-Artemida, GR",21,2003.4200000000003
"Kithira Island, GR","Spata-Artemida, GR",1,202.33
"Colombier-Saugnieu, Rhône, FR","Spata-Artemida, GR",12,1779.85
"Frankfurt am Main, DE","Spata-Artemida, GR",77,1815.7899999999997
"Spata-Artemida, GR","Vienna, AT",47,1278.8899999999999
"Spata-Artemida, GR","Zaventem, BE",28,2101.43
"Bologna, IT","Spata-Artemida, GR",19,1285.41
"Hamburg, DE","Spata-Artemida, GR",9,2044.05
"Kavala, GR","Spata-Artemida, GR",17,336.05
"Eindhoven, NL","Spata-Artemida, GR",5,2088.99
"Luton, Luton, GB","Spata-Artemida, GR",16,2443.11
"Spata-Artemida, GR","Valletta, MT",18,871.75
"Spata-Artemida, GR","Zurich, CH",51,1639.14
"Lisbon, PT","Spata-Artemida, GR",15,2870.1
"Spata-Artemida, GR","Warsaw, PL",28,1605.0800000000002
"Segrate (MI), IT","Spata-Artemida, GR",4,1472.98
"Balice, PL","Spata-Artemida, GR",3,1389.86
"Paphos, CY","Spata-Artemida, GR",3,844.2400000000001
"Spata-Artemida, GR","Velika Gorica, HR",1,1084.73
"Kefallinia Island, GR","Spata-Artemida, GR",7,302.33
"Marignane, Bouches-du-Rhône, FR","Spata-Artemida, GR",4,1689.13
"Dublin, IE","Spata-Artemida, GR",9,2875.55
"Spata-Artemida, GR","Stuttgart, DE",6,1682.1600000000003
"St. Gallen, CH","Vienna, AT",24,527.94
"St. Gallen, CH","Woking, Surrey, GB",2,847.68
"Kidlington, Oxfordshire, GB","St. Gallen, CH",2,919.2
"Faro, PT","St. Gallen, CH",1,1846.58
"Budapest, HU","St. Gallen, CH",2,717.78
"Köln (Cologne), DE","Stavanger, NO",1,895.89
"Göteborg, SE","Stavanger, NO",1,397.39
"Stavanger, NO","Trondheim, NO",26,582.5200000000001
"Stavanger, NO","Stockholm, SE",1,702.82
"Stavanger, NO","Warsaw, PL",7,1209.6
"Romney Marsh, Kent, GB","Staverton, Gloucestershire, GB",1,239.27
"Stockholm, SE","Umeå, SE",2,492.83
"Stockholm, SE","Zurich, CH",65,1472.9
"Newcastle upon Tyne, Tyne and Wear, GB","Stockholm, SE",2,1273.97
"Stockholm, SE","Ängelholm, SE",54,466.0299999999999
"Stockholm, SE","Vilnius, LT",24,699.4300000000002
"Stockholm, SE","Visby, SE",20,205.82999999999998
"Stockholm, SE","Zaventem, BE",27,1277.08
"Siljansnäs, SE","Stockholm, SE",2,223.51
"Stockholm, SE","Tallinn, EE",59,389.7
"Stockholm, SE","Warsaw, PL",33,831.11
"Stockholm, SE","Vienna, AT",23,1269.74
"Dortmund, DE","Stockholm, SE",1,1097.58
"Kiruna, SE","Stockholm, SE",12,932.58
"Hannover, DE","Stockholm, SE",1,934.58
"Stockholm, SE","Trondheim, NO",16,575.6299999999999
"Strasbourg, FR","Toulouse/Blagnac, FR",14,728.4800000000001
"Nice, Alpes-Maritimes, FR","Strasbourg, FR",13,543.55
"Grâce-Hollogne, BE","Stuttgart, DE",9,347.62
"Stuttgart, DE","Thessaloniki, GR",14,1413.99
"Stuttgart, DE","Vienna, AT",38,546.05
"Greven, DE","Stuttgart, DE",2,398.04
"Geneva, CH","Stuttgart, DE",3,359.23
"Schkeuditz, DE","Stuttgart, DE",12,371.95
"Bern, CH","Stuttgart, DE",2,235.81
"Stuttgart, DE","Velika Gorica, HR",3,611.85
"Palanga, LT","Stuttgart, DE",1,1140.13
"Stuttgart, DE","Warsaw, PL",14,916.07
"Gran Canaria Island, ES","Stuttgart, DE",1,3134.97
"Sylt, DE","Weßling, DE",1,786.32
"Munich, DE","Sylt, DE",1,766.92
"Paris, FR","Sylt, DE",1,749.22
"London, GB","Szymany, PL",3,1431.79
"Tallinn, EE","Vilnius, LT",30,532.1200000000001
"Tallinn, EE","Warsaw, PL",34,835.9699999999999
"Roskilde, DK","Tallinn, EE",1,868.06
"Kuressaare, EE","Tallinn, EE",13,187.59000000000003
"Tallinn, EE","Zurich, CH",11,1702.5
"Düsseldorf, DE","Tallinn, EE",2,1448.17
"Roskilde, DK","Tampere / Pirkkala, FI",1,927.27
"Prestwick, South Ayrshire, GB","Tarbes/Lourdes/Pyrénées, FR",1,1408.91
"Tenerife, ES","Vigo, ES",6,1706.3
"Tenerife, ES","Zaragoza, ES",5,2041.58
"Thessaloniki, GR","Weeze, DE",12,1782.1199999999997
"Thessaloniki, GR","Zurich, CH",10,1384.54
"Thessaloniki, GR","Vienna, AT",15,984.98
"Thessaloniki, GR","Valletta, MT",4,904.4
"Bologna, IT","Thessaloniki, GR",1,1054.96
"Thessaloniki, GR","Warsaw, PL",8,1309.96
"Thessaloniki, GR","Zaventem, BE",3,1833.11
"Istanbul, TR","Timişoara, RO",2,810.92
"Munich, DE","Timişoara, RO",17,775.93
"Orio al Serio (BG), IT","Timişoara, RO",6,901.81
"Nuremberg, DE","Timişoara, RO",2,870.05
"Luton, Luton, GB","Timişoara, RO",7,1717.36
"Barcelona, ES","Toulouse/Blagnac, FR",4,265.85
"Toulouse/Blagnac, FR","Zaragoza, ES",1,293.81
"Toulouse/Blagnac, FR","Valencia, ES",2,485.22
"Nice, Alpes-Maritimes, FR","Toulouse/Blagnac, FR",11,470.8
"Toulouse/Blagnac, FR","Zaventem, BE",14,842.03
"Alicante, ES","Toulouse/Blagnac, FR",5,616.02
"Broughton, GB","Toulouse/Blagnac, FR",6,1108.59
"Toulouse/Blagnac, FR","Valletta, MT",4,1414.5
"Caselle (VR), IT","Toulouse/Blagnac, FR",1,779.73
"Porto, PT","Tours, Indre-et-Loire, FR",1,1014.91
"Frankfurt am Main (Lautzenhausen), DE","Tours, Indre-et-Loire, FR",1,554.87
"Paris, FR","Tours, Indre-et-Loire, FR",1,236.41
"Antalya, TR","Trabzon, TR",6,900.2999999999998
"Rome, IT","Treviso (TV), IT",1,428.13
"Treviso (TV), IT","Vienna, AT",9,430.61
"Budapest, HU","Treviso (TV), IT",6,567.38
"Charleroi, BE","Treviso (TV), IT",7,784.72
"Beauvais, FR","Treviso (TV), IT",2,865.91
"Treviso (TV), IT","Valletta, MT",5,1106.9
"Bucharest, RO","Treviso (TV), IT",10,1097.38
"Chambéry, FR","Treviso (TV), IT",1,490.73
"Treviso (TV), IT","Wrocław, PL",3,698.12
"Nuremberg, DE","Treviso (TV), IT",1,436.23
"Birmingham, West Midlands, GB","Treviso (TV), IT",3,1263.36
"Rørvik, NO","Trondheim, NO",7,153.88
"Copenhagen, DK","Turku, FI",8,783.2200000000001
"Turku, FI","Vilnius, LT",6,678.03
"Paris, FR","Turku, FI",3,1772.8100000000002
"Caselle Torinese (TO), IT","Turweston, GB",1,994.4
"Broughton, GB","Turweston, GB",1,179.28
"Hradec Králové, CZ","Uherské Hradiště, CZ",1,178.04
"Tenerife, ES","Valencia, ES",7,1926.8
"Valencia, ES","Zurich, CH",14,1145.56
"St. Gallen, CH","Valencia, ES",1,1200.85
"Valencia, ES","Vienna, AT",5,1664.82
"Palermo, IT","Valencia, ES",2,1193.66
"Capannori (LU), IT","Valencia, ES",1,1036.39
"Valencia, ES","Zaventem, BE",8,1326.5099999999998
"Pamplona, ES","Valencia, ES",1,377.63
"Catania, IT","Valletta, MT",10,187.38
"Geneva, CH","Valletta, MT",5,1350.82
"Valletta, MT","Zaventem, BE",9,1855.2900000000002
"Valletta, MT","Warsaw, PL",22,1890.09
"Perugia (PG), IT","Valletta, MT",1,823.78
"Valletta, MT","Zurich, CH",17,1381.36
"Valletta, MT","Vilnius, LT",6,2247.59
"Valletta, MT","Wrocław, PL",12,1707.28
"Valletta, MT","Velika Gorica, HR",8,1108.41
"Valletta, MT","Vienna, AT",25,1374.37
"Velika Gorica, HR","Vienna, AT",25,265.96999999999997
"Beauvais, FR","Velika Gorica, HR",2,1122.78
"Istanbul, TR","Velika Gorica, HR",16,1162.81
"Pisa (PI), IT","Velika Gorica, HR",3,503.41
"Velika Gorica, HR","Zurich, CH",22,605.11
"Ferno (VA), IT","Velika Gorica, HR",5,570.15
"Paris, FR","Venezia (VE), IT",97,868.79
"Venezia (VE), IT","Zurich, CH",26,363.21
"Barcelona, ES","Venezia (VE), IT",46,951.75
"Venezia (VE), IT","Vienna, AT",26,432.25999999999993
"Lamezia Terme (CZ), IT","Venezia (VE), IT",9,800.56
"Rome, IT","Venezia (VE), IT",44,411.87
"Frankfurt am Main, DE","Venezia (VE), IT",32,577.01
"Venezia (VE), IT","Zaventem, BE",9,835.76
"Berlin, DE","Venezia (VE), IT",8,766.9900000000001
"Segrate (MI), IT","Venezia (VE), IT",6,239.85
"Köln (Cologne), DE","Venezia (VE), IT",5,709.8399999999999
"London, GB","Venezia (VE), IT",97,1128.68
"Geneva, CH","Venezia (VE), IT",6,490.02
"Luton, Luton, GB","Venezia (VE), IT",13,1169.19
"Valencia, ES","Venezia (VE), IT",2,1244.48
"Amsterdam, NL","Venezia (VE), IT",26,936.9100000000001
"Istanbul, TR","Venezia (VE), IT",31,1429.3100000000002
"Madrid, ES","Venezia (VE), IT",60,1417.85
"Schkeuditz, DE","Venezia (VE), IT",6,657.82
"Farnborough, Hampshire, GB","Venezia (VE), IT",1,1159.86
"Nantes, FR","Venezia (VE), IT",5,1086.09
"Manchester, Greater Manchester, GB","Venezia (VE), IT",13,1366.78
"Colombier-Saugnieu, Rhône, FR","Venezia (VE), IT",10,565.14
"Palermo, IT","Venezia (VE), IT",11,821.33
"Copenhagen, DK","Venezia (VE), IT",10,1124.67
"Venezia (VE), IT","Warsaw, PL",9,974.08
"Reggio Calabria, IT","Venezia (VE), IT",5,870.52
"Shannon, IE","Venezia (VE), IT",1,1734.35
"Munich, DE","Venezia (VE), IT",24,319.64
"Edinburgh, GB","Venezia (VE), IT",6,1597.06
"Dublin, IE","Venezia (VE), IT",7,1600.52
"Bordeaux, FR","Venezia (VE), IT",8,1026.06
"Orio al Serio (BG), IT","Venezia (VE), IT",1,206.47
"Chambéry, FR","Venezia (VE), IT",2,503.82
"Luxembourg, LU","Venezia (VE), IT",8,649.39
"Bristol, GB","Venezia (VE), IT",8,1285.77
"Nice, Alpes-Maritimes, FR","Venezia (VE), IT",3,455.55
"Budapest, HU","Venezia (VE), IT",3,562.85
"Nice, Alpes-Maritimes, FR","Vienna, AT",5,876.1
"Vienna, AT","Warsaw, PL",86,552.36
"Vienna, AT","Zaventem, BE",39,924.88
"Vienna, AT","Zurich, CH",106,603.4300000000001
"Vienna, AT","Zgornji Brnik, SI",2,263.61
"Rhodes, GR","Vienna, AT",1,1606.24
"Vienna, AT","Vilnius, LT",12,943.18
"Madrid, ES","Vigo, ES",53,458.9599999999999
"Vilnius, LT","Warsaw, PL",64,393.86
"Vilnius, LT","Zaventem, BE",4,1453.57
"Funchal, PT","Vilnius, LT",1,4076.88
"Nice, Alpes-Maritimes, FR","Warsaw, PL",7,1392.37
"Warsaw, PL","Zurich, CH",66,1032.15
"Warsaw, PL","Zaventem, BE",45,1144.23
"Warsaw, PL","Wrocław, PL",82,305.84
"Faro, PT","Warsaw, PL",1,2813.66
"Szczecin(Glewice), PL","Warsaw, PL",15,432.22
"Warsaw, PL","Zgornji Brnik, SI",12,815.16
"Velika Gorica, HR","Weeze, DE",4,976.09
"Bucharest, RO","Wevelgem, BE",1,1841.34
"Colombier-Saugnieu, Rhône, FR","Wevelgem, BE",1,583.1
"Liverpool, GB","Wevelgem, BE",1,499.48
"Agno, CH","Weßling, DE",2,292.65
"Segrate (MI), IT","Weßling, DE",3,330.56
"Villanova d'Albenga (SV), IT","Weßling, DE",1,509.95
"Weßling, DE","Zurich, CH",1,215.82
"Berlin, DE","Weßling, DE",4,501.39
"Glasgow, GB","Woking, Surrey, GB",1,564.02
"Vienna, AT","Wrocław, PL",1,333.61
"Valencia, ES","Wrocław, PL",3,1865.35
"Bristol, GB","Wrocław, PL",7,1360.54
"Seville, ES","Wrocław, PL",3,2350.26
"Palermo, IT","Wrocław, PL",4,1469.49
"Wrocław, PL","Zurich, CH",6,727.19
"Gran Canaria Island, ES","Wrocław, PL",1,3737.98
"Köln (Cologne), DE","Wurster Nordseeküste, DE",1,338.71
"Bratislava, SK","Zaragoza, ES",1,1603.54
"San Javier, ES","Zaragoza, ES",12,433.11999999999995
"Luxembourg, LU","Zaventem, BE",4,187.52
"Saint-Tropez, FR","Zaventem, BE",1,868.95
"Dresden, DE","Zaventem, BE",1,649.46
"Ferno (VA), IT","Zgornji Brnik, SI",3,447.92
"Zgornji Brnik, SI","Zurich, CH",28,469.83
"Salzburg, AT","Zgornji Brnik, SI",1,206.4
"Zaventem, BE","Zgornji Brnik, SI",3,898.31
"Segrate (MI), IT","Zurich, CH",17,230.67999999999998
"Nuremberg, DE","Zurich, CH",3,293.68
"Nice, Alpes-Maritimes, FR","Zurich, CH",26,435.03
"Lamezia Terme (CZ), IT","Zurich, CH",3,1136.18
"Toulouse/Blagnac, FR","Zurich, CH",1,702.57
"Palermo, IT","Zurich, CH",2,1102.35
"Kittilä, FI","Zurich, CH",4,2433.68
"Zaventem, BE","Zurich, CH",34,483.41999999999996
"Liverpool, GB","Zurich, CH",1,1037.01
"Bratislava, SK","Zurich, CH",7,651.48
"Vilnius, LT","Zurich, CH",6,1410.6500000000003
"Kuopio / Siilinjärvi, FI","Zurich, CH",1,2098.47
"Tenerife, ES","Zurich, CH",1,3036.0
"Oslo (Gardermoen), NO","Ålesund, NO",1,373.82
"Copenhagen, DK","Örebro, SE",5,425.48999999999995
"Aalborg, DK","Tenerife, ES",1,3809.56
"Aalborg, DK","Bremen, DE",1,455.14
"Aalborg, DK","Funchal, PT",2,3383.91
"Aalborg, DK","Bern, CH",1,1143.39
"Aarhus, DK","Bremen, DE",1,380.69
"Aarhus, DK","Berlin, DE",1,476.4
"Aarhus, DK","Chabeuil, Drôme, FR",1,1325.76
"Aberdeen, GB","Liverpool, GB",2,431.97
"Aberdeen, GB","Alicante, ES",6,2107.19
"Aberdeen, GB","Gdańsk, PL",4,1323.86
"Aberdeen, GB","Balice, PL",4,1641.11
"Aberdeen, GB","Southampton, GB",3,697.29
"Agen, FR","Nîmes/Garons, FR",2,309.45
"Agen, FR","Bucharest, RO",1,2020.32
"Agno, CH","Geneva, CH",1,217.48
"Agno, CH","Rome, IT",2,545.39
"Agno, CH","Amsterdam, NL",1,762.8
"Agno, CH","Málaga, ES",2,1522.42
"Aix en Provence, FR","Chabeuil, Drôme, FR",1,160.52
"Aix en Provence, FR","Torino (TO), IT",1,249.94
"Aix en Provence, FR","Roskilde, DK",1,1427.44
"Ajaccio, FR","Toussus-le-Noble, Yvelines, FR",1,921.41
"Alava, ES","Ferno (VA), IT",3,960.88
"Albert, FR","Saint-Nazaire/Montoir, FR",2,462.66
"Alghero, IT","Ferno (VA), IT",4,556.94
"Alicante, ES","Antwerp, BE",8,1488.24
"Alicante, ES","Växjö, SE",4,2356.82
"Alicante, ES","Sandefjord(Torp), NO",10,2448.87
"Alicante, ES","Łódź, PL",6,2153.47
"Alicante, ES","Wrocław, PL",10,1973.4599999999998
"Alicante, ES","Stockholm / Västerås, SE",4,2663.24
"Alicante, ES","Helsinki (Vantaa), FI",18,3030.03
"Alicante, ES","Bremen, DE",8,1791.71
"Alicante, ES","Southend-on-Sea, Essex, GB",8,1480.82
"Alicante, ES","Bucharest, RO",6,2317.7
"Alicante, ES","Kaunas, LT",8,2616.15
"Alicante, ES","Trondheim, NO",4,2902.76
"Alicante, ES","Billund, DK",4,2071.6
"Alicante, ES","Norwich, Norfolk, GB",4,1606.78
"Alicante, ES","Hamburg, DE",6,1879.59
"Alicante, ES","Culleredo, ES",4,862.36
"Alicante, ES","Munich, DE",8,1496.75
"Alicante, ES","Shannon, IE",8,1728.18
"Alicante, ES","Salzburg, AT",4,1523.39
"Alicante, ES","Greven, DE",4,1667.65
"Alicante, ES","Pardubice, CZ",4,1834.33
"Almería, ES","Bristol, GB",3,1616.83
"Almería, ES","Liverpool, GB",4,1834.09
"Almería, ES","Culleredo, ES",3,880.91
"Amsterdam, NL","Köln (Cologne), DE",5,229.64
"Amsterdam, NL","Malmö, SE",1,667.72
"Amsterdam, NL","Palanga, LT",4,1135.72
"Amsterdam, NL","Tenerife, ES",1,3197.08
"Amsterdam, NL","Montpellier/Méditerranée, FR",7,972.81
"Amsterdam, NL","Shannon, IE",2,926.13
"Amsterdam, NL","Napoli, IT",6,1461.09
"Amsterdam, NL","Coventry, West Midlands, GB",1,424.1
"Amsterdam, NL","Lamezia Terme (CZ), IT",1,1732.7
"Amsterdam, NL","Antalya, TR",3,2654.81
"Amsterdam, NL","Maastricht, NL",4,170.2
"Amsterdam, NL","Caselle (VR), IT",4,889.06
"Amsterdam, NL","Feldkirchen bei Graz, AT",2,968.07
"Amsterdam, NL","Palermo, IT",2,1705.08
"Amsterdam, NL","Larnaca, CY",8,2991.63
"Annecy, FR","Toussus-le-Noble, Yvelines, FR",3,434.66
"Annecy, FR","Nice, Alpes-Maritimes, FR",1,267.41
"Annecy, FR","Paris, FR",10,473.24
"Annecy, FR","Balice, PL",1,1115.69
"Annecy, FR","King's Lynn, Norfolk, GB",1,848.03
"Antalya, TR","Selçuk, TR",5,328.09
"Antalya, TR","Bucharest, RO",3,936.7
"Antalya, TR","Tallinn, EE",2,2539.94
"Antalya, TR","Warsaw, PL",12,1870.07
"Antalya, TR","Budapest, HU",3,1517.43
"Antalya, TR","Oslo (Gardermoen), NO",4,2942.68
"Antalya, TR","Glasgow, GB",4,3368.16
"Antalya, TR","Helsinki (Vantaa), FI",3,2636.87
"Antalya, TR","Schkeuditz, DE",10,2178.73
"Antalya, TR","Prague, CZ",4,1974.8100000000002
"Antalya, TR","Liverpool, GB",5,3165.02
"Antalya, TR","Riga, LV",2,2286.2
"Antwerp, BE","Liverpool, GB",1,551.49
"Antwerp, BE","Farnborough, Hampshire, GB",1,364.84
"Antwerp, BE","Avignon, FR",1,810.54
"Antwerp, BE","Zurich, CH",5,509.64
"Antwerp, BE","Calais, FR",1,177.07
"Antwerp, BE","Southampton, GB",3,407.42
"Antwerp, BE","Trento (TN), IT",3,754.4
"Arvidsjaur, SE","Frankfurt am Main, DE",4,1837.47
"Arvidsjaur, SE","Oslo (Gardermoen), NO",2,728.08
"Arvidsjaur, SE","Roskilde, DK",1,1177.22
"Arvidsjaur, SE","Stockholm, SE",4,680.52
"Augsburg, DE","Pisa (PI), IT",1,528.85
"Augsburg, DE","Győr, HU",1,518.55
"Augsburg, DE","Bolzano (BZ), IT",1,220.62
"Augsburg, DE","Dresden, DE",1,363.53
"Augsburg, DE","Kiel, DE",3,664.32
"Augsburg, DE","Egelsbach, DE",3,238.27
"Augsburg, DE","Sečovlje, SI",1,386.41
"Augsburg, DE","Mannheim, DE",1,211.5
"Augsburg, DE","Deventer, NL",1,547.68
"Avignon, FR","Nice, Alpes-Maritimes, FR",1,187.81
"Albi, FR","Avignon, FR",1,223.39
"Avignon, FR","Merville, Nord, FR",1,765.37
"Avignon, FR","Charleroi, BE",2,729.61
"Badajoz, ES","Larnaca, CY",1,3595.42
"Balice, PL","Caselle (VR), IT",6,843.94
"Balice, PL","Toulouse/Blagnac, FR",6,1567.86
"Balice, PL","Nice, Alpes-Maritimes, FR",3,1190.1
"Balice, PL","Seville, ES",6,2477.23
"Balice, PL","Nowy Dwór Mazowiecki, PL",2,270.71
"Balice, PL","Lisbon, PT",8,2594.19
"Balice, PL","Osijek(Klisa), HR",1,518.32
"Barcelona, ES","Genova (GE), IT",4,650.68
"Barcelona, ES","Wrocław, PL",8,1571.57
"Barcelona, ES","Timişoara, RO",2,1626.42
"Barcelona, ES","Palermo, IT",5,1012.93
"Barcelona, ES","Nuremberg, DE",5,1149.56
"Barcelona, ES","Maribor, SI",1,1231.06
"Barcelona, ES","Zaragoza, ES",2,263.11
"Barcelona, ES","Eindhoven, NL",8,1156.62
"Barcelona, ES","Southend-on-Sea, Essex, GB",6,1147.22
"Barcelona, ES","Capua, IT",4,1011.58
"Barcelona, ES","Zgornji Brnik, SI",6,1133.28
"Barcelona, ES","Chambéry, FR",4,571.79
"Barcelona, ES","Cascais, PT",2,1014.01
"Barcelona, ES","Vigo, ES",6,893.34
"Barrow-in-Furness, GB","London, GB",2,362.96
"Beauvais, FR","Waterford, IE",1,713.45
"Beauvais, FR","Nice, Alpes-Maritimes, FR",1,752.99
"Beauvais, FR","Bucharest, RO",12,1890.57
"Beauvais, FR","Thessaloniki, GR",4,1908.15
"Beauvais, FR","Timişoara, RO",2,1491.86
"Beauvais, FR","Ferno (VA), IT",7,653.29
"Beauvais, FR","Paphos, CY",1,2963.22
"Beauvais, FR","Reggio Calabria, IT",4,1663.43
"Beja, PT","Catania, IT",2,2017.43
"Belfast, GB","Prague, CZ",4,1461.59
"Belfast, GB","Grimsby, Lincolnshire, GB",1,389.42
"Bergen, NO","Dublin, IE",6,1031.42
"Bergen, NO","Prague, CZ",2,1267.7
"Bergen, NO","Munich, DE",6,1392.62
"Bergen, NO","Oslo, NO",1,327.14
"Bergen, NO","Nowy Dwór Mazowiecki, PL",6,1284.1
"Berlin, DE","Prague, CZ",3,256.87
"Berlin, DE","Farnborough, Hampshire, GB",1,987.2
"Berlin, DE","Caselle Torinese (TO), IT",1,903.69
"Berlin, DE","Strasbourg, FR",1,594.38
"Berlin, DE","Paphos, CY",2,2472.08
"Berlin, DE","Larnaca, CY",8,2513.08
"Berlin, DE","Innsbruck, AT",3,587.95
"Berlin, DE","Hamburg, DE",4,276.07
"Berlin, DE","Nice, Alpes-Maritimes, FR",7,1073.86
"Berlin, DE","Pisa (PI), IT",5,992.01
"Berlin, DE","Linz, AT",2,458.4
"Berlin, DE","Caselle (VR), IT",1,797.78
"Berlin, DE","Lübeck, DE",1,245.57
"Berlin, DE","Hannover, DE",8,259.12
"Berlin, DE","Cranfield, Central Bedfordshire, GB",1,960.88
"Berlin, DE","Wevelgem, BE",1,730.77
"Berlin, DE","Mannheim, DE",2,474.61
"Berlin, DE","Poznań, PL",2,225.44
"Berlin, DE","Salzburg, AT",5,509.23
"Berlin, DE","Saint-Jacques-de-la-Lande, Ille-et-Vilaine, FR",1,1181.61
"Berlin, DE","Reggio Calabria, IT",4,1597.74
"Bern, CH","Dortmund, DE",1,512.18
"Amsterdam, NL","Bern, CH",2,631.4
"Bern, CH","Nîmes/Garons, FR",1,425.54
"Bern, CH","Cascais, PT",1,1643.39
"Bern, CH","Luton, Luton, GB",7,792.01
"Bern, CH","Woking, Surrey, GB",2,765.36
"Bern, CH","Saint-Tropez, FR",2,419.89
"Bern, CH","Mannheim, DE",1,294.47
"Bern, CH","Paris, FR",7,471.69
"Bern, CH","Zgornji Brnik, SI",2,537.27
"Billund, DK","Zurich, CH",1,921.9
"Billund, DK","Malmö, SE",1,265.74
"Billund, DK","Vilnius, LT",3,1028.85
"Billund, DK","Glasgow, GB",1,848.02
"Billund, DK","Mošnov, CZ",1,901.58
"Billund, DK","Vienna, AT",1,987.79
"Alajero, La Gomera Island, ES","Birmingham, West Midlands, GB",1,3001.96
"Birmingham, West Midlands, GB","Haverfordwest, GB",1,229.84
"Birmingham, West Midlands, GB","Southend-on-Sea, Essex, GB",1,193.82
"Birmingham, West Midlands, GB","Paphos, CY",3,3340.14
"Birmingham, West Midlands, GB","Friedrichshafen, DE",1,962.07
"Birmingham, West Midlands, GB","Segrate (MI), IT",4,1118.2
"Birmingham, West Midlands, GB","Firenze (FI), IT",1,1355.52
"Birmingham, West Midlands, GB","Innsbruck, AT",10,1099.53
"Birmingham, West Midlands, GB","Hamburg, DE",2,789.05
"Bodrum, TR","London, GB",3,2691.31
"Bergen, NO","Bodø, NO",1,894.38
"Bodø, NO","Skellefteå, SE",1,422.65
"Bologna, IT","Valletta, MT",9,1003.57
"Bologna, IT","Wrocław, PL",9,840.76
"Bologna, IT","Warsaw, PL",7,1110.49
"Bologna, IT","Nice, Alpes-Maritimes, FR",5,339.5
"Bergen, NO","Bologna, IT",5,1798.09
"Bologna, IT","Zaventem, BE",5,871.08
"Bologna, IT","Trento (TN), IT",1,165.95
"Bologna, IT","Jönköping, SE",1,1482.66
"Bologna, IT","Nottingham, Leicestershire, GB",2,1303.66
"Bologna, IT","Kidlington, Oxfordshire, GB",1,1235.05
"Bolzano (BZ), IT","Düsseldorf, DE",3,631.9
"Bolzano (BZ), IT","Brno, CZ",1,500.12
"Berlin, DE","Bolzano (BZ), IT",5,674.86
"Bolzano (BZ), IT","Liverpool, GB",1,1267.26
"Bolzano (BZ), IT","Orio al Serio (BG), IT",1,152.58
"Bolzano (BZ), IT","Stuttgart, DE",1,293.98
"Bolzano (BZ), IT","Frankfurt am Main, DE",1,446.43
"Bolzano (BZ), IT","London, GB",3,1000.04
"Antwerp, BE","Bolzano (BZ), IT",3,726.87
"Bolzano (BZ), IT","Dresden, DE",2,549.65
"Bolzano (BZ), IT","Hannover, DE",2,677.78
"Bordeaux, FR","San Bartolomé, ES",2,2099.67
"Bordeaux, FR","Zurich, CH",6,770.62
"Bordeaux, FR","Málaga, ES",4,960.75
"Bordeaux, FR","Göteborg, SE",2,1680.8
"Bordeaux, FR","Laval, Mayenne, FR",1,356.23
"Bordeaux, FR","Bristol, GB",8,743.65
"Bordeaux, FR","Seville, ES",8,930.7
"Bordeaux, FR","Nîmes/Garons, FR",3,425.37
"Borlange, SE","Karlstad, SE",1,162.86
"Borlange, SE","Göteborg, SE",2,359.07
"Bournemouth, GB","Málaga, ES",8,1582.69
"Bournemouth, GB","Darlington, Durham, GB",3,415.54
"Bratislava, SK","Poprad, SK",5,244.09
"Bratislava, SK","Bucharest, RO",5,792.19
"Bratislava, SK","Napoli, IT",2,842.26
"Bratislava, SK","Luton, Luton, GB",8,1317.98
"Bratislava, SK","Palermo, IT",5,1160.71
"Bratislava, SK","Budapest, HU",5,161.13
"Bratislava, SK","Malmö, SE",1,860.0
"Bratislava, SK","Salzburg, AT",1,315.98
"Bratislava, SK","Orio al Serio (BG), IT",1,633.76
"Bratislava, SK","Hamburg, DE",1,789.52
"Bratislava, SK","Málaga, ES",14,2180.63
"Bratislava, SK","Istanbul, TR",8,1218.72
"Braunschweig, DE","Stuttgart, DE",4,414.42
"Braunschweig, DE","Prague, CZ",2,356.86
"Braunschweig, DE","Weßling, DE",1,474.05
"Braunschweig, DE","Dortmund, DE",1,220.64
"Braunschweig, DE","Mnichovo Hradiště, CZ",1,366.41
"Braunschweig, DE","Flensburg, DE",1,283.74
"Braunschweig, DE","Caselle Torinese (TO), IT",1,819.52
"Bremen, DE","Málaga, ES",6,2092.57
"Bremen, DE","Palma de Mallorca, ES",11,1569.53
"Bremen, DE","St. Gallen, CH",1,620.86
"Bremen, DE","Lübeck, DE",1,153.18
"Bremen, DE","Saint-Jacques-de-la-Lande, Ille-et-Vilaine, FR",1,925.31
"Bremen, DE","Saint-Tropez, FR",1,1107.48
"Brest, FR","Luton, Luton, GB",1,477.79
"Bristol, GB","Jasionka, PL",4,1738.15
"Bristol, GB","Cannes, FR",1,1132.7
"Bristol, GB","Colombier-Saugnieu, Rhône, FR",7,850.96
"Bristol, GB","Munich, DE",8,1090.45
"Bristol, GB","San Bartolomé, ES",1,2654.19
"Bristol, GB","Prestwick, South Ayrshire, GB",2,474.28
"Bristol, GB","Frankfurt am Main (Lautzenhausen), DE",1,720.57
"Bristol, GB","Istanbul, TR",9,2666.55
"Bristol, GB","Zurich, CH",11,922.9
"Bristol, GB","Gran Canaria Island, ES",1,2824.57
"Bristol, GB","Haverfordwest, GB",1,162.9
"Bristol, GB","Paphos, CY",2,3359.23
"Brno, CZ","Málaga, ES",4,2201.18
"Bremen, DE","Brno, CZ",1,700.96
"Birmingham, West Midlands, GB","Brno, CZ",1,1342.83
"Brno, CZ","Salzburg, AT",1,311.06
"Brno, CZ","Rimini (RN), IT",1,650.04
"Broughton, GB","Northampton, Northamptonshire, GB",1,176.2
"Broughton, GB","Carlisle, Cumbria, GB",1,195.95
"Broughton, GB","London, GB",7,272.34
"Broughton, GB","Hamburg, DE",5,854.9500000000002
"Broughton, GB","Kidlington, Oxfordshire, GB",2,186.62
"Bucharest, RO","Dresden, DE",1,1174.56
"Bucharest, RO","Porto, PT",3,2835.47
"Bucharest, RO","Düsseldorf, DE",4,1618.14
"Bucharest, RO","Leeds, West Yorkshire, GB",8,2248.09
"Bucharest, RO","Wrocław, PL",4,1002.05
"Bucharest, RO","Edinburgh, GB",5,2422.6
"Bucharest, RO","Seville, ES",6,2780.18
"Bucharest, RO","Wiener Neustadt, AT",1,842.49
"Bucharest, RO","Sandefjord(Torp), NO",4,1947.97
"Brno, CZ","Bucharest, RO",2,879.47
"Bucharest, RO","Stuttgart, DE",6,1366.1
"Bucharest, RO","Segrate (MI), IT",1,1324.61
"Bucharest, RO","Linz, AT",2,996.89
"Bucharest, RO","Innsbruck, AT",2,1179.55
"Bucharest, RO","Cluj-Napoca, RO",4,312.71
"Bucharest, RO","Poznań, PL",1,1110.08
"Budapest, HU","Memmingen, DE",7,666.05
"Budapest, HU","Busevec, HR",1,307.25
"Budapest, HU","Funchal, PT",6,3425.8799999999997
"Budapest, HU","Marignane, Bouches-du-Rhône, FR",8,1172.34
"Budapest, HU","Maribor, SI",2,283.63
"Budapest, HU","Caselle Torinese (TO), IT",6,915.5
"Budapest, HU","Tallinn, EE",6,1377.39
"Budapest, HU","Luxembourg, LU",8,977.79
"Budapest, HU","Seville, ES",6,2323.06
"Budapest, HU","Larnaca, CY",7,1848.88
"Budapest, HU","Nowy Dwór Mazowiecki, PL",1,562.3
"Budapest, HU","Parma (PR), IT",1,740.73
"Budapest, HU","Napoli, IT",4,828.81
"Budapest, HU","Palma de Mallorca, ES",3,1583.58
"Budapest, HU","Farnborough, Hampshire, GB",1,1495.14
"Budapest, HU","Osijek(Klisa), HR",4,226.79
"Budapest, HU","Varna, BG",1,827.99
"Budapest, HU","Köln (Cologne), DE",5,946.6
"Budapest, HU","Zaragoza, ES",1,1716.88
"Budapest, HU","Zgornji Brnik, SI",2,381.37
"Buochs, CH","Greven, DE",2,575.96
"Buochs, CH","Nuremberg, DE",1,343.77
"Burbach, DE","Toussus-le-Noble, Yvelines, FR",1,481.3
"Burbach, DE","Hamburg, DE",1,343.17
"Bury Saint Edmunds, Suffolk, GB","Oslo (Gardermoen), NO",1,1082.75
"Busevec, HR","Frankfurt am Main, DE",1,745.01
"Büren, DE","Hamburg, DE",1,235.88
"Büren, DE","Egelsbach, DE",1,183.76
"Büren, DE","Istanbul, TR",2,1942.95
"Angoulême, FR","Cahors, FR",1,182.14
"Calais, FR","Grenoble, FR",1,670.85
"Calden, DE","London, GB",1,653.19
"Calden, DE","Salzburg, AT",1,479.71
"Calden, DE","Mannheim, DE",1,225.05
"Calvi, FR","Marignane, Bouches-du-Rhône, FR",5,308.2099999999999
"Calvi, FR","Paris, FR",3,906.71
"Cambridge, Cambridgeshire, GB","Groningen, NL",1,443.44
"Carcassonne, FR","London, GB",2,938.85
"Camberley, Surrey, GB","Cardiff, GB",1,173.47
"Cardiff, GB","London, GB",3,229.03
"Cardiff, GB","Grimsby, Lincolnshire, GB",4,315.89
"Cardiff, GB","Newquay, GB",2,157.2
"Cardiff, GB","Trento (TN), IT",1,1215.14
"Carlisle, Cumbria, GB","Perth, Perth and Kinross, GB",1,170.67
"Carterton, Oxfordshire, GB","Hannover, DE",2,772.87
"Carterton, Oxfordshire, GB","Porto, PT",1,1286.48
"Carterton, Oxfordshire, GB","Lincoln, Lincolnshire, GB",1,180.91
"Carterton, Oxfordshire, GB","Lossiemouth, Moray, GB",1,671.65
"Cascais, PT","Vila Real, PT",6,315.81
"Cascais, PT","Portimão, PT",4,187.81
"Cascais, PT","Genova (GE), IT",1,1636.01
"Cascais, PT","Porto, PT",5,286.37
"Berlin, DE","Cascais, PT",2,2320.51
"Cascais, PT","Shannon, IE",1,1554.52
"Cascais, PT","Ibiza (Eivissa), ES",2,929.33
"Cascais, PT","Vigo, ES",1,394.77
"Caselle (VR), IT","Catania, IT",1,947.57
"Caselle (VR), IT","Frankfurt am Main (Lautzenhausen), DE",1,574.14
"Caselle (VR), IT","Köln (Cologne), DE",1,668.59
"Caselle (VR), IT","Dublin, IE",18,1522.4399999999998
"Caselle (VR), IT","Spata-Artemida, GR",1,1362.48
"Caselle (VR), IT","Manchester, Greater Manchester, GB",10,1296.7
"Caselle (VR), IT","Nantes, FR",1,979.15
"Caselle Torinese (TO), IT","Porto, PT",6,1391.4000000000003
"Caselle Torinese (TO), IT","Weßling, DE",3,423.62
"Caselle Torinese (TO), IT","Jerez de la Frontera, ES",1,1482.68
"Caselle Torinese (TO), IT","Palma de Mallorca, ES",1,746.19
"Bacău, RO","Caselle Torinese (TO), IT",2,1494.93
"Antwerp, BE","Caselle Torinese (TO), IT",1,706.5
"Caselle Torinese (TO), IT","Valletta, MT",6,1189.09
"Caselle Torinese (TO), IT","Napoli, IT",6,721.68
"Caselle Torinese (TO), IT","Copenhagen, DK",17,1210.65
"Capannori (LU), IT","Caselle Torinese (TO), IT",1,277.98
"Caselle Torinese (TO), IT","Zurich, CH",3,260.3
"Caselle Torinese (TO), IT","Vilnius, LT",6,1633.54
"Catania, IT","Rome, IT",7,532.42
"Barcelona, ES","Chabeuil, Drôme, FR",1,466.32
"Chabeuil, Drôme, FR","Perpignan/Rivesaltes, FR",1,295.24
"Chabeuil, Drôme, FR","Perugia (PG), IT",1,636.23
"Chambéry, FR","Salzburg, AT",2,593.34
"Chambéry, FR","Rome, IT",2,676.74
"Caselle (VR), IT","Chambéry, FR",1,391.0
"Chambéry, FR","Lesquin, FR",1,585.44
"Chambéry, FR","Madrid, ES",1,967.76
"Chambéry, FR","Saint-Tropez, FR",2,274.69
"Chambéry, FR","Prague, CZ",6,797.27
"Charleroi, BE","Spata-Artemida, GR",9,2074.67
"Charleroi, BE","Luxembourg, LU",3,155.83
"Charleroi, BE","Lorient/Lann/Bihoué, FR",2,648.25
"Charleroi, BE","Reggio Calabria, IT",4,1636.87
"Chassieu, Lyon, FR","Nice, Alpes-Maritimes, FR",1,291.88
"Chassieu, Lyon, FR","Velika Gorica, HR",1,862.71
"Chassieu, Lyon, FR","Manchester, Greater Manchester, GB",2,993.79
"Chassieu, Lyon, FR","Segrate (MI), IT",2,338.59
"Chassieu, Lyon, FR","Köln (Cologne), DE",1,593.94
"Almería, ES","Clermont-Ferrand, FR",1,1096.05
"Colmar, FR","Hamburg, DE",1,634.3
"Colombier-Saugnieu, Rhône, FR","Stuttgart, DE",1,453.77
"Almería, ES","Colombier-Saugnieu, Rhône, FR",1,1166.7
"Colombier-Saugnieu, Rhône, FR","Segrate (MI), IT",2,327.25
"Colombier-Saugnieu, Rhône, FR","Zaventem, BE",10,577.21
"Colombier-Saugnieu, Rhône, FR","Cork, IE",4,1202.2
"Colombier-Saugnieu, Rhône, FR","Faro, PT",4,1454.65
"Colombier-Saugnieu, Rhône, FR","Marignane, Bouches-du-Rhône, FR",7,254.59
"Comiso, IT","Reggio Calabria, IT",1,150.83
"Constanța, RO","Poznań, PL",1,1240.02
"Copenhagen, DK","Tenerife, ES",1,3822.51
"Copenhagen, DK","Nottingham, Leicestershire, GB",4,958.43
"Copenhagen, DK","Salzburg, AT",25,870.38
"Copenhagen, DK","Groningen, NL",2,481.64
"Cork, IE","Valencia, ES",2,1505.78
"Cork, IE","Stockholm, SE",1,1846.1
"Cork, IE","Málaga, ES",18,1715.46
"Cork, IE","Leeds, West Yorkshire, GB",1,510.62
"Coventry, West Midlands, GB","Wevelgem, BE",2,366.86
"Culleredo, ES","Ferno (VA), IT",4,1379.08
"Culleredo, ES","Zaragoza, ES",1,628.2
"Darlington, Durham, GB","Málaga, ES",4,1996.94
"Darlington, Durham, GB","Glasgow, GB",2,243.5
"Darlington, Durham, GB","Dublin, IE",2,338.07
"Darlington, Durham, GB","Yeovil, Somerset, GB",1,397.56
"Deauville, FR","Toussus-le-Noble, Yvelines, FR",1,157.71
"Deauville, FR","Paris, FR",2,151.84
"Biarritz, FR","Deauville, FR",1,668.15
"Dinard, FR","Paris, FR",5,325.88
"Dortmund, DE","Ronneby, SE",1,727.36
"Dortmund, DE","Faro, PT",1,2025.76
"Dortmund, DE","Vilnius, LT",5,1226.63
"Dortmund, DE","Luxembourg, LU",1,232.39
"Dortmund, DE","Zurich, CH",1,456.5
"Dortmund, DE","Mannheim, DE",1,236.19
"Dortmund, DE","Segrate (MI), IT",1,686.31
"Dortmund, DE","Lübeck, DE",1,329.45
"Dortmund, DE","Nuremberg, DE",1,332.35
"Dresden, DE","Wevelgem, BE",1,739.41
"Dresden, DE","Vienna, AT",2,392.09
"Dresden, DE","Friedrichshafen, DE",1,492.89
"Dresden, DE","Dublin, IE",1,1381.44
"Dresden, DE","Mannheim, DE",1,416.21
"Dresden, DE","Salzburg, AT",1,375.55
"Antwerp, BE","Dresden, DE",1,648.43
"Dublin, IE","Tallinn, EE",4,2002.93
"Dublin, IE","Farnborough, Hampshire, GB",8,442.68
"Dublin, IE","Győr, HU",1,1808.64
"Dublin, IE","Perth, Perth and Kinross, GB",1,382.21
"Dublin, IE","Grâce-Hollogne, BE",6,857.5300000000001
"Dublin, IE","Prestwick, South Ayrshire, GB",2,254.89
"Dublin, IE","Riga, LV",8,1944.85
"Dublin, IE","Paphos, CY",2,3661.34
"Dundee, GB","Southampton, GB",1,621.55
"Dundee, GB","Kidlington, Oxfordshire, GB",2,525.08
"Amsterdam, NL","Dundee, GB",1,682.48
"Düsseldorf, DE","Valletta, MT",6,1824.07
"Düsseldorf, DE","Tenerife, ES",3,3210.49
"Düsseldorf, DE","Memmingen, DE",1,444.02
"Buochs, CH","Düsseldorf, DE",1,494.22
"Düsseldorf, DE","San Bartolomé, ES",2,3006.73
"Düsseldorf, DE","Sta Cruz de la Palma, La Palma Island, ES",6,3242.31
"Düsseldorf, DE","Luton, Luton, GB",4,497.08
"Düsseldorf, DE","Trento (TN), IT",4,667.08
"Düsseldorf, DE","Ibiza (Eivissa), ES",6,1443.1500000000003
"Edinburgh, GB","Roskilde, DK",1,968.6
"Derry, Derry and Strabane, GB","Edinburgh, GB",1,259.05
"Edinburgh, GB","Riga, LV",1,1675.77
"Edinburgh, GB","Prague, CZ",18,1341.27
"Edinburgh, GB","Seville, ES",6,2069.29
"Cascais, PT","Edinburgh, GB",2,1965.89
"Edinburgh, GB","Shannon, IE",6,509.69
"Edinburgh, GB","Palma de Mallorca, ES",2,1877.99
"Edinburgh, GB","Paphos, CY",2,3595.98
"Edinburgh, GB","Valencia, ES",2,1842.71
"Egelsbach, DE","Weßling, DE",2,284.04
"Egelsbach, DE","Salzburg, AT",2,399.6
"Egelsbach, DE","Hamburg, DE",1,412.18
"Eindhoven, NL","Prestwick, South Ayrshire, GB",1,796.76
"Eindhoven, NL","Zgornji Brnik, SI",1,881.84
"Eindhoven, NL","Salzburg, AT",10,683.1
"Eindhoven, NL","Groningen, NL",1,202.82
"Eindhoven, NL","Katowice, PL",10,964.54
"Eindhoven, NL","Munich, DE",2,573.59
"Eindhoven, NL","Madrid, ES",4,1408.6
"Eindhoven, NL","Palma de Mallorca, ES",10,1338.6600000000003
"Düsseldorf, DE","El Matorral, ES",1,3066.92
"El Matorral, ES","Sta Cruz de la Palma, La Palma Island, ES",1,380.64
"El Matorral, ES","Schkeuditz, DE",1,3351.06
"Bristol, GB","Enontekio, FI",3,2347.76
"Erfurt, DE","Stuttgart, DE",1,283.35
"Esbjerg, DK","Roskilde, DK",2,225.1
"Eskilstuna, SE","Växjö, SE",1,293.3
"Essen, DE","Stuttgart, DE",1,342.86
"Exeter, Devon, GB","Waterford, IE",1,301.36
"Exeter, Devon, GB","Tenerife, ES",1,2728.39
"Exeter, Devon, GB","Poznań, PL",1,1406.24
"Exeter, Devon, GB","Nottingham, Leicestershire, GB",1,273.75
"Falconara Marittima (AN), IT","London, GB",5,1331.18
"Falconara Marittima (AN), IT","Vienna, AT",1,557.9
"Farnborough, Hampshire, GB","Helsinki (Vantaa), FI",2,1878.72
"Farnborough, Hampshire, GB","Munich, DE",5,956.65
"Bremen, DE","Farnborough, Hampshire, GB",1,680.96
"Farnborough, Hampshire, GB","Leeds, West Yorkshire, GB",2,294.13
"Farnborough, Hampshire, GB","Oostende, BE",1,254.29
"Farnborough, Hampshire, GB","Grenoble, FR",15,796.95
"Farnborough, Hampshire, GB","Rotterdam, NL",3,367.76
"Farnborough, Hampshire, GB","Växjö, SE",1,1186.3
"Farnborough, Hampshire, GB","Segrate (MI), IT",17,984.35
"Farnborough, Hampshire, GB","Hannover, DE",1,729.59
"Faro, PT","Newcastle upon Tyne, Tyne and Wear, GB",9,2059.77
"Faro, PT","Köln (Cologne), DE",7,1950.62
"Faro, PT","Zurich, CH",6,1781.57
"Faro, PT","Helsinki (Vantaa), FI",4,3475.12
"Faro, PT","Glasgow, GB",8,2113.46
"Cascais, PT","Faro, PT",2,225.56
"Faro, PT","Liverpool, GB",9,1857.25
"Faro, PT","Oslo (Gardermoen), NO",4,2909.79
"Faro, PT","Nuremberg, DE",5,2064.32
"Faro, PT","Nantes, FR",4,1242.37
"Faro, PT","Hamburg, DE",4,2299.18
"Faro, PT","Hannover, DE",4,2200.01
"Faro, PT","Weeze, DE",8,1965.13
"Faro, PT","Tenerife, ES",1,1255.17
"Faro, PT","Stuttgart, DE",2,1902.12
"Faro, PT","Munich, DE",6,2038.41
"Faro, PT","Stockholm, SE",6,3109.3000000000006
"Farranfore, IE","London, GB",9,655.1
"Farranfore, IE","Kidlington, Oxfordshire, GB",4,562.51
"Feldkirchen bei Graz, AT","Rijeka(Omišalj), HR",1,208.39
"Bodø, NO","Ferno (VA), IT",2,2428.58
"Ferno (VA), IT","Maastricht, NL",5,626.53
"Ferno (VA), IT","Toussus-le-Noble, Yvelines, FR",1,608.61
"Ferno (VA), IT","Tallinn, EE",4,1869.76
"Ferno (VA), IT","Riga, LV",8,1640.71
"Ferno (VA), IT","Weeze, DE",1,690.5
"Farranfore, IE","Ferno (VA), IT",1,1513.91
"Ferno (VA), IT","Le Castellet, Var, FR",2,352.81
"Chabeuil, Drôme, FR","Ferno (VA), IT",1,304.42
"Ferno (VA), IT","Rimini (RN), IT",1,354.77
"Ferno (VA), IT","St. Gallen, CH",1,215.8
"Ferno (VA), IT","Perugia (PG), IT",1,412.19
"Figari, FR","Marignane, Bouches-du-Rhône, FR",21,384.47
"Chassieu, Lyon, FR","Firenze (FI), IT",1,538.03
"Firenze (FI), IT","Genova (GE), IT",1,200.16
"Firenze (FI), IT","Nowy Dwór Mazowiecki, PL",1,1187.55
"Flensburg, DE","Sindal, DK",1,308.11
"Forlì (FC), IT","Pescara, IT",1,260.14
"Frankfurt am Main, DE","Seville, ES",8,1813.97
"Frankfurt am Main, DE","Luton, Luton, GB",7,657.72
"Calden, DE","Frankfurt am Main, DE",1,165.49
"Frankfurt am Main, DE","Linz, AT",1,458.41
"Frankfurt am Main, DE","Larnaca, CY",14,2636.34
"Frankfurt am Main, DE","Nantes, FR",8,812.46
"Frankfurt am Main, DE","San Bartolomé, ES",1,2994.87
"Frankfurt am Main, DE","Greven, DE",1,242.05
"Frankfurt am Main, DE","Weßling, DE",1,293.58
"Arvidsjaur, SE","Frankfurt am Main (Lautzenhausen), DE",1,1872.35
"Feldkirchen bei Graz, AT","Friedrichshafen, DE",1,453.0
"Friedrichshafen, DE","Rotterdam, NL",3,599.39
"Friedrichshafen, DE","Hradec Králové, CZ",1,544.0
"Friedrichshafen, DE","Nuremberg, DE",2,233.58
"Friedrichshafen, DE","Maribor, SI",1,485.84
"Funchal, PT","Prague, CZ",8,3193.8
"Funchal, PT","Paris, FR",10,2426.72
"Funchal, PT","Stuttgart, DE",4,2798.14
"Funchal, PT","Oslo (Gardermoen), NO",2,3671.34
"Funchal, PT","Sta Cruz de la Palma, La Palma Island, ES",1,462.32
"Funchal, PT","Munich, DE",8,2947.9
"Funchal, PT","Zurich, CH",6,2687.67
"Funchal, PT","Katowice, PL",10,3525.5199999999995
"Funchal, PT","Geneva, CH",4,2459.65
"Gaziemir, TR","Warsaw, PL",2,1621.63
"Gaziemir, TR","Genova (GE), IT",1,1668.63
"Gdańsk, PL","Riga, LV",3,451.02
"Gdańsk, PL","Katowice, PL",2,435.83
"Gdańsk, PL","Larnaca, CY",1,2466.33
"Cork, IE","Gdańsk, PL",1,1809.87
"Gdańsk, PL","Valletta, MT",3,2083.27
"Gdańsk, PL","Vodochody, CZ",1,538.95
"Gdańsk, PL","Kiel, DE",1,538.57
"Geneva, CH","Gran Canaria Island, ES",2,2781.31
"Geneva, CH","Oslo (Gardermoen), NO",15,1585.8900000000003
"Geneva, CH","St. Gallen, CH",4,296.78
"Eindhoven, NL","Geneva, CH",1,582.03
"Geneva, CH","Zaragoza, ES",1,765.0
"Geneva, CH","Santiago de Compostela, ES",5,1207.04
"Geneva, CH","Grimsby, Lincolnshire, GB",1,937.03
"Geneva, CH","Roskilde, DK",3,1120.86
"Geneva, CH","Weßling, DE",1,441.52
"Geneva, CH","Rotterdam, NL",3,647.4
"Geneva, CH","Zgornji Brnik, SI",3,641.88
"Geneva, CH","Nuremberg, DE",2,518.29
"Geneva, CH","Southend-on-Sea, Essex, GB",8,712.47
"Geneva, CH","Perth, Perth and Kinross, GB",1,1308.93
"Geneva, CH","Glasgow, GB",9,1297.06
"Geneva, CH","Hamburg, DE",6,860.58
"Brno, CZ","Geneva, CH",2,854.95
"Geneva, CH","Köln (Cologne), DE",7,520.17
"Geneva, CH","Nottingham, Leicestershire, GB",8,907.53
"Genova (GE), IT","Prague, CZ",1,752.81
"Genova (GE), IT","Pescara, IT",1,484.29
"Girona, ES","London, GB",6,1088.96
"Girona, ES","Pisa (PI), IT",4,653.03
"Ferno (VA), IT","Girona, ES",2,633.07
"Girona, ES","Manchester, Greater Manchester, GB",3,1326.65
"Glasgow, GB","Segrate (MI), IT",1,1503.8
"Glasgow, GB","Nottingham, Leicestershire, GB",3,393.38
"Glasgow, GB","Valletta, MT",6,2646.51
"Glasgow, GB","Liverpool, GB",5,299.95
"Glasgow, GB","Köln (Cologne), DE",2,946.56
"Glasgow, GB","Stuttgart, DE",10,1221.19
"El Matorral, ES","Gran Canaria Island, ES",2,168.74
"El Hierro Island, ES","Gran Canaria Island, ES",2,239.98
"Grenoble, FR","Nîmes/Garons, FR",2,192.62
"Avignon, FR","Grenoble, FR",1,165.35
"Grenoble, FR","Strasbourg, FR",1,393.81
"Budapest, HU","Greven, DE",1,967.5
"Arvidsjaur, SE","Greven, DE",4,1631.95
"Greven, DE","Shannon, IE",1,1125.93
"Greven, DE","Rimini (RN), IT",1,972.98
"Caselle (VR), IT","Greven, DE",1,784.95
"Amsterdam, NL","Greven, DE",2,200.15
"Greven, DE","Paris, FR",3,495.52
"Glasgow, GB","Grimsby, Lincolnshire, GB",1,365.85
"Groningen, NL","Madrid, ES",2,1608.84
"Groningen, NL","Salzburg, AT",1,746.17
"Groningen, NL","Hannover, DE",4,221.37
"Groningen, NL","Hoeven, NL",2,221.73
"Grâce-Hollogne, BE","Oslo (Gardermoen), NO",4,1119.88
"Grâce-Hollogne, BE","Vienna, AT",6,852.16
"Clermont-Ferrand, FR","Grâce-Hollogne, BE",1,565.15
"Amsterdam, NL","Grâce-Hollogne, BE",3,191.58
"Firenze (FI), IT","Grâce-Hollogne, BE",1,874.54
"Győr, HU","Pécs, HU",1,185.32
"Győr, HU","Trento (TN), IT",1,538.42
"Göteborg, SE","Valletta, MT",4,2438.72
"Göteborg, SE","Siljansnäs, SE",3,375.07
"Göteborg, SE","Tenerife, ES",1,3952.96
"Göteborg, SE","Zaventem, BE",10,902.7400000000001
"Göteborg, SE","Roskilde, DK",2,237.22
"Göteborg, SE","Kristianstad, SE",1,234.28
"Göteborg, SE","Thessaloniki, GR",4,2064.33
"Bremen, DE","Göteborg, SE",1,559.27
"Göteborg, SE","Porto, PT",4,2347.12
"Hamburg, DE","Trento (TN), IT",4,845.04
"Hamburg, DE","Málaga, ES",8,2184.46
"Hamburg, DE","Kidlington, Oxfordshire, GB",1,780.26
"Hamburg, DE","San Bartolomé, ES",1,3338.52
"Hamburg, DE","Weert, NL",1,390.3
"Hamburg, DE","Mönchengladbach, DE",4,349.0
"Hamburg, DE","Lelystad, NL",1,319.77
"Hamburg, DE","Nice, Alpes-Maritimes, FR",1,1120.98
"Hamburg, DE","Stockholm, SE",15,820.4199999999998
"Hamburg, DE","Nantes, FR",3,1083.49
"Hamburg, DE","Weßling, DE",3,619.23
"Hamburg, DE","Łódź, PL",1,671.93
"Dortmund, DE","Hamburg, DE",1,277.23
"Hamburg, DE","Oostende, BE",1,545.78
"Hamburg, DE","Köln (Cologne), DE",5,356.1
"Bern, CH","Hamburg, DE",1,761.15
"Hamburg, DE","Manching, DE",2,552.86
"Cork, IE","Hamburg, DE",1,1251.1
"Hamburg, DE","Mannheim, DE",2,467.08
"Hannover, DE","Weeze, DE",1,260.57
"Hannover, DE","Tenerife, ES",1,3446.14
"Hannover, DE","Nuremberg, DE",6,343.52
"Hannover, DE","Malmö, SE",1,418.3
"Gdańsk, PL","Hannover, DE",3,619.18
"Hannover, DE","Stuttgart, DE",3,420.61
"Hannover, DE","Wurster Nordseeküste, DE",2,160.61
"Hannover, DE","Zaventem, BE",1,398.17
"Hannover, DE","Örebro, SE",2,822.26
"Hannover, DE","Trento (TN), IT",3,723.4
"Haverfordwest, GB","Leeds, West Yorkshire, GB",1,316.5
"Helsinki (Vantaa), FI","Mariehamn, FI",8,280.51
"Helsinki (Vantaa), FI","Roskilde, DK",4,919.59
"Helsinki (Vantaa), FI","Luxembourg, LU",1,1675.55
"Helsinki (Vantaa), FI","Malmö, SE",8,864.53
"Helsinki (Vantaa), FI","Tartu, EE",4,244.03
"Helsinki (Vantaa), FI","Kajaani, FI",3,463.02
"Bratislava, SK","Hradec Králové, CZ",1,252.01
"Hradec Králové, CZ","Mošnov, CZ",1,173.46
"Geneva, CH","Hyères, Var, FR",2,349.25
"Ibiza (Eivissa), ES","Reus, ES",1,253.53
"Ibiza (Eivissa), ES","Zaventem, BE",3,1359.46
"Ibiza (Eivissa), ES","Paris, FR",6,1161.88
"Ibiza (Eivissa), ES","Zurich, CH",2,1116.88
"Ibiza (Eivissa), ES","Tours, Indre-et-Loire, FR",1,953.18
"Groningen, NL","Innsbruck, AT",2,734.16
"Innsbruck, AT","Roskilde, DK",1,927.33
"Innsbruck, AT","Manchester, Greater Manchester, GB",16,1177.82
"Göteborg, SE","Innsbruck, AT",1,1163.97
"Innsbruck, AT","Madrid, ES",4,1420.34
"Inverness, GB","Lorient/Lann/Bihoué, FR",1,1088.46
"Istanbul, TR","Selçuk, TR",57,371.62
"Istanbul, TR","Napoli, IT",4,1229.91
"Istanbul, TR","Mošnov, CZ",3,1278.88
"Dalaman, TR","Istanbul, TR",9,482.28
"Istanbul, TR","Zaragoza, ES",3,2491.86
"Istanbul, TR","Nantes, FR",3,2515.4
"Eindhoven, NL","Jasionka, PL",1,1177.46
"Carterton, Oxfordshire, GB","Jasionka, PL",1,1657.16
"Jasionka, PL","Roskilde, DK",1,899.61
"Hamburg, DE","Jasionka, PL",1,915.74
"Jasionka, PL","Katowice, PL",3,213.01
"Jasionka, PL","Salzburg, AT",1,706.65
"Bern, CH","Jerez de la Frontera, ES",1,1589.51
"Jönköping, SE","Katowice, PL",1,872.51
"Helsinki (Vantaa), FI","Jönköping, SE",4,684.14
"Katowice, PL","Newcastle upon Tyne, Tyne and Wear, GB",1,1480.21
"Katowice, PL","Munich, DE",1,577.73
"Katowice, PL","Larnaca, CY",3,2094.85
"Katowice, PL","Reggio Calabria, IT",4,1405.71
"Katowice, PL","Paris, FR",9,1210.27
"Katowice, PL","Vienna, AT",1,319.89
"Katowice, PL","Porto, PT",4,2363.39
"Katowice, PL","Lappeenranta, FI",1,1302.05
"Katowice, PL","Szymany, PL",1,357.59
"Katowice, PL","Oslo (Gardermoen), NO",6,1190.66
"Kaunas, LT","Orio al Serio (BG), IT",5,1447.3100000000002
"Kaunas, LT","Paphos, CY",2,2342.67
"Kaunas, LT","Paris, FR",1,1609.44
"Budapest, HU","Kidlington, Oxfordshire, GB",1,1542.38
"Darlington, Durham, GB","Kidlington, Oxfordshire, GB",1,297.24
"Kidlington, Oxfordshire, GB","Zaventem, BE",2,416.02
"Kidlington, Oxfordshire, GB","Munich, DE",1,1010.13
"Geneva, CH","Kidlington, Oxfordshire, GB",7,824.28
"Amsterdam, NL","Kidlington, Oxfordshire, GB",1,418.98
"Bremen, DE","Kiel, DE",1,172.98
"King's Lynn, Norfolk, GB","Woking, Surrey, GB",1,163.32
"Copenhagen, DK","Kittilä, FI",2,1483.48
"Frankfurt am Main, DE","Kittilä, FI",2,2161.19
"Ferno (VA), IT","Kittilä, FI",1,2625.32
"Düsseldorf, DE","Kittilä, FI",3,2072.77
"Kittilä, FI","Paris, FR",4,2399.83
"Košice, SK","Luton, Luton, GB",6,1570.53
"Košice, SK","Salzburg, AT",1,617.44
"Kristianstad, SE","Stockholm, SE",1,458.88
"Kuopio / Siilinjärvi, FI","Pori, FI",1,354.85
"Kuopio / Siilinjärvi, FI","Montichiari (BS), IT",1,2243.83
"Köln (Cologne), DE","Málaga, ES",14,1829.08
"Köln (Cologne), DE","San Bartolomé, ES",1,2989.9
"Kiruna, SE","Köln (Cologne), DE",1,2018.29
"Köln (Cologne), DE","Paphos, CY",5,2714.12
"Köln (Cologne), DE","Levaldigi (CN), IT",1,703.49
"Bristol, GB","Köln (Cologne), DE",1,689.94
"Alava, ES","Köln (Cologne), DE",4,1160.07
"Köln (Cologne), DE","Umeå, SE",1,1632.19
"Köln (Cologne), DE","Spata-Artemida, GR",3,1952.69
"Farnborough, Hampshire, GB","Köln (Cologne), DE",1,554.91
"Köln (Cologne), DE","Poznań, PL",2,689.43
"Braunschweig, DE","Köln (Cologne), DE",3,285.81
"Köln (Cologne), DE","Memmingen, DE",1,390.46
"Avignon, FR","L'Hôpital-le-Mercier, Saône-et-Loire, FR",1,287.29
"Brest, FR","La Baule-Escoublac, FR",2,201.2
"Chabeuil, Drôme, FR","La Roche-sur-Yon, FR",1,530.17
"La Virgen Del Camino, ES","Valencia, ES",1,554.01
"Laage, DE","Roskilde, DK",2,185.65
"Chambéry, FR","Lahr/Schwarzwald, DE",1,337.67
"Lahr/Schwarzwald, DE","Nuremberg, DE",1,268.56
"Lamezia Terme (CZ), IT","Memmingen, DE",4,1119.43
"Lamezia Terme (CZ), IT","London, GB",3,1886.82
"Larnaca, CY","Liverpool, GB",2,3503.29
"Larnaca, CY","Málaga, ES",1,3422.54
"Grâce-Hollogne, BE","Larnaca, CY",1,2863.03
"Laval, Mayenne, FR","Toussus-le-Noble, Yvelines, FR",2,225.13
"Chabeuil, Drôme, FR","Le Castellet, Var, FR",3,196.68
"Le Havre, FR","Nantes, FR",2,292.99
"Le Havre, FR","Toussus-le-Noble, Yvelines, FR",2,170.6
"Alajero, La Gomera Island, ES","Leeds, West Yorkshire, GB",3,3140.0500000000006
"Leeds, West Yorkshire, GB","Valletta, MT",4,2361.61
"Leeds, West Yorkshire, GB","Riga, LV",8,1646.8
"Leeds, West Yorkshire, GB","Southampton, GB",1,324.85
"Leeds, West Yorkshire, GB","Toulouse/Blagnac, FR",1,1159.4
"Leeds, West Yorkshire, GB","Paphos, CY",2,3397.86
"Leixlip, IE","Woking, Surrey, GB",3,460.16
"Leixlip, IE","Liverpool, GB",2,241.67
"Augsburg, DE","Lelystad, NL",1,589.39
"Frankfurt am Main, DE","Lesquin, FR",1,392.08
"Lesquin, FR","Madrid, ES",1,1243.41
"Cannes, FR","Lesquin, FR",1,832.92
"Levaldigi (CN), IT","Madrid, ES",1,1032.27
"Levaldigi (CN), IT","Reggio Emilia (RE), IT",1,241.31
"Jasionka, PL","Lincoln, Lincolnshire, GB",1,1574.0
"Linköping, SE","Stockholm, SE",7,177.54
"Linköping, SE","Trollhättan, SE",1,195.01
"Linz, AT","Stuttgart, DE",1,374.31
"Budapest, HU","Linz, AT",3,372.42
"Linz, AT","Wiener Neustadt, AT",1,154.66
"Hannover, DE","Lisbon, PT",1,2098.62
"Lisbon, PT","Seville, ES",28,321.68000000000006
"Bucharest, RO","Lisbon, PT",6,2972.24
"Hamburg, DE","Lisbon, PT",17,2190.41
"Capannori (LU), IT","Lisbon, PT",1,1734.61
"Lisbon, PT","Vila Baleira, PT",1,907.57
"Lisbon, PT","Nowy Dwór Mazowiecki, PL",2,2740.5
"Liverpool, GB","London, GB",7,278.24
"Liverpool, GB","Prestwick, South Ayrshire, GB",1,265.56
"Liverpool, GB","Valletta, MT",8,2367.0
"Liverpool, GB","Perth, Perth and Kinross, GB",1,346.8
"Cirencester, Gloucestershire, GB","Liverpool, GB",2,192.9
"Liverpool, GB","Newcastle upon Tyne, Tyne and Wear, GB",1,203.86
"Liverpool, GB","San Bartolomé, ES",2,2850.3
"Enontekio, FI","Liverpool, GB",2,2160.44
"Liverpool, GB","Rotterdam, NL",2,514.67
"Chassieu, Lyon, FR","Locarno, CH",1,307.98
"London, GB","Schkeuditz, DE",27,849.42
"London, GB","Trento (TN), IT",6,1018.9899999999999
"London, GB","Sion, CH",1,797.1
"London, GB","Oostende, BE",3,205.47
"London, GB","Zaragoza, ES",8,1097.12
"London, GB","Napoli, IT",9,1610.6400000000003
"London, GB","Wolverhampton, Staffordshire, GB",2,188.63
"London, GB","Staverton, Gloucestershire, GB",3,152.54
"London, GB","Palanga, LT",6,1468.98
"Le Havre, FR","London, GB",1,219.82
"London, GB","Prestwick, South Ayrshire, GB",7,535.47
"Charleroi, BE","London, GB",2,335.91
"London, GB","Norwich, Norfolk, GB",5,158.19
"London, GB","Lossiemouth, Moray, GB",1,720.71
"Gdańsk, PL","Lublin, PL",2,450.62
"Dublin, IE","Lublin, PL",1,1969.89
"Göteborg, SE","Luleå, SE",2,1016.54
"Bordeaux, FR","Luleå, SE",1,2687.59
"Farnborough, Hampshire, GB","Luleå, SE",1,2048.64
"Luton, Luton, GB","Tallinn, EE",6,1774.62
"Luton, Luton, GB","Sønderborg, DK",1,754.89
"Luton, Luton, GB","San Bartolomé, ES",1,2774.96
"Grâce-Hollogne, BE","Luton, Luton, GB",1,427.05
"Luton, Luton, GB","Valletta, MT",11,2134.75
"Luton, Luton, GB","Poprad, SK",4,1486.12
"Luton, Luton, GB","Nice, Alpes-Maritimes, FR",8,1073.86
"Constanța, RO","Luton, Luton, GB",2,2280.64
"Luton, Luton, GB","Maastricht, NL",2,438.98
"Arad, RO","Luton, Luton, GB",2,1691.84
"Luton, Luton, GB","Weeze, DE",1,449.12
"Luton, Luton, GB","Stockholm, SE",4,1418.93
"Luxembourg, LU","Palma de Mallorca, ES",11,1153.24
"Luxembourg, LU","Valletta, MT",10,1672.4599999999998
"Billund, DK","Luxembourg, LU",1,708.01
"Luxembourg, LU","Nice, Alpes-Maritimes, FR",11,668.05
"Luxembourg, LU","Salzburg, AT",3,538.21
"Luxembourg, LU","Montpellier/Méditerranée, FR",1,694.31
"Luxembourg, LU","Pescara, IT",1,1008.2
"Luxembourg, LU","Mannheim, DE",1,166.94
"Dresden, DE","Luxembourg, LU",2,561.06
"Luxembourg, LU","Mošnov, CZ",2,855.59
"Lübeck, DE","Palma de Mallorca, ES",5,1695.28
"Köln (Cologne), DE","Lübeck, DE",1,407.18
"Lübeck, DE","Malmö, SE",1,257.27
"Lübeck, DE","Málaga, ES",4,2236.25
"Maastricht, NL","Zaragoza, ES",1,1152.36
"Maastricht, NL","Malmö, SE",1,720.93
"Hamburg, DE","Maastricht, NL",1,409.5
"Madrid, ES","Palermo, IT",5,1472.48
"Madrid, ES","Oostende, BE",2,1299.3
"Madrid, ES","Wrocław, PL",6,1976.57
"Biarritz, FR","Madrid, ES",4,381.76
"Madrid, ES","Shannon, IE",5,1421.12
"Gdańsk, PL","Madrid, ES",2,2258.49
"Madrid, ES","San Bartolomé, ES",2,1564.5
"Catania, IT","Madrid, ES",4,1650.86
"Madrid, ES","Stuttgart, DE",5,1370.6
"Cannes, FR","Madrid, ES",5,943.82
"Le Castellet, Var, FR","Madrid, ES",1,843.76
"Madrid, ES","Zaragoza, ES",4,260.24
"Kidlington, Oxfordshire, GB","Madrid, ES",1,1280.94
"Larnaca, CY","Madrid, ES",1,3316.29
"London, GB","Mahón (Maó), ES",2,1336.08
"Göteborg, SE","Malmö, SE",4,255.46
"Berlin, DE","Malmö, SE",1,353.01
"Malmö, SE","Oulu / Oulunsalo, FI",1,1231.81
"Malmö, SE","Málaga, ES",1,2493.25
"Malmö, SE","Nowy Dwór Mazowiecki, PL",1,585.88
"Malmö, SE","Trollhättan, SE",2,315.66
"Cannes, FR","Manchester, Greater Manchester, GB",2,1282.84
"Manchester, Greater Manchester, GB","Zgornji Brnik, SI",4,1433.86
"Manchester, Greater Manchester, GB","Newquay, GB",12,373.22
"Manchester, Greater Manchester, GB","Rhodes, GR",1,3006.81
"Manchester, Greater Manchester, GB","Mönchengladbach, DE",2,641.69
"Manchester, Greater Manchester, GB","Stuttgart, DE",5,955.17
"Mannheim, DE","St. Gallen, CH",2,234.13
"Mannheim, DE","Vienna, AT",2,608.92
"Mannheim, DE","Mönchengladbach, DE",2,241.87
"Braunschweig, DE","Mannheim, DE",1,347.33
"Köln (Cologne), DE","Mannheim, DE",2,183.1
"Mannheim, DE","Nuremberg, DE",2,185.22
"Mannheim, DE","Wiener Neustadt, AT",1,595.57
"Manching, DE","Mannheim, DE",1,235.43
"Košice, SK","Maribor, SI",1,482.11
"Andrézieux-Bouthéon, Loire, FR","Marignane, Bouches-du-Rhône, FR",1,244.82
"Bologna, IT","Marignane, Bouches-du-Rhône, FR",4,501.07
"Marignane, Bouches-du-Rhône, FR","Vienna, AT",11,1021.11
"Marignane, Bouches-du-Rhône, FR","Memmingen, DE",1,638.63
"Bremen, DE","Marignane, Bouches-du-Rhône, FR",1,1100.42
"Eskişehir, TR","Memmingen, DE",1,1853.87
"Larnaca, CY","Memmingen, DE",1,2418.38
"Memmingen, DE","Porto, PT",10,1668.4900000000002
"Memmingen, DE","Orio al Serio (BG), IT",1,260.96
"Memmingen, DE","Romney Marsh, Kent, GB",1,747.88
"Hamburg, DE","Memmingen, DE",2,622.53
"Montichiari (BS), IT","Rome, IT",1,437.07
"Hamburg, DE","Montpellier/Méditerranée, FR",1,1194.62
"Chassieu, Lyon, FR","Montpellier/Méditerranée, FR",3,251.53
"Chambéry, FR","Montpellier/Méditerranée, FR",1,274.94
"Darlington, Durham, GB","Montpellier/Méditerranée, FR",1,1276.71
"Mošnov, CZ","Málaga, ES",4,2320.25
"Mošnov, CZ","Prague, CZ",5,279.45
"Helsinki (Vantaa), FI","Mošnov, CZ",1,1257.74
"Mošnov, CZ","Nice, Alpes-Maritimes, FR",2,1066.66
"Bucharest, RO","Mošnov, CZ",1,832.68
"Arad, RO","Munich, DE",1,754.48
"Groningen, NL","Munich, DE",1,643.93
"Munich, DE","San Bartolomé, ES",1,3058.01
"Cormeilles-en-Vexin, Val-d'Oise, FR","Munich, DE",1,719.46
"Dortmund, DE","Munich, DE",2,461.42
"Málaga, ES","Nowy Dwór Mazowiecki, PL",4,2630.14
"Málaga, ES","Tampere / Pirkkala, FI",4,3374.49
"Málaga, ES","Nuremberg, DE",7,1898.58
"Braunschweig, DE","Málaga, ES",1,2100.77
"Málaga, ES","Riga, LV",10,3086.5
"Málaga, ES","Poznań, PL",8,2415.39
"Cascais, PT","Málaga, ES",5,484.16
"Farnborough, Hampshire, GB","Málaga, ES",7,1650.0899999999997
"Málaga, ES","Sandefjord(Torp), NO",6,2719.87
"Málaga, ES","Southend-on-Sea, Essex, GB",6,1706.29
"Kiruna, SE","Málaga, ES",1,3794.23
"Málaga, ES","Porto, PT",9,623.79
"Málaga, ES","Tallinn, EE",7,3285.3799999999997
"Bergen, NO","Málaga, ES",5,2715.51
"Málaga, ES","Pardubice, CZ",4,2195.7
"Málaga, ES","Stuttgart, DE",6,1738.88
"Berlin, DE","Mönchengladbach, DE",2,497.2
"Augsburg, DE","Mönchengladbach, DE",1,444.97
"Munich, DE","Mönchengladbach, DE",2,495.81
"Mönchengladbach, DE","Schkeuditz, DE",1,398.49
"Mönchengladbach, DE","Parma (PR), IT",1,765.64
"Nantes, FR","Napoli, IT",1,1446.09
"Alajero, La Gomera Island, ES","Newcastle upon Tyne, Tyne and Wear, GB",2,3252.6
"Newcastle upon Tyne, Tyne and Wear, GB","San Bartolomé, ES",1,3054.14
"Newcastle upon Tyne, Tyne and Wear, GB","Tenerife, ES",1,3204.94
"Aberdeen, GB","Newcastle upon Tyne, Tyne and Wear, GB",1,242.67
"Newcastle upon Tyne, Tyne and Wear, GB","Nottingham, Leicestershire, GB",5,246.53
"Broughton, GB","Newcastle upon Tyne, Tyne and Wear, GB",2,223.2
"Newcastle upon Tyne, Tyne and Wear, GB","Wrocław, PL",4,1310.88
"Newquay, GB","Paris, FR",3,534.04
"Grimsby, Lincolnshire, GB","Newquay, GB",1,471.69
"Newquay, GB","Zaventem, BE",1,669.56
"Norwich, Norfolk, GB","Paris, FR",2,381.04
"Madrid, ES","Norwich, Norfolk, GB",1,1412.45
"Alava, ES","Nottingham, Leicestershire, GB",2,1111.04
"Nottingham, Leicestershire, GB","Prestwick, South Ayrshire, GB",5,364.48
"Nottingham, Leicestershire, GB","Zaventem, BE",10,452.94
"Alajero, La Gomera Island, ES","Nottingham, Leicestershire, GB",3,3052.52
"Nowe Kramsko, PL","Salzburg, AT",1,522.77
"Alajero, La Gomera Island, ES","Nowy Dwór Mazowiecki, PL",1,4128.76
"Nowy Dwór Mazowiecki, PL","Weßling, DE",1,823.28
"Maribor, SI","Nowy Dwór Mazowiecki, PL",1,754.31
"Katowice, PL","Nowy Dwór Mazowiecki, PL",1,245.09
"Nowy Dwór Mazowiecki, PL","St. Gallen, CH",1,964.86
"Braunschweig, DE","Nuremberg, DE",1,315.75
"Nuremberg, DE","Wiener Neustadt, AT",1,421.48
"Nuremberg, DE","Schkeuditz, DE",3,228.8
"Düsseldorf, DE","Nuremberg, DE",3,364.67
"Dublin, IE","Nuremberg, DE",2,1274.36
"Nuremberg, DE","Orio al Serio (BG), IT",3,437.99
"Nyköping, SE","Trollhättan, SE",1,269.98
"Nîmes/Garons, FR","Toulouse/Blagnac, FR",1,245.82
"Málaga, ES","Nîmes/Garons, FR",1,1091.1
"Nîmes/Garons, FR","Saint-Jacques-de-la-Lande, Ille-et-Vilaine, FR",2,675.13
"Odense, DK","Segrate (MI), IT",1,1117.75
"Frankfurt am Main (Lautzenhausen), DE","Oostende, BE",1,339.65
"Oostende, BE","Orio al Serio (BG), IT",1,794.52
"Luxembourg, LU","Oostende, BE",1,294.09
"Oostende, BE","Tallinn, EE",1,1650.92
"Liverpool, GB","Oostende, BE",2,455.98
"Napoli, IT","Orio al Serio (BG), IT",8,648.2
"Bacău, RO","Orio al Serio (BG), IT",2,1327.13
"Orio al Serio (BG), IT","Sandefjord(Torp), NO",7,1503.51
"Catania, IT","Orio al Serio (BG), IT",4,1014.57
"Orio al Serio (BG), IT","Zgornji Brnik, SI",1,372.24
"Colombier-Saugnieu, Rhône, FR","Orio al Serio (BG), IT",1,358.71
"Orio al Serio (BG), IT","Paris, FR",2,690.54
"Le Mans, Sarthe, FR","Orio al Serio (BG), IT",3,766.03
"Osijek(Klisa), HR","Rotterdam, NL",1,1274.67
"Orio al Serio (BG), IT","Osijek(Klisa), HR",1,708.58
"Oslo (Gardermoen), NO","Roskilde, DK",10,516.01
"Oslo (Gardermoen), NO","Palanga, LT",5,750.61
"Nice, Alpes-Maritimes, FR","Oslo (Gardermoen), NO",3,1857.07
"Luxembourg, LU","Oslo (Gardermoen), NO",1,1215.02
"Liverpool, GB","Oslo (Gardermoen), NO",1,1138.03
"Dresden, DE","Palma de Mallorca, ES",5,1546.03
"Bern, CH","Palma de Mallorca, ES",2,904.37
"Palma de Mallorca, ES","St. Gallen, CH",3,1038.65
"Palma de Mallorca, ES","Sta Cruz de la Palma, La Palma Island, ES",1,2236.05
"Culleredo, ES","Palma de Mallorca, ES",1,1015.21
"Glasgow, GB","Palma de Mallorca, ES",1,1889.94
"Palma de Mallorca, ES","Schkeuditz, DE",8,1510.25
"Palma de Mallorca, ES","Valletta, MT",5,1112.0
"Palma de Mallorca, ES","Wevelgem, BE",1,1253.39
"Palma de Mallorca, ES","Rome, IT",1,853.63
"Birmingham, West Midlands, GB","Pamplona, ES",1,1076.83
"Paris, FR","Rhodes, GR",1,2527.98
"Paris, FR","Saint-Denis-de-l'Hôtel, Loiret, FR",1,156.4
"Paris, FR","Zaragoza, ES",1,886.84
"Falconara Marittima (AN), IT","Paris, FR",3,1058.72
"Napoli, IT","Paris, FR",11,1327.22
"Alava, ES","Paris, FR",2,809.94
"Paris, FR","Trento (TN), IT",4,757.57
"Paris, FR","Tenerife, ES",1,2829.35
"Bergen, NO","Paris, FR",5,1236.48
"Gran Canaria Island, ES","Paris, FR",2,2822.08
"Luleå, SE","Paris, FR",3,2141.87
"Montichiari (BS), IT","Paris, FR",2,745.1
"Arvidsjaur, SE","Paris, FR",2,2062.65
"Paris, FR","St. Gallen, CH",1,576.25
"Paris, FR","Saarbrücken, DE",2,353.02
"Paris, FR","Strasbourg, FR",1,402.12
"Paris, FR","Pisa (PI), IT",5,881.74
"Gdańsk, PL","Paris, FR",2,1244.99
"Parma (PR), IT","Perugia (PG), IT",1,261.68
"Düsseldorf, DE","Pescara, IT",1,1133.65
"Farnborough, Hampshire, GB","Pisa (PI), IT",1,1187.96
"Pisa (PI), IT","Warsaw, PL",9,1229.13
"Bacău, RO","Pisa (PI), IT",1,1331.53
"Pisa (PI), IT","Rome, IT",4,267.02
"Chambéry, FR","Pisa (PI), IT",1,417.74
"Innsbruck, AT","Pisa (PI), IT",1,404.52
"Copenhagen, DK","Pisa (PI), IT",4,1336.78
"Paris, FR","Ponta Delgada, PT",2,2572.51
"Pori, FI","Zurich, CH",1,1769.45
"Friedrichshafen, DE","Pori, FI",1,1719.39
"Porto, PT","Warsaw, PL",10,2540.56
"Porto, PT","Prague, CZ",9,2024.3699999999997
"Porto, PT","Wrocław, PL",8,2236.27
"Porto, PT","Strasbourg, FR",4,1514.37
"Porto, PT","Vienna, AT",10,2125.41
"Porto, PT","Weeze, DE",8,1611.56
"Jerez de la Frontera, ES","Porto, PT",1,549.55
"Porto, PT","Valletta, MT",4,2095.62
"Poznań, PL","Rome, IT",11,1226.33
"Poznań, PL","Valletta, MT",10,1852.25
"Nice, Alpes-Maritimes, FR","Poznań, PL",1,1205.96
"Poznań, PL","Zurich, CH",1,808.6
"Poznań, PL","Tampere / Pirkkala, FI",1,1079.95
"Prague, CZ","Valletta, MT",4,1585.19
"Greven, DE","Prague, CZ",1,511.11
"Prague, CZ","Rotterdam, NL",1,716.62
"Bologna, IT","Prague, CZ",2,658.0
"Prague, CZ","Seville, ES",4,2134.29
"Prague, CZ","Thessaloniki, GR",5,1262.62
"Arvidsjaur, SE","Prague, CZ",2,1746.46
"Napoli, IT","Prague, CZ",4,1024.65
"Groningen, NL","Prague, CZ",1,627.23
"Prague, CZ","Samedan, CH",1,511.67
"Prague, CZ","Uherské Hradiště, CZ",3,258.4
"Luxembourg, LU","Prague, CZ",3,578.96
"Prague, CZ","Toulouse/Blagnac, FR",4,1213.44
"Kuopio / Siilinjärvi, FI","Prague, CZ",1,1650.06
"Jasionka, PL","Prestwick, South Ayrshire, GB",1,1872.35
"Cardiff, GB","Prestwick, South Ayrshire, GB",2,463.67
"Farnborough, Hampshire, GB","Pula, HR",1,1298.58
"Larnaca, CY","Radom, PL",2,2087.74
"Amsterdam, NL","Ranón, ES",2,1259.26
"Ranón, ES","Seville, ES",5,683.46
"Granada, ES","Ranón, ES",2,734.11
"Orio al Serio (BG), IT","Ranón, ES",3,1265.75
"Lisbon, PT","Ranón, ES",3,591.63
"Ranón, ES","Valencia, ES",3,647.01
"Ranón, ES","Santiago de Compostela, ES",1,206.64
"Ranón, ES","Tenerife, ES",4,1939.33
"Mönchengladbach, DE","Ravenna (RA), IT",1,874.28
"Budapest, HU","Recea, RO",2,417.27
"Reggio Calabria, IT","Valletta, MT",1,268.04
"Reggio Emilia (RE), IT","Venegono Superiore (VA), IT",1,181.22
"Newquay, GB","Retford, Nottinghamshire, GB",1,420.4
"Faro, PT","Rheinmünster, DE",2,1842.22
"Gdańsk, PL","Rheinmünster, DE",1,948.32
"Berlin, DE","Rheinmünster, DE",2,552.24
"Rheinmünster, DE","Tenerife, ES",1,3096.97
"Rheinmünster, DE","Valencia, ES",2,1236.79
"Riga, LV","Schkeuditz, DE",3,981.23
"Riga, LV","Roskilde, DK",1,748.83
"Larnaca, CY","Riga, LV",4,2559.4
"Riga, LV","Valletta, MT",8,2453.0
"Poznań, PL","Riga, LV",1,683.64
"Rimini (RN), IT","Rome, IT",3,247.15
"Orio al Serio (BG), IT","Rimini (RN), IT",1,293.27
"Rimini (RN), IT","Segrate (MI), IT",1,307.42
"Isola di Capo Rizzuto (KR), IT","Rome, IT",4,502.59
"Napoli, IT","Rome, IT",7,186.17000000000002
"Rome, IT","Vilnius, LT",5,1709.95
"Rome, IT","Timişoara, RO",3,842.08
"Bacău, RO","Rome, IT",3,1266.69
"Bern, CH","Rome, IT",3,689.83
"Avignon, FR","Rome, IT",1,656.02
"Farnborough, Hampshire, GB","Rome, IT",2,1454.89
"Ronchi dei Legionari/Trieste, IT","Seville, ES",4,1854.42
"Ronchi dei Legionari/Trieste, IT","Valletta, MT",4,1113.18
"Caselle Torinese (TO), IT","Ronchi dei Legionari/Trieste, IT",1,458.9
"Bologna, IT","Ronchi dei Legionari/Trieste, IT",1,223.44
"Orio al Serio (BG), IT","Ronneby, SE",1,1239.94
"Luton, Luton, GB","Roskilde, DK",2,918.19
"Newcastle upon Tyne, Tyne and Wear, GB","Rotterdam, NL",1,530.33
"Rotterdam, NL","Segrate (MI), IT",2,806.05
"Gdańsk, PL","Rotterdam, NL",1,971.26
"Rotterdam, NL","Trento (TN), IT",1,819.89
"Groningen, NL","Rotterdam, NL",2,194.04
"Nice, Alpes-Maritimes, FR","Rotterdam, NL",1,945.61
"Grâce-Hollogne, BE","Rotterdam, NL",1,162.44
"Manchester, Greater Manchester, GB","Rotterdam, NL",1,478.59
"Geneva, CH","Saint-Denis-de-l'Hôtel, Loiret, FR",1,351.08
"Saint-Denis-de-l'Hôtel, Loiret, FR","Saint-Tropez, FR",1,620.46
"Saint-Denis-de-l'Hôtel, Loiret, FR","Woking, Surrey, GB",1,430.83
"Chassieu, Lyon, FR","Saint-Denis-de-l'Hôtel, Loiret, FR",1,320.82
"Barcelona, ES","Saint-Jacques-de-la-Lande, Ille-et-Vilaine, FR",5,810.89
"Prague, CZ","Saint-Jacques-de-la-Lande, Ille-et-Vilaine, FR",1,1184.1
"Düsseldorf, DE","Saint-Tropez, FR",1,899.17
"Salzburg, AT","St. Gallen, CH",7,260.24
"Greven, DE","Salzburg, AT",3,614.08
"Nice, Alpes-Maritimes, FR","Salzburg, AT",4,642.52
"Katowice, PL","Salzburg, AT",1,533.04
"Agno, CH","Salzburg, AT",1,369.13
"Salzburg, AT","Valletta, MT",5,1334.12
"Bucharest, RO","Salzburg, AT",2,1070.13
"Salzburg, AT","Stuttgart, DE",1,297.27
"Salzburg, AT","Stockholm, SE",14,1340.9299999999998
"Salzburg, AT","Samedan, CH",1,274.29
"Salzburg, AT","Vienna, AT",5,267.83
"Braunschweig, DE","Salzburg, AT",1,532.66
"Salzburg, AT","Sečovlje, SI",1,262.3
"Samos Island, GR","Spata-Artemida, GR",7,262.08
"San Bartolomé, ES","Sta Cruz de la Palma, La Palma Island, ES",3,406.0
"Gran Canaria Island, ES","San Bartolomé, ES",1,217.01
"Dresden, DE","Savonlinna, FI",1,1512.19
"Alava, ES","Schkeuditz, DE",4,1471.74
"Schkeuditz, DE","Vilnius, LT",5,941.46
"Mošnov, CZ","Schkeuditz, DE",4,457.21
"Schkeuditz, DE","Zaventem, BE",28,543.14
"Montichiari (BS), IT","Schkeuditz, DE",4,680.81
"Luton, Luton, GB","Schkeuditz, DE",5,869.79
"Avignon, FR","Schkeuditz, DE",1,998.57
"Napoli, IT","Segrate (MI), IT",7,649.62
"Larnaca, CY","Segrate (MI), IT",2,2365.89
"Segrate (MI), IT","Strasbourg, FR",1,365.95
"Segrate (MI), IT","Shannon, IE",3,1545.59
"Bratislava, SK","Segrate (MI), IT",6,675.28
"Grenoble, FR","Segrate (MI), IT",5,308.28
"Cardiff, GB","Segrate (MI), IT",2,1139.98
"Bologna, IT","Segrate (MI), IT",5,187.78
"Seville, ES","Vienna, AT",4,2172.86
"Seville, ES","Valletta, MT",8,1823.77
"Rheinmünster, DE","Seville, ES",3,1692.6
"Feldkirchen bei Graz, AT","Sečovlje, SI",3,219.55000000000004
"Pescara, IT","Sečovlje, SI",1,341.17
"Köln (Cologne), DE","Shannon, IE",1,1121.48
"Jyväskylän Maalaiskunta, FI","Skellefteå, SE",1,336.45
"Skiros Island, GR","Thessaloniki, GR",3,215.85
"Firenze (FI), IT","Southampton, GB",1,1231.96
"Norwich, Norfolk, GB","Southampton, GB",1,264.05
"Birmingham, West Midlands, GB","Southampton, GB",1,169.35
"Marignane, Bouches-du-Rhône, FR","Southend-on-Sea, Essex, GB",1,965.42
"Southend-on-Sea, Essex, GB","Valletta, MT",5,2062.87
"Helsinki (Vantaa), FI","Spata-Artemida, GR",2,2489.79
"Oslo (Gardermoen), NO","Spata-Artemida, GR",4,2635.02
"Kozani, GR","Spata-Artemida, GR",2,318.11
"Luxembourg, LU","Spata-Artemida, GR",2,1918.88
"Southend-on-Sea, Essex, GB","Spata-Artemida, GR",1,2362.89
"Riga, LV","Spata-Artemida, GR",3,2114.88
"Bristol, GB","Spata-Artemida, GR",3,2561.58
"Spata-Artemida, GR","Zakynthos, GR",13,269.49
"Bodø, NO","Spata-Artemida, GR",1,3316.5
"Firenze (FI), IT","St. Gallen, CH",1,428.24
"Köln (Cologne), DE","St. Gallen, CH",5,414.93999999999994
"Segrate (MI), IT","St. Gallen, CH",2,227.87
"St. Gallen, CH","Valletta, MT",1,1356.73
"Mönchengladbach, DE","St. Gallen, CH",1,471.53
"Roskilde, DK","St. Gallen, CH",1,917.96
"Málaga, ES","Stavanger, NO",4,2575.64
"Broughton, GB","Staverton, Gloucestershire, GB",1,152.93
"Staverton, Gloucestershire, GB","Valencia, ES",1,1385.48
"Exeter, Devon, GB","Staverton, Gloucestershire, GB",2,155.38
"Karlstad, SE","Stockholm, SE",1,259.72
"Stockholm, SE","Örebro, SE",6,167.04
"Stockholm, SE","Thessaloniki, GR",4,2139.69
"Prestwick, South Ayrshire, GB","Stockholm, SE",2,1408.55
"Stockholm, SE","Valletta, MT",6,2642.14
"Stockholm, SE","Tenerife, ES",1,4339.3
"Nice, Alpes-Maritimes, FR","Stockholm, SE",2,1905.48
"Aalborg, DK","Stockholm, SE",2,542.46
"Hyères, Var, FR","Stockholm, SE",1,1992.84
"Kuopio / Siilinjärvi, FI","Stockholm, SE",1,654.7
"Stockholm / Västerås, SE","Västervik, SE",1,201.3
"Geneva, CH","Strasbourg, FR",1,280.16
"Lorient/Lann/Bihoué, FR","Strasbourg, FR",1,824.94
"Farnborough, Hampshire, GB","Strasbourg, FR",1,673.92
"Aix en Provence, FR","Strasbourg, FR",1,586.08
"Brno, CZ","Stuttgart, DE",1,548.13
"Rotterdam, NL","Stuttgart, DE",2,497.14
"Stuttgart, DE","Zaventem, BE",2,419.51
"Swansea, GB","Wolverhampton, Staffordshire, GB",1,160.36
"Hannover, DE","Sylt, DE",3,286.66
"Mannheim, DE","Sylt, DE",1,605.03
"Dortmund, DE","Szymany, PL",2,926.56
"Hamburg, DE","Sønderborg, DK",1,153.82
"Segrate (MI), IT","Tallinn, EE",1,1867.34
"Tallinn, EE","Zaventem, BE",5,1591.53
"Belfast, GB","Tarbes/Lourdes/Pyrénées, FR",1,1347.21
"San Bartolomé, ES","Tenerife, ES",4,288.54
"Palma de Mallorca, ES","Tenerife, ES",5,2163.44
"El Matorral, ES","Tenerife, ES",2,254.62
"Funchal, PT","Tenerife, ES",2,494.0
"Southampton, GB","Tenerife, ES",1,2822.37
"Santiago de Compostela, ES","Tenerife, ES",2,1780.09
"Ferno (VA), IT","Thessaloniki, GR",3,1286.36
"Barcelona, ES","Thessaloniki, GR",3,1753.55
"Linz, AT","Thessaloniki, GR",3,1103.58
"Bologna, IT","Torino (TO), IT",1,297.06
"Chassieu, Lyon, FR","Toulouse/Blagnac, FR",2,366.81
"Rochefort/Saint-Agnant, FR","Toulouse/Blagnac, FR",1,312.08
"Cork, IE","Toulouse/Blagnac, FR",1,1171.31
"Palma de Mallorca, ES","Toulouse/Blagnac, FR",1,467.56
"Pau/Pyrénées (Uzein), FR","Tours, Indre-et-Loire, FR",1,459.37
"Saint-Jacques-de-la-Lande, Ille-et-Vilaine, FR","Tours, Indre-et-Loire, FR",1,197.25
"Geneva, CH","Tours, Indre-et-Loire, FR",1,430.24
"Chambéry, FR","Toussus-le-Noble, Yvelines, FR",2,448.43
"Tarbes/Lourdes/Pyrénées, FR","Toussus-le-Noble, Yvelines, FR",1,640.79
"Groningen, NL","Toussus-le-Noble, Yvelines, FR",1,577.67
"Trabzon, TR","Tymbou (Kirklar), CY",7,850.61
"Selçuk, TR","Trabzon, TR",2,1120.67
"Trabzon, TR","Çanakkale, TR",1,1131.66
"Rijeka(Omišalj), HR","Treviso (TV), IT",1,191.55
"Levaldigi (CN), IT","Treviso (TV), IT",1,379.06
"Innsbruck, AT","Treviso (TV), IT",2,190.69
"Santiago de Compostela, ES","Treviso (TV), IT",1,1664.34
"Berlin, DE","Treviso (TV), IT",4,752.5300000000001
"Oslo (Gardermoen), NO","Trollhättan, SE",1,220.24
"Roskilde, DK","Trondheim, NO",1,877.95
"Stockholm, SE","Turku, FI",11,265.53
"Selçuk, TR","Tymbou (Kirklar), CY",8,633.31
"Innsbruck, AT","Uherské Hradiště, CZ",1,493.02
"Valencia, ES","Warsaw, PL",5,2165.79
"Melilla, ES","Valencia, ES",1,516.57
"Valencia, ES","Valletta, MT",1,1376.78
"Nice, Alpes-Maritimes, FR","Valencia, ES",1,789.92
"Paris, FR","Valladolid, ES",1,1008.82
"Napoli, IT","Valletta, MT",3,560.7
"Nice, Alpes-Maritimes, FR","Valletta, MT",1,1067.46
"Montichiari (BS), IT","Valletta, MT",2,1121.51
"Beauvais, FR","Valletta, MT",4,1815.41
"Lamezia Terme (CZ), IT","Valletta, MT",2,373.92
"Schkeuditz, DE","Valletta, MT",1,1741.13
"Antwerp, BE","Velika Gorica, HR",1,1046.44
"Berlin, DE","Velika Gorica, HR",4,759.2400000000001
"Málaga, ES","Velika Gorica, HR",7,1985.64
"Düsseldorf, DE","Velika Gorica, HR",1,920.58
"Velika Gorica, HR","Warsaw, PL",10,802.39
"Velika Gorica, HR","Zaventem, BE",6,1029.02
"Charleroi, BE","Velika Gorica, HR",6,1007.52
"Bournemouth, GB","Velika Gorica, HR",1,1434.51
"Dublin, IE","Velika Gorica, HR",5,1811.86
"Farnborough, Hampshire, GB","Velika Gorica, HR",1,1380.71
"Loreo (RO), IT","Venegono Superiore (VA), IT",1,265.69
"Balice, PL","Venezia (VE), IT",1,752.21
"Ferno (VA), IT","Venezia (VE), IT",4,282.41
"Napoli, IT","Venezia (VE), IT",4,537.11
"Nuremberg, DE","Venezia (VE), IT",3,454.22
"Larnaca, CY","Venezia (VE), IT",4,2148.76
"Venezia (VE), IT","Zgornji Brnik, SI",5,181.56
"Stuttgart, DE","Venezia (VE), IT",1,425.98
"Tallinn, EE","Venezia (VE), IT",3,1756.0
"Hamburg, DE","Venezia (VE), IT",2,915.13
"Vienna, AT","Weßling, DE",1,392.55
"Nuremberg, DE","Vienna, AT",2,430.67
"Bern, CH","Vienna, AT",1,693.73
"Tallinn, EE","Vienna, AT",2,1366.74
"Cormeilles-en-Vexin, Val-d'Oise, FR","Vienna, AT",1,1072.63
"Palma de Mallorca, ES","Vigo, ES",1,999.85
"Thessaloniki, GR","Vigo, ES",1,2628.19
"Geneva, CH","Vilnius, LT",1,1639.58
"Győr, HU","Vilnius, LT",1,936.59
"Bordeaux, FR","Vilnius, LT",1,2145.24
"Innsbruck, AT","Växjö, SE",1,1099.36
"Cormeilles-en-Vexin, Val-d'Oise, FR","Warsaw, PL",2,1372.53
"Kaunas, LT","Warsaw, PL",5,369.31
"Turku, FI","Warsaw, PL",1,926.1
"Leeds, West Yorkshire, GB","Waterford, IE",1,407.95
"Cambridge, Cambridgeshire, GB","Weert, NL",1,388.24
"Hamburg, DE","Weeze, DE",2,336.7
"Beauvais, FR","Weeze, DE",2,371.5
"Paris, FR","Wevelgem, BE",2,181.97
"Annecy, FR","Wevelgem, BE",2,584.0
"Geneva, CH","Wevelgem, BE",1,552.19
"Lisbon, PT","Weßling, DE",1,1937.1
"Hannover, DE","Weßling, DE",2,500.03
"Valletta, MT","Weßling, DE",1,1385.81
"Nobitz, DE","Weßling, DE",1,334.38
"Dortmund, DE","Weßling, DE",4,464.05
"Antwerp, BE","Weßling, DE",2,600.23
"Linz, AT","Weßling, DE",1,221.76
"Gaziemir, TR","Weßling, DE",1,1679.71
"Treviso (TV), IT","Wiener Neustadt, AT",1,392.93
"Liverpool, GB","Woking, Surrey, GB",1,270.2
"Saint-Jacques-de-la-Lande, Ille-et-Vilaine, FR","Woking, Surrey, GB",1,374.23
"Paris, FR","Woking, Surrey, GB",3,302.29
"Norwich, Norfolk, GB","Woking, Surrey, GB",2,194.11
"Lisbon, PT","Wrocław, PL",2,2443.36
"Lamezia Terme (CZ), IT","Zakynthos, GR",1,424.44
"Valencia, ES","Zaragoza, ES",2,246.66
"Farnborough, Hampshire, GB","Zaragoza, ES",1,1068.73
"Prague, CZ","Zaragoza, ES",1,1505.83
"Liverpool, GB","Zaragoza, ES",2,1304.47
"Zaragoza, ES","Zaventem, BE",1,1110.46
"Köln (Cologne), DE","Zaventem, BE",5,186.52000000000004
"Nice, Alpes-Maritimes, FR","Zaventem, BE",4,831.17
"Chambéry, FR","Zaventem, BE",1,594.27
"Antalya, TR","Zaventem, BE",4,2597.76
"Birmingham, West Midlands, GB","Zaventem, BE",1,462.92
"Palma de Mallorca, ES","Zaventem, BE",1,1269.31
"Jönköping, SE","Zaventem, BE",2,981.67
"Prague, CZ","Zgornji Brnik, SI",1,431.37
"Innsbruck, AT","Zgornji Brnik, SI",1,263.74
"Treviso (TV), IT","Zgornji Brnik, SI",1,186.33
"Spata-Artemida, GR","Zgornji Brnik, SI",1,1207.42
"Nuremberg, DE","Zgornji Brnik, SI",1,442.82
"Roskilde, DK","Zurich, CH",2,936.81
"Sønderborg, DK","Zurich, CH",1,839.12
"Wurster Nordseeküste, DE","Zurich, CH",1,701.64
"Newcastle upon Tyne, Tyne and Wear, GB","Zurich, CH",2,1101.42
"Kidlington, Oxfordshire, GB","Zurich, CH",2,860.15
"Zaragoza, ES","Zweibrücken, DE",1,1065.09
"Zaventem, BE","Örebro, SE",2,1140.82
"Zaragoza, ES","Šiauliai, LT",1,2366.49
"Aalborg, DK","Göteborg, SE",1,150.25
"Aalborg, DK","Nottingham, Leicestershire, GB",1,855.11
"Aalborg, DK","Geneva, CH",1,1233.99
"Aarhus, DK","Köln (Cologne), DE",1,646.47
"Aarhus, DK","Funchal, PT",2,3361.89
"Aarhus, DK","Prague, CZ",1,730.83
"Aberdeen, GB","Bournemouth, GB",1,714.41
"Aberdeen, GB","Edinburgh, GB",3,156.67
"Aberdeen, GB","Hannover, DE",1,923.79
"Aberdeen, GB","Göteborg, SE",2,854.0
"Aberdeen, GB","Billund, DK",1,715.17
"Agno, CH","Zurich, CH",2,163.99
"Agno, CH","Budapest, HU",1,794.57
"Agno, CH","Genova (GE), IT",1,177.14
"Agno, CH","Chambéry, FR",1,238.32
"Agno, CH","Mönchengladbach, DE",1,607.34
"Ajaccio, FR","Palma de Mallorca, ES",2,574.78
"Ajaccio, FR","Toulouse/Blagnac, FR",4,635.83
"Ajaccio, FR","Grenoble, FR",3,473.58
"Alava, ES","Zaventem, BE",2,1045.32
"Alava, ES","Porto, PT",1,524.11
"Alava, ES","Lisbon, PT",1,706.0
"Alghero, IT","Pisa (PI), IT",4,380.98
"Alghero, IT","Napoli, IT",1,506.05
"Alghero, IT","Luxembourg, LU",1,1013.27
"Alghero, IT","Genova (GE), IT",1,422.72
"Alicante, ES","Lisbon, PT",4,747.91
"Alicante, ES","Colombier-Saugnieu, Rhône, FR",4,949.63
"Alava, ES","Alicante, ES",1,543.24
"Alicante, ES","Memmingen, DE",6,1387.2699999999998
"Alicante, ES","Bydgoszcz, PL",3,2174.67
"Alicante, ES","Linz, AT",4,1629.43
"Alicante, ES","Frankfurt am Main, DE",4,1492.24
"Alicante, ES","Almería, ES",1,226.01
"Alicante, ES","Faro, PT",2,667.44
"Alicante, ES","Vigo, ES",2,812.88
"Almería, ES","Antwerp, BE",1,1684.45
"Amsterdam, NL","Linz, AT",1,809.64
"Amsterdam, NL","Trabzon, TR",1,2917.13
"Amsterdam, NL","Avignon, FR",1,934.24
"Amsterdam, NL","Cascais, PT",2,1861.47
"Amsterdam, NL","Memmingen, DE",1,618.47
"Amsterdam, NL","Sta Cruz de la Palma, La Palma Island, ES",2,3221.41
"Amsterdam, NL","St. Gallen, CH",7,636.66
"Amsterdam, NL","Cannes, FR",1,987.6
"Amsterdam, NL","Melilla, ES",1,1989.58
"Andrézieux-Bouthéon, Loire, FR","Nice, Alpes-Maritimes, FR",1,311.78
"Angers, FR","Palma de Mallorca, ES",1,923.63
"Angoulême, FR","La Roche-sur-Yon, FR",1,163.87
"Annecy, FR","Charleroi, BE",4,518.45
"Antalya, TR","Edinburgh, GB",1,3311.65
"Antalya, TR","Saarbrücken, DE",4,2346.06
"Antalya, TR","Nottingham, Leicestershire, GB",1,3049.79
"Antalya, TR","Balice, PL",4,1709.73
"Antalya, TR","Belfast, GB",1,3411.69
"Antalya, TR","Dublin, IE",3,3381.61
"Antwerp, BE","Braunschweig, DE",1,437.61
"Antwerp, BE","Segrate (MI), IT",2,730.96
"Antwerp, BE","Nice, Alpes-Maritimes, FR",2,862.61
"Antwerp, BE","Göteborg, SE",3,875.78
"Antwerp, BE","Köln (Cologne), DE",1,190.83
"Antwerp, BE","Cannes, FR",2,870.16
"Antwerp, BE","Cambridge, Cambridgeshire, GB",1,316.27
"Antwerp, BE","Ängelholm, SE",2,790.3
"Arvidsjaur, SE","Vienna, AT",1,1950.23
"Atting, DE","Piešťany, SK",2,390.46
"Atting, DE","Laage, DE",2,558.15
"Augsburg, DE","Segrate (MI), IT",1,354.38
"Augsburg, DE","Nice, Alpes-Maritimes, FR",1,602.49
"Augsburg, DE","Braunschweig, DE",1,433.8
"Aurillac, FR","Paris, FR",1,490.75
"Avignon, FR","Paris, FR",1,633.22
"Avignon, FR","Segrate (MI), IT",1,385.8
"Avignon, FR","Rotterdam, NL",2,895.74
"Avignon, FR","Barcelona, ES",1,370.95
"Bacău, RO","Genova (GE), IT",1,1425.26
"Balice, PL","Exeter, Devon, GB",1,1638.96
"Balice, PL","Genova (GE), IT",4,1037.19
"Balice, PL","Linz, AT",2,449.03
"Balice, PL","Prague, CZ",5,394.07
"Balice, PL","Tallinn, EE",6,1086.68
"Balice, PL","Trondheim, NO",2,1579.27
"Barcelona, ES","Faro, PT",1,987.73
"Barcelona, ES","Reggio Calabria, IT",4,1214.11
"Barcelona, ES","Nice, Alpes-Maritimes, FR",13,496.29999999999995
"Barcelona, ES","Brest, FR",4,944.91
"Barcelona, ES","Farnborough, Hampshire, GB",3,1130.82
"Barcelona, ES","Lesquin, FR",4,1033.73
"Barcelona, ES","Glasgow, GB",6,1688.11
"Barcelona, ES","Catania, IT",1,1193.27
"Bastia, FR","Nice, Alpes-Maritimes, FR",6,221.38
"Beauvais, FR","Cork, IE",4,792.48
"Beauvais, FR","Prague, CZ",5,874.2000000000002
"Beauvais, FR","London, GB",2,274.68
"Beauvais, FR","Larnaca, CY",1,3028.16
"Belfast, GB","Kaunas, LT",4,1916.54
"Belfast, GB","Stockholm, SE",1,1536.78
"Belfast, GB","Farnborough, Hampshire, GB",1,513.8
"Belfast, GB","Innsbruck, AT",2,1462.36
"Bergen, NO","Bern, CH",1,1495.23
"Bergen, NO","Berlin, DE",4,1017.42
"Berlin, DE","Bratislava, SK",1,535.35
"Berlin, DE","Sønderborg, DK",1,378.74
"Berlin, DE","Vilnius, LT",3,818.19
"Berlin, DE","Colombier-Saugnieu, Rhône, FR",4,958.07
"Berlin, DE","Nantes, FR",2,1227.13
"Balice, PL","Berlin, DE",1,505.66
"Berlin, DE","Nuremberg, DE",2,360.8
"Berlin, DE","Göteborg, SE",2,602.54
"Berlin, DE","Trento (TN), IT",3,725.56
"Berlin, DE","Catania, IT",1,1660.71
"Bern, CH","Budapest, HU",3,879.43
"Bern, CH","Pisa (PI), IT",1,424.35
"Bern, CH","Farnborough, Hampshire, GB",13,772.7700000000001
"Bern, CH","Istanbul, TR",3,1829.23
"Bern, CH","Innsbruck, AT",2,293.65
"Bern, CH","Firenze (FI), IT",1,450.32
"Bern, CH","Le Castellet, Var, FR",1,428.63
"Bern, CH","Birmingham, West Midlands, GB",1,905.47
"Bern, CH","Chassieu, Lyon, FR",2,236.3
"Bern, CH","Norwich, Norfolk, GB",1,780.23
"Bern, CH","Wevelgem, BE",1,535.61
"Bern, CH","Mönchengladbach, DE",1,485.51
"Biarritz, FR","London, GB",3,900.94
"Bielefeld, DE","Wilhelmshaven, DE",1,174.14
"Billund, DK","St. Gallen, CH",1,918.37
"Billund, DK","Lisbon, PT",1,2321.62
"Billund, DK","Ängelholm, SE",1,237.49
"Billund, DK","Gdańsk, PL",2,611.39
"Billund, DK","Rhodes, GR",2,2580.34
"Billund, DK","Southend-on-Sea, Essex, GB",1,724.41
"Billund, DK","Lycksele, SE",1,1110.48
"Birmingham, West Midlands, GB","Chambéry, FR",6,938.83
"Birmingham, West Midlands, GB","Chassieu, Lyon, FR",1,891.78
"Birmingham, West Midlands, GB","Poznań, PL",4,1255.43
"Birmingham, West Midlands, GB","Exeter, Devon, GB",1,223.16
"Birmingham, West Midlands, GB","Dortmund, DE",1,648.9
"Berlin, DE","Blackpool, GB",1,1112.99
"Antalya, TR","Bodrum, TR",1,280.04
"Bodø, NO","Stavanger, NO",1,1029.25
"Bodø, NO","Málaga, ES",1,3604.87
"Bodø, NO","Frankfurt am Main, DE",1,1944.47
"Bologna, IT","Katowice, PL",3,881.6
"Bologna, IT","Isola di Capo Rizzuto (KR), IT",2,780.55
"Bologna, IT","Palma de Mallorca, ES",4,896.7
"Ajaccio, FR","Bologna, IT",1,353.38
"Bolzano (BZ), IT","Hamburg, DE",3,798.48
"Bolzano (BZ), IT","Chambéry, FR",1,429.99
"Bolzano (BZ), IT","Palermo, IT",2,937.1
"Bolzano (BZ), IT","Paris, FR",4,746.58
"Bolzano (BZ), IT","Warsaw, PL",1,944.54
"Bolzano (BZ), IT","Luton, Luton, GB",2,1039.9
"Bordeaux, FR","Luxembourg, LU",2,746.59
"Bordeaux, FR","Nice, Alpes-Maritimes, FR",11,644.7600000000001
"Bordeaux, FR","Kidlington, Oxfordshire, GB",1,780.55
"Bordeaux, FR","Edinburgh, GB",4,1250.67
"Avignon, FR","Bordeaux, FR",1,458.0
"Bordeaux, FR","Budapest, HU",4,1551.58
"Bordeaux, FR","Bucharest, RO",3,2110.85
"Bordeaux, FR","Cannes, FR",1,627.69
"Bordeaux, FR","Düsseldorf, DE",1,907.49
"Bordeaux, FR","Charleroi, BE",4,736.24
"Bordeaux, FR","Tarbes/Lourdes/Pyrénées, FR",1,192.03
"Bournemouth, GB","Edinburgh, GB",6,583.73
"Bournemouth, GB","Faro, PT",4,1606.06
"Bournemouth, GB","Salzburg, AT",1,1124.45
"Bournemouth, GB","Valletta, MT",4,2112.25
"Bournemouth, GB","Liverpool, GB",2,292.3
"Bratislava, SK","Mannheim, DE",1,652.7
"Bratislava, SK","Innsbruck, AT",1,450.45
"Bratislava, SK","Düsseldorf, DE",1,826.07
"Bratislava, SK","Frankfurt am Main (Lautzenhausen), DE",1,750.85
"Braunschweig, DE","Kiel, DE",1,230.72
"Braunschweig, DE","Saarbrücken, DE",1,421.35
"Braunschweig, DE","Vienna, AT",1,633.71
"Bremen, DE","Stuttgart, DE",3,485.41
"Berlin, DE","Bremen, DE",2,326.49
"Bremen, DE","Dortmund, DE",1,187.87
"Bremen, DE","Faro, PT",1,2204.64
"Brest, FR","Le Castellet, Var, FR",1,977.58
"Brest, FR","Nice, Alpes-Maritimes, FR",2,1042.24
"Brest, FR","Zgornji Brnik, SI",1,1439.95
"Brest, FR","Strasbourg, FR",4,886.86
"Bristol, GB","Bydgoszcz, PL",4,1416.86
"Bristol, GB","Poznań, PL",4,1341.43
"Bristol, GB","Innsbruck, AT",8,1115.06
"Bristol, GB","Perth, Perth and Kinross, GB",1,563.93
"Bilbao, ES","Bristol, GB",1,898.71
"Bristol, GB","Grenoble, FR",9,894.04
"Brno, CZ","Weßling, DE",1,415.06
"Brno, CZ","Plzen, CZ",2,254.11
"Bucharest, RO","Nyköping, SE",4,1703.18
"Bucharest, RO","Nuremberg, DE",4,1262.59
"Bucharest, RO","Lamezia Terme (CZ), IT",4,1028.97
"Bucharest, RO","Köln (Cologne), DE",4,1577.6
"Bucharest, RO","Napoli, IT",3,1045.77
"Bucharest, RO","Valencia, ES",4,2255.87
"Bucharest, RO","Nice, Alpes-Maritimes, FR",3,1508.03
"Bucharest, RO","Frankfurt am Main (Lautzenhausen), DE",4,1538.89
"Bucharest, RO","Caselle (VR), IT",4,1199.06
"Bucharest, RO","Colombier-Saugnieu, Rhône, FR",5,1648.9000000000003
"Bucharest, RO","Stockholm, SE",4,1752.18
"Bucharest, RO","Šiauliai, LT",1,1277.14
"Bucharest, RO","Hamburg, DE",5,1543.92
"Bucharest, RO","Chambéry, FR",2,1588.09
"Budapest, HU","Hannover, DE",1,870.92
"Budapest, HU","Newcastle upon Tyne, Tyne and Wear, GB",8,1664.13
"Budapest, HU","Liverpool, GB",4,1678.28
"Budapest, HU","Riga, LV",4,1103.49
"Budapest, HU","Katowice, PL",5,331.95
"Budapest, HU","Cluj-Napoca, RO",1,354.11
"Budapest, HU","Segrate (MI), IT",1,786.76
"Budapest, HU","Grâce-Hollogne, BE",1,1054.16
"Budapest, HU","Pécs, HU",2,179.89
"Balice, PL","Budapest, HU",1,291.74
"Buochs, CH","Luxembourg, LU",1,336.27
"Buochs, CH","Nice, Alpes-Maritimes, FR",1,380.1
"Buochs, CH","Paris, FR",1,524.4
"Burbach, DE","Rotterdam, NL",1,288.83
"Burgos, ES","Reus, ES",1,419.37
"Busevec, HR","Thessaloniki, GR",2,795.82
"Busevec, HR","Köln (Cologne), DE",1,881.41
"Alicante, ES","Busevec, HR",1,1599.44
"Busevec, HR","Valletta, MT",3,1098.46
"Bydgoszcz, PL","Sandefjord(Torp), NO",1,827.86
"Büren, DE","Laval, Mayenne, FR",1,779.85
"Büren, DE","Stuttgart, DE",1,327.82
"Büren, DE","Memmingen, DE",1,419.44
"Budapest, HU","Büren, DE",1,884.2
"Büren, DE","Madrid, ES",1,1559.82
"Büren, DE","Schkeuditz, DE",2,251.04
"Büren, DE","Palma de Mallorca, ES",2,1415.83
"Caen, FR","Toussus-le-Noble, Yvelines, FR",1,192.83
"Calais, FR","Saint-Jacques-de-la-Lande, Ille-et-Vilaine, FR",1,417.5
"Calden, DE","Egelsbach, DE",1,170.52
"Calden, DE","Laage, DE",1,339.28
"Calden, DE","Hamburg, DE",1,243.24
"Calvi, FR","Nice, Alpes-Maritimes, FR",1,179.24
"Cambridge, Cambridgeshire, GB","Wevelgem, BE",1,260.45
"Cambridge, Cambridgeshire, GB","Paris, FR",1,354.05
"Cannes, FR","Palma de Mallorca, ES",1,566.02
"Bastia, FR","Cannes, FR",1,233.36
"Cannes, FR","Colmar, FR",1,508.22
"Cannes, FR","Geneva, CH",3,306.46
"Belluno (BL), IT","Capannori (LU), IT",1,291.6
"Cardiff, GB","Edinburgh, GB",6,506.32
"Cardiff, GB","Farnborough, Hampshire, GB",2,178.82
"Carterton, Oxfordshire, GB","Warton, GB",1,238.45
"Cascais, PT","Zurich, CH",2,1741.71
"Cascais, PT","Hamburg, DE",1,2206.48
"Cascais, PT","Rome, IT",2,1874.06
"Cascais, PT","Farnborough, Hampshire, GB",1,1547.55
"Caselle (VR), IT","Hannover, DE",1,790.58
"Caselle (VR), IT","Stockholm, SE",3,1637.48
"Caselle (VR), IT","Farnborough, Hampshire, GB",1,1079.99
"Caselle (VR), IT","Pescara, IT",1,422.19
"Augsburg, DE","Caselle (VR), IT",1,336.97
"Caselle (VR), IT","Seville, ES",4,1651.86
"Caselle (VR), IT","Hamburg, DE",1,913.15
"Caselle Torinese (TO), IT","Stockholm, SE",11,1732.1899999999998
"Caselle Torinese (TO), IT","Luton, Luton, GB",8,947.0899999999999
"Caselle Torinese (TO), IT","Forlì (FC), IT",1,366.81
"Catania, IT","Spata-Artemida, GR",1,782.52
"Catania, IT","Frankfurt am Main, DE",1,1489.81
"Chabeuil, Drôme, FR","Norwich, Norfolk, GB",1,903.22
"Chalons en Champagne, FR","Istanbul, TR",2,2117.48
"Chambéry, FR","Munich, DE",3,539.95
"Chambéry, FR","Zurich, CH",4,287.33
"Chambéry, FR","Wevelgem, BE",2,608.99
"Chambéry, FR","Dublin, IE",2,1229.04
"Chambéry, FR","Frankfurt am Main, DE",1,527.26
"Cardiff, GB","Chambéry, FR",2,932.26
"Chambéry, FR","Helsinki (Vantaa), FI",1,2057.01
"Camberley, Surrey, GB","Chambéry, FR",1,802.8
"Chambéry, FR","Zaragoza, ES",1,710.31
"Chambéry, FR","Istanbul, TR",3,1926.97
"Charleroi, BE","Ronchi dei Legionari/Trieste, IT",4,843.24
"Charleroi, BE","Newcastle upon Tyne, Tyne and Wear, GB",4,655.38
"Catania, IT","Charleroi, BE",1,1672.1
"Charleroi, BE","Nantes, FR",6,576.72
"Charleroi, BE","Nottingham, Leicestershire, GB",2,478.17
"Charleroi, BE","Nowy Dwór Mazowiecki, PL",4,1140.94
"Charleroi, BE","Zaragoza, ES",4,1065.43
"Charleroi, BE","Perpignan/Rivesaltes, FR",4,867.08
"Alava, ES","Charleroi, BE",2,1004.28
"Charleroi, BE","Grenoble, FR",3,570.67
"Bern, CH","Charleroi, BE",4,453.26
"Charleroi, BE","Farnborough, Hampshire, GB",2,378.32
"Charlestown, IE","Málaga, ES",4,1945.13
"Chassieu, Lyon, FR","Luton, Luton, GB",4,785.98
"Chassieu, Lyon, FR","Farnborough, Hampshire, GB",4,746.61
"Chassieu, Lyon, FR","Stuttgart, DE",1,461.27
"Clermont-Ferrand, FR","Porto, PT",5,1079.11
"Clermont-Ferrand, FR","Nîmes/Garons, FR",1,246.18
"Cluj-Napoca, RO","Madrid, ES",2,2300.08
"Cascais, PT","Coimbra, PT",1,176.59
"Colombier-Saugnieu, Rhône, FR","Valletta, MT",5,1351.97
"Colombier-Saugnieu, Rhône, FR","Firenze (FI), IT",2,527.38
"Constanța, RO","Istanbul, TR",4,370.44
"Copenhagen, DK","Linz, AT",1,824.62
"Copenhagen, DK","Köln (Cologne), DE",1,642.84
"Cork, IE","Liverpool, GB",5,415.58
"Cork, IE","Poznań, PL",4,1720.25
"Cork, IE","Prague, CZ",4,1598.12
"Culleredo, ES","Seville, ES",2,687.21
"Culleredo, ES","Pamplona, ES",2,550.09
"Darlington, Durham, GB","Duxford, Cambridgeshire, GB",1,288.22
"Darlington, Durham, GB","Zurich, CH",1,1048.04
"Deauville, FR","Grimsby, Lincolnshire, GB",1,469.53
"Deauville, FR","St. Gallen, CH",1,724.32
"Cluj-Napoca, RO","Dortmund, DE",1,1278.43
"Dortmund, DE","Schkeuditz, DE",1,320.18
"Dortmund, DE","St. Gallen, CH",1,469.99
"Dortmund, DE","Varna, BG",1,1770.36
"Dortmund, DE","Groningen, NL",1,191.38
"Dortmund, DE","Paris, FR",2,452.77
"Dresden, DE","Nuremberg, DE",1,263.68
"Dresden, DE","Southampton, GB",1,1055.75
"Dresden, DE","Laage, DE",2,325.54
"Dresden, DE","Rotterdam, NL",1,651.21
"Dresden, DE","Rheinmünster, DE",1,483.63
"Dresden, DE","Rome, IT",2,1042.77
"Dresden, DE","Linz, AT",1,320.7
"Dresden, DE","Feldkirchen bei Graz, AT",2,476.48
"Dublin, IE","Ronchi dei Legionari/Trieste, IT",4,1645.56
"Dublin, IE","Nice, Alpes-Maritimes, FR",3,1466.5
"Dublin, IE","Toulouse/Blagnac, FR",4,1224.23
"Dublin, IE","St. Gallen, CH",1,1296.43
"Bournemouth, GB","Dublin, IE",1,421.69
"Dublin, IE","Košice, SK",3,1980.55
"Bacău, RO","Dublin, IE",2,2467.54
"Dublin, IE","Linz, AT",1,1544.09
"Dublin, IE","Jasionka, PL",3,1967.45
"Dublin, IE","Southend-on-Sea, Essex, GB",1,513.9
"Dundee, GB","Zurich, CH",1,1272.93
"Angelsey, GB","Dundee, GB",1,369.16
"Blackpool, GB","Dundee, GB",1,298.09
"Düsseldorf, DE","Edinburgh, GB",2,844.62
"Düsseldorf, DE","Porto, PT",2,1623.82
"Düsseldorf, DE","Gaziemir, TR",4,2149.43
"Düsseldorf, DE","Linz, AT",1,633.93
"Düsseldorf, DE","Innsbruck, AT",3,557.44
"Düsseldorf, DE","Giebelstadt, DE",1,290.81
"Düsseldorf, DE","Weßling, DE",1,482.33
"Deauville, FR","Düsseldorf, DE",1,515.61
"Caselle (VR), IT","Düsseldorf, DE",1,722.45
"Edinburgh, GB","Stuttgart, DE",2,1173.34
"Edinburgh, GB","Köln (Cologne), DE",4,895.81
"Edinburgh, GB","Kaunas, LT",4,1723.27
"Edinburgh, GB","Nice, Alpes-Maritimes, FR",2,1559.8
"Edinburgh, GB","Spata-Artemida, GR",7,2848.01
"Edinburgh, GB","Munich, DE",5,1330.33
"Edinburgh, GB","Stockholm, SE",4,1318.7
"Cannes, FR","Egelsbach, DE",1,724.43
"Egelsbach, DE","Palma de Mallorca, ES",3,1246.73
"Egelsbach, DE","Sylt, DE",1,551.15
"Egelsbach, DE","Pisa (PI), IT",1,710.4
"Egelsbach, DE","Zaventem, BE",1,312.56
"Egelsbach, DE","Hörselberg-Hainich, DE",1,173.34
"Eindhoven, NL","Newcastle upon Tyne, Tyne and Wear, GB",1,616.01
"Eindhoven, NL","Vienna, AT",6,884.25
"Birmingham, West Midlands, GB","Enontekio, FI",1,2211.43
"Erfurt, DE","Laage, DE",4,338.86
"Eskişehir, TR","Munich, DE",1,1765.12
"Essen, DE","Salzburg, AT",1,593.13
"Exeter, Devon, GB","London, GB",2,250.55
"Exeter, Devon, GB","Haverfordwest, GB",1,162.8
"Bratislava, SK","Falconara Marittima (AN), IT",1,587.36
"Catania, IT","Falconara Marittima (AN), IT",1,698.74
"Broughton, GB","Farnborough, Hampshire, GB",2,259.25
"Farnborough, Hampshire, GB","Stockholm, SE",3,1485.7300000000002
"Copenhagen, DK","Farnborough, Hampshire, GB",2,1009.76
"Farnborough, Hampshire, GB","Inverness, GB",2,728.06
"Düsseldorf, DE","Farnborough, Hampshire, GB",1,524.4
"Farnborough, Hampshire, GB","Larnaca, CY",1,3290.67
"Farnborough, Hampshire, GB","St. Gallen, CH",5,857.76
"Farnborough, Hampshire, GB","Istanbul, TR",2,2532.89
"Bordeaux, FR","Farnborough, Hampshire, GB",1,716.9
"Agno, CH","Farnborough, Hampshire, GB",2,920.74
"Farnborough, Hampshire, GB","Prestwick, South Ayrshire, GB",1,533.02
"Billund, DK","Farnborough, Hampshire, GB",1,822.09
"Farnborough, Hampshire, GB","Lisbon, PT",2,1534.46
"Farnborough, Hampshire, GB","Leixlip, IE",1,451.64
"Cannes, FR","Farnborough, Hampshire, GB",1,1036.45
"Farnborough, Hampshire, GB","Perth, Perth and Kinross, GB",1,598.74
"Faro, PT","Frankfurt am Main (Lautzenhausen), DE",4,1884.08
"Faro, PT","Madrid, ES",1,531.78
"Aberdeen, GB","Faro, PT",2,2284.74
"Faro, PT","Memmingen, DE",4,1919.45
"Faro, PT","Segrate (MI), IT",1,1714.53
"Faro, PT","Shannon, IE",1,1745.79
"Faro, PT","Frankfurt am Main, DE",6,1958.32
"Feldkirchen bei Graz, AT","Luton, Luton, GB",1,1262.08
"Feldkirchen bei Graz, AT","Stuttgart, DE",1,500.83
"Feldkirchen bei Graz, AT","Geneva, CH",1,717.14
"Feldkirchen bei Graz, AT","Toussus-le-Noble, Yvelines, FR",1,1012.22
"Feldkirchen bei Graz, AT","Hamburg, DE",4,830.96
"Feldkirchen bei Graz, AT","Innsbruck, AT",1,311.26
"Catania, IT","Ferno (VA), IT",5,1049.07
"Ferno (VA), IT","Geneva, CH",5,213.51
"Ferno (VA), IT","Friedrichshafen, DE",1,234.66
"Ferno (VA), IT","Nuremberg, DE",2,464.79
"Figari, FR","Geneva, CH",2,578.45
"Firenze (FI), IT","Marignane, Bouches-du-Rhône, FR",1,483.83
"Firenze (FI), IT","Palermo, IT",2,651.58
"Bordeaux, FR","Firenze (FI), IT",2,954.05
"Firenze (FI), IT","Nantes, FR",2,1064.44
"Forlì (FC), IT","Rome, IT",3,267.65
"Forlì (FC), IT","Geneva, CH",2,519.09
"Frankfurt am Main, DE","Groningen, NL",2,370.07
"Frankfurt am Main, DE","Laage, DE",1,502.01
"Frankfurt am Main, DE","Genova (GE), IT",3,624.69
"Frankfurt am Main, DE","Tenerife, ES",1,3211.14
"Aarhus, DK","Frankfurt am Main, DE",1,711.22
"Frankfurt am Main, DE","Kaunas, LT",2,1182.36
"Frankfurt am Main, DE","Saint-Jacques-de-la-Lande, Ille-et-Vilaine, FR",1,780.37
"Frankfurt am Main (Lautzenhausen), DE","Thessaloniki, GR",4,1610.35
"Billund, DK","Frankfurt am Main (Lautzenhausen), DE",1,656.65
"Frankfurt am Main (Lautzenhausen), DE","Timişoara, RO",2,1143.83
"Friedrichshafen, DE","Hannover, DE",2,532.75
"Friedrichshafen, DE","Manchester, Greater Manchester, GB",1,1043.68
"Friedrichshafen, DE","Wevelgem, BE",1,575.66
"Frankfurt am Main, DE","Friedrichshafen, DE",1,271.03
"Antwerp, BE","Friedrichshafen, DE",6,534.94
"Farnborough, Hampshire, GB","Friedrichshafen, DE",3,843.4500000000002
"Funchal, PT","Marignane, Bouches-du-Rhône, FR",2,2254.5
"Funchal, PT","Hamburg, DE",4,3138.7
"Belfast, GB","Funchal, PT",1,2580.95
"Funchal, PT","Köln (Cologne), DE",4,2806.42
"Gaziemir, TR","Rome, IT",1,1311.47
"Antalya, TR","Gaziemir, TR",4,356.42
"Barcelona, ES","Gaziemir, TR",1,2160.75
"Gaziemir, TR","Stuttgart, DE",4,1844.0600000000002
"Gdańsk, PL","Łódź, PL",1,301.79
"Gdańsk, PL","Poprad, SK",2,602.55
"Gdańsk, PL","Vienna, AT",1,709.22
"Gdańsk, PL","Liverpool, GB",2,1397.4
"Gdańsk, PL","Prague, CZ",2,554.91
"Beauvais, FR","Gdańsk, PL",1,1244.14
"Belfast, GB","Gdańsk, PL",1,1574.59
"Ferno (VA), IT","Gdańsk, PL",1,1193.62
"Geneva, CH","Toussus-le-Noble, Yvelines, FR",3,410.47
"Geneva, CH","Samedan, CH",1,291.4
"Geneva, CH","Seville, ES",5,1393.75
"Geneva, CH","Maastricht, NL",4,520.21
"Capua, IT","Geneva, CH",1,862.62
"Akrotiri, CY","Geneva, CH",1,2599.76
"Geneva, CH","Genova (GE), IT",2,294.65
"Geneva, CH","Göteborg, SE",7,1339.13
"Geneva, CH","Salzburg, AT",1,550.39
"Geneva, CH","Southampton, GB",8,758.25
"Genova (GE), IT","Poznań, PL",1,1066.41
"Broughton, GB","Genova (GE), IT",1,1300.34
"Genova (GE), IT","Nice, Alpes-Maritimes, FR",1,154.57
"Genova (GE), IT","Ibiza (Eivissa), ES",1,873.6
"Girona, ES","Mošnov, CZ",3,1467.31
"Brighton, East Sussex, GB","Girona, ES",1,1020.2
"Girona, ES","Weeze, DE",2,1108.22
"Amsterdam, NL","Girona, ES",1,1166.63
"Girona, ES","Nîmes/Garons, FR",1,246.26
"Glasgow, GB","Prague, CZ",8,1400.14
"Blackpool, GB","Glasgow, GB",1,250.25
"Glasgow, GB","Istanbul, TR",2,2918.63
"Carterton, Oxfordshire, GB","Glasgow, GB",1,494.94
"Grenoble, FR","Luton, Luton, GB",23,835.88
"Grenoble, FR","Ibiza (Eivissa), ES",1,791.74
"Cascais, PT","Grenoble, FR",1,1416.31
"Grenoble, FR","Norwich, Norfolk, GB",1,864.69
"Greven, DE","Mannheim, DE",1,301.49
"Birmingham, West Midlands, GB","Greven, DE",1,642.29
"Bergen, NO","Greven, DE",1,919.91
"Greven, DE","Perpignan/Rivesaltes, FR",1,1104.94
"Greven, DE","Vienna, AT",2,774.42
"Greven, DE","Weßling, DE",1,518.27
"Greven, DE","Kiel, DE",2,298.4
"Greven, DE","Ibiza (Eivissa), ES",1,1553.04
"Greven, DE","Laage, DE",1,365.39
"Grimsby, Lincolnshire, GB","Paris, FR",1,508.01
"Groningen, NL","Maastricht, NL",1,251.67
"Groningen, NL","London, GB",2,484.09
"Geneva, CH","Groningen, NL",1,765.87
"Groningen, NL","St. Gallen, CH",2,661.19
"Grâce-Hollogne, BE","Wrocław, PL",1,803.49
"Grâce-Hollogne, BE","Shannon, IE",2,1015.24
"Chambéry, FR","Grâce-Hollogne, BE",3,556.97
"Győr, HU","Munich, DE",1,454.96
"Bern, CH","Győr, HU",1,781.05
"Göteborg, SE","Turku, FI",1,658.36
"Göteborg, SE","Weeze, DE",1,779.3
"Göteborg, SE","Hamburg, DE",2,479.44
"Caselle (VR), IT","Göteborg, SE",1,1372.75
"Göteborg, SE","Odense, DK",1,271.42
"Halmstad, SE","Jasionka, PL",1,951.17
"Erfurt, DE","Hamburg, DE",1,298.26
"Hamburg, DE","Linz, AT",1,664.69
"Hamburg, DE","Vilnius, LT",4,1006.94
"Hamburg, DE","Prague, CZ",1,488.82
"Hannover, DE","Warsaw, PL",1,764.15
"Balice, PL","Hannover, DE",1,750.17
"Hannover, DE","Lesquin, FR",2,501.62
"Feldkirchen bei Graz, AT","Hannover, DE",1,735.05
"Hannover, DE","Linz, AT",1,567.87
"Hannover, DE","Saint-Jacques-de-la-Lande, Ille-et-Vilaine, FR",2,945.69
"Hannover, DE","Laage, DE",1,236.83
"Emden, DE","Hannover, DE",1,194.49
"Hannover, DE","Mannheim, DE",1,342.21
"Haverfordwest, GB","Liverpool, GB",1,219.61
"Helsinki (Vantaa), FI","Segrate (MI), IT",2,1949.31
"Arvidsjaur, SE","Helsinki (Vantaa), FI",1,652.21
"Helsinki (Vantaa), FI","Nice, Alpes-Maritimes, FR",3,2199.91
"Hof, DE","Salzburg, AT",1,289.86
"Dresden, DE","Hof, DE",1,164.37
"Hondarribia, ES","Madrid, ES",9,360.76
"Hyères, Var, FR","London, GB",1,1044.4
"Hyères, Var, FR","Madrid, ES",1,866.42
"Bournemouth, GB","Ibiza (Eivissa), ES",1,1347.74
"Ibiza (Eivissa), ES","Nice, Alpes-Maritimes, FR",1,721.86
"Ibiza (Eivissa), ES","Segrate (MI), IT",2,978.04
"Hamburg, DE","Ibiza (Eivissa), ES",3,1759.62
"Girona, ES","Ibiza (Eivissa), ES",1,357.03
"Ibiza (Eivissa), ES","Salzburg, AT",1,1364.13
"Farnborough, Hampshire, GB","Innsbruck, AT",1,984.63
"Innsbruck, AT","Southend-on-Sea, Essex, GB",1,906.04
"Innsbruck, AT","Luton, Luton, GB",10,986.5500000000001
"Innsbruck, AT","Prague, CZ",4,381.51
"Inverness, GB","Prestwick, South Ayrshire, GB",1,229.26
"Billund, DK","Inverness, GB",1,830.4
"Inverness, GB","Rotterdam, NL",1,824.77
"Istanbul, TR","Recea, RO",1,704.13
"Istanbul, TR","Tuzla, RO",3,327.72
"Istanbul, TR","Rhodes, GR",4,521.75
"Grâce-Hollogne, BE","Jasionka, PL",1,1174.83
"Jasionka, PL","Nice, Alpes-Maritimes, FR",1,1330.97
"Jasionka, PL","Szczecin(Glewice), PL",1,622.91
"Jasionka, PL","Stockholm, SE",1,1076.17
"Colombier-Saugnieu, Rhône, FR","Jasionka, PL",1,1349.12
"Jasionka, PL","Rome, IT",3,1183.01
"Frankfurt am Main (Lautzenhausen), DE","Jasionka, PL",1,1052.96
"Jerez de la Frontera, ES","Zaragoza, ES",3,697.2
"Jerez de la Frontera, ES","London, GB",1,1709.1
"Bodø, NO","Jyväskylän Maalaiskunta, FI",1,759.0
"Kalmar, SE","Stockholm, SE",3,327.72
"Catania, IT","Kartepe, TR",1,1343.89
"Katowice, PL","St. Gallen, CH",1,769.49
"Grenoble, FR","Katowice, PL",1,1169.33
"Katowice, PL","Nice, Alpes-Maritimes, FR",1,1173.21
"Katowice, PL","Paphos, CY",2,2060.27
"Katowice, PL","Málaga, ES",5,2423.61
"Catania, IT","Katowice, PL",1,1481.22
"Kaunas, LT","Munich, DE",1,1119.7
"Kaunas, LT","Shannon, IE",4,2160.24
"Kaunas, LT","Prague, CZ",2,855.48
"Copenhagen, DK","Kidlington, Oxfordshire, GB",1,1008.64
"Glasgow, GB","Kidlington, Oxfordshire, GB",1,492.82
"Kidlington, Oxfordshire, GB","Palma de Mallorca, ES",1,1401.38
"Hannover, DE","Kiel, DE",1,215.49
"Frankfurt am Main, DE","Klagenfurt am Wörthersee, AT",1,569.01
"Klagenfurt am Wörthersee, AT","Zurich, CH",1,447.8
"Kos Island, GR","Thessaloniki, GR",6,547.21
"Frankfurt am Main, DE","Košice, SK",1,930.04
"Kuopio / Siilinjärvi, FI","Mikkeli, FI",1,150.02
"Bern, CH","Köln (Cologne), DE",1,440.34
"Köln (Cologne), DE","Luton, Luton, GB",2,533.07
"Cluj-Napoca, RO","Köln (Cologne), DE",1,1289.79
"Köln (Cologne), DE","Segrate (MI), IT",2,623.13
"L'Hôpital-le-Mercier, Saône-et-Loire, FR","Montpellier/Méditerranée, FR",2,315.58
"L'Hôpital-le-Mercier, Saône-et-Loire, FR","Lesquin, FR",1,466.59
"La Baule-Escoublac, FR","Toussus-le-Noble, Yvelines, FR",1,368.85
"La Virgen Del Camino, ES","Porto, PT",3,291.61
"La Virgen Del Camino, ES","Toulouse/Blagnac, FR",2,581.03
"La Virgen Del Camino, ES","Palma de Mallorca, ES",2,779.97
"Laage, DE","Weßling, DE",1,652.73
"Lamezia Terme (CZ), IT","Ronchi dei Legionari/Trieste, IT",6,802.5
"Larnaca, CY","Nice, Alpes-Maritimes, FR",2,2460.72
"Jasionka, PL","Larnaca, CY",2,1937.57
"Larnaca, CY","Velika Gorica, HR",1,1909.99
"Larnaca, CY","Rotterdam, NL",1,2992.63
"Larnaca, CY","Rhodes, GR",2,528.55
"Larnaca, CY","Prague, CZ",7,2307.44
"Laval, Mayenne, FR","Lorient/Lann/Bihoué, FR",1,203.24
"Campo nell'Elba (LI), IT","Le Castellet, Var, FR",1,366.28
"Le Castellet, Var, FR","Prague, CZ",2,997.67
"Le Castellet, Var, FR","Nantes, FR",1,723.28
"Leeds, West Yorkshire, GB","Prague, CZ",5,1164.79
"Bern, CH","Lelystad, NL",1,632.33
"Lelystad, NL","Prague, CZ",2,661.61
"Lelystad, NL","Sylt, DE",1,330.78
"Lelystad, NL","Wilhelmshaven, DE",1,206.07
"Lelystad, NL","Salzburg, AT",1,743.31
"Charmeil, Allier, FR","Lesquin, FR",1,489.41
"Lesquin, FR","Toussus-le-Noble, Yvelines, FR",2,214.14
"Lesquin, FR","Saint-Jacques-de-la-Lande, Ille-et-Vilaine, FR",2,447.09
"Annecy, FR","Lesquin, FR",2,561.26
"Lesquin, FR","Perpignan/Rivesaltes, FR",4,870.41
"Levaldigi (CN), IT","Pisa (PI), IT",1,241.04
"Chassieu, Lyon, FR","Levaldigi (CN), IT",1,247.75
"Limoges/Bellegarde, FR","London, GB",1,634.2
"Limoges/Bellegarde, FR","Paris, FR",1,390.85
"Lincoln, Lincolnshire, GB","Newquay, GB",1,442.23
"Brno, CZ","Linz, AT",1,203.76
"Linz, AT","Orio al Serio (BG), IT",2,450.17
"Ferno (VA), IT","Linz, AT",1,512.01
"Birmingham, West Midlands, GB","Linz, AT",1,1224.03
"Linz, AT","Segrate (MI), IT",1,491.89
"Linz, AT","Madrid, ES",2,1665.37
"Linz, AT","Zurich, CH",1,435.48
"Katowice, PL","Linz, AT",1,426.57
"Lisbon, PT","Nottingham, Leicestershire, GB",1,1673.01
"Firenze (FI), IT","Lisbon, PT",1,1783.32
"Liverpool, GB","Shannon, IE",3,412.29
"Liverpool, GB","Luton, Luton, GB",4,233.3
"Liverpool, GB","Staverton, Gloucestershire, GB",3,166.69
"Liverpool, GB","Munich, DE",2,1164.31
"Liverpool, GB","Southampton, GB",1,284.03
"Greven, DE","Liverpool, GB",1,721.29
"London, GB","Samedan, CH",5,909.7299999999999
"Darlington, Durham, GB","London, GB",3,346.23
"London, GB","Trondheim, NO",4,1476.79
"London, GB","Perth, Perth and Kinross, GB",2,589.68
"London, GB","Strasbourg, FR",4,639.39
"London, GB","Warton, GB",1,313.9
"London, GB","Wevelgem, BE",1,239.39
"London, GB","Selçuk, TR",1,2611.08
"Biarritz, FR","Lorient/Lann/Bihoué, FR",1,499.97
"Lorient/Lann/Bihoué, FR","Rota, ES",1,1258.75
"Amsterdam, NL","Luleå, SE",1,1764.05
"Luleå, SE","Zurich, CH",2,2165.76
"Grâce-Hollogne, BE","Luleå, SE",1,1911.93
"Billund, DK","Luton, Luton, GB",1,757.87
"Luton, Luton, GB","Zgornji Brnik, SI",2,1246.54
"Luton, Luton, GB","Oostende, BE",2,236.5
"Luton, Luton, GB","Orio al Serio (BG), IT",2,1008.99
"Luton, Luton, GB","St. Gallen, CH",1,864.05
"Ibiza (Eivissa), ES","Luton, Luton, GB",2,1452.01
"Firenze (FI), IT","Luton, Luton, GB",2,1242.21
"Caen, FR","Luton, Luton, GB",1,300.06
"Luxembourg, LU","Stockholm, SE",4,1328.8
"Luxembourg, LU","Toulouse/Blagnac, FR",3,762.4
"Luxembourg, LU","Zgornji Brnik, SI",4,720.96
"Braunschweig, DE","Lübeck, DE",1,165.62
"Lübeck, DE","Trollenhagen, DE",1,171.75
"Lelystad, NL","Lübeck, DE",1,378.28
"Calden, DE","Lübeck, DE",1,280.14
"Lübeck, DE","Salzburg, AT",2,687.44
"Lübeck, DE","Schkeuditz, DE",1,284.16
"Ibiza (Eivissa), ES","Lübeck, DE",1,1805.16
"Arvidsjaur, SE","Maastricht, NL",1,1804.71
"Frankfurt am Main, DE","Maastricht, NL",1,220.51
"Maastricht, NL","Stockholm, SE",1,1224.22
"Farnborough, Hampshire, GB","Maastricht, NL",2,458.77
"Göteborg, SE","Madrid, ES",1,2226.37
"Madrid, ES","Nîmes/Garons, FR",1,762.95
"Madrid, ES","Prestwick, South Ayrshire, GB",2,1676.94
"Madrid, ES","Pau/Pyrénées (Uzein), FR",1,424.47
"Capannori (LU), IT","Madrid, ES",1,1232.9
"Madrid, ES","Wevelgem, BE",1,1271.78
"Madrid, ES","Nowy Dwór Mazowiecki, PL",4,2275.75
"Culleredo, ES","Mahón (Maó), ES",1,1113.91
"Luleå, SE","Malmö, SE",2,1208.65
"Malmö, SE","Oesterdeichstrich, DE",1,325.03
"Malmö, SE","Weeze, DE",2,647.19
"Malmö, SE","Nyköping, SE",1,419.82
"Kidlington, Oxfordshire, GB","Manchester, Greater Manchester, GB",2,180.23
"Manchester, Greater Manchester, GB","Warsaw, PL",4,1559.54
"Manchester, Greater Manchester, GB","Oostende, BE",1,424.23
"Brno, CZ","Manchester, Greater Manchester, GB",1,1395.57
"Jasionka, PL","Manchester, Greater Manchester, GB",3,1703.28
"Manchester, Greater Manchester, GB","Poznań, PL",4,1282.01
"Manchester, Greater Manchester, GB","Nice, Alpes-Maritimes, FR",1,1282.31
"Manching, DE","Wiener Neustadt, AT",1,361.61
"Manching, DE","Vienna, AT",1,377.64
"Mannheim, DE","Munich, DE",1,269.52
"Mannheim, DE","Palma de Mallorca, ES",3,1193.58
"Groningen, NL","Mannheim, DE",1,427.15
"Marignane, Bouches-du-Rhône, FR","Wrocław, PL",4,1222.74
"Büren, DE","Marignane, Bouches-du-Rhône, FR",1,943.95
"Marignane, Bouches-du-Rhône, FR","Wevelgem, BE",1,834.49
"Gdańsk, PL","Marignane, Bouches-du-Rhône, FR",1,1549.67
"Memmingen, DE","Valletta, MT",4,1394.68
"Memmingen, DE","Thessaloniki, GR",3,1307.77
"Memmingen, DE","Nuremberg, DE",1,178.9
"Egelsbach, DE","Memmingen, DE",1,248.25
"Chabeuil, Drôme, FR","Montpellier/Méditerranée, FR",1,169.74
"Friedrichshafen, DE","Montpellier/Méditerranée, FR",2,627.0
"Montpellier/Méditerranée, FR","Seville, ES",2,1077.31
"Montpellier/Méditerranée, FR","Toulouse/Blagnac, FR",1,209.36
"Montpellier/Méditerranée, FR","Rome, IT",2,718.75
"Geneva, CH","Mošnov, CZ",1,971.39
"Chassieu, Lyon, FR","Munich, DE",1,594.72
"Cluj-Napoca, RO","Munich, DE",3,908.61
"Munich, DE","Palermo, IT",3,1140.78
"Cannes, FR","Munich, DE",1,651.66
"Bratislava, SK","Munich, DE",1,402.14
"Grenoble, FR","Málaga, ES",1,1268.15
"Chambéry, FR","Málaga, ES",1,1320.02
"Málaga, ES","Vilnius, LT",4,3017.03
"Málaga, ES","Roskilde, DK",2,2448.33
"Málaga, ES","Segrate (MI), IT",7,1507.9
"Málaga, ES","Nowe Kramsko, PL",1,2341.27
"Málaga, ES","Nyköping, SE",2,2906.2
"Málaga, ES","Saarbrücken, DE",1,1680.46
"Málaga, ES","Sylt, DE",1,2250.88
"Málaga, ES","Wevelgem, BE",1,1688.0
"Málaga, ES","Vigo, ES",1,712.09
"Mönchengladbach, DE","Nuremberg, DE",1,377.15
"Mönchengladbach, DE","Salzburg, AT",1,604.82
"Mönchengladbach, DE","Prague, CZ",2,560.56
"Mönchengladbach, DE","Trento (TN), IT",1,670.91
"Alava, ES","Nantes, FR",1,482.83
"Nantes, FR","Nice, Alpes-Maritimes, FR",10,790.42
"Luleå, SE","Newcastle upon Tyne, Tyne and Wear, GB",1,1737.48
"Newcastle upon Tyne, Tyne and Wear, GB","Zaventem, BE",1,618.01
"Newcastle upon Tyne, Tyne and Wear, GB","Vienna, AT",1,1471.81
"Newcastle upon Tyne, Tyne and Wear, GB","Paphos, CY",2,3456.09
"Farnborough, Hampshire, GB","Newcastle upon Tyne, Tyne and Wear, GB",2,422.73
"Newcastle upon Tyne, Tyne and Wear, GB","Warton, GB",1,163.2
"Bergen, NO","Newcastle upon Tyne, Tyne and Wear, GB",1,713.53
"Newcastle upon Tyne, Tyne and Wear, GB","Orio al Serio (BG), IT",4,1315.33
"Newquay, GB","Wolverhampton, Staffordshire, GB",1,298.67
"Innsbruck, AT","Nice, Alpes-Maritimes, FR",1,513.71
"Köln (Cologne), DE","Nice, Alpes-Maritimes, FR",1,801.46
"Nice, Alpes-Maritimes, FR","Palma de Mallorca, ES",2,588.95
"Nice, Alpes-Maritimes, FR","Vilnius, LT",2,1783.89
"Nice, Alpes-Maritimes, FR","Saint-Jacques-de-la-Lande, Ille-et-Vilaine, FR",4,848.19
"Caselle (VR), IT","Nice, Alpes-Maritimes, FR",1,349.22
"Farnborough, Hampshire, GB","Nice, Alpes-Maritimes, FR",2,1037.12
"Lübeck, DE","Nobitz, DE",1,336.53
"Geneva, CH","Norrköping, SE",1,1531.84
"Farnborough, Hampshire, GB","Norwich, Norfolk, GB",1,210.05
"Norwich, Norfolk, GB","Nottingham, Leicestershire, GB",1,176.55
"Nottingham, Leicestershire, GB","Southampton, GB",4,209.14
"Luxembourg, LU","Nottingham, Leicestershire, GB",1,634.0
"Nottingham, Leicestershire, GB","Wrocław, PL",6,1258.74
"Nottingham, Leicestershire, GB","Vienna, AT",2,1366.5
"Nottingham, Leicestershire, GB","Valletta, MT",2,2258.31
"Grenoble, FR","Nottingham, Leicestershire, GB",2,960.59
"Balice, PL","Nowe Kramsko, PL",1,360.4
"Nowy Dwór Mazowiecki, PL","Salzburg, AT",1,751.25
"Helsinki (Vantaa), FI","Nowy Dwór Mazowiecki, PL",3,913.69
"Nowy Dwór Mazowiecki, PL","Vienna, AT",1,562.92
"Nuremberg, DE","Stockholm, SE",1,1195.65
"Le Castellet, Var, FR","Nuremberg, DE",1,804.06
"Nuremberg, DE","Segrate (MI), IT",3,470.6
"Bristol, GB","Nuremberg, DE",1,997.49
"Faro, PT","Nîmes/Garons, FR",1,1287.17
"Nîmes/Garons, FR","Vannes/Meucon, FR",1,707.35
"Charmeil, Allier, FR","Nîmes/Garons, FR",1,279.81
"Odense, DK","Poznań, PL",1,543.69
"Grenoble, FR","Oostende, BE",1,673.87
"Istanbul, TR","Oostende, BE",1,2287.54
"Orio al Serio (BG), IT","Zaragoza, ES",4,971.42
"Malmö, SE","Orio al Serio (BG), IT",1,1126.78
"Isola di Capo Rizzuto (KR), IT","Orio al Serio (BG), IT",2,957.02
"Geneva, CH","Orio al Serio (BG), IT",1,285.36
"Annecy, FR","Orio al Serio (BG), IT",1,281.33
"Gaziemir, TR","Orio al Serio (BG), IT",2,1654.04
"Oslo (Gardermoen), NO","Zaragoza, ES",1,2220.71
"Oslo (Gardermoen), NO","St. Gallen, CH",2,1416.67
"Oslo (Gardermoen), NO","Zirchow, DE",1,725.89
"Oslo (Gardermoen), NO","Örebro, SE",2,245.73
"Palermo, IT","Reggio Calabria, IT",2,214.46
"Palma de Mallorca, ES","Salzburg, AT",3,1231.35
"Palma de Mallorca, ES","Weert, NL",1,1320.16
"Palma de Mallorca, ES","Shannon, IE",1,1711.6
"Palma de Mallorca, ES","Spata-Artemida, GR",1,1843.54
"Palma de Mallorca, ES","Prague, CZ",4,1480.16
"Palma de Mallorca, ES","Roskilde, DK",2,1913.03
"Palma de Mallorca, ES","Pamplona, ES",1,512.52
"Melilla, ES","Palma de Mallorca, ES",1,691.53
"Billund, DK","Palma de Mallorca, ES",1,1861.25
"Liverpool, GB","Palma de Mallorca, ES",3,1590.08
"Angers, FR","Pamplona, ES",1,542.81
"Paris, FR","Staverton, Gloucestershire, GB",1,424.26
"Paris, FR","Vannes/Meucon, FR",1,405.72
"Memmingen, DE","Paris, FR",1,604.65
"Paris, FR","Shannon, IE",2,867.1
"Chalons en Champagne, FR","Paris, FR",1,154.42
"Akrotiri, CY","Paris, FR",1,2991.26
"Paris, FR","Szymany, PL",1,1372.63
"Gaziemir, TR","Paris, FR",2,2327.89
"Linz, AT","Paris, FR",1,886.65
"Nice, Alpes-Maritimes, FR","Parma (PR), IT",1,277.66
"Chambéry, FR","Pau/Pyrénées (Uzein), FR",1,558.82
"Düsseldorf, DE","Perpignan/Rivesaltes, FR",1,995.08
"Perpignan/Rivesaltes, FR","Toulouse/Blagnac, FR",2,157.13
"Pescara, IT","Wrocław, PL",4,985.84
"Pescara, IT","Zakynthos, GR",1,771.41
"Pisa (PI), IT","Weßling, DE",2,493.8
"Pisa (PI), IT","Wrocław, PL",4,957.95
"Friedrichshafen, DE","Pisa (PI), IT",1,448.62
"Pisa (PI), IT","Toulouse/Blagnac, FR",1,726.03
"Pisa (PI), IT","Trento (TN), IT",1,266.46
"Pisa (PI), IT","Segrate (MI), IT",3,214.86
"Pisa (PI), IT","Salzburg, AT",1,499.8
"Nice, Alpes-Maritimes, FR","Pisa (PI), IT",1,255.51
"Pisa (PI), IT","Šiauliai, LT",1,1641.71
"Faro, PT","Ponta Delgada, PT",1,1566.09
"Berlin, DE","Poprad, SK",1,598.76
"Portimão, PT","Rotterdam, NL",1,1936.52
"Porto, PT","Tallinn, EE",1,3064.1
"Capannori (LU), IT","Porto, PT",1,1599.97
"Chalons en Champagne, FR","Porto, PT",1,1310.91
"Geneva, CH","Poznań, PL",1,1035.2
"Augsburg, DE","Prague, CZ",1,304.98
"Norrköping, SE","Prague, CZ",1,952.21
"Nice, Alpes-Maritimes, FR","Prague, CZ",3,893.4699999999999
"Prague, CZ","Ronchi dei Legionari/Trieste, IT",1,478.78
"Nuremberg, DE","Prague, CZ",2,237.96
"Prague, CZ","Weßling, DE",1,312.06
"Palma de Mallorca, ES","Prestwick, South Ayrshire, GB",1,1854.18
"Bern, CH","Prestwick, South Ayrshire, GB",1,1269.15
"Paris, FR","Prestwick, South Ayrshire, GB",1,829.45
"Prestwick, South Ayrshire, GB","Wrocław, PL",1,1500.26
"Quimper/Pluguffan, FR","Toussus-le-Noble, Yvelines, FR",1,471.53
"Jerez de la Frontera, ES","Ranón, ES",1,758.24
"Caselle Torinese (TO), IT","Ranón, ES",1,1101.23
"Paris, FR","Ranón, ES",2,899.1
"Rheinmünster, DE","Warsaw, PL",1,984.72
"Rheinmünster, DE","Rotterdam, NL",1,437.61
"Rheinmünster, DE","Thessaloniki, GR",4,1489.18
"Riga, LV","Segrate (MI), IT",1,1634.1
"Nice, Alpes-Maritimes, FR","Rijeka(Omišalj), HR",1,608.85
"Caselle Torinese (TO), IT","Rimini (RN), IT",1,414.11
"Marignane, Bouches-du-Rhône, FR","Rodez/Marcillac, FR",2,243.76
"Maastricht, NL","Rome, IT",1,1133.26
"Capua, IT","Rome, IT",1,164.88
"Antalya, TR","Rome, IT",1,1667.58
"Parma (PR), IT","Rome, IT",1,377.75
"Foggia (FG), IT","Rome, IT",1,261.81
"Rome, IT","Strasbourg, FR",4,837.7
"Broughton, GB","Romney Marsh, Kent, GB",1,364.21
"Catania, IT","Ronchi dei Legionari/Trieste, IT",1,939.0
"Nice, Alpes-Maritimes, FR","Ronchi dei Legionari/Trieste, IT",1,549.63
"Amsterdam, NL","Roskilde, DK",1,603.83
"Luxembourg, LU","Roskilde, DK",1,773.18
"Roskilde, DK","Salzburg, AT",2,868.53
"Helsinki (Vantaa), FI","Rotterdam, NL",1,1564.58
"Bury Saint Edmunds, Suffolk, GB","Rotterdam, NL",1,263.42
"Chambéry, FR","Rotterdam, NL",1,710.48
"Luton, Luton, GB","Rotterdam, NL",2,329.67
"Cannes, FR","Rotterdam, NL",1,953.63
"Lisbon, PT","Rotterdam, NL",3,1802.15
"Budapest, HU","Saint-Jacques-de-la-Lande, Ille-et-Vilaine, FR",1,1554.79
"Saint-Jacques-de-la-Lande, Ille-et-Vilaine, FR","Stuttgart, DE",1,811.44
"Munich, DE","Saint-Jacques-de-la-Lande, Ille-et-Vilaine, FR",1,1001.07
"Saint-Jacques-de-la-Lande, Ille-et-Vilaine, FR","Salzburg, AT",1,1096.86
"Salzburg, AT","Sylt, DE",1,854.91
"Göteborg, SE","Sandefjord(Torp), NO",1,194.44
"Nice, Alpes-Maritimes, FR","Sandefjord(Torp), NO",1,1739.06
"Santiago de Compostela, ES","Zaventem, BE",1,1320.53
"Gdańsk, PL","Schkeuditz, DE",1,531.58
"Düsseldorf, DE","Schkeuditz, DE",1,379.75
"Friedrichshafen, DE","Schkeuditz, DE",2,460.74
"Schkeuditz, DE","Örebro, SE",2,885.42
"Kiel, DE","Schkeuditz, DE",1,357.53
"Brno, CZ","Segrate (MI), IT",1,694.23
"Istanbul, TR","Segrate (MI), IT",1,1662.24
"Capua, IT","Segrate (MI), IT",1,623.55
"Oslo (Gardermoen), NO","Segrate (MI), IT",1,1644.41
"Newcastle upon Tyne, Tyne and Wear, GB","Segrate (MI), IT",2,1318.07
"Cannes, FR","Segrate (MI), IT",1,279.98
"Cascais, PT","Segrate (MI), IT",1,1704.04
"Katowice, PL","Segrate (MI), IT",1,918.44
"Grâce-Hollogne, BE","Segrate (MI), IT",1,643.75
"Segrate (MI), IT","Vigo, ES",1,1476.31
"Segrate (MI), IT","Toussus-le-Noble, Yvelines, FR",1,655.16
"Seville, ES","Toulouse/Blagnac, FR",10,922.95
"Catania, IT","Seville, ES",1,1846.57
"Seville, ES","Zaventem, BE",4,1708.83
"Seville, ES","Stuttgart, DE",2,1748.57
"Shannon, IE","Weßling, DE",1,1515.77
"Bodø, NO","Shannon, IE",1,2048.05
"Shannon, IE","Zurich, CH",1,1371.74
"Montichiari (BS), IT","Shannon, IE",1,1611.91
"Belfast, GB","Shannon, IE",1,286.91
"Nyköping, SE","Siljansnäs, SE",1,250.64
"Retford, Nottinghamshire, GB","Sligo, IE",1,514.35
"Luton, Luton, GB","Sofia, BG",1,2050.46
"Dortmund, DE","Sofia, BG",1,1541.3
"Seville, ES","Southampton, GB",2,1546.82
"Southampton, GB","Southend-on-Sea, Essex, GB",2,158.46
"Samedan, CH","Spata-Artemida, GR",4,1497.38
"Nice, Alpes-Maritimes, FR","Spata-Artemida, GR",2,1541.56
"Souda, GR","Spata-Artemida, GR",1,268.08
"Innsbruck, AT","Spata-Artemida, GR",2,1458.88
"Salzburg, AT","Spata-Artemida, GR",1,1410.02
"Spata-Artemida, GR","Wrocław, PL",3,1565.77
"Kalymnos Island, GR","Spata-Artemida, GR",3,285.74
"Bern, CH","Spata-Artemida, GR",2,1673.2
"Busevec, HR","Spata-Artemida, GR",1,1073.81
"Argos Orestiko, GR","Spata-Artemida, GR",1,361.25
"Akrotiri, CY","Spata-Artemida, GR",1,891.55
"Bern, CH","St. Gallen, CH",4,168.27
"Nice, Alpes-Maritimes, FR","St. Gallen, CH",2,462.94
"Berlin, DE","St. Gallen, CH",1,611.07
"Rotterdam, NL","St. Gallen, CH",5,618.48
"Ibiza (Eivissa), ES","St. Gallen, CH",1,1163.8
"London, GB","Sta Cruz de la Palma, La Palma Island, ES",1,2939.96
"Kristiansand(Kjevik), NO","Stavanger, NO",2,160.51
"Oslo, NO","Stavanger, NO",1,298.89
"Prestwick, South Ayrshire, GB","Staverton, Gloucestershire, GB",1,431.28
"Mönchengladbach, DE","Staverton, Gloucestershire, GB",1,603.6
"Blackpool, GB","Staverton, Gloucestershire, GB",1,216.64
"Oskarshamn, SE","Stockholm, SE",1,253.38
"Rhodes, GR","Stockholm, SE",1,2670.1
"Stockholm, SE","Weßling, DE",2,1341.32
"St. Gallen, CH","Stockholm, SE",6,1443.8100000000002
"Stockholm, SE","Stuttgart, DE",1,1327.11
"Chambéry, FR","Stockholm, SE",2,1737.43
"Råda, SE","Stockholm, SE",1,250.63
"Siljansnäs, SE","Stockholm / Västerås, SE",1,166.27
"Napoli, IT","Strasbourg, FR",1,999.71
"Stuttgart, DE","Sylt, DE",3,694.63
"Stuttgart, DE","Weßling, DE",1,166.56
"Forlì (FC), IT","Stuttgart, DE",1,545.3
"Nice, Alpes-Maritimes, FR","Stuttgart, DE",1,580.35
"Atting, DE","Stuttgart, DE",1,242.45
"Stuttgart, DE","Trabzon, TR",1,2537.05
"Nuremberg, DE","Stuttgart, DE",1,162.33
"Hamburg, DE","Sylt, DE",2,179.73
"Budapest, HU","Szymany, PL",1,678.42
"Farnborough, Hampshire, GB","Sønderborg, DK",1,814.61
"Stuttgart, DE","Sønderborg, DK",1,698.78
"Köln (Cologne), DE","Sønderborg, DK",1,489.03
"Katowice, PL","Tallinn, EE",1,1058.55
"Billund, DK","Tallinn, EE",1,1016.77
"Stuttgart, DE","Tallinn, EE",1,1560.66
"Chambéry, FR","Tallinn, EE",1,1982.99
"Mariehamn, FI","Tampere / Pirkkala, FI",1,247.2
"Cannes, FR","Tarbes/Lourdes/Pyrénées, FR",1,564.11
"Annecy, FR","Tarbes/Lourdes/Pyrénées, FR",1,572.06
"Lisbon, PT","Tarbes/Lourdes/Pyrénées, FR",1,908.27
"Schkeuditz, DE","Thessaloniki, GR",1,1465.67
"Thessaloniki, GR","Zgornji Brnik, SI",1,934.83
"Larnaca, CY","Timişoara, RO",1,1597.06
"Ferno (VA), IT","Timişoara, RO",1,978.11
"Segrate (MI), IT","Timişoara, RO",1,937.87
"Charleroi, BE","Timişoara, RO",2,1351.28
"Genova (GE), IT","Timişoara, RO",1,991.88
"Dortmund, DE","Timişoara, RO",2,1188.35
"Caselle Torinese (TO), IT","Timişoara, RO",1,1067.56
"Memmingen, DE","Timişoara, RO",2,876.53
"Rheinmünster, DE","Timişoara, RO",2,1051.3
"Grâce-Hollogne, BE","Timişoara, RO",1,1290.65
"Madrid, ES","Timişoara, RO",2,2106.74
"Salzburg, AT","Timişoara, RO",1,671.15
"Caen, FR","Tomblaine, Meurthe-et-Moselle, FR",1,491.14
"Paris, FR","Tomblaine, Meurthe-et-Moselle, FR",1,298.34
"Saint-Jacques-de-la-Lande, Ille-et-Vilaine, FR","Tomblaine, Meurthe-et-Moselle, FR",1,592.04
"Ibiza (Eivissa), ES","Toulouse/Blagnac, FR",1,528.87
"Capannori (LU), IT","Toulouse/Blagnac, FR",1,740.33
"Schkeuditz, DE","Toulouse/Blagnac, FR",1,1187.8
"L'Hôpital-le-Mercier, Saône-et-Loire, FR","Toulouse/Blagnac, FR",1,373.16
"Orio al Serio (BG), IT","Tours, Indre-et-Loire, FR",1,713.75
"Lorient/Lann/Bihoué, FR","Toussus-le-Noble, Yvelines, FR",1,425.03
"L'Hôpital-le-Mercier, Saône-et-Loire, FR","Toussus-le-Noble, Yvelines, FR",1,296.72
"London, GB","Trabzon, TR",1,3230.3
"Stockholm, SE","Trabzon, TR",1,2553.33
"Berlin, DE","Trabzon, TR",1,2350.34
"Düsseldorf, DE","Trabzon, TR",2,2759.59
"Paris, FR","Trabzon, TR",1,3049.92
"Toulouse/Blagnac, FR","Treviso (TV), IT",3,885.07
"Stockholm, SE","Treviso (TV), IT",2,1587.04
"Treviso (TV), IT","Zurich, CH",2,343.79
"Luton, Luton, GB","Treviso (TV), IT",3,1149.46
"Segrate (MI), IT","Treviso (TV), IT",2,228.32
"Bratislava, SK","Treviso (TV), IT",1,473.07
"Seville, ES","Treviso (TV), IT",3,1755.81
"Sandefjord(Torp), NO","Trollhättan, SE",1,154.3
"Lübeck, DE","Trollhättan, SE",1,511.8
"Aalborg, DK","Trondheim, NO",1,709.99
"Malmö, SE","Trondheim, NO",1,891.55
"Košice, SK","Turku, FI",1,1319.37
"St. Gallen, CH","Uherské Hradiště, CZ",1,607.72
"Faro, PT","Valencia, ES",1,709.2
"Clermont-Ferrand, FR","Valladolid, ES",1,787.43
"Lorient/Lann/Bihoué, FR","Valletta, MT",2,1982.23
"Caselle (VR), IT","Valletta, MT",2,1104.2
"Varna, BG","Vienna, AT",2,1027.56
"Rome, IT","Velika Gorica, HR",1,526.86
"Frankfurt am Main (Lautzenhausen), DE","Velika Gorica, HR",3,805.65
"Maastricht, NL","Velika Gorica, HR",1,952.52
"Geneva, CH","Velika Gorica, HR",1,770.91
"Memmingen, DE","Velika Gorica, HR",3,508.54
"Schkeuditz, DE","Velika Gorica, HR",1,691.29
"Bergen, NO","Velika Gorica, HR",1,1767.95
"Barcelona, ES","Velika Gorica, HR",3,1229.44
"Palma de Mallorca, ES","Venezia (VE), IT",1,1027.69
"Genova (GE), IT","Venezia (VE), IT",1,301.8
"Lisbon, PT","Venezia (VE), IT",7,1915.34
"Bern, CH","Venezia (VE), IT",1,404.82
"Saint-Jacques-de-la-Lande, Ille-et-Vilaine, FR","Venezia (VE), IT",1,1107.99
"Düsseldorf, DE","Venezia (VE), IT",3,763.5
"Spata-Artemida, GR","Venezia (VE), IT",3,1275.96
"Birmingham, West Midlands, GB","Venezia (VE), IT",3,1283.11
"Memmingen, DE","Vienna, AT",1,470.7
"Birmingham, West Midlands, GB","Vienna, AT",1,1383.63
"Almería, ES","Vigo, ES",1,803.76
"Vilhelmina, SE","Łódź, PL",1,1437.26
"Cluj-Napoca, RO","Warsaw, PL",1,635.6
"Sylt, DE","Warsaw, PL",1,882.74
"Napoli, IT","Warsaw, PL",1,1357.23
"Firenze (FI), IT","Warsaw, PL",1,1180.45
"Trento (TN), IT","Warsaw, PL",1,990.49
"Jasionka, PL","Warton, GB",1,1745.26
"Belfast, GB","Weert, NL",1,864.78
"Dresden, DE","Weeze, DE",1,531.74
"Szymany, PL","Weeze, DE",3,1020.27
"Paris, FR","Weeze, DE",1,375.78
"Melilla, ES","Weeze, DE",1,1954.28
"Barcelona, ES","Wevelgem, BE",1,1062.33
"Porto, PT","Wevelgem, BE",1,1401.89
"Paris, FR","Weßling, DE",1,676.51
"Burbach, DE","Weßling, DE",1,372.64
"Bratislava, SK","Weßling, DE",1,440.11
"Büren, DE","Weßling, DE",1,436.62
"Mönchengladbach, DE","Weßling, DE",1,490.65
"Mannheim, DE","Weßling, DE",1,255.14
"Bolzano (BZ), IT","Weßling, DE",1,180.4
"Colombier-Saugnieu, Rhône, FR","Woking, Surrey, GB",1,750.36
"Buochs, CH","Wrocław, PL",1,769.52
"Zaragoza, ES","Zurich, CH",1,994.68
"Piešťany, SK","Zaragoza, ES",1,1663.75
"Frankfurt am Main (Lautzenhausen), DE","Zaragoza, ES",2,1121.85
"Biarritz, FR","Zaragoza, ES",1,204.24
"Oostende, BE","Zaragoza, ES",2,1101.34
"Luton, Luton, GB","Zaventem, BE",1,353.62
"Dortmund, DE","Zaventem, BE",1,228.4
"Segrate (MI), IT","Zgornji Brnik, SI",1,410.53
"Rome, IT","Zgornji Brnik, SI",2,517.86
"Maastricht, NL","Zurich, CH",1,433.75
"Zurich, CH","Ängelholm, SE",1,1025.59
"Cannes, FR","Zurich, CH",2,452.13
"Napoli, IT","Zurich, CH",2,861.88
"Trondheim, NO","Zurich, CH",1,1785.08
"Toussus-le-Noble, Yvelines, FR","Zurich, CH",2,499.31
"Groningen, NL","Zurich, CH",1,644.79
"Palma de Mallorca, ES","Zweibrücken, DE",1,1135.43
"Toussus-le-Noble, Yvelines, FR","Zweibrücken, DE",1,389.63
"Weßling, DE","Zweibrücken, DE",1,311.55
"Frankfurt am Main (Lautzenhausen), DE","Ängelholm, SE",1,797.79
"Sønderborg, DK","Örebro, SE",1,569.49
"Trondheim, NO","Örebro, SE",1,519.17
"Wiener Neustadt, AT","České Budějovice, CZ",1,181.9
"Lesquin, FR","Šiauliai, LT",1,1467.89
"Aalborg, DK","Salzburg, AT",1,1055.85
"Aberdeen, GB","Geneva, CH",2,1344.43
"Agen, FR","Augsburg, DE",1,923.11
"Agno, CH","Saint-Bon, FR",1,189.15
"Agno, CH","Aix en Provence, FR",2,394.22
"Agno, CH","Levaldigi (CN), IT",1,190.76
"Agno, CH","Villanova d'Albenga (SV), IT",1,225.79
"Agno, CH","Bologna, IT",1,247.59
"Aix en Provence, FR","Colombier-Saugnieu, Rhône, FR",1,247.79
"Ajaccio, FR","Barcelona, ES",1,563.23
"Ajaccio, FR","London, GB",1,1259.24
"Albi, FR","Paris, FR",1,599.35
"Alicante, ES","Treviso (TV), IT",2,1332.4
"Alicante, ES","Nyköping, SE",2,2600.18
"Alicante, ES","Grenoble, FR",1,925.63
"Alicante, ES","Cluj-Napoca, RO",1,2188.04
"Alicante, ES","Cascais, PT",1,766.79
"Almería, ES","Saint-Tropez, FR",1,1032.58
"Almería, ES","Zaragoza, ES",2,548.26
"Amsterdam, NL","Annecy, FR",1,715.97
"Amsterdam, NL","Kittilä, FI",3,2022.67
"Amsterdam, NL","Trento (TN), IT",1,837.35
"Amsterdam, NL","Grenoble, FR",2,773.43
"Amsterdam, NL","Umeå, SE",1,1560.86
"Alajero, La Gomera Island, ES","Amsterdam, NL",1,3254.6
"Amsterdam, NL","Chassieu, Lyon, FR",2,731.85
"Amsterdam, NL","Zaragoza, ES",1,1261.64
"Angers, FR","Paris, FR",1,270.59
"Angers, FR","Lesquin, FR",2,416.6
"Annecy, FR","London, GB",3,766.23
"Annecy, FR","Zurich, CH",1,252.58
"Annecy, FR","Venezia (VE), IT",1,487.63
"Annecy, FR","Manchester, Greater Manchester, GB",2,1020.69
"Annecy, FR","Farnborough, Hampshire, GB",3,779.7199999999999
"Annecy, FR","Retford, Nottinghamshire, GB",1,961.43
"Annecy, FR","Mošnov, CZ",1,988.51
"Annecy, FR","Bordeaux, FR",1,545.91
"Annecy, FR","Southampton, GB",1,782.98
"Antalya, TR","Katowice, PL",5,1774.89
"Antalya, TR","Feldkirchen bei Graz, AT",2,1689.6
"Antalya, TR","Göteborg, SE",2,2691.32
"Antalya, TR","Laage, DE",1,2366.38
"Antalya, TR","Poznań, PL",2,2041.78
"Antwerp, BE","Colombier-Saugnieu, Rhône, FR",2,609.39
"Antwerp, BE","Munich, DE",1,612.82
"Antwerp, BE","Greven, DE",1,245.91
"Antwerp, BE","Kittilä, FI",1,2144.59
"Antwerp, BE","Innsbruck, AT",2,663.35
"Antwerp, BE","Ibiza (Eivissa), ES",1,1390.7
"Antwerp, BE","Saint-Tropez, FR",2,900.83
"Antwerp, BE","Prague, CZ",1,700.77
"Antwerp, BE","Bern, CH",1,524.5
"Antwerp, BE","Le Mans, Sarthe, FR",1,473.54
"Astypalaia Island, GR","Spata-Artemida, GR",1,262.76
"Augsburg, DE","Hannover, DE",2,457.34
"Augsburg, DE","Feldkirchen bei Graz, AT",1,373.02
"Badajoz, ES","Barcelona, ES",2,802.45
"Balice, PL","Montichiari (BS), IT",1,874.57
"Balice, PL","Napoli, IT",1,1107.43
"Balice, PL","Constanța, RO",1,913.18
"Barcelona, ES","Grenoble, FR",2,522.89
"Barcelona, ES","Cannes, FR",2,471.98
"Barcelona, ES","Sta Cruz de la Palma, La Palma Island, ES",2,2282.13
"Barcelona, ES","Cluj-Napoca, RO",1,1824.69
"Belfast, GB","Coventry, West Midlands, GB",1,393.22
"Belfast, GB","Caselle Torinese (TO), IT",4,1431.17
"Belfast, GB","Caselle (VR), IT",2,1580.13
"Belfast, GB","Salzburg, AT",4,1522.45
"Belfast, GB","Tenerife, ES",1,3050.87
"Belfast, GB","Colombier-Saugnieu, Rhône, FR",2,1265.94
"Belfast, GB","Schkeuditz, DE",1,1269.36
"Bergen, NO","Hamburg, DE",3,798.17
"Berlin, DE","Montichiari (BS), IT",1,804.8
"Berlin, DE","Gaziemir, TR",3,1887.02
"Berlin, DE","Napoli, IT",2,1277.44
"Berlin, DE","Charleroi, BE",1,661.24
"Berlin, DE","Greven, DE",1,396.5
"Berlin, DE","Sta Cruz de la Palma, La Palma Island, ES",2,3681.87
"Bern, CH","Southampton, GB",1,786.59
"Bern, CH","Segrate (MI), IT",3,212.99
"Bern, CH","Katowice, PL",1,936.53
"Bern, CH","Manchester, Greater Manchester, GB",1,997.33
"Bern, CH","Leeds, West Yorkshire, GB",2,1008.02
"Bern, CH","Chambéry, FR",1,188.57
"Bern, CH","Friedrichshafen, DE",3,173.65
"Bern, CH","Prague, CZ",2,610.98
"Bacău, RO","Biarritz, FR",1,2248.95
"Belfast, GB","Billund, DK",1,970.69
"Billund, DK","Trento (TN), IT",1,1089.15
"Billund, DK","Kidlington, Oxfordshire, GB",1,812.4
"Billund, DK","Innsbruck, AT",4,954.9
"Billund, DK","Salzburg, AT",3,922.11
"Billund, DK","Orio al Serio (BG), IT",1,1120.51
"Billund, DK","Valletta, MT",2,2248.87
"Billund, DK","Colombier-Saugnieu, Rhône, FR",2,1149.23
"Birmingham, West Midlands, GB","Grenoble, FR",8,942.0
"Birmingham, West Midlands, GB","San Bartolomé, ES",1,2790.18
"Birmingham, West Midlands, GB","Stuttgart, DE",1,879.25
"Birmingham, West Midlands, GB","Caselle Torinese (TO), IT",6,1058.3
"Birmingham, West Midlands, GB","Salzburg, AT",7,1169.54
"Birmingham, West Midlands, GB","Newtownards, Ards and North Down, GB",1,351.95
"Annecy, FR","Blackpool, GB",1,1088.46
"Blackpool, GB","Kidlington, Oxfordshire, GB",1,243.86
"Blackpool, GB","Norwich, Norfolk, GB",2,311.75
"Bodrum, TR","Bremen, DE",1,2287.85
"Bodø, NO","Evenes, NO",4,166.84
"Bologna, IT","Cluj-Napoca, RO",2,994.22
"Bologna, IT","Stockholm, SE",1,1723.11
"Bologna, IT","Faro, PT",1,1818.34
"Bologna, IT","Caselle Torinese (TO), IT",2,296.15
"Bolzano (BZ), IT","Ferno (VA), IT",1,220.66
"Bolzano (BZ), IT","Segrate (MI), IT",2,194.46
"Bolzano (BZ), IT","Bucharest, RO",1,1169.55
"Bolzano (BZ), IT","Salzburg, AT",3,195.24
"Bolzano (BZ), IT","Prague, CZ",3,459.37000000000006
"Bolzano (BZ), IT","Rome, IT",3,525.24
"Bolzano (BZ), IT","Budapest, HU",1,602.03
"Bolzano (BZ), IT","Copenhagen, DK",1,1022.58
"Bolzano (BZ), IT","Rotterdam, NL",1,789.31
"Bolzano (BZ), IT","Staverton, Gloucestershire, GB",1,1149.4
"Bolzano (BZ), IT","Grenoble, FR",1,479.56
"Bolzano (BZ), IT","Forlì (FC), IT",1,258.42
"Bologna, IT","Bolzano (BZ), IT",1,213.94
"Bolzano (BZ), IT","Venegono Superiore (VA), IT",1,204.17
"Boos, FR","Kidlington, Oxfordshire, GB",1,324.67
"Boos, FR","Figari, FR",1,1071.05
"Bordeaux, FR","Ibiza (Eivissa), ES",1,684.4
"Bordeaux, FR","Chambéry, FR",1,524.1
"Bordeaux, FR","Toulouse/Blagnac, FR",1,212.67
"Bournemouth, GB","Prestwick, South Ayrshire, GB",1,555.69
"Bratislava, SK","Memmingen, DE",1,518.35
"Bratislava, SK","Dalaman, TR",1,1585.54
"Bratislava, SK","Venezia (VE), IT",1,473.67
"Braunschweig, DE","Samedan, CH",1,645.1
"Brest, FR","Hyères, Var, FR",2,1011.11
"Brighton, East Sussex, GB","Staverton, Gloucestershire, GB",1,175.23
"Bristol, GB","Salzburg, AT",8,1198.61
"Bristol, GB","Caselle (VR), IT",4,1202.19
"Bristol, GB","Luton, Luton, GB",2,171.07
"Alajero, La Gomera Island, ES","Bristol, GB",1,2865.61
"Broughton, GB","Luton, Luton, GB",1,228.38
"Broughton, GB","Maastricht, NL",1,648.62
"Broughton, GB","Cannes, FR",1,1295.5
"Bournemouth, GB","Broughton, GB",1,277.76
"Broughton, GB","Venezia (VE), IT",1,1395.63
"Broughton, GB","Dublin, IE",1,219.99
"Bucharest, RO","Nantes, FR",1,2154.72
"Bucharest, RO","Katowice, PL",2,844.36
"Bucharest, RO","Geneva, CH",2,1568.57
"Budapest, HU","Samedan, CH",1,707.79
"Budapest, HU","Cannes, FR",1,1042.7
"Budapest, HU","Calden, DE",1,826.72
"Avignon, FR","Budapest, HU",1,1171.79
"Bydgoszcz, PL","Innsbruck, AT",2,801.98
"Büren, DE","Zurich, CH",1,461.98
"Büren, DE","Friedrichshafen, DE",1,442.94
"Annecy, FR","Caen, FR",1,609.81
"Bern, CH","Calden, DE",1,519.52
"Calden, DE","Nuremberg, DE",1,244.56
"Camberley, Surrey, GB","Hamburg, DE",1,770.23
"Camberley, Surrey, GB","Leixlip, IE",1,444.58
"Camberley, Surrey, GB","Wolverhampton, Staffordshire, GB",1,164.28
"Cardiff, GB","Málaga, ES",2,1639.54
"Cardiff, GB","Salzburg, AT",2,1241.37
"Alajero, La Gomera Island, ES","Cascais, PT",1,1393.96
"Cascais, PT","Zgornji Brnik, SI",1,2113.09
"Cascais, PT","Palma de Mallorca, ES",2,1046.3
"Cascais, PT","Chambéry, FR",1,1468.34
"Cascais, PT","Nottingham, Leicestershire, GB",1,1685.02
"Caselle (VR), IT","Cork, IE",2,1587.95
"Caselle (VR), IT","Warsaw, PL",8,1055.11
"Caselle (VR), IT","Copenhagen, DK",2,1143.5
"Caselle (VR), IT","Glasgow, GB",2,1582.02
"Caselle (VR), IT","Edinburgh, GB",2,1539.01
"Caselle (VR), IT","Olbia (SS), IT",1,512.1
"Caselle (VR), IT","Riga, LV",2,1572.52
"Caselle Torinese (TO), IT","Göteborg, SE",2,1424.54
"Caselle Torinese (TO), IT","Liverpool, GB",2,1180.06
"Caselle Torinese (TO), IT","Venezia (VE), IT",1,368.94
"Caselle Torinese (TO), IT","Faro, PT",1,1589.62
"Caselle Torinese (TO), IT","Newcastle upon Tyne, Tyne and Wear, GB",2,1278.08
"Caselle Torinese (TO), IT","Nottingham, Leicestershire, GB",4,1069.98
"Caselle Torinese (TO), IT","Shannon, IE",2,1464.35
"Caselle Torinese (TO), IT","Warsaw, PL",4,1245.43
"Caselle Torinese (TO), IT","Manchester, Greater Manchester, GB",14,1155.29
"Caselle Torinese (TO), IT","Glasgow, GB",2,1457.43
"Caselle Torinese (TO), IT","Helsinki (Vantaa), FI",2,2031.66
"Caselle Torinese (TO), IT","Falconara Marittima (AN), IT",1,486.65
"Caselle Torinese (TO), IT","Edinburgh, GB",2,1422.55
"Catania, IT","Pantelleria (TP), IT",1,283.9
"Catania, IT","Montichiari (BS), IT",1,968.9
"Catania, IT","Luxembourg, LU",2,1526.41
"Chabeuil, Drôme, FR","Toulouse/Blagnac, FR",1,321.02
"Chambéry, FR","Leeds, West Yorkshire, GB",1,1061.91
"Chambéry, FR","Mošnov, CZ",1,1019.36
"Chambéry, FR","Nottingham, Leicestershire, GB",2,954.78
"Chambéry, FR","Newcastle upon Tyne, Tyne and Wear, GB",1,1173.62
"Chambéry, FR","Southampton, GB",1,796.47
"Cahors, FR","Chambéry, FR",1,374.7
"Chambéry, FR","Glasgow, GB",2,1346.37
"Chambéry, FR","Edinburgh, GB",3,1315.63
"Antwerp, BE","Chambéry, FR",1,626.18
"Chambéry, FR","Warsaw, PL",1,1317.07
"Chambéry, FR","Parma (PR), IT",1,357.4
"Broughton, GB","Chambéry, FR",1,1053.65
"Chambéry, FR","Cranfield, Central Bedfordshire, GB",2,858.19
"Chambéry, FR","Luxembourg, LU",2,444.22
"Bristol, GB","Chambéry, FR",2,898.31
"Bournemouth, GB","Chambéry, FR",1,808.01
"Chambéry, FR","Faro, PT",1,1498.56
"Charleroi, BE","Köln (Cologne), DE",1,194.37
"Charleroi, BE","Cluj-Napoca, RO",2,1466.31
"Chambéry, FR","Charleroi, BE",1,546.66
"Chassieu, Lyon, FR","Woking, Surrey, GB",2,744.3
"Chassieu, Lyon, FR","Kiel, DE",1,1030.5
"Chassieu, Lyon, FR","Lesquin, FR",1,555.06
"Chassieu, Lyon, FR","Cranfield, Central Bedfordshire, GB",1,813.61
"Chassieu, Lyon, FR","Saint-Jacques-de-la-Lande, Ille-et-Vilaine, FR",1,570.07
"Chassieu, Lyon, FR","Istanbul, TR",3,2000.38
"Chassieu, Lyon, FR","Shannon, IE",1,1267.67
"Bristol, GB","Chassieu, Lyon, FR",1,843.61
"Chassieu, Lyon, FR","Málaga, ES",1,1277.73
"Chassieu, Lyon, FR","Saint-Tropez, FR",1,305.88
"Chassieu, Lyon, FR","Dublin, IE",1,1174.63
"Clermont-Ferrand, FR","Saint-Tropez, FR",1,389.07
"Cascais, PT","Colombier-Saugnieu, Rhône, FR",1,1418.2
"Colombier-Saugnieu, Rhône, FR","Kidlington, Oxfordshire, GB",2,825.32
"Colombier-Saugnieu, Rhône, FR","Edinburgh, GB",2,1280.64
"Colombier-Saugnieu, Rhône, FR","Riga, LV",1,1802.13
"Colombier-Saugnieu, Rhône, FR","Leeds, West Yorkshire, GB",1,1025.58
"Colombier-Saugnieu, Rhône, FR","Leixlip, IE",1,1187.69
"Colombier-Saugnieu, Rhône, FR","Stockholm, SE",5,1753.32
"Colombier-Saugnieu, Rhône, FR","Napoli, IT",1,917.68
"Colombier-Saugnieu, Rhône, FR","Palma de Mallorca, ES",1,712.89
"Colombier-Saugnieu, Rhône, FR","Zaragoza, ES",1,668.06
"Copenhagen, DK","Innsbruck, AT",13,933.73
"Copenhagen, DK","Larnaca, CY",2,2807.03
"Copenhagen, DK","Trento (TN), IT",2,1072.2
"Copenhagen, DK","Vila Baleira, PT",2,3358.7
"Copenhagen, DK","Seville, ES",2,2454.96
"Copenhagen, DK","Skellefteå, SE",1,1102.64
"Copenhagen, DK","Valletta, MT",2,2202.96
"Cork, IE","Geneva, CH",2,1229.95
"Cork, IE","Munich, DE",2,1492.0
"Cork, IE","Salzburg, AT",2,1599.86
"Cork, IE","Zurich, CH",1,1316.12
"Cranfield, Central Bedfordshire, GB","Geneva, CH",1,811.71
"Darlington, Durham, GB","Enontekio, FI",1,2000.93
"Dole, FR","Toussus-le-Noble, Yvelines, FR",1,312.36
"Donegal, IE","Glasgow, GB",1,262.97
"Babięta, PL","Dortmund, DE",1,950.41
"Amsterdam, NL","Dortmund, DE",1,214.2
"Dortmund, DE","Venezia (VE), IT",1,753.9
"Dortmund, DE","Vienna, AT",1,745.35
"Dresden, DE","Katowice, PL",1,380.35
"Dresden, DE","Trento (TN), IT",1,600.53
"Dresden, DE","Madrid, ES",1,1793.58
"Dublin, IE","Salzburg, AT",13,1490.75
"Cannes, FR","Dublin, IE",1,1463.62
"Dublin, IE","Mönchengladbach, DE",1,899.92
"Dublin, IE","Friedrichshafen, DE",1,1281.22
"Dublin, IE","Grenoble, FR",7,1225.07
"Dublin, IE","Montichiari (BS), IT",1,1487.79
"Cork, IE","Dublin, IE",1,231.89
"Dundee, GB","Farnborough, Hampshire, GB",1,594.14
"Dundee, GB","Grimsby, Lincolnshire, GB",1,362.44
"Dundee, GB","Riga, LV",1,1641.25
"Bristol, GB","Dundee, GB",1,564.14
"Duxford, Cambridgeshire, GB","Staverton, Gloucestershire, GB",1,158.93
"Düsseldorf, DE","Kiruna, SE",1,1980.54
"Düsseldorf, DE","Montichiari (BS), IT",1,702.64
"Düsseldorf, DE","St. Gallen, CH",1,468.81
"Düsseldorf, DE","Grenoble, FR",1,667.49
"Düsseldorf, DE","Samedan, CH",1,575.63
"Chassieu, Lyon, FR","Düsseldorf, DE",1,632.77
"Edinburgh, GB","Grenoble, FR",5,1325.1
"Edinburgh, GB","Innsbruck, AT",6,1397.0199999999998
"Edinburgh, GB","Kidlington, Oxfordshire, GB",4,476.68
"Edinburgh, GB","Göteborg, SE",1,957.78
"Edinburgh, GB","San Bartolomé, ES",1,3110.36
"Edinburgh, GB","Salzburg, AT",2,1438.37
"Edinburgh, GB","Napoli, IT",1,2109.55
"Eindhoven, NL","Treviso (TV), IT",2,816.68
"Eindhoven, NL","Turku, FI",1,1447.97
"El Matorral, ES","Madrid, ES",1,1624.27
"Erfurt, DE","Palma de Mallorca, ES",2,1422.14
"Erfurt, DE","Giebelstadt, DE",1,163.9
"Erfurt, DE","Prague, CZ",1,252.71
"Evenes, NO","Oslo (Gardermoen), NO",17,959.97
"Evenes, NO","Trondheim, NO",2,616.74
"Bergen, NO","Evenes, NO",1,1061.22
"Exeter, Devon, GB","Weßling, DE",1,1101.42
"Farnborough, Hampshire, GB","Palma de Mallorca, ES",2,1331.81
"Farnborough, Hampshire, GB","Orio al Serio (BG), IT",1,991.4
"Farnborough, Hampshire, GB","Nowy Dwór Mazowiecki, PL",1,1471.74
"Farnborough, Hampshire, GB","Wevelgem, BE",2,283.19
"Farnborough, Hampshire, GB","Saint-Tropez, FR",1,1050.28
"Farnborough, Hampshire, GB","Katowice, PL",1,1391.82
"Farnborough, Hampshire, GB","Oslo (Gardermoen), NO",2,1235.53
"Caselle Torinese (TO), IT","Farnborough, Hampshire, GB",2,918.47
"Farnborough, Hampshire, GB","Genova (GE), IT",1,1045.98
"Farnborough, Hampshire, GB","Farranfore, IE",1,610.42
"Bologna, IT","Farnborough, Hampshire, GB",1,1168.13
"Farnborough, Hampshire, GB","Prague, CZ",1,1065.36
"Farnborough, Hampshire, GB","Luxembourg, LU",1,527.42
"Farnborough, Hampshire, GB","Stuttgart, DE",1,769.75
"Farnborough, Hampshire, GB","Hamburg, DE",1,767.82
"Faro, PT","Funchal, PT",1,935.23
"Faro, PT","Göteborg, SE",2,2729.95
"Faro, PT","Wevelgem, BE",1,1772.49
"Faro, PT","Limerick, IE",2,1741.15
"Faro, PT","Grimsby, Lincolnshire, GB",1,1932.83
"Faro, PT","Seville, ES",2,189.34
"Faro, PT","Palma de Mallorca, ES",1,975.67
"Feldkirchen bei Graz, AT","St. Gallen, CH",1,447.1
"Feldkirchen bei Graz, AT","Larnaca, CY",1,2027.79
"Ferno (VA), IT","Shannon, IE",1,1499.21
"Ferno (VA), IT","Liverpool, GB",1,1194.43
"Ferno (VA), IT","Olbia (SS), IT",2,530.0
"Billund, DK","Ferno (VA), IT",1,1124.55
"Ferno (VA), IT","Wrocław, PL",1,855.3
"Comiso, IT","Ferno (VA), IT",1,1077.73
"Ferno (VA), IT","Nice, Alpes-Maritimes, FR",1,249.8
"Figari, FR","Samedan, CH",1,563.08
"Figari, FR","Schkeuditz, DE",1,1128.49
"Firenze (FI), IT","Toulouse/Blagnac, FR",1,790.5
"Caselle Torinese (TO), IT","Firenze (FI), IT",1,321.46
"Foggia (FG), IT","Pescara, IT",1,157.48
"Frankfurt am Main, DE","Sta Cruz de la Palma, La Palma Island, ES",4,3250.8
"Frankfurt am Main, DE","Gaziemir, TR",3,1965.9
"Frankfurt am Main, DE","Palermo, IT",1,1371.46
"Frankfurt am Main, DE","Grenoble, FR",1,572.0
"Frankfurt am Main, DE","Trento (TN), IT",2,484.28
"Frankfurt am Main, DE","Ibiza (Eivissa), ES",2,1363.56
"Cannes, FR","Frankfurt am Main, DE",1,730.62
"Frankfurt am Main (Lautzenhausen), DE","Vilnius, LT",2,1327.29
"Frankfurt am Main (Lautzenhausen), DE","Weeze, DE",1,200.18
"Copenhagen, DK","Friedrichshafen, DE",1,909.63
"Friedrichshafen, DE","Vienna, AT",2,528.34
"Budapest, HU","Friedrichshafen, DE",2,720.47
"Friedrichshafen, DE","Marignane, Bouches-du-Rhône, FR",1,577.39
"Friedrichshafen, DE","Växjö, SE",1,1088.04
"Friedrichshafen, DE","Nottingham, Leicestershire, GB",1,959.15
"Friedrichshafen, DE","London, GB",6,809.23
"Bologna, IT","Friedrichshafen, DE",1,374.62
"Bratislava, SK","Friedrichshafen, DE",1,576.31
"Friedrichshafen, DE","Weert, NL",1,488.39
"Friedrichshafen, DE","Grenoble, FR",1,410.13
"Funchal, PT","Stockholm, SE",4,3920.58
"Funchal, PT","Nuremberg, DE",2,2960.0
"Funchal, PT","Leeds, West Yorkshire, GB",2,2640.11
"Funchal, PT","Tallinn, EE",2,4254.21
"Funchal, PT","Poznań, PL",2,3466.44
"Funchal, PT","Madrid, ES",2,1449.11
"Funchal, PT","Nantes, FR",2,2055.24
"Copenhagen, DK","Gaziemir, TR",1,2208.64
"Gaziemir, TR","Spata-Artemida, GR",1,283.81
"Dublin, IE","Gaziemir, TR",1,3044.32
"Amsterdam, NL","Gaziemir, TR",1,2326.89
"Gaziemir, TR","Munich, DE",1,1666.96
"Caselle (VR), IT","Gdańsk, PL",1,1135.37
"Charleroi, BE","Geneva, CH",1,485.2
"Broughton, GB","Geneva, CH",1,1009.57
"Friedrichshafen, DE","Geneva, CH",1,303.42
"Geneva, CH","Shannon, IE",2,1298.62
"Geneva, CH","Wrocław, PL",1,956.9
"Geneva, CH","Ronchi dei Legionari/Trieste, IT",1,570.04
"Geneva, CH","Tallinn, EE",2,1917.42
"Geneva, CH","Kittilä, FI",1,2618.12
"Genova (GE), IT","Napoli, IT",1,593.39
"Genova (GE), IT","Locarno, CH",1,194.48
"Bologna, IT","Giebelstadt, DE",1,577.22
"Girona, ES","Yenişehir, TR",1,2244.7
"Glasgow, GB","Salzburg, AT",2,1490.58
"Glasgow, GB","Grenoble, FR",1,1353.5
"Glasgow, GB","Hannover, DE",2,991.97
"Glasgow, GB","Schkeuditz, DE",1,1200.9
"Billund, DK","Grenoble, FR",1,1184.72
"Grenoble, FR","Montpellier/Méditerranée, FR",1,226.32
"Grenoble, FR","Oslo (Gardermoen), NO",1,1692.63
"Grenoble, FR","Vilnius, LT",3,1749.86
"Grenoble, FR","Lisbon, PT",1,1397.26
"Grenoble, FR","Paris, FR",7,495.77
"Grenoble, FR","Newcastle upon Tyne, Tyne and Wear, GB",2,1184.74
"Grenoble, FR","Warsaw, PL",2,1369.68
"Bern, CH","Grenoble, FR",1,240.06
"Grenoble, FR","Madrid, ES",3,915.07
"Grenoble, FR","Marignane, Bouches-du-Rhône, FR",1,214.23
"Grenoble, FR","Southend-on-Sea, Essex, GB",3,769.86
"Berlin, DE","Grenoble, FR",1,980.08
"Grenoble, FR","Le Mans, Sarthe, FR",1,485.44
"Exeter, Devon, GB","Grenoble, FR",1,881.6
"Grenoble, FR","Seville, ES",2,1284.91
"Grenoble, FR","Greven, DE",2,772.39
"Greven, DE","Stavanger, NO",1,760.72
"Greven, DE","Samedan, CH",1,642.58
"Greven, DE","Hamburg, DE",1,219.62
"Grimsby, Lincolnshire, GB","Liverpool, GB",1,167.68
"Grimsby, Lincolnshire, GB","London, GB",2,230.77
"Grimsby, Lincolnshire, GB","Kidlington, Oxfordshire, GB",1,204.14
"Grimsby, Lincolnshire, GB","Valletta, MT",1,2283.63
"Friedrichshafen, DE","Groningen, NL",1,640.33
"Greven, DE","Grâce-Hollogne, BE",1,227.8
"Annecy, FR","Grâce-Hollogne, BE",1,525.92
"Grâce-Hollogne, BE","Samedan, CH",1,560.99
"Göteborg, SE","Nuremberg, DE",1,916.37
"Göteborg, SE","Trento (TN), IT",1,1302.07
"Hamar, NO","Sandefjord(Torp), NO",1,186.9
"Hamburg, DE","Thessaloniki, GR",1,1751.44
"Hamburg, DE","Porto, PT",1,1947.98
"Hamburg, DE","Norwich, Norfolk, GB",1,584.11
"Gaziemir, TR","Hamburg, DE",1,2148.87
"Hamburg, DE","Varna, BG",1,1744.18
"Hamburg, DE","Sta Cruz de la Palma, La Palma Island, ES",4,3570.26
"Hamburg, DE","Treviso (TV), IT",1,897.34
"Hamburg, DE","Segrate (MI), IT",1,906.03
"Hamburg, DE","Laage, DE",1,159.99
"Hannover, DE","Rotterdam, NL",2,361.87
"Hannover, DE","Málaga, ES",2,2075.87
"Alicante, ES","Hannover, DE",1,1764.01
"Bratislava, SK","Helsinki (Vantaa), FI",1,1439.3
"Helsinki (Vantaa), FI","Stuttgart, DE",1,1635.87
"Helsinki (Vantaa), FI","Venezia (VE), IT",2,1844.29
"Helsinki (Vantaa), FI","Innsbruck, AT",5,1698.04
"Helsinki (Vantaa), FI","Salzburg, AT",4,1590.98
"Alajero, La Gomera Island, ES","Helsinki (Vantaa), FI",1,4773.6
"Helsinki (Vantaa), FI","Kiruna, SE",1,863.57
"Hof, DE","Marignane, Bouches-du-Rhône, FR",1,913.03
"Dortmund, DE","Hof, DE",1,327.23
"Barcelona, ES","Hondarribia, ES",1,391.86
"Hradec Králové, CZ","Trento (TN), IT",1,586.17
"Amsterdam, NL","Hyères, Var, FR",1,1029.41
"Ibiza (Eivissa), ES","Santiago de Compostela, ES",1,935.76
"Innsbruck, AT","Oslo (Gardermoen), NO",1,1438.25
"Greven, DE","Innsbruck, AT",1,602.14
"Innsbruck, AT","Newcastle upon Tyne, Tyne and Wear, GB",2,1251.06
"Funchal, PT","Innsbruck, AT",1,2866.66
"Grâce-Hollogne, BE","Innsbruck, AT",1,571.31
"Innsbruck, AT","Leeds, West Yorkshire, GB",1,1173.05
"Innsbruck, AT","Kidlington, Oxfordshire, GB",1,1043.77
"Innsbruck, AT","Stockholm, SE",11,1427.96
"Innsbruck, AT","Riga, LV",2,1378.23
"Arvidsjaur, SE","Innsbruck, AT",1,2091.97
"Innsbruck, AT","Mönchengladbach, DE",1,563.92
"Innsbruck, AT","Istanbul, TR",1,1560.8
"Innsbruck, AT","Zurich, CH",1,211.73
"Innsbruck, AT","Warsaw, PL",2,881.43
"Dublin, IE","Innsbruck, AT",1,1419.85
"Friedrichshafen, DE","Istanbul, TR",1,1705.92
"Istanbul, TR","Varna, BG",1,260.06
"Charlestown, IE","Istanbul, TR",1,3128.7
"Dresden, DE","Istanbul, TR",1,1615.58
"Cluj-Napoca, RO","Istanbul, TR",1,764.55
"Istanbul, TR","Nowy Dwór Mazowiecki, PL",1,1414.79
"Grenoble, FR","Istanbul, TR",1,1966.22
"Grimsby, Lincolnshire, GB","Istanbul, TR",1,2583.71
"Geneva, CH","Jasionka, PL",1,1253.24
"Jasionka, PL","Perugia (PG), IT",1,1064.28
"Geneva, CH","Jerez de la Frontera, ES",1,1460.17
"Blackpool, GB","Jerez de la Frontera, ES",1,1907.69
"Jerez de la Frontera, ES","Toulouse/Blagnac, FR",1,990.96
"Jönköping, SE","Malmö, SE",1,250.67
"Karlovy Vary, CZ","Trento (TN), IT",1,483.34
"Katowice, PL","Prague, CZ",2,344.96
"Katowice, PL","Napoli, IT",1,1128.81
"Brno, CZ","Katowice, PL",1,225.87
"Helsinki (Vantaa), FI","Katowice, PL",1,1154.63
"Katowice, PL","Sta Cruz de la Palma, La Palma Island, ES",2,3919.65
"Katowice, PL","Levaldigi (CN), IT",2,1082.0
"Kaunas, LT","Oslo (Gardermoen), NO",2,965.48
"Kidlington, Oxfordshire, GB","Rome, IT",1,1524.36
"Kidlington, Oxfordshire, GB","Leixlip, IE",2,387.61
"Kidlington, Oxfordshire, GB","Sion, CH",1,886.37
"Grenoble, FR","Kidlington, Oxfordshire, GB",1,869.43
"Bolzano (BZ), IT","Kidlington, Oxfordshire, GB",1,1094.76
"Kittilä, FI","Zaventem, BE",1,2173.51
"Faro, PT","Klagenfurt am Wörthersee, AT",1,2125.01
"Hamburg, DE","Klagenfurt am Wörthersee, AT",1,833.36
"Geneva, CH","Klagenfurt am Wörthersee, AT",1,631.84
"Klagenfurt am Wörthersee, AT","London, GB",1,1176.19
"Kos Island, GR","Palermo, IT",1,1233.72
"Köln (Cologne), DE","Tenerife, ES",2,3197.18
"Köln (Cologne), DE","Samedan, CH",1,521.91
"Akrotiri, CY","Köln (Cologne), DE",1,2754.93
"Augsburg, DE","Köln (Cologne), DE",1,384.7
"Köln (Cologne), DE","Thessaloniki, GR",1,1677.15
"Burgos, ES","La Virgen Del Camino, ES",1,168.71
"Laage, DE","Vienna, AT",1,711.86
"Laage, DE","Munich, DE",1,619.68
"Lamezia Terme (CZ), IT","Napoli, IT",1,276.18
"Lannion, FR","Saint-Nazaire/Montoir, FR",1,188.05
"Larnaca, CY","Salzburg, AT",1,2229.72
"Friedrichshafen, DE","Larnaca, CY",2,2450.14
"Dortmund, DE","Larnaca, CY",1,2778.62
"Chambéry, FR","Larnaca, CY",1,2622.65
"Düsseldorf, DE","Larnaca, CY",1,2815.99
"Bologna, IT","Larnaca, CY",1,2181.6
"Larnaca, CY","Lisbon, PT",1,3796.02
"Larnaca, CY","Trento (TN), IT",1,2259.48
"Larnaca, CY","Montpellier/Méditerranée, FR",1,2714.32
"Alicante, ES","Laval, Mayenne, FR",1,1084.26
"Charleroi, BE","Laval, Mayenne, FR",1,464.22
"Le Castellet, Var, FR","Orio al Serio (BG), IT",1,411.23
"Leeds, West Yorkshire, GB","Luton, Luton, GB",2,237.78
"Leeds, West Yorkshire, GB","Woking, Surrey, GB",1,289.67
"Leeds, West Yorkshire, GB","Stavanger, NO",1,715.02
"Glasgow, GB","Leeds, West Yorkshire, GB",1,284.96
"Lelystad, NL","Paris, FR",1,418.49
"Les Allues, FR","Luxembourg, LU",1,469.97
"Agno, CH","Les Allues, FR",1,192.92
"Les Allues, FR","Nice, Alpes-Maritimes, FR",1,200.96
"Antwerp, BE","Les Allues, FR",2,661.73
"Lesquin, FR","Venezia (VE), IT",2,887.51
"Lesquin, FR","Rome, IT",2,1208.28
"Alajero, La Gomera Island, ES","Lesquin, FR",1,3033.77
"Linz, AT","Warsaw, PL",1,646.28
"Linz, AT","Mannheim, DE",1,441.03
"Istanbul, TR","Linz, AT",1,1408.71
"Lisbon, PT","Palma de Mallorca, ES",1,1026.56
"Cannes, FR","Lisbon, PT",1,1444.53
"El Matorral, ES","Liverpool, GB",1,2909.76
"Liverpool, GB","Salzburg, AT",2,1274.19
"Alajero, La Gomera Island, ES","Liverpool, GB",2,3050.22
"Colombier-Saugnieu, Rhône, FR","Liverpool, GB",2,1020.49
"Chassieu, Lyon, FR","Liverpool, GB",1,1014.47
"Camberley, Surrey, GB","Liverpool, GB",1,261.72
"Darlington, Durham, GB","Liverpool, GB",1,160.3
"Lleida, ES","Palma de Mallorca, ES",1,305.18
"Locarno, CH","Villanova d'Albenga (SV), IT",1,241.93
"Grenoble, FR","Locarno, CH",1,289.24
"Locarno, CH","St. Gallen, CH",1,156.12
"Capua, IT","London, GB",1,1584.69
"London, GB","Tarbes/Lourdes/Pyrénées, FR",2,926.31
"London, GB","Weeze, DE",2,427.53
"London, GB","Sylt, DE",1,673.76
"Bilbao, ES","London, GB",1,937.68
"Dortmund, DE","London, GB",1,529.47
"London, GB","Mönchengladbach, DE",2,455.39
"London, GB","Nottingham, Nottinghamshire, GB",1,172.03
"Kittilä, FI","London, GB",1,2247.86
"Catania, IT","London, GB",1,1960.21
"Aalborg, DK","Luton, Luton, GB",1,877.35
"Luton, Luton, GB","Prestwick, South Ayrshire, GB",1,489.14
"Luton, Luton, GB","Salzburg, AT",5,1058.95
"Luton, Luton, GB","Luxembourg, LU",1,525.84
"Friedrichshafen, DE","Luton, Luton, GB",1,848.49
"Helsinki (Vantaa), FI","Luton, Luton, GB",1,1813.39
"Annecy, FR","Luton, Luton, GB",1,812.05
"Greven, DE","Luton, Luton, GB",1,551.97
"Köln (Cologne), DE","Luxembourg, LU",1,152.84
"Cannes, FR","Luxembourg, LU",1,678.31
"Luxembourg, LU","Toussus-le-Noble, Yvelines, FR",1,313.8
"Luxembourg, LU","Sion, CH",1,387.9
"Luxembourg, LU","Napoli, IT",1,1158.04
"Lübeck, DE","Samedan, CH",1,810.7
"Lübeck, DE","Odense, DK",1,187.39
"Maastricht, NL","Málaga, ES",1,1780.77
"Maastricht, NL","Wevelgem, BE",1,179.94
"Madrid, ES","Santander, ES",1,333.24
"Capua, IT","Madrid, ES",1,1502.95
"Maastricht, NL","Madrid, ES",1,1374.7
"Madrid, ES","Saint-Tropez, FR",2,895.98
"Madrid, ES","Salzburg, AT",1,1558.36
"Mahón (Maó), ES","Vienna, AT",1,1345.1
"Greven, DE","Malmö, SE",1,531.07
"Comiso, IT","Malmö, SE",1,2063.62
"Jerez de la Frontera, ES","Manchester, Greater Manchester, GB",1,1869.43
"Manchester, Greater Manchester, GB","Memmingen, DE",2,1062.41
"Manchester, Greater Manchester, GB","Napoli, IT",2,1859.84
"Manchester, Greater Manchester, GB","Newcastle upon Tyne, Tyne and Wear, GB",2,191.64
"Manchester, Greater Manchester, GB","Samedan, CH",1,1151.36
"Manchester, Greater Manchester, GB","Montichiari (BS), IT",1,1264.91
"Manching, DE","Tours, Indre-et-Loire, FR",1,814.74
"Maribor, SI","Sečovlje, SI",2,195.31
"Groningen, NL","Marignane, Bouches-du-Rhône, FR",1,1081.16
"Marignane, Bouches-du-Rhône, FR","Venezia (VE), IT",2,611.08
"Marignane, Bouches-du-Rhône, FR","Treviso (TV), IT",2,605.17
"Megève, FR","Nice, Alpes-Maritimes, FR",1,244.81
"Granada, ES","Melilla, ES",1,224.67
"Memmingen, DE","Paphos, CY",1,2356.95
"Barcelona, ES","Memmingen, DE",1,983.92
"Burgos, ES","Monflorite/Alcalá del Obispo, ES",1,273.87
"Montichiari (BS), IT","Venezia (VE), IT",2,157.85
"Chambéry, FR","Montichiari (BS), IT",1,347.38
"Angers, FR","Montpellier/Méditerranée, FR",1,553.9
"Colombier-Saugnieu, Rhône, FR","Montpellier/Méditerranée, FR",1,255.13
"Albi, FR","Montpellier/Méditerranée, FR",1,153.27
"Montpellier/Méditerranée, FR","Reus, ES",1,354.43
"Montpellier/Méditerranée, FR","Nice, Alpes-Maritimes, FR",2,262.0
"Montpellier/Méditerranée, FR","Ponta Delgada, PT",1,2569.72
"Malmö, SE","Mora, SE",1,606.56
"Mošnov, CZ","Vilnius, LT",1,734.75
"Berlin, DE","Mošnov, CZ",1,437.71
"Bologna, IT","Mošnov, CZ",1,771.27
"Kittilä, FI","Munich, DE",2,2273.42
"Munich, DE","Napoli, IT",2,853.59
"Munich, DE","Shannon, IE",1,1535.42
"Munich, DE","Samedan, CH",1,247.77
"Munich, DE","Sta Cruz de la Palma, La Palma Island, ES",2,3342.8
"Le Castellet, Var, FR","Munich, DE",1,733.11
"Friedrichshafen, DE","Munich, DE",1,185.43
"Munich, DE","Rhodes, GR",2,1878.69
"Lübeck, DE","Munich, DE",1,610.74
"Broughton, GB","Málaga, ES",1,1838.87
"Málaga, ES","St. Gallen, CH",1,1665.68
"Málaga, ES","Samedan, CH",1,1617.66
"Annecy, FR","Málaga, ES",1,1354.97
"Bilbao, ES","Málaga, ES",1,749.08
"Montichiari (BS), IT","Málaga, ES",1,1574.89
"Colombier-Saugnieu, Rhône, FR","Mönchengladbach, DE",1,620.83
"Cannes, FR","Nantes, FR",1,779.58
"Gran Canaria Island, ES","Nantes, FR",1,2459.95
"Newcastle upon Tyne, Tyne and Wear, GB","Warsaw, PL",1,1517.52
"Glasgow, GB","Newcastle upon Tyne, Tyne and Wear, GB",1,196.25
"Newcastle upon Tyne, Tyne and Wear, GB","Porto, PT",1,1616.78
"Newcastle upon Tyne, Tyne and Wear, GB","Salzburg, AT",4,1294.57
"Newquay, GB","Prestwick, South Ayrshire, GB",1,563.44
"Annecy, FR","Newquay, GB",1,961.94
"Grenoble, FR","Nice, Alpes-Maritimes, FR",1,241.44
"Marignane, Bouches-du-Rhône, FR","Nice, Alpes-Maritimes, FR",1,163.3
"Edinburgh, GB","Norwich, Norfolk, GB",1,472.8
"Norwich, Norfolk, GB","Salzburg, AT",2,993.04
"Lesquin, FR","Nottingham, Leicestershire, GB",1,395.65
"Nottingham, Leicestershire, GB","Paphos, CY",1,3330.5
"Nottingham, Leicestershire, GB","Southend-on-Sea, Essex, GB",1,196.53
"Nuremberg, DE","Salzburg, AT",1,236.6
"Bratislava, SK","Nuremberg, DE",1,472.52
"Egelsbach, DE","Nuremberg, DE",1,182.37
"Gaziemir, TR","Nuremberg, DE",1,1785.31
"Nîmes/Garons, FR","Perpignan/Rivesaltes, FR",1,168.7
"Cannes, FR","Nîmes/Garons, FR",1,205.57
"Olbia (SS), IT","Rome, IT",2,262.44
"Amsterdam, NL","Olbia (SS), IT",1,1318.93
"Olbia (SS), IT","Segrate (MI), IT",2,505.89
"Oostende, BE","Zurich, CH",1,584.6
"Oostende, BE","Segrate (MI), IT",1,795.3
"Ferno (VA), IT","Oostende, BE",1,754.53
"Antalya, TR","Ordu, TR",1,775.27
"Lublin, PL","Orio al Serio (BG), IT",1,1139.19
"Orio al Serio (BG), IT","Shannon, IE",2,1557.14
"Nîmes/Garons, FR","Orio al Serio (BG), IT",1,469.01
"Evenes, NO","Orio al Serio (BG), IT",1,2568.6
"Hamburg, DE","Orio al Serio (BG), IT",1,880.06
"Maastricht, NL","Oslo (Gardermoen), NO",1,1084.43
"Oslo (Gardermoen), NO","Palma de Mallorca, ES",2,2367.84
"Larnaca, CY","Oslo (Gardermoen), NO",1,3248.04
"Florø, NO","Oslo (Gardermoen), NO",2,363.01
"Oslo (Gardermoen), NO","Stuttgart, DE",1,1284.81
"Oslo (Gardermoen), NO","Szczecin(Glewice), PL",1,770.02
"Oslo (Gardermoen), NO","Salzburg, AT",2,1384.34
"Annecy, FR","Palma de Mallorca, ES",2,760.16
"Chambéry, FR","Palma de Mallorca, ES",1,723.83
"Palma de Mallorca, ES","Poznań, PL",1,1791.08
"Palma de Mallorca, ES","Treviso (TV), IT",2,1027.59
"Málaga, ES","Pamplona, ES",1,720.2
"Les Allues, FR","Paris, FR",1,542.04
"Paris, FR","Rotterdam, NL",4,333.0
"Paris, FR","Trémuson, Côtes-d'Armor, FR",2,382.24
"Paris, FR","Samedan, CH",2,646.59
"Charleroi, BE","Paris, FR",1,204.22
"Lannion, FR","Paris, FR",1,421.34
"Aix en Provence, FR","Pau/Pyrénées (Uzein), FR",1,467.17
"Istanbul, TR","Perpignan/Rivesaltes, FR",1,2158.57
"Málaga, ES","Perugia (PG), IT",1,1613.54
"Ibiza (Eivissa), ES","Perugia (PG), IT",1,1045.19
"Piešťany, SK","Prague, CZ",1,306.06
"Palma de Mallorca, ES","Pisa (PI), IT",1,784.27
"Pisa (PI), IT","Venezia (VE), IT",1,255.1
"Antwerp, BE","Pisa (PI), IT",1,945.65
"Pisa (PI), IT","Weert, NL",1,915.2
"London, GB","Poitiers/Biard, FR",1,547.84
"Ponta Delgada, PT","Tenerife, ES",1,1359.74
"Poprad, SK","Vilnius, LT",1,708.58
"Kidlington, Oxfordshire, GB","Porto, PT",1,1303.51
"Nottingham, Leicestershire, GB","Porto, PT",1,1401.57
"Ibiza (Eivissa), ES","Porto, PT",1,894.9
"Annecy, FR","Porto, PT",1,1296.63
"Nowy Dwór Mazowiecki, PL","Poznań, PL",1,259.52
"Piešťany, SK","Poznań, PL",1,428.07
"Poznań, PL","Trento (TN), IT",1,822.47
"Grenoble, FR","Prague, CZ",2,849.7
"Prague, CZ","Trento (TN), IT",3,509.64000000000004
"Annecy, FR","Prague, CZ",1,763.28
"Calden, DE","Prague, CZ",1,372.36
"Prague, CZ","Treviso (TV), IT",7,518.45
"Prague, CZ","Sønderborg, DK",1,619.23
"Montichiari (BS), IT","Prague, CZ",1,596.57
"Caselle (VR), IT","Ravenna (RA), IT",1,155.7
"Reggio Emilia (RE), IT","Trento (TN), IT",1,151.69
"London, GB","Retford, Nottinghamshire, GB",1,206.39
"Chassieu, Lyon, FR","Retford, Nottinghamshire, GB",1,940.79
"Montichiari (BS), IT","Rheinmünster, DE",1,409.59
"Feldkirchen bei Graz, AT","Rheinmünster, DE",1,583.39
"Dortmund, DE","Rheinmünster, DE",1,306.37
"Paphos, CY","Rhodes, GR",1,439.91
"Lisbon, PT","Riga, LV",1,3141.26
"Riga, LV","Salzburg, AT",2,1260.64
"Riga, LV","Treviso (TV), IT",2,1497.72
"Kittilä, FI","Riga, LV",1,1195.53
"Firenze (FI), IT","Riga, LV",1,1715.2
"Rimini (RN), IT","Samedan, CH",1,351.68
"Annecy, FR","Rome, IT",1,683.51
"Rome, IT","Sandefjord(Torp), NO",1,1938.93
"Paphos, CY","Rome, IT",2,1914.52
"Rome, IT","Salzburg, AT",1,667.81
"Rome, IT","Trento (TN), IT",2,480.8
"Rome, IT","Samedan, CH",1,563.78
"Cluj-Napoca, RO","Rome, IT",1,1052.33
"Retford, Nottinghamshire, GB","Romney Marsh, Kent, GB",1,288.87
"Ferno (VA), IT","Ronchi dei Legionari/Trieste, IT",1,368.83
"Napoli, IT","Ronchi dei Legionari/Trieste, IT",1,553.43
"Manchester, Greater Manchester, GB","Ronchi dei Legionari/Trieste, IT",1,1405.2
"Roskilde, DK","Stavanger, NO",1,534.97
"Blackpool, GB","Roskilde, DK",1,993.13
"Balice, PL","Roskilde, DK",1,798.71
"Catania, IT","Rota, ES",1,1898.52
"Düsseldorf, DE","Rota, ES",1,1930.89
"Rotterdam, NL","Wrocław, PL",2,865.0
"Kittilä, FI","Rotterdam, NL",1,2067.51
"Rotterdam, NL","Zurich, CH",1,580.84
"Greven, DE","Rotterdam, NL",2,223.2
"Saint-Bon, FR","Zurich, CH",2,272.0
"Luxembourg, LU","Saint-Bon, FR",1,471.35
"Cannes, FR","Saint-Jacques-de-la-Lande, Ille-et-Vilaine, FR",1,839.65
"Les Allues, FR","Saint-Tropez, FR",1,244.98
"Megève, FR","Saint-Tropez, FR",1,291.37
"Göteborg, SE","Salzburg, AT",1,1105.4
"Antwerp, BE","Salzburg, AT",1,722.7
"Nottingham, Leicestershire, GB","Salzburg, AT",1,1158.8
"Cascais, PT","Salzburg, AT",1,2061.68
"Budapest, HU","Salzburg, AT",1,459.25
"Saint-Tropez, FR","Salzburg, AT",1,719.69
"Kiel, DE","Salzburg, AT",1,758.93
"Salzburg, AT","Weert, NL",1,658.05
"Salzburg, AT","Vilnius, LT",3,1141.84
"Salzburg, AT","Southend-on-Sea, Essex, GB",2,978.61
"Salzburg, AT","Tallinn, EE",2,1504.5
"Salzburg, AT","Wevelgem, BE",1,784.96
"Samos Island, GR","Thessaloniki, GR",3,463.21
"Sandefjord(Torp), NO","Treviso (TV), IT",1,1510.94
"Girona, ES","Santiago de Compostela, ES",1,923.66
"Faro, PT","Santiago de Compostela, ES",1,654.96
"Larnaca, CY","Schkeuditz, DE",1,2510.73
"Caselle (VR), IT","Schkeuditz, DE",1,677.31
"Segrate (MI), IT","Trento (TN), IT",2,157.19
"Segrate (MI), IT","Southampton, GB",1,996.31
"Segrate (MI), IT","Villanova d'Albenga (SV), IT",1,179.67
"Jasionka, PL","Segrate (MI), IT",1,1082.59
"Saint-Tropez, FR","Segrate (MI), IT",1,333.79
"Segrate (MI), IT","Velika Gorica, HR",1,529.35
"Napoli, IT","Seville, ES",2,1778.34
"Seville, ES","Stockholm, SE",2,2984.36
"Biarritz, FR","Seville, ES",1,767.42
"Seville, ES","Vigo, ES",1,583.87
"Bologna, IT","Sečovlje, SI",1,210.52
"Shannon, IE","Woking, Surrey, GB",1,591.48
"Souda, GR","Thessaloniki, GR",1,564.19
"Charleroi, BE","Southampton, GB",1,413.06
"Munich, DE","Southampton, GB",1,987.68
"Innsbruck, AT","Southampton, GB",1,1009.81
"Pisa (PI), IT","Southampton, GB",1,1196.28
"Segrate (MI), IT","Southend-on-Sea, Essex, GB",1,928.16
"Bodrum, TR","Spata-Artemida, GR",1,338.27
"Perugia (PG), IT","Spata-Artemida, GR",1,1122.32
"Grenoble, FR","Spata-Artemida, GR",1,1747.43
"Spata-Artemida, GR","St. Gallen, CH",1,1579.16
"Chambéry, FR","Spata-Artemida, GR",1,1719.52
"Friedrichshafen, DE","Spata-Artemida, GR",1,1594.63
"St. Gallen, CH","Venezia (VE), IT",1,306.73
"St. Gallen, CH","Weert, NL",1,507.72
"Chassieu, Lyon, FR","St. Gallen, CH",1,403.09
"Göteborg, SE","St. Gallen, CH",1,1150.33
"Grenoble, FR","St. Gallen, CH",2,400.99
"Leicester, Leicestershire, GB","St. Gallen, CH",1,945.14
"St. Gallen, CH","Wevelgem, BE",1,591.91
"Sta Cruz de la Palma, La Palma Island, ES","Stuttgart, DE",2,3203.01
"Schkeuditz, DE","Stavanger, NO",1,927.93
"Chassieu, Lyon, FR","Stavanger, NO",1,1462.82
"St. Gallen, CH","Staverton, Gloucestershire, GB",1,974.1
"Newquay, GB","Staverton, Gloucestershire, GB",1,254.94
"Staverton, Gloucestershire, GB","Warton, GB",1,211.35
"Friedrichshafen, DE","Stockholm, SE",1,1425.5
"Alexandroupolis, GR","Stockholm, SE",1,2146.87
"Rotterdam, NL","Stockholm, SE",1,1186.65
"Chassieu, Lyon, FR","Stockholm, SE",1,1757.85
"Grâce-Hollogne, BE","Stockholm, SE",1,1262.14
"Stockholm, SE","Trento (TN), IT",1,1565.22
"Grenoble, FR","Stockholm, SE",1,1782.57
"Göteborg, SE","Stockholm / Västerås, SE",1,335.73
"Chambéry, FR","Stuttgart, DE",1,422.97
"Dublin, IE","Stuttgart, DE",1,1200.27
"Napoli, IT","Stuttgart, DE",1,954.98
"Stuttgart, DE","Trento (TN), IT",1,329.32
"Calden, DE","Sylt, DE",1,394.86
"Groningen, NL","Sylt, DE",1,230.34
"Bristol, GB","Sønderborg, DK",1,922.2
"Bremen, DE","Sønderborg, DK",1,223.06
"Kittilä, FI","Tallinn, EE",1,921.56
"Granada, ES","Tenerife, ES",1,1543.93
"Thessaloniki, GR","Treviso (TV), IT",2,1043.16
"Farnborough, Hampshire, GB","Thessaloniki, GR",1,2177.33
"Bologna, IT","Timişoara, RO",1,799.83
"Augsburg, DE","Timişoara, RO",1,838.57
"Napoli, IT","Toulouse/Blagnac, FR",1,1105.41
"Cannes, FR","Toulouse/Blagnac, FR",1,450.33
"Bastia, FR","Toulouse/Blagnac, FR",1,669.84
"Toulouse/Blagnac, FR","Venezia (VE), IT",2,894.32
"Annecy, FR","Toulouse/Blagnac, FR",1,452.72
"Jerez de la Frontera, ES","Toussus-le-Noble, Yvelines, FR",1,1490.34
"Les Allues, FR","Toussus-le-Noble, Yvelines, FR",1,502.75
"Avignon, FR","Toussus-le-Noble, Yvelines, FR",2,579.78
"Montpellier/Méditerranée, FR","Toussus-le-Noble, Yvelines, FR",1,592.96
"Toussus-le-Noble, Yvelines, FR","Wevelgem, BE",1,243.1
"Nîmes/Garons, FR","Toussus-le-Noble, Yvelines, FR",1,583.0
"Lannion, FR","Toussus-le-Noble, Yvelines, FR",1,408.83
"Grenoble, FR","Trabzon, TR",1,2813.92
"Bodrum, TR","Trabzon, TR",1,1127.06
"Bratislava, SK","Trento (TN), IT",1,518.77
"Capannori (LU), IT","Trento (TN), IT",1,248.12
"Salzburg, AT","Treviso (TV), IT",1,246.36
"Roskilde, DK","Treviso (TV), IT",1,1104.98
"Isola di Capo Rizzuto (KR), IT","Treviso (TV), IT",1,841.22
"Friedrichshafen, DE","Treviso (TV), IT",1,304.13
"London, GB","Treviso (TV), IT",1,1109.03
"Nowy Dwór Mazowiecki, PL","Treviso (TV), IT",1,974.4
"Lahr/Schwarzwald, DE","Treviso (TV), IT",1,448.37
"Treviso (TV), IT","Vilnius, LT",2,1362.73
"Perth, Perth and Kinross, GB","Turweston, GB",1,510.89
"Bodrum, TR","Tymbou (Kirklar), CY",1,571.15
"Rotterdam, NL","Valladolid, ES",1,1338.7
"Málaga, ES","Valletta, MT",1,1702.43
"Salzburg, AT","Velika Gorica, HR",1,326.23
"Alicante, ES","Velika Gorica, HR",1,1600.03
"Paphos, CY","Velika Gorica, HR",1,1849.51
"St. Gallen, CH","Velika Gorica, HR",2,533.29
"Bilbao, ES","Venezia (VE), IT",1,1234.99
"Salzburg, AT","Venezia (VE), IT",1,259.24
"Valletta, MT","Venezia (VE), IT",1,1089.01
"Agno, CH","Venezia (VE), IT",1,272.67
"Cascais, PT","Venezia (VE), IT",1,1934.95
"Venezia (VE), IT","Vilnius, LT",2,1367.79
"Cannes, FR","Venezia (VE), IT",1,479.85
"Samedan, CH","Venezia (VE), IT",1,222.24
"Capua, IT","Venezia (VE), IT",1,509.9
"Antwerp, BE","Venezia (VE), IT",1,859.01
"Katowice, PL","Venezia (VE), IT",1,745.21
"Loreo (RO), IT","Vercelli (VC), IT",1,294.39
"Kittilä, FI","Vienna, AT",1,2227.99
"Napoli, IT","Vienna, AT",2,823.28
"Perugia (PG), IT","Vienna, AT",1,640.46
"Groningen, NL","Vienna, AT",1,897.08
"Luton, Luton, GB","Vigo, ES",1,1239.62
"Alghero, IT","Villanova d'Albenga (SV), IT",1,380.36
"Villanova d'Albenga (SV), IT","Wevelgem, BE",1,838.13
"Stuttgart, DE","Vilnius, LT",1,1285.76
"Paphos, CY","Vilnius, LT",1,2283.7
"Bremen, DE","Växjö, SE",1,573.96
"Växjö, SE","Warsaw, PL",1,658.73
"Copenhagen, DK","Växjö, SE",1,193.95
"Farnborough, Hampshire, GB","Warsaw, PL",1,1492.91
"Paris, FR","Weert, NL",1,322.27
"Tenerife, ES","Weeze, DE",1,3204.06
"Samedan, CH","Wevelgem, BE",1,682.98
"Wevelgem, BE","Île d'Yeu, FR",1,613.28
"Pisa (PI), IT","Wevelgem, BE",1,959.93
"Grenoble, FR","Wevelgem, BE",1,626.7
"Samedan, CH","Weßling, DE",1,201.8
"Amsterdam, NL","Weßling, DE",1,660.03
"Nice, Alpes-Maritimes, FR","Weßling, DE",1,583.8
"Grenoble, FR","Weßling, DE",1,545.05
"Antalya, TR","Wrocław, PL",1,1925.39
"Antalya, TR","Yenişehir, TR",1,388.42
"Grenoble, FR","Zaragoza, ES",1,657.59
"Málaga, ES","Zaragoza, ES",1,629.84
"Cluj-Napoca, RO","Zaragoza, ES",1,2041.27
"Friedrichshafen, DE","Zaventem, BE",1,511.59
"Tenerife, ES","Zaventem, BE",1,3068.13
"Alajero, La Gomera Island, ES","Zaventem, BE",1,3127.25
"Nuremberg, DE","Zaventem, BE",1,494.35
"Eskişehir, TR","Zaventem, BE",1,2360.05
"Mönchengladbach, DE","Zurich, CH",1,444.77
"Grenoble, FR","Zurich, CH",4,339.31
"Evenes, NO","Zurich, CH",1,2382.62
"Montichiari (BS), IT","Zurich, CH",1,263.73
"Les Allues, FR","Zurich, CH",1,273.46
"Alajero, La Gomera Island, ES","Zurich, CH",1,3102.76
"Erfurt, DE","Zurich, CH",1,428.8
"Glasgow, GB","Zurich, CH",1,1290.89
"Sta Cruz de la Palma, La Palma Island, ES","Zurich, CH",1,3085.2
"San Bartolomé, ES","Zurich, CH",1,2805.86
"Braunschweig, DE","Zurich, CH",1,559.29
"Megève, FR","Zurich, CH",1,232.5
"Palma de Mallorca, ES","Ängelholm, SE",1,2003.53
