id1,id2,weight,distance,pct_lufthansa_group,pct_air_france_klm_group,pct_iag_group,pct_nordic_legacy,pct_mediterranean_legacy,pct_turkish_and_south_east_legacy,pct_ryanair_group,pct_easyjet_group,pct_wizz_group,pct_other_low_cost_leisure,pct_cargo,pct_other_specialized,pct_narrowbody_airbus,pct_narrowbody_boeing,pct_widebody,pct_regional,pct_business_jet,operator_coverage,aircraft_coverage,log_total_flights,log_unique_callsigns
"Aberdeen, GB","Stavanger, NO",35,497.01,0.0,0.0,0.0,1.0,0.0,0.0,0.0,0.0,0.0,0.0,0.0,0.0,0.0,0.0,0.0,1.0,0.0,0.5428571428571428,0.4857142857142857,3.58351893845611,2.1972245773362196
"Aberdeen, GB","London, GB",135,648.13,0.0,0.0,0.0,0.0,0.0,0.0,0.0,0.208955223880597,0.0,0.0,0.0,0.7910447761194029,1.0,0.0,0.0,0.0,0.0,0.9925925925925926,0.8666666666666667,4.912654885736052,3.4657359027997265
"Aberdeen, GB","Amsterdam, NL",55,703.2699999999999,0.0,1.0,0.0,0.0,0.0,0.0,0.0,0.0,0.0,0.0,0.0,0.0,0.0,0.23255813953488372,0.0,0.7674418604651163,0.0,1.0,0.7818181818181819,4.02535169073515,2.3978952727983707
"Aberdeen, GB","Bergen, NO",22,548.27,0.0,0.0,0.0,0.0,0.0,0.0,0.0,0.0,0.0,0.0,0.0,0.0,0.0,0.0,0.0,1.0,0.0,0.0,0.45454545454545453,3.1354942159291497,1.9459101490553132
"Aberdeen, GB","Dublin, IE",24,491.91,0.0,0.0,0.0,0.0,0.0,0.0,0.0,0.0,0.0,0.0,0.0,1.0,0.0,0.0,0.0,1.0,0.0,0.4166666666666667,0.08333333333333333,3.2188758248682006,1.791759469228055
"Aberdeen, GB","Birmingham, West Midlands, GB",25,528.74,0.0,0.0,0.0,0.0,0.0,0.0,0.0,0.0,0.0,0.0,0.0,1.0,0.0,0.0,0.0,1.0,0.0,0.96,0.96,3.258096538021482,1.9459101490553132
"Aberdeen, GB","Manchester, Greater Manchester, GB",33,428.41,0.0,0.0,0.0,0.0,0.0,0.0,0.0,0.0,0.0,0.0,0.0,1.0,0.0,0.0,0.0,1.0,0.0,1.0,0.7878787878787878,3.5263605246161616,2.1972245773362196
"Alicante, ES","London, GB",141,1471.3299999999997,0.0,0.0,0.0,0.0,0.0,0.0,0.4796747967479675,0.34959349593495936,0.0,0.16260162601626016,0.0,0.008130081300813009,0.5703125,0.40625,0.0,0.0234375,0.0,0.8723404255319149,0.9078014184397163,4.955827057601261,3.5263605246161616
"Alicante, ES","Köln (Cologne), DE",21,1524.41,0.0,0.0,0.0,0.0,0.0,0.0,1.0,0.0,0.0,0.0,0.0,0.0,0.16666666666666666,0.8333333333333334,0.0,0.0,0.0,0.7619047619047619,0.5714285714285714,3.091042453358316,2.0794415416798357
"Alicante, ES","Liverpool, GB",46,1682.9500000000003,0.0,0.0,0.0,0.0,0.0,0.0,0.4782608695652174,0.391304347826087,0.0,0.13043478260869565,0.0,0.0,0.391304347826087,0.6086956521739131,0.0,0.0,0.0,1.0,1.0,3.8501476017100584,2.5649493574615367
"Alicante, ES","Newcastle upon Tyne, Tyne and Wear, GB",27,1865.09,0.0,0.0,0.0,0.0,0.0,0.0,0.48148148148148145,0.0,0.0,0.5185185185185185,0.0,0.0,0.0,1.0,0.0,0.0,0.0,1.0,0.9629629629629629,3.332204510175204,1.9459101490553132
"Alicante, ES","Rotterdam, NL",27,1569.31,0.0,0.0,0.0,0.0,0.0,0.0,0.0,0.0,0.0,1.0,0.0,0.0,0.0,1.0,0.0,0.0,0.0,0.9629629629629629,0.9629629629629629,3.332204510175204,1.791759469228055
"Alicante, ES","Amsterdam, NL",53,1613.15,0.0,0.07547169811320754,0.0,0.0,0.0,0.0,0.0,0.0,0.0,0.9245283018867925,0.0,0.0,0.7346938775510204,0.22448979591836735,0.0,0.04081632653061224,0.0,1.0,0.9245283018867925,3.9889840465642745,2.70805020110221
"Alicante, ES","Dublin, IE",25,1739.79,0.0,0.0,0.0,0.0,0.0,0.0,1.0,0.0,0.0,0.0,0.0,0.0,0.0,0.9411764705882353,0.0,0.058823529411764705,0.0,0.96,0.68,3.258096538021482,2.0794415416798357
"Alicante, ES","Barcelona, ES",77,403.84999999999997,0.0,0.0,0.0,0.0,0.0,0.0,0.0,0.0,0.0,1.0,0.0,0.0,0.9861111111111112,0.0,0.0,0.0,0.013888888888888888,0.974025974025974,0.935064935064935,4.356708826689592,2.995732273553991
"Alicante, ES","Copenhagen, DK",30,2164.54,0.0,0.0,0.0,0.5625,0.0,0.0,0.4375,0.0,0.0,0.0,0.0,0.0,0.22727272727272727,0.7727272727272727,0.0,0.0,0.0,0.5333333333333333,0.7333333333333333,3.4339872044851463,2.302585092994046
"Alicante, ES","Paris, FR",46,1245.77,0.0,0.0,0.0,0.0,0.0,0.0,0.0,0.0,0.0,1.0,0.0,0.0,0.9090909090909091,0.09090909090909091,0.0,0.0,0.0,1.0,0.9565217391304348,3.8501476017100584,2.5649493574615367
"Alicante, ES","Zaventem, BE",37,1458.0099999999998,0.1891891891891892,0.0,0.0,0.0,0.0,0.0,0.0,0.0,0.0,0.8108108108108109,0.0,0.0,0.5142857142857142,0.37142857142857144,0.0,0.11428571428571428,0.0,1.0,0.9459459459459459,3.6375861597263857,2.6390573296152584
"Alicante, ES","Edinburgh, GB",26,1975.6799999999998,0.0,0.0,0.0,0.0,0.0,0.0,0.46153846153846156,0.3076923076923077,0.0,0.23076923076923078,0.0,0.0,0.34782608695652173,0.6521739130434783,0.0,0.0,0.0,1.0,0.8846153846153846,3.295836866004329,1.9459101490553132
"Alicante, ES","Eindhoven, NL",47,1535.7599999999998,0.0,0.0,0.0,0.0,0.0,0.0,0.44680851063829785,0.0,0.0,0.5531914893617021,0.0,0.0,0.0,1.0,0.0,0.0,0.0,1.0,1.0,3.871201010907891,2.302585092994046
"Alicante, ES","Manchester, Greater Manchester, GB",84,1680.5700000000002,0.0,0.0,0.0,0.0,0.0,0.0,0.4166666666666667,0.3333333333333333,0.0,0.25,0.0,0.0,0.5070422535211268,0.49295774647887325,0.0,0.0,0.0,1.0,0.8452380952380952,4.442651256490317,3.1780538303479458
"Alicante, ES","Luton, Luton, GB",41,1511.49,0.0,0.0,0.0,0.0,0.0,0.0,0.15,0.7,0.0,0.15,0.0,0.0,0.8108108108108109,0.16216216216216217,0.0,0.0,0.02702702702702703,0.975609756097561,0.9024390243902439,3.7376696182833684,2.302585092994046
"Alicante, ES","Belfast, GB",32,1865.1600000000003,0.0,0.0,0.0,0.0,0.0,0.0,0.4375,0.4375,0.0,0.125,0.0,0.0,0.5384615384615384,0.46153846153846156,0.0,0.0,0.0,1.0,0.8125,3.4965075614664802,2.3978952727983707
"Alicante, ES","Madrid, ES",67,359.3,0.0,0.0,0.0,0.0,0.0,0.0,0.0,0.0,0.0,0.0,0.0,1.0,0.0,0.45161290322580644,0.016129032258064516,0.45161290322580644,0.08064516129032258,0.014925373134328358,0.9253731343283582,4.219507705176107,2.8903717578961645
"Alicante, ES","Bristol, GB",53,1466.4,0.0,0.0,0.0,0.0,0.0,0.0,0.37735849056603776,0.5283018867924528,0.0,0.09433962264150944,0.0,0.0,0.6222222222222222,0.37777777777777777,0.0,0.0,0.0,1.0,0.8490566037735849,3.9889840465642745,2.4849066497880004
"Alicante, ES","Palma de Mallorca, ES",44,318.2300000000001,0.0,0.0,0.0,0.0,0.0,0.0,0.375,0.0,0.0,0.625,0.0,0.0,0.23809523809523808,0.7619047619047619,0.0,0.0,0.0,0.36363636363636365,0.9545454545454546,3.8066624897703196,2.1972245773362196
"Alicante, ES","Birmingham, West Midlands, GB",41,1578.5,0.0,0.0,0.0,0.0,0.0,0.0,0.5121951219512195,0.1951219512195122,0.0,0.2926829268292683,0.0,0.0,0.5882352941176471,0.4117647058823529,0.0,0.0,0.0,1.0,0.8292682926829268,3.7376696182833684,2.3978952727983707
"Alicante, ES","Nottingham, Leicestershire, GB",26,1618.8499999999997,0.0,0.0,0.0,0.0,0.0,0.0,0.46153846153846156,0.0,0.0,0.5384615384615384,0.0,0.0,0.0,1.0,0.0,0.0,0.0,1.0,0.9615384615384616,3.295836866004329,2.1972245773362196
"Alicante, ES","Stockholm, SE",29,2698.53,0.0,0.0,0.0,0.5294117647058824,0.0,0.0,0.47058823529411764,0.0,0.0,0.0,0.0,0.0,0.36,0.64,0.0,0.0,0.0,0.5862068965517241,0.8620689655172413,3.4011973816621555,2.3978952727983707
"Alicante, ES","Warsaw, PL",26,2271.35,0.0,0.0,0.0,0.0,0.0,0.0,0.48,0.0,0.52,0.0,0.0,0.0,0.5263157894736842,0.42105263157894735,0.05263157894736842,0.0,0.0,0.9615384615384616,0.7307692307692307,3.295836866004329,2.0794415416798357
"Alicante, ES","Charleroi, BE",36,1410.9900000000002,0.0,0.0,0.0,0.0,0.0,0.0,1.0,0.0,0.0,0.0,0.0,0.0,0.0,1.0,0.0,0.0,0.0,1.0,0.4444444444444444,3.6109179126442243,2.0794415416798357
"Alicante, ES","Oslo (Gardermoen), NO",40,2570.41,0.0,0.0,0.0,1.0,0.0,0.0,0.0,0.0,0.0,0.0,0.0,0.0,0.3888888888888889,0.6111111111111112,0.0,0.0,0.0,0.35,0.9,3.713572066704308,2.70805020110221
"Alicante, ES","Glasgow, GB",21,1977.0,0.0,0.0,0.0,0.0,0.0,0.0,0.2857142857142857,0.2857142857142857,0.0,0.42857142857142855,0.0,0.0,0.35294117647058826,0.6470588235294118,0.0,0.0,0.0,1.0,0.8095238095238095,3.091042453358316,2.3978952727983707
"Alicante, ES","Ferno (VA), IT",24,1119.8,0.0,0.0,0.0,0.0,0.0,0.0,1.0,0.0,0.0,0.0,0.0,0.0,0.18181818181818182,0.8181818181818182,0.0,0.0,0.0,0.8333333333333334,0.9166666666666666,3.2188758248682006,1.9459101490553132
"Almería, ES","Madrid, ES",44,414.84,0.0,0.0,0.0,0.0,0.0,0.0,0.0,0.0,0.0,0.0,0.0,1.0,0.02702702702702703,0.0,0.0,0.918918918918919,0.05405405405405406,0.022727272727272728,0.8409090909090909,3.8066624897703196,2.5649493574615367
"Almería, ES","Seville, ES",22,318.75,0.0,0.0,0.0,0.0,0.0,0.0,0.0,0.0,0.0,0.0,0.0,0.0,0.0,0.0,0.0,0.0,0.0,0.0,0.0,3.1354942159291497,1.6094379124341003
"Almería, ES","Barcelona, ES",21,626.44,0.0,0.0,0.0,0.0,0.0,0.0,0.0,0.0,0.0,0.5882352941176471,0.0,0.4117647058823529,0.7894736842105263,0.0,0.0,0.21052631578947367,0.0,0.8095238095238095,0.9047619047619048,3.091042453358316,2.6390573296152584
"Amsterdam, NL","Dublin, IE",171,749.71,0.0,0.3216374269005848,0.32748538011695905,0.0,0.0,0.0,0.34502923976608185,0.0,0.0,0.0,0.005847953216374269,0.0,0.4088050314465409,0.5660377358490566,0.0,0.025157232704402517,0.0,1.0,0.9298245614035088,5.147494476813453,3.4011973816621555
"Amsterdam, NL","Oslo (Gardermoen), NO",95,959.18,0.0,0.7710843373493976,0.0,0.21686746987951808,0.0,0.0,0.0,0.0,0.0,0.0,0.0,0.012048192771084338,0.43037974683544306,0.5189873417721519,0.02531645569620253,0.02531645569620253,0.0,0.8736842105263158,0.8315789473684211,4.564348191467836,3.044522437723423
"Amsterdam, NL","Munich, DE",138,664.17,0.49612403100775193,0.49612403100775193,0.0,0.0,0.0,0.0,0.0,0.0,0.0,0.0,0.007751937984496124,0.0,0.3652173913043478,0.2956521739130435,0.0,0.33043478260869563,0.008695652173913044,0.9347826086956522,0.8333333333333334,4.9344739331306915,3.4657359027997265
"Amsterdam, NL","Madrid, ES",144,1468.5799999999997,0.0,0.54,0.4,0.0,0.0,0.0,0.0,0.0,0.0,0.0,0.06,0.0,0.2892561983471074,0.4462809917355372,0.1652892561983471,0.09917355371900827,0.0,0.6944444444444444,0.8402777777777778,4.976733742420574,3.332204510175204
"Amsterdam, NL","Liverpool, GB",24,523.89,0.0,0.0,0.0,0.0,0.0,0.0,0.0,1.0,0.0,0.0,0.0,0.0,1.0,0.0,0.0,0.0,0.0,1.0,1.0,3.2188758248682006,2.3978952727983707
"Amsterdam, NL","Bergen, NO",51,888.31,0.0,1.0,0.0,0.0,0.0,0.0,0.0,0.0,0.0,0.0,0.0,0.0,0.046511627906976744,0.5813953488372093,0.0,0.37209302325581395,0.0,1.0,0.8431372549019608,3.9512437185814275,2.1972245773362196
"Amsterdam, NL","London, GB",494,341.41,0.0,0.3877118644067797,0.2457627118644068,0.0,0.0,0.0,0.0,0.22033898305084745,0.0,0.0,0.01059322033898305,0.13559322033898305,0.54627539503386,0.009029345372460496,0.022573363431151242,0.40632054176072235,0.01580135440180587,0.9554655870445344,0.8967611336032388,6.20455776256869,4.852030263919617
"Amsterdam, NL","Caselle Torinese (TO), IT",23,818.0,0.0,1.0,0.0,0.0,0.0,0.0,0.0,0.0,0.0,0.0,0.0,0.0,0.0,0.0,0.0,1.0,0.0,1.0,1.0,3.1780538303479458,1.6094379124341003
"Amsterdam, NL","Bremen, DE",38,283.48,0.0,1.0,0.0,0.0,0.0,0.0,0.0,0.0,0.0,0.0,0.0,0.0,0.0,0.0,0.0,1.0,0.0,0.9736842105263158,1.0,3.6635616461296463,2.302585092994046
"Amsterdam, NL","Copenhagen, DK",156,633.38,0.0,0.5555555555555556,0.0,0.3819444444444444,0.0,0.0,0.0,0.05555555555555555,0.0,0.0,0.0,0.006944444444444444,0.4552238805970149,0.373134328358209,0.014925373134328358,0.15671641791044777,0.0,0.9230769230769231,0.8589743589743589,5.056245805348308,3.5263605246161616
"Amsterdam, NL","Frankfurt am Main, DE",125,366.48,0.46153846153846156,0.5288461538461539,0.0,0.0,0.0,0.0,0.0,0.0,0.0,0.0,0.009615384615384616,0.0,0.3854166666666667,0.0,0.0625,0.53125,0.020833333333333332,0.832,0.768,4.836281906951478,3.4657359027997265
"Amsterdam, NL","Kristiansand(Kjevik), NO",23,688.31,0.0,1.0,0.0,0.0,0.0,0.0,0.0,0.0,0.0,0.0,0.0,0.0,0.0,0.0,0.0,1.0,0.0,1.0,1.0,3.1780538303479458,1.6094379124341003
"Amsterdam, NL","Seville, ES",33,1852.07,0.0,0.0,0.0,0.0,0.0,0.0,0.0,0.12121212121212122,0.0,0.8787878787878788,0.0,0.0,0.8064516129032258,0.1935483870967742,0.0,0.0,0.0,1.0,0.9393939393939394,3.5263605246161616,2.4849066497880004
"Amsterdam, NL","Bucharest, RO",66,1786.58,0.0,0.6,0.0,0.0,0.0,0.0,0.0,0.0,0.0,0.0,0.0,0.4,0.0,1.0,0.0,0.0,0.0,0.9848484848484849,0.9848484848484849,4.204692619390966,2.4849066497880004
"Amsterdam, NL","Tallinn, EE",28,1471.8700000000001,0.0,0.0,0.0,0.0,0.0,0.0,0.0,0.0,0.0,0.0,0.0,0.0,1.0,0.0,0.0,0.0,0.0,0.0,0.8571428571428571,3.367295829986474,1.6094379124341003
"Amsterdam, NL","Stuttgart, DE",51,511.01,0.0,0.9607843137254902,0.0,0.0,0.0,0.0,0.0,0.0,0.0,0.0392156862745098,0.0,0.0,0.0,0.0,0.0,1.0,0.0,1.0,0.9215686274509803,3.9512437185814275,2.5649493574615367
"Amsterdam, NL","Luxembourg, LU",49,314.94999999999993,0.0,0.8888888888888888,0.0,0.0,0.0,0.0,0.0,0.0,0.0,0.0,0.1111111111111111,0.0,0.0,0.0,0.11363636363636363,0.8636363636363636,0.022727272727272728,0.9183673469387755,0.8979591836734694,3.912023005428146,2.8903717578961645
"Amsterdam, NL","Warsaw, PL",102,1098.43,0.0,0.4752475247524752,0.0,0.5247524752475248,0.0,0.0,0.0,0.0,0.0,0.0,0.0,0.0,0.0,0.6153846153846154,0.0,0.3717948717948718,0.01282051282051282,0.9901960784313726,0.7647058823529411,4.634728988229636,2.995732273553991
"Amsterdam, NL","Toulouse/Blagnac, FR",42,997.47,0.0,0.975609756097561,0.0,0.0,0.0,0.0,0.0,0.0,0.0,0.024390243902439025,0.0,0.0,0.0,0.02631578947368421,0.0,0.9473684210526315,0.02631578947368421,0.9761904761904762,0.9047619047619048,3.7612001156935624,2.1972245773362196
"Amsterdam, NL","Valencia, ES",32,1481.12,0.0,0.375,0.0,0.0,0.0,0.0,0.0,0.0625,0.0,0.5625,0.0,0.0,0.6086956521739131,0.17391304347826086,0.0,0.21739130434782608,0.0,1.0,0.71875,3.4965075614664802,2.833213344056216
"Amsterdam, NL","Velika Gorica, HR",23,1098.85,0.0,1.0,0.0,0.0,0.0,0.0,0.0,0.0,0.0,0.0,0.0,0.0,0.3888888888888889,0.0,0.0,0.6111111111111112,0.0,0.5652173913043478,0.782608695652174,3.1780538303479458,1.9459101490553132
"Amsterdam, NL","Geneva, CH",104,681.99,0.0,0.7961165048543689,0.0,0.0,0.0,0.0,0.0,0.17475728155339806,0.0,0.0,0.0,0.02912621359223301,0.1951219512195122,0.6829268292682927,0.024390243902439025,0.0975609756097561,0.0,0.9903846153846154,0.7884615384615384,4.653960350157523,3.258096538021482
"Amsterdam, NL","Paris, FR",187,378.01,0.0,0.8833333333333333,0.0,0.0,0.0,0.0,0.0,0.0,0.0,0.06666666666666667,0.03888888888888889,0.011111111111111112,0.8333333333333334,0.07971014492753623,0.028985507246376812,0.043478260869565216,0.014492753623188406,0.9625668449197861,0.7379679144385026,5.236441962829949,3.6888794541139363
"Amsterdam, NL","Porto, PT",53,1594.97,0.0,0.7358490566037735,0.0,0.0,0.0,0.0,0.0,0.0,0.0,0.2641509433962264,0.0,0.0,0.2777777777777778,0.16666666666666666,0.0,0.5555555555555556,0.0,1.0,0.6792452830188679,3.9889840465642745,2.5649493574615367
"Amsterdam, NL","Salzburg, AT",29,772.63,0.0,0.0,0.0,0.0,0.0,0.0,0.0,0.16,0.0,0.8,0.0,0.04,0.14285714285714285,0.7142857142857143,0.0,0.07142857142857142,0.07142857142857142,0.8620689655172413,0.9655172413793104,3.4011973816621555,2.6390573296152584
"Amsterdam, NL","Billund, DK",68,477.25,0.0,1.0,0.0,0.0,0.0,0.0,0.0,0.0,0.0,0.0,0.0,0.0,0.43859649122807015,0.45614035087719296,0.0,0.10526315789473684,0.0,0.9558823529411765,0.8382352941176471,4.23410650459726,2.6390573296152584
"Amsterdam, NL","Vilnius, LT",24,1377.4399999999998,0.0,0.0,0.0,0.0,0.0,0.0,0.0,0.0,0.0,0.0,0.0,0.0,0.8181818181818182,0.0,0.18181818181818182,0.0,0.0,0.0,0.9166666666666666,3.2188758248682006,1.6094379124341003
"Amsterdam, NL","Istanbul, TR",133,2213.33,0.0,0.10891089108910891,0.0,0.0,0.0,0.8910891089108911,0.0,0.0,0.0,0.0,0.0,0.0,0.4642857142857143,0.13095238095238096,0.40476190476190477,0.0,0.0,0.7593984962406015,0.631578947368421,4.897839799950911,3.332204510175204
"Amsterdam, NL","Luton, Luton, GB",85,353.85,0.0,0.0,0.0,0.0,0.0,0.0,0.0,0.9156626506024096,0.0,0.0,0.03614457831325301,0.04819277108433735,0.9285714285714286,0.0,0.03571428571428571,0.023809523809523808,0.011904761904761904,0.9764705882352941,0.9882352941176471,4.454347296253507,3.1780538303479458
"Amsterdam, NL","Zurich, CH",145,603.4699999999999,0.45390070921985815,0.5390070921985816,0.0,0.0,0.0,0.0,0.0,0.0,0.0,0.0,0.0,0.0070921985815602835,0.328125,0.40625,0.046875,0.1875,0.03125,0.9724137931034482,0.8827586206896552,4.983606621708336,3.4011973816621555
"Amsterdam, NL","Göteborg, SE",54,760.16,0.0,1.0,0.0,0.0,0.0,0.0,0.0,0.0,0.0,0.0,0.0,0.0,0.0,0.4423076923076923,0.0,0.5384615384615384,0.019230769230769232,0.9814814814814815,0.9629629629629629,4.007333185232471,2.4849066497880004
"Amsterdam, NL","Belfast, GB",27,759.8099999999998,0.0,0.7037037037037037,0.0,0.0,0.0,0.0,0.0,0.2962962962962963,0.0,0.0,0.0,0.0,0.2962962962962963,0.0,0.0,0.7037037037037037,0.0,1.0,1.0,3.332204510175204,1.9459101490553132
"Amsterdam, NL","Bordeaux, FR",39,923.65,0.0,1.0,0.0,0.0,0.0,0.0,0.0,0.0,0.0,0.0,0.0,0.0,0.0,0.0,0.0,1.0,0.0,1.0,0.6666666666666666,3.6888794541139363,2.1972245773362196
"Amsterdam, NL","Stockholm, SE",117,1142.3699999999997,0.0,0.6574074074074074,0.0,0.3333333333333333,0.0,0.0,0.0,0.0,0.0,0.0,0.0,0.009259259259259259,0.48484848484848486,0.3939393939393939,0.0,0.12121212121212122,0.0,0.9230769230769231,0.8461538461538461,4.770684624465665,3.2188758248682006
"Amsterdam, NL","Lisbon, PT",58,1846.2999999999997,0.0,0.3103448275862069,0.0,0.0,0.4827586206896552,0.0,0.0,0.0,0.0,0.20689655172413793,0.0,0.0,0.5660377358490566,0.4339622641509434,0.0,0.0,0.0,1.0,0.9137931034482759,4.07753744390572,2.833213344056216
"Amsterdam, NL","Southampton, GB",32,448.49,0.0,0.8333333333333334,0.0,0.0,0.0,0.0,0.0,0.16666666666666666,0.0,0.0,0.0,0.0,0.13333333333333333,0.0,0.0,0.8666666666666667,0.0,0.75,0.9375,3.4965075614664802,2.302585092994046
"Amsterdam, NL","Vienna, AT",83,959.4800000000001,0.5542168674698795,0.42168674698795183,0.0,0.0,0.0,0.0,0.0,0.0,0.0,0.012048192771084338,0.0,0.012048192771084338,0.6835443037974683,0.189873417721519,0.02531645569620253,0.10126582278481013,0.0,1.0,0.9518072289156626,4.430816798843313,3.044522437723423
"Amsterdam, NL","Newcastle upon Tyne, Tyne and Wear, GB",61,521.9799999999999,0.0,0.8688524590163934,0.0,0.0,0.0,0.0,0.0,0.13114754098360656,0.0,0.0,0.0,0.0,0.5,0.11538461538461539,0.0,0.38461538461538464,0.0,1.0,0.8524590163934426,4.127134385045092,2.5649493574615367
"Amsterdam, NL","Barcelona, ES",146,1241.14,0.0,0.3586206896551724,0.0,0.0,0.0,0.0,0.0,0.0,0.0,0.6344827586206897,0.0,0.006896551724137931,0.6567164179104478,0.3283582089552239,0.007462686567164179,0.0,0.007462686567164179,0.9931506849315068,0.9178082191780822,4.990432586778736,3.5553480614894135
"Amsterdam, NL","Manchester, Greater Manchester, GB",132,486.92,0.0,0.49230769230769234,0.0,0.0,0.0,0.0,0.0,0.5076923076923077,0.0,0.0,0.0,0.0,0.6386554621848739,0.33613445378151263,0.0,0.01680672268907563,0.008403361344537815,0.9848484848484849,0.9015151515151515,4.890349128221754,3.58351893845611
"Amsterdam, NL","Riga, LV",34,1337.18,0.0,0.0,0.0,0.0,0.0,0.0,0.0,0.0,0.0,0.0,0.0,0.0,0.7692307692307693,0.0,0.23076923076923078,0.0,0.0,0.0,0.7647058823529411,3.5553480614894135,1.9459101490553132
"Amsterdam, NL","Helsinki (Vantaa), FI",66,1521.36,0.0,0.5757575757575758,0.0,0.42424242424242425,0.0,0.0,0.0,0.0,0.0,0.0,0.0,0.0,0.9655172413793104,0.034482758620689655,0.0,0.0,0.0,1.0,0.8787878787878788,4.204692619390966,2.3978952727983707
"Amsterdam, NL","Hamburg, DE",68,372.79,0.0,1.0,0.0,0.0,0.0,0.0,0.0,0.0,0.0,0.0,0.0,0.0,0.0,0.3404255319148936,0.0,0.6595744680851063,0.0,0.9558823529411765,0.6911764705882353,4.23410650459726,2.6390573296152584
"Amsterdam, NL","Colombier-Saugnieu, Rhône, FR",52,732.34,0.0,1.0,0.0,0.0,0.0,0.0,0.0,0.0,0.0,0.0,0.0,0.0,0.0851063829787234,0.1276595744680851,0.0,0.7872340425531915,0.0,0.9807692307692307,0.9038461538461539,3.970291913552122,2.3978952727983707
"Amsterdam, NL","Ferno (VA), IT",31,796.6399999999999,0.0,0.0,0.0,0.0,0.0,0.0,0.0,0.9285714285714286,0.0,0.0,0.07142857142857142,0.0,0.8260869565217391,0.0,0.17391304347826086,0.0,0.0,0.9032258064516129,0.7419354838709677,3.4657359027997265,2.5649493574615367
"Amsterdam, NL","Birmingham, West Midlands, GB",83,442.13000000000005,0.0,0.6463414634146342,0.0,0.0,0.0,0.0,0.0,0.34146341463414637,0.0,0.0,0.0,0.012195121951219513,0.35443037974683544,0.4430379746835443,0.0,0.20253164556962025,0.0,0.9879518072289156,0.9518072289156626,4.430816798843313,3.044522437723423
"Amsterdam, NL","Zaventem, BE",38,157.65999999999997,0.0,0.9210526315789473,0.0,0.0,0.0,0.0,0.0,0.0,0.0,0.05263157894736842,0.02631578947368421,0.0,0.0,0.08571428571428572,0.05714285714285714,0.8571428571428571,0.0,1.0,0.9210526315789473,3.6635616461296463,2.772588722239781
"Amsterdam, NL","Düsseldorf, DE",70,178.33999999999997,0.0,0.9850746268656716,0.0,0.0,0.0,0.0,0.0,0.0,0.0,0.0,0.0,0.014925373134328358,0.014492753623188406,0.0,0.014492753623188406,0.9565217391304348,0.014492753623188406,0.9571428571428572,0.9857142857142858,4.2626798770413155,2.70805020110221
"Amsterdam, NL","Cork, IE",28,906.11,0.0,1.0,0.0,0.0,0.0,0.0,0.0,0.0,0.0,0.0,0.0,0.0,0.0,0.0,0.0,1.0,0.0,1.0,0.7142857142857143,3.367295829986474,1.9459101490553132
"Amsterdam, NL","Rome, IT",81,1302.7699999999998,0.0,0.6666666666666666,0.0,0.0,0.32098765432098764,0.0,0.0,0.0,0.0,0.012345679012345678,0.0,0.0,0.32098765432098764,0.6790123456790124,0.0,0.0,0.0,1.0,1.0,4.406719247264253,2.772588722239781
"Amsterdam, NL","Málaga, ES",91,1883.6599999999999,0.0,0.06741573033707865,0.0,0.0,0.0,0.0,0.20224719101123595,0.1348314606741573,0.0,0.5955056179775281,0.0,0.0,0.547945205479452,0.4246575342465753,0.0,0.0,0.0273972602739726,0.978021978021978,0.8021978021978022,4.5217885770490405,3.295836866004329
"Amsterdam, NL","Edinburgh, GB",79,666.36,0.0,0.569620253164557,0.0,0.0,0.0,0.0,0.0,0.43037974683544306,0.0,0.0,0.0,0.0,0.863013698630137,0.0821917808219178,0.0,0.0547945205479452,0.0,1.0,0.9240506329113924,4.382026634673881,2.9444389791664403
"Amsterdam, NL","Marignane, Bouches-du-Rhône, FR",34,986.92,0.0,1.0,0.0,0.0,0.0,0.0,0.0,0.0,0.0,0.0,0.0,0.0,0.0,0.9411764705882353,0.0,0.058823529411764705,0.0,1.0,1.0,3.5553480614894135,1.9459101490553132
"Amsterdam, NL","Balice, PL",55,1073.59,0.0,0.9272727272727272,0.0,0.0,0.0,0.0,0.0,0.07272727272727272,0.0,0.0,0.0,0.0,0.08,0.2,0.0,0.72,0.0,1.0,0.9090909090909091,4.02535169073515,2.5649493574615367
"Amsterdam, NL","Segrate (MI), IT",139,831.08,0.0,0.5338345864661654,0.0,0.0,0.21052631578947367,0.0,0.0,0.24812030075187969,0.0,0.0,0.0,0.007518796992481203,0.48672566371681414,0.4247787610619469,0.0,0.035398230088495575,0.05309734513274336,0.9568345323741008,0.8129496402877698,4.941642422609304,3.367295829986474
"Amsterdam, NL","Nuremberg, DE",54,541.6,0.0,0.9629629629629629,0.0,0.0,0.0,0.0,0.0,0.0,0.0,0.0,0.0,0.037037037037037035,0.0,0.0,0.023255813953488372,0.9767441860465116,0.0,1.0,0.7962962962962963,4.007333185232471,2.3978952727983707
"Amsterdam, NL","Hannover, DE",40,334.36,0.0,1.0,0.0,0.0,0.0,0.0,0.0,0.0,0.0,0.0,0.0,0.0,0.0,0.0,0.0,1.0,0.0,1.0,1.0,3.713572066704308,1.9459101490553132
"Amsterdam, NL","Gdańsk, PL",33,936.62,0.0,0.9696969696969697,0.0,0.0,0.0,0.0,0.0,0.0,0.0,0.0,0.0,0.030303030303030304,0.0,0.0,0.0,0.9666666666666667,0.03333333333333333,1.0,0.9090909090909091,3.5263605246161616,2.302585092994046
"Amsterdam, NL","Bristol, GB",71,523.83,0.0,0.5,0.0,0.0,0.0,0.0,0.0,0.4857142857142857,0.0,0.0,0.0,0.014285714285714285,0.4788732394366197,0.0,0.014084507042253521,0.49295774647887325,0.014084507042253521,0.9859154929577465,1.0,4.276666119016055,2.9444389791664403
"Amsterdam, NL","Nantes, FR",40,733.2700000000001,0.0,1.0,0.0,0.0,0.0,0.0,0.0,0.0,0.0,0.0,0.0,0.0,0.0,0.0,0.0,1.0,0.0,1.0,0.825,3.713572066704308,1.9459101490553132
"Amsterdam, NL","Prague, CZ",92,705.0,0.0,0.7555555555555555,0.0,0.0,0.0,0.0,0.0,0.2222222222222222,0.0,0.011111111111111112,0.0,0.011111111111111112,0.22727272727272727,0.5113636363636364,0.0,0.25,0.011363636363636364,0.9782608695652174,0.9565217391304348,4.532599493153256,3.1354942159291497
"Amsterdam, NL","Budapest, HU",44,1156.58,0.0,1.0,0.0,0.0,0.0,0.0,0.0,0.0,0.0,0.0,0.0,0.0,0.34210526315789475,0.5526315789473685,0.0,0.10526315789473684,0.0,1.0,0.8636363636363636,3.8066624897703196,2.1972245773362196
"Amsterdam, NL","Berlin, DE",80,593.4,0.0,0.9743589743589743,0.0,0.0,0.0,0.0,0.0,0.0,0.0,0.0,0.0,0.02564102564102564,0.16,0.8,0.013333333333333334,0.0,0.02666666666666667,0.975,0.9375,4.394449154672439,2.833213344056216
"Amsterdam, NL","Bologna, IT",39,988.46,0.0,1.0,0.0,0.0,0.0,0.0,0.0,0.0,0.0,0.0,0.0,0.0,0.0,0.2857142857142857,0.0,0.7142857142857143,0.0,1.0,0.8974358974358975,3.6888794541139363,1.9459101490553132
"Amsterdam, NL","Trondheim, NO",25,1290.68,0.0,1.0,0.0,0.0,0.0,0.0,0.0,0.0,0.0,0.0,0.0,0.0,0.0,0.0,0.0,1.0,0.0,1.0,0.68,3.258096538021482,1.6094379124341003
"Amsterdam, NL","Stavanger, NO",43,732.3800000000001,0.0,1.0,0.0,0.0,0.0,0.0,0.0,0.0,0.0,0.0,0.0,0.0,0.0,0.12121212121212122,0.0,0.8787878787878788,0.0,1.0,0.7674418604651163,3.784189633918261,2.3978952727983707
"Amsterdam, NL","Glasgow, GB",48,717.96,0.0,0.8333333333333334,0.0,0.0,0.0,0.0,0.0,0.16666666666666666,0.0,0.0,0.0,0.0,0.18181818181818182,0.6818181818181818,0.0,0.13636363636363635,0.0,1.0,0.9166666666666666,3.8918202981106265,2.5649493574615367
"Amsterdam, NL","Firenze (FI), IT",30,1058.4,0.0,0.9655172413793104,0.0,0.0,0.0,0.0,0.0,0.0,0.0,0.0,0.0,0.034482758620689655,0.0,0.0,0.0,1.0,0.0,0.9666666666666667,0.5,3.4339872044851463,2.1972245773362196
"Amsterdam, NL","Faro, PT",24,1969.82,0.0,0.0,0.0,0.0,0.0,0.0,0.0,0.0,0.0,1.0,0.0,0.0,0.5882352941176471,0.35294117647058826,0.0,0.0,0.058823529411764705,0.9166666666666666,0.7083333333333334,3.2188758248682006,2.3978952727983707
"Amsterdam, NL","Spata-Artemida, GR",51,2181.75,0.0,0.46511627906976744,0.0,0.0,0.0,0.2558139534883721,0.0,0.0,0.0,0.27906976744186046,0.0,0.0,0.47619047619047616,0.5238095238095238,0.0,0.0,0.0,0.8431372549019608,0.8235294117647058,3.9512437185814275,2.70805020110221
"Amsterdam, NL","Innsbruck, AT",35,733.08,0.0625,0.0,0.0,0.0,0.0,0.0,0.0,0.0,0.0,0.90625,0.0,0.03125,0.06060606060606061,0.8787878787878788,0.0,0.0,0.06060606060606061,0.9142857142857143,0.9428571428571428,3.58351893845611,2.70805020110221
"Antalya, TR","Istanbul, TR",323,488.2,0.0,0.0,0.0,0.0,0.0,1.0,0.0,0.0,0.0,0.0,0.0,0.0,0.5724907063197026,0.3940520446096654,0.026022304832713755,0.007434944237918215,0.0,0.7554179566563467,0.8328173374613003,5.780743515792329,4.564348191467836
"Antalya, TR","Düsseldorf, DE",29,2478.71,0.0,0.0,0.0,0.0,0.0,1.0,0.0,0.0,0.0,0.0,0.0,0.0,0.2,0.8,0.0,0.0,0.0,0.1724137931034483,0.8620689655172413,3.4011973816621555,2.5649493574615367
"Antalya, TR","London, GB",32,2913.1099999999997,0.0,0.0,0.0,0.0,0.0,0.2222222222222222,0.0,0.5,0.0,0.2777777777777778,0.0,0.0,0.4642857142857143,0.5357142857142857,0.0,0.0,0.0,0.5625,0.875,3.4965075614664802,2.5649493574615367
"Balice, PL","London, GB",83,1398.3299999999997,0.0,0.0,0.0975609756097561,0.0,0.0,0.0,0.573170731707317,0.1951219512195122,0.13414634146341464,0.0,0.0,0.0,0.46774193548387094,0.5161290322580645,0.0,0.016129032258064516,0.0,0.9879518072289156,0.7469879518072289,4.430816798843313,3.044522437723423
"Balice, PL","Dublin, IE",26,1820.41,0.0,0.0,0.0,0.0,0.0,0.0,1.0,0.0,0.0,0.0,0.0,0.0,0.0,1.0,0.0,0.0,0.0,1.0,0.6538461538461539,3.295836866004329,2.1972245773362196
"Balice, PL","Luton, Luton, GB",36,1420.3800000000003,0.0,0.0,0.0,0.0,0.0,0.0,0.6470588235294118,0.0,0.35294117647058826,0.0,0.0,0.0,0.15384615384615385,0.8461538461538461,0.0,0.0,0.0,0.9444444444444444,0.7222222222222222,3.6109179126442243,2.1972245773362196
"Balice, PL","Valletta, MT",25,1639.0,0.0,0.0,0.0,0.0,0.0,0.0,1.0,0.0,0.0,0.0,0.0,0.0,0.0,1.0,0.0,0.0,0.0,0.96,0.56,3.258096538021482,2.302585092994046
"Balice, PL","Vienna, AT",29,320.34999999999997,0.6896551724137931,0.0,0.0,0.0,0.0,0.0,0.3103448275862069,0.0,0.0,0.0,0.0,0.0,0.27586206896551724,0.034482758620689655,0.0,0.6896551724137931,0.0,1.0,1.0,3.4011973816621555,2.302585092994046
"Balice, PL","Orio al Serio (BG), IT",31,896.0899999999999,0.0,0.0,0.0,0.0,0.0,0.0,1.0,0.0,0.0,0.0,0.0,0.0,0.0,1.0,0.0,0.0,0.0,1.0,0.9354838709677419,3.4657359027997265,2.1972245773362196
"Balice, PL","Sandefjord(Torp), NO",21,1181.42,0.0,0.0,0.0,0.0,0.0,0.0,1.0,0.0,0.0,0.0,0.0,0.0,0.0,1.0,0.0,0.0,0.0,1.0,0.8095238095238095,3.091042453358316,1.791759469228055
"Balice, PL","Warsaw, PL",91,251.13000000000002,0.0,0.0,0.0,0.9647058823529412,0.0,0.0,0.0,0.0,0.03529411764705882,0.0,0.0,0.0,0.030303030303030304,0.21212121212121213,0.0,0.7575757575757576,0.0,0.9340659340659341,0.7252747252747253,4.5217885770490405,3.044522437723423
"Balice, PL","Oslo (Gardermoen), NO",28,1250.58,0.0,0.0,0.0,0.0,0.0,0.0,0.0,0.0,1.0,0.0,0.0,0.0,0.36363636363636365,0.6363636363636364,0.0,0.0,0.0,0.5,0.39285714285714285,3.367295829986474,2.1972245773362196
"Balice, PL","Copenhagen, DK",32,779.35,0.0,0.0,0.0,0.42857142857142855,0.0,0.0,0.5714285714285714,0.0,0.0,0.0,0.0,0.0,0.0,0.5862068965517241,0.0,0.41379310344827586,0.0,0.875,0.90625,3.4965075614664802,2.302585092994046
"Balice, PL","Munich, DE",23,611.42,1.0,0.0,0.0,0.0,0.0,0.0,0.0,0.0,0.0,0.0,0.0,0.0,1.0,0.0,0.0,0.0,0.0,1.0,1.0,3.1780538303479458,1.6094379124341003
"Balice, PL","Frankfurt am Main, DE",52,800.8,1.0,0.0,0.0,0.0,0.0,0.0,0.0,0.0,0.0,0.0,0.0,0.0,1.0,0.0,0.0,0.0,0.0,1.0,1.0,3.970291913552122,2.1972245773362196
"Balice, PL","Birmingham, West Midlands, GB",31,1515.37,0.0,0.0,0.0,0.0,0.0,0.0,0.6451612903225806,0.22580645161290322,0.0,0.12903225806451613,0.0,0.0,0.39285714285714285,0.6071428571428571,0.0,0.0,0.0,1.0,0.9032258064516129,3.4657359027997265,2.1972245773362196
"Balice, PL","Paris, FR",45,1261.5099999999998,0.0,0.13636363636363635,0.0,0.3181818181818182,0.0,0.0,0.0,0.5454545454545454,0.0,0.0,0.0,0.0,0.5853658536585366,0.24390243902439024,0.0,0.14634146341463414,0.024390243902439025,0.9777777777777777,0.9111111111111111,3.828641396489095,2.302585092994046
"Balice, PL","Barcelona, ES",40,1679.8399999999997,0.0,0.0,0.0,0.0,0.0,0.0,0.55,0.0,0.45,0.0,0.0,0.0,0.38461538461538464,0.6153846153846154,0.0,0.0,0.0,1.0,0.65,3.713572066704308,2.3978952727983707
"Balice, PL","Manchester, Greater Manchester, GB",33,1556.24,0.0,0.0,0.0,0.0,0.0,0.0,0.48484848484848486,0.30303030303030304,0.0,0.21212121212121213,0.0,0.0,0.5555555555555556,0.4444444444444444,0.0,0.0,0.0,1.0,0.8181818181818182,3.5263605246161616,2.4849066497880004
"Balice, PL","Edinburgh, GB",28,1670.98,0.0,0.0,0.0,0.0,0.0,0.0,0.5,0.5,0.0,0.0,0.0,0.0,0.6363636363636364,0.36363636363636365,0.0,0.0,0.0,1.0,0.7857142857142857,3.367295829986474,1.9459101490553132
"Balice, PL","Bristol, GB",28,1584.06,0.0,0.0,0.0,0.0,0.0,0.0,0.5714285714285714,0.42857142857142855,0.0,0.0,0.0,0.0,0.5,0.5,0.0,0.0,0.0,1.0,0.7142857142857143,3.367295829986474,1.9459101490553132
"Balice, PL","Rome, IT",45,1080.87,0.0,0.0,0.0,0.0,0.0,0.0,0.6585365853658537,0.0,0.34146341463414637,0.0,0.0,0.0,0.35294117647058826,0.6470588235294118,0.0,0.0,0.0,0.9111111111111111,0.7555555555555555,3.828641396489095,2.1972245773362196
"Balice, PL","Liverpool, GB",22,1593.86,0.0,0.0,0.0,0.0,0.0,0.0,0.7272727272727273,0.2727272727272727,0.0,0.0,0.0,0.0,0.2727272727272727,0.7272727272727273,0.0,0.0,0.0,1.0,1.0,3.1354942159291497,1.9459101490553132
"Barcelona, ES","Manchester, Greater Manchester, GB",61,1379.16,0.0,0.0,0.0,0.0,0.0,0.0,0.4,0.13333333333333333,0.0,0.4666666666666667,0.0,0.0,0.49056603773584906,0.49056603773584906,0.0,0.0,0.018867924528301886,0.9836065573770492,0.8688524590163934,4.127134385045092,2.995732273553991
"Barcelona, ES","Caselle Torinese (TO), IT",22,625.83,0.0,0.0,0.0,0.0,0.0,0.0,0.5454545454545454,0.0,0.0,0.45454545454545453,0.0,0.0,0.45454545454545453,0.5454545454545454,0.0,0.0,0.0,1.0,1.0,3.1354942159291497,1.9459101490553132
"Barcelona, ES","Bordeaux, FR",25,453.49,0.0,0.0,0.0,0.0,0.0,0.0,0.0,0.0,0.0,0.96,0.04,0.0,1.0,0.0,0.0,0.0,0.0,1.0,0.8,3.258096538021482,2.302585092994046
"Barcelona, ES","Paris, FR",286,890.3400000000001,0.0,0.3087719298245614,0.0,0.0,0.0,0.0,0.0,0.0,0.0,0.6596491228070176,0.028070175438596492,0.0035087719298245615,0.8924302788844621,0.0398406374501992,0.0,0.06374501992031872,0.00398406374501992,0.9965034965034965,0.8776223776223776,5.659482215759621,4.02535169073515
"Barcelona, ES","Orio al Serio (BG), IT",44,783.84,0.0,0.0,0.0,0.0,0.0,0.0,1.0,0.0,0.0,0.0,0.0,0.0,0.0,1.0,0.0,0.0,0.0,1.0,0.8409090909090909,3.8066624897703196,2.3978952727983707
"Barcelona, ES","Vienna, AT",53,1369.69,0.45454545454545453,0.0,0.0,0.0,0.0,0.0,0.45454545454545453,0.0,0.0,0.09090909090909091,0.0,0.0,1.0,0.0,0.0,0.0,0.0,0.8301886792452831,0.8301886792452831,3.9889840465642745,2.772588722239781
"Barcelona, ES","Munich, DE",102,1094.6299999999999,0.47619047619047616,0.0,0.0,0.0,0.0,0.0,0.0,0.0,0.0,0.47619047619047616,0.047619047619047616,0.0,0.9428571428571428,0.04285714285714286,0.0,0.0,0.014285714285714285,0.6176470588235294,0.6862745098039216,4.634728988229636,3.1354942159291497
"Barcelona, ES","Porto, PT",78,898.6600000000001,0.0,0.0,0.0,0.0,0.0,0.0,0.48717948717948717,0.0,0.0,0.48717948717948717,0.0,0.02564102564102564,0.5217391304347826,0.463768115942029,0.014492753623188406,0.0,0.0,1.0,0.8846153846153846,4.3694478524670215,2.9444389791664403
"Barcelona, ES","London, GB",350,1146.99,0.0,0.0,0.30791788856304986,0.0,0.0,0.0,0.17595307917888564,0.16129032258064516,0.0,0.3548387096774194,0.0,0.0,0.8059701492537313,0.1791044776119403,0.0,0.008955223880597015,0.005970149253731343,0.9742857142857143,0.9571428571428572,5.860786223465865,4.499809670330265
"Barcelona, ES","Dublin, IE",79,1485.69,0.0,0.0,0.27848101265822783,0.0,0.0,0.0,0.5189873417721519,0.0,0.0,0.20253164556962025,0.0,0.0,0.4931506849315068,0.5068493150684932,0.0,0.0,0.0,1.0,0.9240506329113924,4.382026634673881,2.9444389791664403
"Barcelona, ES","Seville, ES",122,809.28,0.0,0.0,0.0,0.0,0.0,0.0,0.23333333333333334,0.0,0.0,0.7666666666666667,0.0,0.0,0.8113207547169812,0.18867924528301888,0.0,0.0,0.0,0.9836065573770492,0.8688524590163934,4.812184355372417,3.332204510175204
"Barcelona, ES","Zurich, CH",85,855.9000000000001,0.6585365853658537,0.0,0.0,0.0,0.0,0.0,0.0,0.0,0.0,0.34146341463414637,0.0,0.0,0.9629629629629629,0.0,0.024691358024691357,0.012345679012345678,0.0,0.9647058823529412,0.9529411764705882,4.454347296253507,2.8903717578961645
"Barcelona, ES","Köln (Cologne), DE",40,1132.75,0.0,0.0,0.0,0.0,0.0,0.0,0.6153846153846154,0.0,0.0,0.0,0.38461538461538464,0.0,0.3684210526315789,0.3684210526315789,0.2631578947368421,0.0,0.0,0.65,0.95,3.713572066704308,2.1972245773362196
"Barcelona, ES","Palma de Mallorca, ES",267,201.97,0.0,0.0,0.0,0.0,0.0,0.0,0.24175824175824176,0.0,0.0,0.7582417582417582,0.0,0.0,0.584,0.412,0.0,0.0,0.004,0.6816479400749064,0.9363295880149812,5.5909869805108565,4.110873864173311
"Barcelona, ES","Istanbul, TR",75,2240.68,0.0,0.0,0.0,0.0,0.0,0.8533333333333334,0.0,0.0,0.0,0.14666666666666667,0.0,0.0,0.7230769230769231,0.12307692307692308,0.15384615384615385,0.0,0.0,1.0,0.8666666666666667,4.330733340286331,2.8903717578961645
"Barcelona, ES","Madrid, ES",261,493.49,0.0,0.0,0.8324873096446701,0.0,0.0,0.0,0.0,0.0,0.0,0.1218274111675127,0.015228426395939087,0.030456852791878174,0.75,0.01818181818181818,0.15454545454545454,0.031818181818181815,0.045454545454545456,0.7547892720306514,0.842911877394636,5.568344503761097,4.330733340286331
"Barcelona, ES","Ibiza (Eivissa), ES",116,276.15,0.0,0.0,0.0,0.0,0.0,0.0,0.3,0.0,0.0,0.6909090909090909,0.0,0.00909090909090909,0.6756756756756757,0.2972972972972973,0.0,0.0,0.02702702702702703,0.9482758620689655,0.9568965517241379,4.762173934797756,3.4011973816621555
"Barcelona, ES","Copenhagen, DK",58,1768.57,0.0,0.0,0.0,0.35,0.0,0.0,0.2,0.0,0.0,0.45,0.0,0.0,0.5769230769230769,0.4230769230769231,0.0,0.0,0.0,0.6896551724137931,0.896551724137931,4.07753744390572,2.70805020110221
"Barcelona, ES","Zaventem, BE",50,1083.78,0.2,0.0,0.0,0.0,0.0,0.0,0.16,0.0,0.0,0.6,0.04,0.0,0.8333333333333334,0.16666666666666666,0.0,0.0,0.0,1.0,0.96,3.9318256327243257,2.9444389791664403
"Barcelona, ES","Rome, IT",175,862.19,0.0,0.0,0.0,0.0,0.2597402597402597,0.006493506493506494,0.2922077922077922,0.0,0.006493506493506494,0.43506493506493504,0.0,0.0,0.7407407407407407,0.24691358024691357,0.0,0.006172839506172839,0.006172839506172839,0.88,0.9257142857142857,5.170483995038151,3.6888794541139363
"Barcelona, ES","Geneva, CH",67,637.45,0.0,0.0,0.0,0.0,0.0,0.0,0.0,0.696969696969697,0.0,0.30303030303030304,0.0,0.0,1.0,0.0,0.0,0.0,0.0,0.9850746268656716,0.8955223880597015,4.219507705176107,2.8903717578961645
"Barcelona, ES","Ferno (VA), IT",177,720.79,0.0,0.0,0.0,0.0,0.0,0.0,0.08641975308641975,0.2839506172839506,0.0,0.5185185185185185,0.1111111111111111,0.0,0.8666666666666667,0.12666666666666668,0.0,0.0,0.006666666666666667,0.9152542372881356,0.847457627118644,5.181783550292085,3.7612001156935624
"Barcelona, ES","Frankfurt am Main, DE",80,1092.54,0.9871794871794872,0.0,0.0,0.0,0.0,0.0,0.0,0.0,0.0,0.0,0.0,0.01282051282051282,0.9746835443037974,0.0,0.012658227848101266,0.012658227848101266,0.0,0.975,0.9875,4.394449154672439,2.8903717578961645
"Barcelona, ES","Spata-Artemida, GR",39,1904.51,0.0,0.0,0.0,0.0,0.0,0.48717948717948717,0.0,0.0,0.0,0.5128205128205128,0.0,0.0,1.0,0.0,0.0,0.0,0.0,1.0,0.6923076923076923,3.6888794541139363,2.1972245773362196
"Barcelona, ES","Bucharest, RO",31,1981.7699999999998,0.0,0.0,0.0,0.0,0.0,0.0,0.0,0.0,0.0,1.0,0.0,0.0,1.0,0.0,0.0,0.0,0.0,0.03225806451612903,0.8064516129032258,3.4657359027997265,2.3978952727983707
"Barcelona, ES","Schkeuditz, DE",27,1366.29,0.0,0.0,0.0,0.0,0.0,0.0,0.0,0.0,0.0,0.0,1.0,0.0,0.0,0.0,1.0,0.0,0.0,1.0,0.037037037037037035,3.332204510175204,1.791759469228055
"Barcelona, ES","Málaga, ES",113,765.97,0.0,0.0,0.0,0.0,0.0,0.0,0.1834862385321101,0.0,0.0,0.7522935779816514,0.0,0.06422018348623854,0.7472527472527473,0.1978021978021978,0.02197802197802198,0.01098901098901099,0.02197802197802198,0.9646017699115044,0.8053097345132744,4.736198448394496,3.58351893845611
"Barcelona, ES","Bologna, IT",45,831.32,0.0,0.0,0.0,0.0,0.0,0.0,0.6,0.0,0.0,0.4,0.0,0.0,0.3902439024390244,0.6097560975609756,0.0,0.0,0.0,1.0,0.9111111111111111,3.828641396489095,2.5649493574615367
"Barcelona, ES","Stuttgart, DE",33,994.6600000000001,0.0,0.0,0.0,0.0,0.0,0.0,0.0,0.0,0.0,1.0,0.0,0.0,0.9655172413793104,0.0,0.0,0.0,0.034482758620689655,0.6060606060606061,0.8787878787878788,3.5263605246161616,2.0794415416798357
"Barcelona, ES","Budapest, HU",54,1514.6,0.0,0.0,0.0,0.0,0.0,0.0,0.5,0.0,0.5,0.0,0.0,0.0,0.4722222222222222,0.5,0.0,0.027777777777777776,0.0,0.9629629629629629,0.6666666666666666,4.007333185232471,2.5649493574615367
"Barcelona, ES","Düsseldorf, DE",38,1167.41,0.0,0.0,0.0,0.0,0.0,0.0,0.0,0.0,0.0,1.0,0.0,0.0,1.0,0.0,0.0,0.0,0.0,0.47368421052631576,0.8947368421052632,3.6635616461296463,2.1972245773362196
"Barcelona, ES","Berlin, DE",73,1502.44,0.0,0.0,0.0,0.0,0.0,0.0,0.3055555555555556,0.19444444444444445,0.0,0.5,0.0,0.0,0.6666666666666666,0.31746031746031744,0.0,0.0,0.015873015873015872,0.9863013698630136,0.863013698630137,4.30406509320417,2.6390573296152584
"Barcelona, ES","Bristol, GB",31,1179.64,0.0,0.0,0.0,0.0,0.0,0.0,0.25806451612903225,0.6774193548387096,0.0,0.06451612903225806,0.0,0.0,0.6551724137931034,0.3448275862068966,0.0,0.0,0.0,1.0,0.9354838709677419,3.4657359027997265,2.5649493574615367
"Barcelona, ES","Prague, CZ",45,1358.0299999999997,0.0,0.0,0.0,0.0,0.0,0.0,0.22727272727272727,0.0,0.0,0.7727272727272727,0.0,0.0,0.7142857142857143,0.2857142857142857,0.0,0.0,0.0,0.9777777777777777,0.9333333333333333,3.828641396489095,2.4849066497880004
"Barcelona, ES","Nowy Dwór Mazowiecki, PL",22,1869.31,0.0,0.0,0.0,0.0,0.0,0.0,0.5454545454545454,0.0,0.45454545454545453,0.0,0.0,0.0,0.0,1.0,0.0,0.0,0.0,1.0,0.4090909090909091,3.1354942159291497,1.9459101490553132
"Barcelona, ES","Valencia, ES",22,295.6,0.0,0.0,0.0,0.0,0.0,0.0,0.0,0.0,0.0,0.1,0.8,0.1,0.05263157894736842,0.05263157894736842,0.3684210526315789,0.5263157894736842,0.0,0.45454545454545453,0.8636363636363636,3.1354942159291497,2.4849066497880004
"Barcelona, ES","Warsaw, PL",42,1871.0999999999997,0.0,0.0,0.0,0.3333333333333333,0.0,0.0,0.0,0.0,0.6666666666666666,0.0,0.0,0.0,0.5,0.17647058823529413,0.0,0.3235294117647059,0.0,1.0,0.8095238095238095,3.7612001156935624,2.0794415416798357
"Barcelona, ES","Luxembourg, LU",26,980.33,0.0,0.0,0.0,0.0,0.0,0.0,0.46153846153846156,0.0,0.0,0.0,0.0,0.5384615384615384,0.0,0.5,0.0,0.5,0.0,1.0,0.6153846153846154,3.295836866004329,2.1972245773362196
"Barcelona, ES","Luton, Luton, GB",34,1190.76,0.0,0.0,0.0,0.0,0.0,0.0,0.1875,0.8125,0.0,0.0,0.0,0.0,0.7878787878787878,0.18181818181818182,0.0,0.0,0.030303030303030304,0.9411764705882353,0.9705882352941176,3.5553480614894135,2.1972245773362196
"Barcelona, ES","Valletta, MT",25,1235.97,0.0,0.0,0.0,0.0,0.0,0.0,0.5833333333333334,0.0,0.0,0.3333333333333333,0.0,0.08333333333333333,0.47058823529411764,0.47058823529411764,0.0,0.058823529411764705,0.0,0.96,0.68,3.258096538021482,2.302585092994046
"Barcelona, ES","Edinburgh, GB",26,1676.5800000000002,0.0,0.0,0.0,0.0,0.0,0.0,0.6923076923076923,0.15384615384615385,0.0,0.15384615384615385,0.0,0.0,0.4444444444444444,0.5555555555555556,0.0,0.0,0.0,1.0,0.6923076923076923,3.295836866004329,2.1972245773362196
"Barcelona, ES","Santiago de Compostela, ES",37,883.25,0.0,0.0,0.0,0.0,0.0,0.0,0.0,0.0,0.0,1.0,0.0,0.0,1.0,0.0,0.0,0.0,0.0,1.0,1.0,3.6375861597263857,2.5649493574615367
"Barcelona, ES","Hamburg, DE",23,1485.59,0.0,0.0,0.0,0.0,0.0,0.0,0.0,0.0,0.0,1.0,0.0,0.0,0.9565217391304348,0.0,0.0,0.0,0.043478260869565216,0.782608695652174,1.0,3.1780538303479458,2.0794415416798357
"Barcelona, ES","Lisbon, PT",115,994.0,0.0,0.0,0.0,0.0,0.5043478260869565,0.0,0.05217391304347826,0.13043478260869565,0.0,0.30434782608695654,0.008695652173913044,0.0,0.7422680412371134,0.05154639175257732,0.010309278350515464,0.1958762886597938,0.0,1.0,0.8434782608695652,4.7535901911063645,3.4011973816621555
"Barcelona, ES","Birmingham, West Midlands, GB",38,1273.75,0.0,0.0,0.0,0.0,0.0,0.0,0.5135135135135135,0.21621621621621623,0.0,0.2702702702702703,0.0,0.0,0.32432432432432434,0.6756756756756757,0.0,0.0,0.0,0.9736842105263158,0.9736842105263158,3.6635616461296463,2.772588722239781
"Barcelona, ES","Segrate (MI), IT",21,741.9700000000001,0.0,0.0,0.0,0.0,0.0,0.0,0.0,0.8571428571428571,0.0,0.0,0.0,0.14285714285714285,0.9230769230769231,0.0,0.0,0.0,0.07692307692307693,0.6666666666666666,0.6190476190476191,3.091042453358316,2.6390573296152584
"Barcelona, ES","Colombier-Saugnieu, Rhône, FR",28,549.0,0.0,0.0,0.0,0.0,0.0,0.0,0.0,0.15384615384615385,0.0,0.8461538461538461,0.0,0.0,0.9545454545454546,0.0,0.0,0.0,0.045454545454545456,0.9285714285714286,0.7857142857142857,3.367295829986474,2.302585092994046
"Barcelona, ES","Nantes, FR",39,714.2400000000001,0.0,0.0,0.0,0.0,0.0,0.0,0.0,0.0,0.0,1.0,0.0,0.0,1.0,0.0,0.0,0.0,0.0,1.0,0.8974358974358975,3.6888794541139363,2.1972245773362196
"Barcelona, ES","Stockholm, SE",21,2301.82,0.0,0.0,0.0,0.0,0.0,0.0,0.6923076923076923,0.0,0.0,0.3076923076923077,0.0,0.0,0.3076923076923077,0.6923076923076923,0.0,0.0,0.0,0.6190476190476191,0.6190476190476191,3.091042453358316,2.1972245773362196
"Belfast, GB","London, GB",323,530.49,0.0,0.0,0.0,0.0,0.0,0.0,0.11182108626198083,0.5079872204472844,0.0,0.003194888178913738,0.0,0.3769968051118211,0.8368055555555556,0.06597222222222222,0.0,0.09722222222222222,0.0,0.9690402476780186,0.891640866873065,5.780743515792329,4.442651256490317
"Belfast, GB","Liverpool, GB",77,254.15,0.0,0.0,0.0,0.0,0.0,0.0,0.0,1.0,0.0,0.0,0.0,0.0,1.0,0.0,0.0,0.0,0.0,0.961038961038961,0.961038961038961,4.356708826689592,3.1354942159291497
"Belfast, GB","Nottingham, Leicestershire, GB",77,369.44999999999993,0.0,0.0,0.0,0.0,0.0,0.0,1.0,0.0,0.0,0.0,0.0,0.0,0.0,0.5227272727272727,0.4772727272727273,0.0,0.0,0.025974025974025976,0.5714285714285714,4.356708826689592,2.9444389791664403
"Belfast, GB","Manchester, Greater Manchester, GB",143,284.7,0.0,0.0,0.0,0.0,0.0,0.0,0.25555555555555554,0.7444444444444445,0.0,0.0,0.0,0.0,0.8170731707317073,0.18292682926829268,0.0,0.0,0.0,0.6293706293706294,0.5734265734265734,4.969813299576001,3.5553480614894135
"Belfast, GB","Málaga, ES",22,2000.87,0.0,0.0,0.0,0.0,0.0,0.0,0.2727272727272727,0.5454545454545454,0.0,0.18181818181818182,0.0,0.0,0.6,0.4,0.0,0.0,0.0,1.0,0.9090909090909091,3.1354942159291497,1.9459101490553132
"Belfast, GB","Edinburgh, GB",116,223.36999999999998,0.0,0.0,0.0,0.0,0.0,0.0,0.18421052631578946,0.8157894736842105,0.0,0.0,0.0,0.0,0.8857142857142857,0.11428571428571428,0.0,0.0,0.0,0.6551724137931034,0.603448275862069,4.762173934797756,3.58351893845611
"Belfast, GB","Newcastle upon Tyne, Tyne and Wear, GB",41,282.33,0.0,0.0,0.0,0.0,0.0,0.0,0.0,1.0,0.0,0.0,0.0,0.0,1.0,0.0,0.0,0.0,0.0,0.8780487804878049,0.8780487804878049,3.7376696182833684,2.3978952727983707
"Belfast, GB","Bristol, GB",53,424.87,0.0,0.0,0.0,0.0,0.0,0.0,0.0,1.0,0.0,0.0,0.0,0.0,1.0,0.0,0.0,0.0,0.0,0.9433962264150944,0.9433962264150944,3.9889840465642745,2.8903717578961645
"Belfast, GB","Paris, FR",24,820.25,0.0,0.0,0.0,0.0,0.0,0.0,0.0,1.0,0.0,0.0,0.0,0.0,1.0,0.0,0.0,0.0,0.0,1.0,1.0,3.2188758248682006,2.3978952727983707
"Belfast, GB","Birmingham, West Midlands, GB",139,373.43,0.0,0.0,0.0,0.0,0.0,0.0,0.0,1.0,0.0,0.0,0.0,0.0,0.9642857142857143,0.0,0.0,0.0,0.03571428571428571,0.38848920863309355,0.4028776978417266,4.941642422609304,3.4965075614664802
"Belfast, GB","Glasgow, GB",67,171.03,0.0,0.0,0.0,0.0,0.0,0.0,0.0,1.0,0.0,0.0,0.0,0.0,1.0,0.0,0.0,0.0,0.0,0.746268656716418,0.746268656716418,4.219507705176107,2.995732273553991
"Belfast, GB","Luton, Luton, GB",64,486.52,0.0,0.0,0.0,0.0,0.0,0.0,0.0,1.0,0.0,0.0,0.0,0.0,1.0,0.0,0.0,0.0,0.0,1.0,1.0,4.174387269895637,2.70805020110221
"Belfast, GB","Southampton, GB",28,516.92,0.0,0.0,0.0,0.0,0.0,0.0,0.0,0.0,0.0,0.0,0.0,0.0,0.0,0.0,0.0,0.0,0.0,0.0,0.0,3.367295829986474,2.1972245773362196
"Bergen, NO","Stavanger, NO",180,159.29,0.0,0.0,0.0,0.8764044943820225,0.0,0.0,0.0,0.0,0.0,0.0,0.0898876404494382,0.033707865168539325,0.013157894736842105,0.0,0.0,0.9736842105263158,0.013157894736842105,0.49444444444444446,0.4222222222222222,5.198497031265826,3.912023005428146
"Bergen, NO","Sandefjord(Torp), NO",60,307.98,0.0,0.0,0.0,0.0,0.0,0.0,0.0,0.0,0.0,0.0,0.0,0.0,0.0,0.0,0.0,1.0,0.0,0.0,0.8666666666666667,4.110873864173311,2.772588722239781
"Bergen, NO","Frankfurt am Main, DE",22,1160.78,1.0,0.0,0.0,0.0,0.0,0.0,0.0,0.0,0.0,0.0,0.0,0.0,1.0,0.0,0.0,0.0,0.0,1.0,1.0,3.1354942159291497,1.6094379124341003
"Bergen, NO","Kristiansand(Kjevik), NO",62,283.74,0.0,0.0,0.0,0.0,0.0,0.0,0.0,0.0,0.0,0.0,0.0,0.0,0.0,0.0,0.0,1.0,0.0,0.0,0.5967741935483871,4.143134726391533,2.70805020110221
"Bergen, NO","London, GB",28,1029.54,0.0,0.0,0.0,0.0,0.0,0.0,0.0,0.0,0.0,1.0,0.0,0.0,0.0,1.0,0.0,0.0,0.0,0.07142857142857142,0.5714285714285714,3.367295829986474,1.9459101490553132
"Bergen, NO","Trondheim, NO",107,461.45000000000005,0.0,0.0,0.0,1.0,0.0,0.0,0.0,0.0,0.0,0.0,0.0,0.0,0.0,0.0,0.0,1.0,0.0,0.2523364485981308,0.4766355140186916,4.68213122712422,3.4965075614664802
"Bergen, NO","Oslo (Gardermoen), NO",246,324.71,0.0,0.0,0.0,1.0,0.0,0.0,0.0,0.0,0.0,0.0,0.0,0.0,0.3422818791946309,0.4228187919463087,0.006711409395973154,0.21476510067114093,0.013422818791946308,0.4186991869918699,0.6056910569105691,5.5093883366279774,4.248495242049359
"Bergen, NO","Copenhagen, DK",66,679.5,0.0,0.0,0.0,0.9827586206896551,0.0,0.0,0.0,0.0,0.0,0.0,0.017241379310344827,0.0,0.3333333333333333,0.047619047619047616,0.0,0.6190476190476191,0.0,0.8787878787878788,0.6363636363636364,4.204692619390966,2.6390573296152584
"Berlin, DE","Vienna, AT",80,520.53,0.987012987012987,0.0,0.0,0.0,0.0,0.0,0.0,0.0,0.0,0.0,0.0,0.012987012987012988,0.6190476190476191,0.0,0.0,0.31746031746031744,0.06349206349206349,0.9625,0.7875,4.394449154672439,2.9444389791664403
"Berlin, DE","Zaventem, BE",21,642.78,1.0,0.0,0.0,0.0,0.0,0.0,0.0,0.0,0.0,0.0,0.0,0.0,1.0,0.0,0.0,0.0,0.0,1.0,1.0,3.091042453358316,2.1972245773362196
"Berlin, DE","Copenhagen, DK",63,366.26,0.0,0.0,0.0,0.84,0.0,0.0,0.0,0.16,0.0,0.0,0.0,0.0,0.5490196078431373,0.27450980392156865,0.0,0.17647058823529413,0.0,0.7936507936507936,0.8095238095238095,4.1588830833596715,2.6390573296152584
"Berlin, DE","Frankfurt am Main, DE",195,431.24000000000007,0.7604790419161677,0.0,0.0,0.0,0.0,0.0,0.0,0.0,0.0,0.23952095808383234,0.0,0.0,0.9810126582278481,0.0,0.0,0.012658227848101266,0.006329113924050633,0.8564102564102564,0.8102564102564103,5.278114659230517,4.219507705176107
"Berlin, DE","Budapest, HU",31,674.12,0.0,0.0,0.0,0.0,0.0,0.0,0.5714285714285714,0.0,0.42857142857142855,0.0,0.0,0.0,0.17391304347826086,0.6956521739130435,0.0,0.0,0.13043478260869565,0.9032258064516129,0.7419354838709677,3.4657359027997265,2.302585092994046
"Berlin, DE","Stuttgart, DE",29,508.0,0.0,0.0,0.0,0.0,0.0,0.0,0.0,0.0,0.0,0.0,0.0,1.0,0.8846153846153846,0.0,0.0,0.038461538461538464,0.07692307692307693,0.06896551724137931,0.896551724137931,3.4011973816621555,2.70805020110221
"Berlin, DE","Zurich, CH",136,650.17,0.8034188034188035,0.0,0.0,0.0,0.0,0.0,0.0,0.18803418803418803,0.0,0.0,0.0,0.008547008547008548,0.7203389830508474,0.0,0.1016949152542373,0.16101694915254236,0.01694915254237288,0.8602941176470589,0.8676470588235294,4.919980925828125,3.367295829986474
"Berlin, DE","Paris, FR",177,859.28,0.0,0.4720496894409938,0.0,0.0,0.0,0.0,0.0,0.35403726708074534,0.0,0.16149068322981366,0.0,0.012422360248447204,0.8120805369127517,0.12080536912751678,0.0,0.06040268456375839,0.006711409395973154,0.9096045197740112,0.8418079096045198,5.181783550292085,3.871201010907891
"Berlin, DE","Düsseldorf, DE",22,477.81,0.0,0.0,0.0,0.0,0.0,0.0,0.0,0.0,0.0,0.0,0.0,0.0,0.9545454545454546,0.0,0.0,0.0,0.045454545454545456,0.0,1.0,3.1354942159291497,2.5649493574615367
"Berlin, DE","Köln (Cologne), DE",52,469.36,0.0,0.0,0.0,0.0,0.0,0.0,0.0,0.0,0.0,0.0,0.0,1.0,0.5227272727272727,0.0,0.20454545454545456,0.22727272727272727,0.045454545454545456,0.019230769230769232,0.8461538461538461,3.970291913552122,3.4011973816621555
"Berlin, DE","Segrate (MI), IT",28,828.43,0.0,0.0,0.0,0.0,0.0,0.0,0.0,1.0,0.0,0.0,0.0,0.0,0.9629629629629629,0.0,0.0,0.0,0.037037037037037035,0.9285714285714286,0.9642857142857143,3.367295829986474,1.9459101490553132
"Berlin, DE","Madrid, ES",45,1860.57,0.0,0.0,0.0,0.0,0.0,0.0,1.0,0.0,0.0,0.0,0.0,0.0,0.75,0.225,0.0,0.0,0.025,0.26666666666666666,0.8888888888888888,3.828641396489095,2.302585092994046
"Berlin, DE","Istanbul, TR",113,1716.58,0.0,0.0,0.0,0.0,0.0,1.0,0.0,0.0,0.0,0.0,0.0,0.0,0.7590361445783133,0.0963855421686747,0.13253012048192772,0.0,0.012048192771084338,0.8584070796460177,0.7345132743362832,4.736198448394496,3.1354942159291497
"Berlin, DE","Edinburgh, GB",24,1165.38,0.0,0.0,0.0,0.0,0.0,0.0,0.5,0.5,0.0,0.0,0.0,0.0,0.5454545454545454,0.45454545454545453,0.0,0.0,0.0,1.0,0.9166666666666666,3.2188758248682006,2.1972245773362196
"Berlin, DE","Munich, DE",131,461.96,0.9916666666666667,0.0,0.0,0.0,0.0,0.0,0.0,0.0,0.0,0.0,0.0,0.008333333333333333,0.9576271186440678,0.0,0.0,0.01694915254237288,0.025423728813559324,0.916030534351145,0.9007633587786259,4.882801922586371,3.4965075614664802
"Berlin, DE","Orio al Serio (BG), IT",27,793.64,0.0,0.0,0.0,0.0,0.0,0.0,1.0,0.0,0.0,0.0,0.0,0.0,0.0,1.0,0.0,0.0,0.0,1.0,0.7037037037037037,3.332204510175204,2.302585092994046
"Berlin, DE","London, GB",228,932.04,0.0,0.0,0.42290748898678415,0.0,0.0,0.0,0.2290748898678414,0.18502202643171806,0.0,0.0,0.0,0.16299559471365638,0.6086956521739131,0.19806763285024154,0.0,0.17391304347826086,0.01932367149758454,0.9956140350877193,0.9078947368421053,5.43372200355424,4.060443010546419
"Berlin, DE","Dublin, IE",51,1326.82,0.0,0.0,0.44,0.0,0.0,0.0,0.56,0.0,0.0,0.0,0.0,0.0,0.46808510638297873,0.5106382978723404,0.0,0.0,0.02127659574468085,0.9803921568627451,0.9215686274509803,3.9512437185814275,2.4849066497880004
"Berlin, DE","Palma de Mallorca, ES",53,1645.61,0.0,0.0,0.0,0.0,0.0,0.0,0.41379310344827586,0.5862068965517241,0.0,0.0,0.0,0.0,0.7021276595744681,0.1702127659574468,0.0,0.02127659574468085,0.10638297872340426,0.5471698113207547,0.8867924528301887,3.9889840465642745,2.8903717578961645
"Berlin, DE","Geneva, CH",24,865.7000000000002,0.18181818181818182,0.0,0.0,0.0,0.0,0.0,0.0,0.8181818181818182,0.0,0.0,0.0,0.0,0.8,0.0,0.1,0.0,0.1,0.9166666666666666,0.8333333333333334,3.2188758248682006,2.4849066497880004
"Berlin, DE","Warsaw, PL",26,505.71,0.0,0.0,0.0,1.0,0.0,0.0,0.0,0.0,0.0,0.0,0.0,0.0,0.0,0.1,0.0,0.9,0.0,1.0,0.7692307692307693,3.295836866004329,1.6094379124341003
"Berlin, DE","Rome, IT",48,1177.03,0.0,0.0,0.0,0.0,0.0,0.0,0.5106382978723404,0.46808510638297873,0.0,0.0,0.0,0.02127659574468085,0.55,0.4,0.0,0.025,0.025,0.9791666666666666,0.8333333333333334,3.8918202981106265,2.5649493574615367
"Berlin, DE","Spata-Artemida, GR",26,1796.72,0.0,0.0,0.0,0.0,0.0,1.0,0.0,0.0,0.0,0.0,0.0,0.0,1.0,0.0,0.0,0.0,0.0,0.7692307692307693,0.6153846153846154,3.295836866004329,1.9459101490553132
"Berlin, DE","Manchester, Greater Manchester, GB",41,1063.11,0.0,0.0,0.0,0.0,0.0,0.0,0.5121951219512195,0.4878048780487805,0.0,0.0,0.0,0.0,0.4878048780487805,0.5121951219512195,0.0,0.0,0.0,1.0,1.0,3.7376696182833684,2.6390573296152584
"Berlin, DE","Oslo (Gardermoen), NO",30,883.2800000000001,0.0,0.0,0.0,0.0,0.0,0.0,0.0,0.0,0.0,0.0,0.0,0.0,0.0,1.0,0.0,0.0,0.0,0.0,0.9333333333333333,3.4339872044851463,1.9459101490553132
"Berlin, DE","Helsinki (Vantaa), FI",46,1128.86,0.0,0.0,0.0,1.0,0.0,0.0,0.0,0.0,0.0,0.0,0.0,0.0,0.8571428571428571,0.09523809523809523,0.0,0.047619047619047616,0.0,0.9130434782608695,0.9130434782608695,3.8501476017100584,2.0794415416798357
"Berlin, DE","Málaga, ES",34,2240.8699999999994,0.0,0.0,0.0,0.0,0.0,0.0,0.5333333333333333,0.4666666666666667,0.0,0.0,0.0,0.0,0.5625,0.4375,0.0,0.0,0.0,0.8823529411764706,0.9411764705882353,3.5553480614894135,2.1972245773362196
"Berlin, DE","Stockholm, SE",43,840.09,0.0,0.0,0.0,0.9230769230769231,0.0,0.0,0.038461538461538464,0.0,0.0,0.0,0.0,0.038461538461538464,0.6875,0.28125,0.0,0.0,0.03125,0.6046511627906976,0.7441860465116279,3.784189633918261,2.5649493574615367
"Billund, DK","Stockholm, SE",21,668.53,0.0,0.0,0.0,1.0,0.0,0.0,0.0,0.0,0.0,0.0,0.0,0.0,0.0,0.0,0.0,0.0,0.0,0.9523809523809523,0.0,3.091042453358316,1.791759469228055
"Billund, DK","Frankfurt am Main, DE",37,636.5899999999999,1.0,0.0,0.0,0.0,0.0,0.0,0.0,0.0,0.0,0.0,0.0,0.0,1.0,0.0,0.0,0.0,0.0,1.0,1.0,3.6375861597263857,2.1972245773362196
"Billund, DK","Copenhagen, DK",62,219.77,0.0,0.0,0.0,0.9310344827586207,0.0,0.0,0.0,0.0,0.0,0.0,0.0,0.06896551724137931,0.375,0.375,0.25,0.0,0.0,0.9354838709677419,0.12903225806451613,4.143134726391533,2.833213344056216
"Billund, DK","Paris, FR",29,853.9799999999999,0.0,0.9655172413793104,0.0,0.0,0.0,0.0,0.0,0.0,0.0,0.0,0.034482758620689655,0.0,0.0,0.047619047619047616,0.0,0.9523809523809523,0.0,1.0,0.7241379310344828,3.4011973816621555,1.791759469228055
"Billund, DK","London, GB",31,766.69,0.0,0.0,1.0,0.0,0.0,0.0,0.0,0.0,0.0,0.0,0.0,0.0,0.7142857142857143,0.25,0.03571428571428571,0.0,0.0,0.6451612903225806,0.9032258064516129,3.4657359027997265,2.302585092994046
"Birmingham, West Midlands, GB","Munich, DE",22,1059.84,1.0,0.0,0.0,0.0,0.0,0.0,0.0,0.0,0.0,0.0,0.0,0.0,0.9166666666666666,0.0,0.0,0.08333333333333333,0.0,0.09090909090909091,0.5454545454545454,3.1354942159291497,2.1972245773362196
"Birmingham, West Midlands, GB","Frankfurt am Main, DE",47,765.72,0.8947368421052632,0.0,0.0,0.0,0.0,0.0,0.0,0.0,0.0,0.0,0.10526315789473684,0.0,0.8085106382978723,0.0,0.0,0.1702127659574468,0.02127659574468085,0.8085106382978723,1.0,3.871201010907891,2.3978952727983707
"Birmingham, West Midlands, GB","Dublin, IE",146,321.25,0.0,0.0,0.21505376344086022,0.0,0.0,0.0,0.7526881720430108,0.0,0.0,0.0,0.03225806451612903,0.0,0.3108108108108108,0.6891891891891891,0.0,0.0,0.0,0.636986301369863,0.5068493150684932,4.990432586778736,3.5553480614894135
"Birmingham, West Midlands, GB","Faro, PT",23,1783.96,0.0,0.0,0.0,0.0,0.0,0.0,0.4,0.2,0.0,0.4,0.0,0.0,0.35294117647058826,0.5882352941176471,0.0,0.058823529411764705,0.0,0.8695652173913043,0.7391304347826086,3.1780538303479458,2.3978952727983707
"Birmingham, West Midlands, GB","Glasgow, GB",29,418.26000000000005,0.0,0.0,0.0,0.0,0.0,0.0,0.0,0.9285714285714286,0.0,0.07142857142857142,0.0,0.0,0.9285714285714286,0.07142857142857142,0.0,0.0,0.0,0.9655172413793104,0.9655172413793104,3.4011973816621555,2.302585092994046
"Birmingham, West Midlands, GB","Geneva, CH",41,894.3,0.0,0.0,0.0,0.0,0.0,0.0,0.0,0.8536585365853658,0.0,0.14634146341463414,0.0,0.0,0.8974358974358975,0.10256410256410256,0.0,0.0,0.0,1.0,0.9512195121951219,3.7376696182833684,2.995732273553991
"Birmingham, West Midlands, GB","Istanbul, TR",34,2632.65,0.0,0.0,0.0,0.0,0.0,1.0,0.0,0.0,0.0,0.0,0.0,0.0,0.7037037037037037,0.2962962962962963,0.0,0.0,0.0,1.0,0.7941176470588235,3.5553480614894135,1.9459101490553132
"Birmingham, West Midlands, GB","Málaga, ES",40,1767.69,0.0,0.0,0.0,0.0,0.0,0.0,0.4594594594594595,0.21621621621621623,0.0,0.32432432432432434,0.0,0.0,0.45714285714285713,0.4857142857142857,0.0,0.0,0.05714285714285714,0.925,0.875,3.713572066704308,2.70805020110221
"Birmingham, West Midlands, GB","Edinburgh, GB",47,402.83,0.0,0.0,0.0,0.0,0.0,0.0,0.0,0.9777777777777777,0.0,0.022222222222222223,0.0,0.0,0.9361702127659575,0.0425531914893617,0.02127659574468085,0.0,0.0,0.9574468085106383,1.0,3.871201010907891,2.6390573296152584
"Birmingham, West Midlands, GB","Bucharest, RO",25,2215.29,0.0,0.0,0.0,0.0,0.0,0.0,1.0,0.0,0.0,0.0,0.0,0.0,0.42105263157894735,0.5789473684210527,0.0,0.0,0.0,0.52,0.76,3.258096538021482,1.791759469228055
"Birmingham, West Midlands, GB","Paris, FR",65,448.56,0.0,0.6774193548387096,0.0,0.0,0.0,0.0,0.0,0.3225806451612903,0.0,0.0,0.0,0.0,0.7936507936507936,0.0,0.0,0.15873015873015872,0.047619047619047616,0.9538461538461539,0.9692307692307692,4.189654742026425,2.8903717578961645
"Bologna, IT","Munich, DE",41,426.2900000000001,0.0,0.0,0.0,0.0,0.0,0.0,0.0,0.0,0.0,0.0,0.0,0.0,0.0,0.0,0.0,1.0,0.0,0.0,0.975609756097561,3.7376696182833684,2.0794415416798357
"Bologna, IT","Madrid, ES",59,1307.07,0.0,0.0,0.0,0.0,0.0,0.0,0.9411764705882353,0.0,0.0,0.0,0.058823529411764705,0.0,0.0,0.24444444444444444,0.0,0.7555555555555555,0.0,0.288135593220339,0.7627118644067796,4.0943445622221,2.4849066497880004
"Bologna, IT","London, GB",62,1142.85,0.0,0.0,0.6557377049180327,0.0,0.0,0.0,0.32786885245901637,0.0,0.0,0.0,0.0,0.01639344262295082,0.6896551724137931,0.27586206896551724,0.0,0.0,0.034482758620689655,0.9838709677419355,0.9354838709677419,4.143134726391533,2.8903717578961645
"Bologna, IT","Zurich, CH",21,387.8,1.0,0.0,0.0,0.0,0.0,0.0,0.0,0.0,0.0,0.0,0.0,0.0,0.25,0.0,0.375,0.375,0.0,0.9523809523809523,0.7619047619047619,3.091042453358316,2.0794415416798357
"Bologna, IT","Vienna, AT",24,567.61,0.5833333333333334,0.0,0.0,0.0,0.0,0.0,0.4166666666666667,0.0,0.0,0.0,0.0,0.0,0.25,0.16666666666666666,0.0,0.5833333333333334,0.0,1.0,1.0,3.2188758248682006,2.1972245773362196
"Bologna, IT","Paris, FR",67,866.49,0.0,0.9298245614035088,0.0,0.0,0.0,0.0,0.0,0.0,0.0,0.0,0.07017543859649122,0.0,0.7547169811320755,0.20754716981132076,0.0,0.03773584905660377,0.0,0.8507462686567164,0.7910447761194029,4.219507705176107,2.8903717578961645
"Bologna, IT","Rome, IT",33,317.59999999999997,0.0,0.0,0.0,0.0,1.0,0.0,0.0,0.0,0.0,0.0,0.0,0.0,0.8125,0.0,0.0625,0.0,0.125,0.8787878787878788,0.48484848484848486,3.5263605246161616,2.4849066497880004
"Bologna, IT","Bucharest, RO",27,1172.58,0.0,0.0,0.0,0.0,0.0,0.0,1.0,0.0,0.0,0.0,0.0,0.0,0.42105263157894735,0.5789473684210527,0.0,0.0,0.0,0.5555555555555556,0.7037037037037037,3.332204510175204,2.1972245773362196
"Bologna, IT","Frankfurt am Main, DE",46,644.29,0.8888888888888888,0.0,0.0,0.0,0.0,0.0,0.0,0.0,0.0,0.0,0.0,0.1111111111111111,0.23529411764705882,0.0,0.0,0.7352941176470589,0.029411764705882353,0.1956521739130435,0.7391304347826086,3.8501476017100584,2.70805020110221
"Bologna, IT","Istanbul, TR",46,1489.44,0.0,0.0,0.0,0.0,0.0,1.0,0.0,0.0,0.0,0.0,0.0,0.0,0.868421052631579,0.10526315789473684,0.0,0.02631578947368421,0.0,0.9782608695652174,0.8260869565217391,3.8501476017100584,2.302585092994046
"Bologna, IT","Lamezia Terme (CZ), IT",21,748.71,0.0,0.0,0.0,0.0,0.0,0.0,1.0,0.0,0.0,0.0,0.0,0.0,0.0,1.0,0.0,0.0,0.0,1.0,0.8095238095238095,3.091042453358316,1.9459101490553132
"Bordeaux, FR","Madrid, ES",36,545.59,0.0,0.0,0.0,0.0,0.0,0.0,0.0,0.0,0.0,1.0,0.0,0.0,0.2,0.0,0.0,0.8,0.0,0.2222222222222222,0.8333333333333334,3.6109179126442243,2.302585092994046
"Bordeaux, FR","Marignane, Bouches-du-Rhône, FR",42,497.57,0.0,0.0,0.0,0.0,0.0,0.0,0.0,0.8095238095238095,0.0,0.19047619047619047,0.0,0.0,1.0,0.0,0.0,0.0,0.0,1.0,0.9523809523809523,3.7612001156935624,2.3978952727983707
"Bordeaux, FR","Paris, FR",119,545.72,0.0,0.898989898989899,0.0,0.0,0.0,0.0,0.0,0.0,0.0,0.050505050505050504,0.030303030303030304,0.020202020202020204,0.7722772277227723,0.0594059405940594,0.09900990099009901,0.0594059405940594,0.009900990099009901,0.8319327731092437,0.8487394957983193,4.787491742782046,3.6635616461296463
"Bordeaux, FR","Geneva, CH",27,553.97,0.0,0.0,0.0,0.0,0.0,0.0,0.0,0.96,0.0,0.0,0.0,0.04,0.9166666666666666,0.0,0.0,0.0,0.08333333333333333,0.9259259259259259,0.8888888888888888,3.332204510175204,2.302585092994046
"Bordeaux, FR","Colombier-Saugnieu, Rhône, FR",67,464.97,0.0,0.417910447761194,0.0,0.0,0.0,0.0,0.0,0.582089552238806,0.0,0.0,0.0,0.0,0.5483870967741935,0.0,0.0,0.45161290322580644,0.0,1.0,0.9253731343283582,4.219507705176107,3.1354942159291497
"Bordeaux, FR","London, GB",37,744.5099999999999,0.0,0.0,0.0,0.0,0.0,0.0,0.0,1.0,0.0,0.0,0.0,0.0,0.972972972972973,0.0,0.0,0.0,0.02702702702702703,0.5945945945945946,1.0,3.6375861597263857,2.4849066497880004
"Bordeaux, FR","Rome, IT",23,1113.54,0.0,0.0,0.0,0.0,0.0,0.0,0.0,0.5789473684210527,0.0,0.42105263157894735,0.0,0.0,1.0,0.0,0.0,0.0,0.0,0.8260869565217391,0.8260869565217391,3.1780538303479458,2.1972245773362196
"Bremen, DE","Frankfurt am Main, DE",50,336.2,1.0,0.0,0.0,0.0,0.0,0.0,0.0,0.0,0.0,0.0,0.0,0.0,1.0,0.0,0.0,0.0,0.0,1.0,0.8,3.9318256327243257,2.3978952727983707
"Bremen, DE","Munich, DE",57,562.78,0.9629629629629629,0.0,0.0,0.0,0.0,0.0,0.0,0.0,0.0,0.0,0.0,0.037037037037037035,0.9130434782608695,0.0,0.0,0.043478260869565216,0.043478260869565216,0.9473684210526315,0.8070175438596491,4.060443010546419,2.772588722239781
"Bremen, DE","London, GB",23,624.25,0.0,0.0,0.0,0.0,0.0,0.0,1.0,0.0,0.0,0.0,0.0,0.0,0.0,1.0,0.0,0.0,0.0,0.9565217391304348,0.9565217391304348,3.1780538303479458,2.302585092994046
"Bremen, DE","Istanbul, TR",24,2015.78,0.0,0.0,0.0,0.0,0.0,1.0,0.0,0.0,0.0,0.0,0.0,0.0,0.4166666666666667,0.5833333333333334,0.0,0.0,0.0,1.0,1.0,3.2188758248682006,1.9459101490553132
"Bristol, GB","Edinburgh, GB",67,509.75,0.0,0.0,0.0,0.0,0.0,0.0,0.0,1.0,0.0,0.0,0.0,0.0,1.0,0.0,0.0,0.0,0.0,1.0,0.9701492537313433,4.219507705176107,2.833213344056216
"Bristol, GB","Paris, FR",46,421.23,0.0,0.0,0.0,0.0,0.0,0.0,0.0,1.0,0.0,0.0,0.0,0.0,1.0,0.0,0.0,0.0,0.0,1.0,1.0,3.8501476017100584,2.3978952727983707
"Bristol, GB","Dublin, IE",71,331.03,0.0,0.0,0.0,0.0,0.0,0.0,1.0,0.0,0.0,0.0,0.0,0.0,0.0,1.0,0.0,0.0,0.0,0.5070422535211268,0.36619718309859156,4.276666119016055,2.70805020110221
"Bristol, GB","Málaga, ES",43,1641.46,0.0,0.0,0.0,0.0,0.0,0.0,0.32558139534883723,0.5581395348837209,0.0,0.09302325581395349,0.0,0.023255813953488372,0.6111111111111112,0.3888888888888889,0.0,0.0,0.0,1.0,0.8372093023255814,3.784189633918261,2.4849066497880004
"Bristol, GB","Glasgow, GB",47,511.84999999999997,0.0,0.0,0.0,0.0,0.0,0.0,0.0,0.9777777777777777,0.0,0.022222222222222223,0.0,0.0,0.9361702127659575,0.02127659574468085,0.0,0.0,0.0425531914893617,0.9574468085106383,1.0,3.871201010907891,2.6390573296152584
"Bristol, GB","Newcastle upon Tyne, Tyne and Wear, GB",28,412.19,0.0,0.0,0.0,0.0,0.0,0.0,0.0,1.0,0.0,0.0,0.0,0.0,1.0,0.0,0.0,0.0,0.0,1.0,1.0,3.367295829986474,1.9459101490553132
"Bristol, GB","Geneva, CH",65,861.98,0.0,0.0,0.0,0.0,0.0,0.0,0.0,0.9375,0.0,0.0625,0.0,0.0,0.9523809523809523,0.031746031746031744,0.0,0.015873015873015872,0.0,0.9846153846153847,0.9692307692307692,4.189654742026425,2.995732273553991
"Bristol, GB","Madrid, ES",23,1219.86,0.0,0.0,0.0,0.0,0.0,0.0,0.4782608695652174,0.5217391304347826,0.0,0.0,0.0,0.0,0.5714285714285714,0.42857142857142855,0.0,0.0,0.0,1.0,0.9130434782608695,3.1780538303479458,1.791759469228055
"Bristol, GB","Faro, PT",26,1650.3900000000003,0.0,0.0,0.0,0.0,0.0,0.0,0.15384615384615385,0.6923076923076923,0.0,0.15384615384615385,0.0,0.0,0.7272727272727273,0.2727272727272727,0.0,0.0,0.0,1.0,0.8461538461538461,3.295836866004329,2.1972245773362196
"Bucharest, RO","London, GB",89,2079.32,0.0,0.0,0.39080459770114945,0.0,0.0,0.0,0.6091954022988506,0.0,0.0,0.0,0.0,0.0,0.40963855421686746,0.5903614457831325,0.0,0.0,0.0,0.9775280898876404,0.9325842696629213,4.499809670330265,3.1780538303479458
"Bucharest, RO","Rome, IT",53,1148.7699999999998,0.0,0.0,0.0,0.0,0.0,0.0,0.8260869565217391,0.0,0.0,0.0,0.0,0.17391304347826086,0.43137254901960786,0.5686274509803921,0.0,0.0,0.0,0.4339622641509434,0.9622641509433962,3.9889840465642745,2.772588722239781
"Bucharest, RO","Istanbul, TR",73,452.33000000000004,0.0,0.0,0.0,0.0,0.0,0.6031746031746031,0.0,0.0,0.0,0.0,0.0,0.3968253968253968,0.22727272727272727,0.22727272727272727,0.5454545454545454,0.0,0.0,0.863013698630137,0.6027397260273972,4.30406509320417,3.1354942159291497
"Bucharest, RO","Zurich, CH",30,1391.11,1.0,0.0,0.0,0.0,0.0,0.0,0.0,0.0,0.0,0.0,0.0,0.0,0.75,0.0,0.08333333333333333,0.08333333333333333,0.08333333333333333,0.8666666666666667,0.8,3.4339872044851463,2.1972245773362196
"Bucharest, RO","Warsaw, PL",61,934.75,0.0,0.0,0.0,0.8333333333333334,0.0,0.0,0.0,0.0,0.16666666666666666,0.0,0.0,0.0,0.16,0.24,0.02,0.58,0.0,0.9836065573770492,0.819672131147541,4.127134385045092,2.5649493574615367
"Bucharest, RO","Prague, CZ",22,1084.12,0.0,0.0,0.0,0.0,0.0,0.0,0.0,0.0,0.0,0.5,0.0,0.5,0.5,0.5,0.0,0.0,0.0,0.6363636363636364,0.9090909090909091,3.1354942159291497,2.5649493574615367
"Bucharest, RO","Luton, Luton, GB",50,2109.67,0.0,0.0,0.0,0.0,0.0,0.0,1.0,0.0,0.0,0.0,0.0,0.0,0.8444444444444444,0.15555555555555556,0.0,0.0,0.0,0.02,0.9,3.9318256327243257,2.4849066497880004
"Bucharest, RO","Charleroi, BE",34,1746.3399999999997,0.0,0.0,0.0,0.0,0.0,0.0,1.0,0.0,0.0,0.0,0.0,0.0,0.6153846153846154,0.38461538461538464,0.0,0.0,0.0,0.5294117647058824,0.7647058823529411,3.5553480614894135,2.4849066497880004
"Bucharest, RO","Vienna, AT",43,832.0800000000002,0.7380952380952381,0.0,0.0,0.0,0.0,0.0,0.2619047619047619,0.0,0.0,0.0,0.0,0.0,0.9767441860465116,0.023255813953488372,0.0,0.0,0.0,0.9767441860465116,1.0,3.784189633918261,2.4849066497880004
"Bucharest, RO","Madrid, ES",37,2470.1499999999996,0.0,0.0,0.0,0.0,0.0,0.0,0.5652173913043478,0.0,0.0,0.0,0.0,0.43478260869565216,0.5185185185185185,0.48148148148148145,0.0,0.0,0.0,0.6216216216216216,0.7297297297297297,3.6375861597263857,2.3978952727983707
"Bucharest, RO","Frankfurt am Main, DE",42,1452.81,0.7105263157894737,0.0,0.0,0.0,0.0,0.0,0.0,0.0,0.0,0.0,0.0,0.2894736842105263,0.7380952380952381,0.2619047619047619,0.0,0.0,0.0,0.9047619047619048,1.0,3.7612001156935624,2.3978952727983707
"Bucharest, RO","Paris, FR",84,1878.6899999999998,0.0,0.42424242424242425,0.0,0.0,0.0,0.0,0.0,0.0,0.0,0.030303030303030304,0.12121212121212122,0.42424242424242425,0.5194805194805194,0.4675324675324675,0.0,0.012987012987012988,0.0,0.7857142857142857,0.9166666666666666,4.442651256490317,3.1354942159291497
"Bucharest, RO","Orio al Serio (BG), IT",52,1290.56,0.0,0.0,0.0,0.0,0.0,0.0,1.0,0.0,0.0,0.0,0.0,0.0,0.5333333333333333,0.4666666666666667,0.0,0.0,0.0,0.5,0.8653846153846154,3.970291913552122,2.6390573296152584
"Bucharest, RO","Ferno (VA), IT",23,1366.83,0.0,0.0,0.0,0.0,0.0,0.0,0.6923076923076923,0.0,0.0,0.0,0.23076923076923078,0.07692307692307693,0.43478260869565216,0.391304347826087,0.17391304347826086,0.0,0.0,0.5652173913043478,1.0,3.1780538303479458,2.4849066497880004
"Bucharest, RO","Budapest, HU",28,631.06,0.0,0.0,0.0,0.0,0.0,0.0,0.0,0.0,0.5384615384615384,0.0,0.0,0.46153846153846156,0.6666666666666666,0.16666666666666666,0.08333333333333333,0.0,0.08333333333333333,0.9285714285714286,0.42857142857142855,3.367295829986474,2.302585092994046
"Bucharest, RO","Munich, DE",34,1173.94,0.0,0.0,0.0,0.0,0.0,0.0,0.0,0.0,0.0,0.0,0.0,0.0,1.0,0.0,0.0,0.0,0.0,0.0,0.5294117647058824,3.5553480614894135,1.9459101490553132
"Budapest, HU","Paris, FR",71,1259.07,0.0,0.6101694915254238,0.0,0.0,0.0,0.0,0.0,0.13559322033898305,0.23728813559322035,0.0,0.0,0.01694915254237288,0.7857142857142857,0.17857142857142858,0.0,0.03571428571428571,0.0,0.8309859154929577,0.7887323943661971,4.276666119016055,2.8903717578961645
"Budapest, HU","Valletta, MT",23,1350.06,0.0,0.0,0.0,0.0,0.0,0.0,0.7272727272727273,0.0,0.2727272727272727,0.0,0.0,0.0,0.10526315789473684,0.8421052631578947,0.0,0.0,0.05263157894736842,0.9565217391304348,0.8260869565217391,3.1780538303479458,2.0794415416798357
"Budapest, HU","Dublin, IE",33,1901.87,0.0,0.0,0.18181818181818182,0.0,0.0,0.0,0.8181818181818182,0.0,0.0,0.0,0.0,0.0,0.2222222222222222,0.7777777777777778,0.0,0.0,0.0,1.0,0.8181818181818182,3.5263605246161616,2.302585092994046
"Budapest, HU","Málaga, ES",24,2276.47,0.0,0.0,0.0,0.0,0.0,0.0,0.6521739130434783,0.0,0.34782608695652173,0.0,0.0,0.0,0.23529411764705882,0.7647058823529411,0.0,0.0,0.0,0.9583333333333334,0.7083333333333334,3.2188758248682006,2.0794415416798357
"Budapest, HU","Madrid, ES",50,1976.99,0.0,0.0,0.32,0.0,0.0,0.0,0.4,0.0,0.28,0.0,0.0,0.0,0.65,0.35,0.0,0.0,0.0,1.0,0.8,3.9318256327243257,2.4849066497880004
"Budapest, HU","Warsaw, PL",75,541.4399999999999,0.0,0.0,0.0,0.6756756756756757,0.0,0.0,0.0,0.0,0.32432432432432434,0.0,0.0,0.0,0.2641509433962264,0.0,0.018867924528301886,0.7169811320754716,0.0,0.9866666666666667,0.7066666666666667,4.330733340286331,2.70805020110221
"Budapest, HU","Luton, Luton, GB",38,1478.9800000000002,0.0,0.0,0.0,0.0,0.0,0.0,0.0,0.0,1.0,0.0,0.0,0.0,0.8148148148148148,0.18518518518518517,0.0,0.0,0.0,1.0,0.7105263157894737,3.6635616461296463,1.9459101490553132
"Budapest, HU","London, GB",116,1449.2,0.0,0.0,0.3620689655172414,0.0,0.0,0.0,0.43103448275862066,0.1206896551724138,0.08620689655172414,0.0,0.0,0.0,0.5794392523364486,0.4205607476635514,0.0,0.0,0.0,1.0,0.9224137931034483,4.762173934797756,3.295836866004329
"Budapest, HU","Copenhagen, DK",38,1007.11,0.0,0.0,0.0,0.2631578947368421,0.0,0.0,0.42105263157894735,0.0,0.3157894736842105,0.0,0.0,0.0,0.5483870967741935,0.45161290322580644,0.0,0.0,0.0,1.0,0.8157894736842105,3.6635616461296463,2.1972245773362196
"Budapest, HU","Ferno (VA), IT",46,820.26,0.0,0.0,0.0,0.0,0.0,0.0,0.42857142857142855,0.0,0.5357142857142857,0.0,0.03571428571428571,0.0,0.5675675675675675,0.35135135135135137,0.05405405405405406,0.0,0.02702702702702703,0.6086956521739131,0.8043478260869565,3.8501476017100584,2.5649493574615367
"Budapest, HU","Vienna, AT",34,202.5,1.0,0.0,0.0,0.0,0.0,0.0,0.0,0.0,0.0,0.0,0.0,0.0,0.1,0.06666666666666667,0.0,0.7666666666666667,0.06666666666666667,0.7647058823529411,0.8823529411764706,3.5553480614894135,2.772588722239781
"Budapest, HU","Istanbul, TR",80,1059.84,0.0,0.0,0.0,0.0,0.0,0.7941176470588235,0.0,0.0,0.20588235294117646,0.0,0.0,0.0,0.7352941176470589,0.11764705882352941,0.14705882352941177,0.0,0.0,0.85,0.85,4.394449154672439,3.367295829986474
"Budapest, HU","Prague, CZ",24,459.11000000000007,0.0,0.0,0.0,0.0,0.0,0.0,0.5217391304347826,0.0,0.0,0.0,0.391304347826087,0.08695652173913043,0.0,0.8,0.0,0.2,0.0,0.9583333333333334,0.4166666666666667,3.2188758248682006,2.302585092994046
"Budapest, HU","Orio al Serio (BG), IT",29,746.67,0.0,0.0,0.0,0.0,0.0,0.0,1.0,0.0,0.0,0.0,0.0,0.0,0.0,0.9523809523809523,0.047619047619047616,0.0,0.0,0.9655172413793104,0.7241379310344828,3.4011973816621555,2.0794415416798357
"Budapest, HU","Spata-Artemida, GR",32,1132.6,0.0,0.0,0.0,0.0,0.0,0.15625,0.375,0.0,0.4375,0.0,0.0,0.03125,0.4166666666666667,0.5416666666666666,0.0,0.041666666666666664,0.0,1.0,0.75,3.4965075614664802,2.4849066497880004
"Budapest, HU","Manchester, Greater Manchester, GB",31,1642.0,0.0,0.0,0.0,0.0,0.0,0.0,0.7333333333333333,0.0,0.0,0.26666666666666666,0.0,0.0,0.26666666666666666,0.7333333333333333,0.0,0.0,0.0,0.967741935483871,0.967741935483871,3.4657359027997265,2.302585092994046
"Budapest, HU","Rome, IT",56,824.45,0.0,0.0,0.0,0.0,0.0,0.0,0.5818181818181818,0.0,0.41818181818181815,0.0,0.0,0.0,0.21739130434782608,0.782608695652174,0.0,0.0,0.0,0.9821428571428571,0.8214285714285714,4.04305126783455,2.6390573296152584
"Budapest, HU","Charleroi, BE",30,1117.63,0.0,0.0,0.0,0.0,0.0,0.0,0.6,0.0,0.4,0.0,0.0,0.0,0.23076923076923078,0.7692307692307693,0.0,0.0,0.0,1.0,0.8666666666666667,3.4339872044851463,1.9459101490553132
"Budapest, HU","Munich, DE",48,554.58,0.9787234042553191,0.0,0.0,0.0,0.0,0.0,0.0,0.0,0.0,0.0,0.02127659574468085,0.0,0.9565217391304348,0.021739130434782608,0.0,0.0,0.021739130434782608,0.9791666666666666,0.9583333333333334,3.8918202981106265,2.3978952727983707
"Budapest, HU","Frankfurt am Main, DE",63,823.04,0.9838709677419355,0.0,0.0,0.0,0.0,0.0,0.0,0.0,0.0,0.0,0.0,0.016129032258064516,0.9682539682539683,0.0,0.031746031746031744,0.0,0.0,0.9841269841269841,1.0,4.1588830833596715,2.6390573296152584
"Budapest, HU","Zurich, CH",57,793.92,0.9818181818181818,0.0,0.0,0.0,0.0,0.01818181818181818,0.0,0.0,0.0,0.0,0.0,0.0,0.23076923076923078,0.0,0.6410256410256411,0.1282051282051282,0.0,0.9649122807017544,0.6842105263157895,4.060443010546419,2.4849066497880004
"Budapest, HU","Eindhoven, NL",24,1084.21,0.0,0.0,0.0,0.0,0.0,0.0,0.0,0.0,1.0,0.0,0.0,0.0,1.0,0.0,0.0,0.0,0.0,1.0,0.6666666666666666,3.2188758248682006,1.6094379124341003
"Caselle (VR), IT","Munich, DE",26,336.02000000000004,0.0,0.0,0.0,0.0,0.0,0.0,0.0,0.0,0.0,0.0,0.0,0.0,0.0,0.0,0.0,1.0,0.0,0.0,0.9230769230769231,3.295836866004329,1.9459101490553132
"Caselle (VR), IT","London, GB",51,1052.57,0.0,0.0,0.0,0.0,0.0,0.0,0.3125,0.5625,0.0,0.125,0.0,0.0,0.723404255319149,0.2553191489361702,0.0,0.0,0.02127659574468085,0.6274509803921569,0.9215686274509803,3.9512437185814275,2.995732273553991
"Caselle (VR), IT","Paris, FR",23,781.8600000000001,0.0,0.47619047619047616,0.0,0.0,0.0,0.0,0.0,0.0,0.0,0.5238095238095238,0.0,0.0,0.5555555555555556,0.0,0.0,0.4444444444444444,0.0,0.9130434782608695,0.782608695652174,3.1780538303479458,1.9459101490553132
"Caselle (VR), IT","Frankfurt am Main, DE",28,543.63,0.0,0.0,0.0,0.0,0.0,0.0,0.0,0.0,0.0,0.0,0.0,0.0,0.0,0.0,0.0,1.0,0.0,0.0,0.9285714285714286,3.367295829986474,1.791759469228055
"Caselle Torinese (TO), IT","Munich, DE",25,471.18,0.0,0.0,0.0,0.0,0.0,0.0,0.0,0.0,0.0,0.0,0.0,0.0,0.0,0.0,0.0,1.0,0.0,0.0,0.96,3.258096538021482,1.791759469228055
"Caselle Torinese (TO), IT","Paris, FR",41,611.49,0.0,0.8780487804878049,0.0,0.0,0.0,0.0,0.0,0.0,0.0,0.0975609756097561,0.0,0.024390243902439025,0.12903225806451613,0.0,0.0,0.8709677419354839,0.0,1.0,0.7560975609756098,3.7376696182833684,2.302585092994046
"Caselle Torinese (TO), IT","Rome, IT",49,539.38,0.0,0.0,0.0,0.0,1.0,0.0,0.0,0.0,0.0,0.0,0.0,0.0,0.9736842105263158,0.0,0.0,0.0,0.02631578947368421,0.8979591836734694,0.7755102040816326,3.912023005428146,2.6390573296152584
"Caselle Torinese (TO), IT","London, GB",92,901.82,0.0,0.0,0.0,0.0,0.0,0.0,0.4444444444444444,0.3888888888888889,0.0,0.1388888888888889,0.0,0.027777777777777776,0.5813953488372093,0.3953488372093023,0.0,0.0,0.023255813953488372,0.782608695652174,0.9347826086956522,4.532599493153256,3.6109179126442243
"Caselle Torinese (TO), IT","Frankfurt am Main, DE",24,540.91,0.0,0.0,0.0,0.0,0.0,0.0,0.0,0.0,0.0,0.0,0.0,0.0,0.0,0.0,0.0,1.0,0.0,0.0,0.9166666666666666,3.2188758248682006,1.9459101490553132
"Caselle Torinese (TO), IT","Madrid, ES",31,1063.91,0.0,0.0,0.0,0.0,0.0,0.0,0.9333333333333333,0.0,0.0,0.0,0.0,0.06666666666666667,0.0,0.44,0.04,0.48,0.04,0.4838709677419355,0.8064516129032258,3.4657359027997265,2.302585092994046
"Caselle Torinese (TO), IT","Lamezia Terme (CZ), IT",23,995.73,0.0,0.0,0.0,0.0,0.0,0.0,1.0,0.0,0.0,0.0,0.0,0.0,0.0,1.0,0.0,0.0,0.0,1.0,0.8260869565217391,3.1780538303479458,1.9459101490553132
"Charleroi, BE","Orio al Serio (BG), IT",38,660.06,0.0,0.0,0.0,0.0,0.0,0.0,1.0,0.0,0.0,0.0,0.0,0.0,0.029411764705882353,0.9705882352941176,0.0,0.0,0.0,0.9736842105263158,0.8947368421052632,3.6635616461296463,2.1972245773362196
"Charleroi, BE","Manchester, Greater Manchester, GB",34,562.5,0.0,0.0,0.0,0.0,0.0,0.0,1.0,0.0,0.0,0.0,0.0,0.0,0.0,1.0,0.0,0.0,0.0,1.0,0.8235294117647058,3.5553480614894135,2.1972245773362196
"Charleroi, BE","Marignane, Bouches-du-Rhône, FR",28,783.1,0.0,0.0,0.0,0.0,0.0,0.0,1.0,0.0,0.0,0.0,0.0,0.0,0.0,1.0,0.0,0.0,0.0,1.0,0.7857142857142857,3.367295829986474,1.9459101490553132
"Charleroi, BE","Istanbul, TR",36,2155.26,0.0,0.0,0.0,0.0,0.0,1.0,0.0,0.0,0.0,0.0,0.0,0.0,0.625,0.375,0.0,0.0,0.0,1.0,0.4444444444444444,3.6109179126442243,1.9459101490553132
"Charleroi, BE","Warsaw, PL",22,1158.49,0.0,0.0,0.0,0.0,0.0,0.0,0.36363636363636365,0.0,0.6363636363636364,0.0,0.0,0.0,0.5555555555555556,0.4444444444444444,0.0,0.0,0.0,1.0,0.8181818181818182,3.1354942159291497,1.6094379124341003
"Charleroi, BE","Málaga, ES",25,1691.54,0.0,0.0,0.0,0.0,0.0,0.0,1.0,0.0,0.0,0.0,0.0,0.0,0.0,1.0,0.0,0.0,0.0,0.96,0.56,3.258096538021482,1.791759469228055
"Charleroi, BE","Rome, IT",30,1140.44,0.0,0.0,0.0,0.0,0.0,0.0,1.0,0.0,0.0,0.0,0.0,0.0,0.0,1.0,0.0,0.0,0.0,1.0,0.8,3.4339872044851463,1.9459101490553132
"Charleroi, BE","Porto, PT",24,1440.03,0.0,0.0,0.0,0.0,0.0,0.0,1.0,0.0,0.0,0.0,0.0,0.0,0.0,1.0,0.0,0.0,0.0,1.0,0.6666666666666666,3.2188758248682006,1.9459101490553132
"Colombier-Saugnieu, Rhône, FR","Paris, FR",101,451.34000000000003,0.0,0.7717391304347826,0.0,0.0,0.0,0.0,0.0,0.0,0.0,0.05434782608695652,0.17391304347826086,0.0,0.7397260273972602,0.0821917808219178,0.0,0.1643835616438356,0.0136986301369863,0.9108910891089109,0.7227722772277227,4.624972813284271,3.5553480614894135
"Colombier-Saugnieu, Rhône, FR","Frankfurt am Main, DE",40,543.55,0.9743589743589743,0.0,0.0,0.02564102564102564,0.0,0.0,0.0,0.0,0.0,0.0,0.0,0.0,0.9743589743589743,0.02564102564102564,0.0,0.0,0.0,0.975,0.975,3.713572066704308,2.3978952727983707
"Colombier-Saugnieu, Rhône, FR","Istanbul, TR",49,1989.08,0.0,0.0,0.0,0.0,0.0,1.0,0.0,0.0,0.0,0.0,0.0,0.0,0.5641025641025641,0.3333333333333333,0.07692307692307693,0.02564102564102564,0.0,0.7755102040816326,0.7959183673469388,3.912023005428146,2.5649493574615367
"Colombier-Saugnieu, Rhône, FR","London, GB",115,745.1499999999999,0.010309278350515464,0.0,0.38144329896907214,0.0,0.0,0.0,0.0,0.5876288659793815,0.0,0.020618556701030927,0.0,0.0,0.9716981132075472,0.018867924528301886,0.0,0.0,0.009433962264150943,0.8434782608695652,0.9217391304347826,4.7535901911063645,3.828641396489095
"Colombier-Saugnieu, Rhône, FR","Munich, DE",38,585.22,1.0,0.0,0.0,0.0,0.0,0.0,0.0,0.0,0.0,0.0,0.0,0.0,0.8095238095238095,0.0,0.0,0.19047619047619047,0.0,0.9736842105263158,0.5526315789473685,3.6635616461296463,2.0794415416798357
"Colombier-Saugnieu, Rhône, FR","Rome, IT",31,732.46,0.0,0.0,0.0,0.0,0.0,0.0,0.0,1.0,0.0,0.0,0.0,0.0,0.9655172413793104,0.0,0.0,0.0,0.034482758620689655,0.967741935483871,0.9354838709677419,3.4657359027997265,2.302585092994046
"Colombier-Saugnieu, Rhône, FR","Madrid, ES",59,923.0199999999999,0.0,0.0,0.0,0.0,0.0,0.0,0.0,0.5625,0.0,0.4375,0.0,0.0,0.2553191489361702,0.0,0.0,0.7446808510638298,0.0,0.2711864406779661,0.7966101694915254,4.0943445622221,2.5649493574615367
"Colombier-Saugnieu, Rhône, FR","Toulouse/Blagnac, FR",59,375.65999999999997,0.0,0.6122448979591837,0.0,0.0,0.0,0.0,0.0,0.3877551020408163,0.0,0.0,0.0,0.0,0.2982456140350877,0.0,0.17543859649122806,0.5263157894736842,0.0,0.8305084745762712,0.9661016949152542,4.0943445622221,2.70805020110221
"Colombier-Saugnieu, Rhône, FR","Nantes, FR",64,537.23,0.0,0.4126984126984127,0.0,0.0,0.0,0.0,0.0,0.5238095238095238,0.0,0.06349206349206349,0.0,0.0,0.5344827586206896,0.017241379310344827,0.0,0.4482758620689655,0.0,0.984375,0.90625,4.174387269895637,3.1780538303479458
"Colombier-Saugnieu, Rhône, FR","Porto, PT",37,1215.38,0.0,0.0,0.0,0.0,0.0,0.0,0.0,0.8918918918918919,0.0,0.10810810810810811,0.0,0.0,1.0,0.0,0.0,0.0,0.0,1.0,1.0,3.6375861597263857,2.3978952727983707
"Copenhagen, DK","Stockholm, SE",230,534.1,0.0,0.005263157894736842,0.0,0.9789473684210527,0.0,0.0,0.0,0.0,0.0,0.010526315789473684,0.0,0.005263157894736842,0.7816091954022989,0.20114942528735633,0.017241379310344827,0.0,0.0,0.8260869565217391,0.7565217391304347,5.442417710521793,4.110873864173311
"Copenhagen, DK","Vienna, AT",68,876.6400000000001,0.4117647058823529,0.0,0.0,0.29411764705882354,0.0,0.0,0.17647058823529413,0.0,0.0,0.0,0.0,0.11764705882352941,0.7037037037037037,0.07407407407407407,0.12962962962962962,0.09259259259259259,0.0,1.0,0.7941176470588235,4.23410650459726,2.9444389791664403
"Copenhagen, DK","Helsinki (Vantaa), FI",117,892.1999999999999,0.0,0.0,0.0,0.991304347826087,0.0,0.0,0.0,0.0,0.0,0.0,0.0,0.008695652173913044,0.6176470588235294,0.049019607843137254,0.00980392156862745,0.3235294117647059,0.0,0.9829059829059829,0.8717948717948718,4.770684624465665,3.091042453358316
"Copenhagen, DK","Prague, CZ",54,622.8,0.0,0.0,0.0,0.8260869565217391,0.0,0.0,0.17391304347826086,0.0,0.0,0.0,0.0,0.0,0.47368421052631576,0.42105263157894735,0.0,0.10526315789473684,0.0,0.8518518518518519,0.7037037037037037,4.007333185232471,2.3978952727983707
"Copenhagen, DK","Frankfurt am Main, DE",94,679.66,0.6595744680851063,0.0,0.0,0.3404255319148936,0.0,0.0,0.0,0.0,0.0,0.0,0.0,0.0,0.8421052631578947,0.0,0.0,0.15789473684210525,0.0,1.0,0.8085106382978723,4.553876891600541,2.833213344056216
"Copenhagen, DK","Göteborg, SE",53,236.27999999999997,0.0,0.0,0.0,0.9807692307692307,0.0,0.0,0.0,0.0,0.0,0.0,0.0,0.019230769230769232,0.6818181818181818,0.0,0.0,0.2727272727272727,0.045454545454545456,0.9811320754716981,0.41509433962264153,3.9889840465642745,2.5649493574615367
"Copenhagen, DK","Geneva, CH",55,1138.25,0.07547169811320754,0.0,0.0,0.5471698113207547,0.0,0.0,0.0,0.37735849056603776,0.0,0.0,0.0,0.0,0.8484848484848485,0.06060606060606061,0.030303030303030304,0.06060606060606061,0.0,0.9636363636363636,0.6,4.02535169073515,2.833213344056216
"Copenhagen, DK","London, GB",251,953.01,0.0,0.0,0.38207547169811323,0.2971698113207547,0.0,0.009433962264150943,0.2028301886792453,0.10377358490566038,0.0,0.0,0.0,0.0047169811320754715,0.6421052631578947,0.34210526315789475,0.010526315789473684,0.005263157894736842,0.0,0.8446215139442231,0.7569721115537849,5.529429087511423,4.04305126783455
"Copenhagen, DK","Paris, FR",124,993.1600000000001,0.0,0.3392857142857143,0.0,0.35714285714285715,0.0,0.0,0.0,0.14285714285714285,0.0,0.125,0.03571428571428571,0.0,0.7010309278350515,0.24742268041237114,0.0,0.05154639175257732,0.0,0.9032258064516129,0.782258064516129,4.8283137373023015,3.4011973816621555
"Copenhagen, DK","Tallinn, EE",57,838.9600000000002,0.0,0.0,0.0,0.8367346938775511,0.0,0.0,0.0,0.0,0.0,0.0,0.16326530612244897,0.0,0.36,0.24,0.0,0.4,0.0,0.8596491228070176,0.43859649122807015,4.060443010546419,2.6390573296152584
"Copenhagen, DK","Oslo (Gardermoen), NO",220,517.02,0.0,0.0,0.0,0.99375,0.0,0.0,0.0,0.0,0.0,0.0,0.0,0.00625,0.7175141242937854,0.24858757062146894,0.005649717514124294,0.02824858757062147,0.0,0.7272727272727273,0.8045454545454546,5.3981627015177525,3.970291913552122
"Copenhagen, DK","Schkeuditz, DE",21,467.55,0.0,0.0,0.0,0.0,0.0,0.0,0.0,0.0,0.0,0.0,1.0,0.0,0.0,0.1,0.9,0.0,0.0,0.9523809523809523,0.47619047619047616,3.091042453358316,2.302585092994046
"Copenhagen, DK","Rome, IT",33,1536.3899999999999,0.0,0.0,0.0,0.5217391304347826,0.0,0.0,0.4782608695652174,0.0,0.0,0.0,0.0,0.0,0.4444444444444444,0.5555555555555556,0.0,0.0,0.0,0.696969696969697,0.8181818181818182,3.5263605246161616,2.0794415416798357
"Copenhagen, DK","Manchester, Greater Manchester, GB",71,995.05,0.0,0.0,0.0,0.417910447761194,0.0,0.0,0.26865671641791045,0.29850746268656714,0.0,0.014925373134328358,0.0,0.0,0.6229508196721312,0.32786885245901637,0.01639344262295082,0.03278688524590164,0.0,0.9436619718309859,0.8591549295774648,4.276666119016055,2.772588722239781
"Copenhagen, DK","Warsaw, PL",80,660.4300000000001,0.0,0.0,0.0,0.8227848101265823,0.0,0.0,0.0,0.0,0.17721518987341772,0.0,0.0,0.0,0.1875,0.1875,0.0,0.625,0.0,0.9875,0.6,4.394449154672439,2.772588722239781
"Copenhagen, DK","Trondheim, NO",55,877.13,0.0,0.0,0.0,0.9818181818181818,0.0,0.0,0.0,0.0,0.0,0.0,0.0,0.01818181818181818,0.0,0.16666666666666666,0.0,0.8333333333333334,0.0,1.0,0.21818181818181817,4.02535169073515,2.4849066497880004
"Copenhagen, DK","Ferno (VA), IT",45,1144.1100000000001,0.0,0.0,0.0,0.9777777777777777,0.0,0.0,0.0,0.0,0.0,0.0,0.0,0.022222222222222223,0.7333333333333333,0.13333333333333333,0.0,0.13333333333333333,0.0,1.0,0.6666666666666666,3.828641396489095,2.3978952727983707
"Copenhagen, DK","Vilnius, LT",29,809.2399999999999,0.0,0.0,0.0,1.0,0.0,0.0,0.0,0.0,0.0,0.0,0.0,0.0,0.0,0.0,0.0,0.0,0.0,1.0,0.0,3.4011973816621555,1.9459101490553132
"Copenhagen, DK","Zurich, CH",95,950.35,0.6021505376344086,0.0,0.0,0.3870967741935484,0.0,0.0,0.0,0.0,0.0,0.0,0.0,0.010752688172043012,0.3793103448275862,0.0,0.43103448275862066,0.1724137931034483,0.017241379310344827,0.9789473684210527,0.6105263157894737,4.564348191467836,2.9444389791664403
"Copenhagen, DK","Düsseldorf, DE",44,618.9900000000001,0.0,0.0,0.0,1.0,0.0,0.0,0.0,0.0,0.0,0.0,0.0,0.0,0.6666666666666666,0.0,0.0,0.3333333333333333,0.0,0.8636363636363636,0.2727272727272727,3.8066624897703196,2.1972245773362196
"Copenhagen, DK","Málaga, ES",61,2471.5399999999995,0.0,0.0,0.0,0.5882352941176471,0.0,0.0,0.4117647058823529,0.0,0.0,0.0,0.0,0.0,0.45454545454545453,0.5454545454545454,0.0,0.0,0.0,0.5573770491803278,0.7213114754098361,4.127134385045092,2.70805020110221
"Copenhagen, DK","Dublin, IE",43,1240.78,0.0,0.0,0.0,0.6046511627906976,0.0,0.0,0.3953488372093023,0.0,0.0,0.0,0.0,0.0,0.5185185185185185,0.48148148148148145,0.0,0.0,0.0,1.0,0.627906976744186,3.784189633918261,2.1972245773362196
"Copenhagen, DK","Riga, LV",38,716.23,0.0,0.0,0.0,0.0,0.0,0.0,0.0,0.0,0.0,0.0,1.0,0.0,0.8461538461538461,0.15384615384615385,0.0,0.0,0.0,0.10526315789473684,0.6842105263157895,3.6635616461296463,2.302585092994046
"Copenhagen, DK","Orio al Serio (BG), IT",30,1125.3100000000002,0.0,0.0,0.0,0.0,0.0,0.0,1.0,0.0,0.0,0.0,0.0,0.0,0.0,1.0,0.0,0.0,0.0,1.0,0.8,3.4339872044851463,1.9459101490553132
"Copenhagen, DK","Istanbul, TR",88,2008.2799999999997,0.0,0.0,0.0,0.0,0.0,1.0,0.0,0.0,0.0,0.0,0.0,0.0,0.6428571428571429,0.32857142857142857,0.02857142857142857,0.0,0.0,0.8522727272727273,0.7954545454545454,4.48863636973214,2.9444389791664403
"Copenhagen, DK","Munich, DE",80,809.9100000000001,0.65,0.0,0.0,0.35,0.0,0.0,0.0,0.0,0.0,0.0,0.0,0.0,0.9375,0.0,0.0,0.0625,0.0,1.0,0.8,4.394449154672439,2.6390573296152584
"Copenhagen, DK","Stuttgart, DE",36,804.94,0.0,0.0,0.0,1.0,0.0,0.0,0.0,0.0,0.0,0.0,0.0,0.0,0.0,0.0,0.0,1.0,0.0,0.9722222222222222,0.05555555555555555,3.6109179126442243,2.0794415416798357
"Copenhagen, DK","Hamburg, DE",63,287.09,0.0,0.0,0.0,1.0,0.0,0.0,0.0,0.0,0.0,0.0,0.0,0.0,0.0,0.0,0.0,0.8571428571428571,0.14285714285714285,0.9841269841269841,0.1111111111111111,4.1588830833596715,2.4849066497880004
"Copenhagen, DK","Poznań, PL",28,447.53000000000003,0.0,0.0,0.0,0.7857142857142857,0.0,0.0,0.21428571428571427,0.0,0.0,0.0,0.0,0.0,0.0,1.0,0.0,0.0,0.0,1.0,0.14285714285714285,3.367295829986474,1.9459101490553132
"Copenhagen, DK","Zaventem, BE",51,754.38,0.37254901960784315,0.0,0.0,0.5490196078431373,0.0,0.0196078431372549,0.0,0.0,0.0,0.0,0.058823529411764705,0.0,0.8863636363636364,0.0,0.022727272727272728,0.09090909090909091,0.0,1.0,0.8627450980392157,3.9512437185814275,2.8903717578961645
"Copenhagen, DK","Stavanger, NO",70,555.88,0.0,0.0,0.0,0.8412698412698413,0.0,0.0,0.0,0.0,0.0,0.0,0.15873015873015872,0.0,0.36363636363636365,0.2727272727272727,0.0,0.36363636363636365,0.0,0.9,0.3142857142857143,4.2626798770413155,2.772588722239781
"Copenhagen, DK","Edinburgh, GB",25,1000.6299999999999,0.0,0.0,0.0,0.0,0.0,0.0,0.6190476190476191,0.38095238095238093,0.0,0.0,0.0,0.0,0.36363636363636365,0.6363636363636364,0.0,0.0,0.0,0.84,0.88,3.258096538021482,2.3978952727983707
"Copenhagen, DK","Madrid, ES",43,2068.98,0.04,0.0,0.0,0.56,0.0,0.0,0.4,0.0,0.0,0.0,0.0,0.0,0.75,0.25,0.0,0.0,0.0,0.5813953488372093,0.8372093023255814,3.784189633918261,2.302585092994046
"Copenhagen, DK","Gdańsk, PL",51,395.27,0.0,0.0,0.0,0.6862745098039216,0.0,0.0,0.1568627450980392,0.0,0.1568627450980392,0.0,0.0,0.0,0.7058823529411765,0.29411764705882354,0.0,0.0,0.0,1.0,0.3333333333333333,3.9512437185814275,2.5649493574615367
"Copenhagen, DK","Kristiansand(Kjevik), NO",33,399.44000000000005,0.0,0.0,0.0,1.0,0.0,0.0,0.0,0.0,0.0,0.0,0.0,0.0,0.0,0.0,0.0,0.0,0.0,0.7272727272727273,0.0,3.5263605246161616,1.9459101490553132
"Copenhagen, DK","Hannover, DE",24,400.97,0.0,0.0,0.0,1.0,0.0,0.0,0.0,0.0,0.0,0.0,0.0,0.0,0.0,0.0,0.0,0.0,0.0,1.0,0.0,3.2188758248682006,1.6094379124341003
"Copenhagen, DK","Spata-Artemida, GR",30,2139.45,0.0,0.0,0.0,0.6333333333333333,0.0,0.36666666666666664,0.0,0.0,0.0,0.0,0.0,0.0,0.9333333333333333,0.06666666666666667,0.0,0.0,0.0,1.0,1.0,3.4339872044851463,1.9459101490553132
"Cork, IE","London, GB",113,583.4000000000001,0.0,0.0,0.5,0.0,0.0,0.0,0.5,0.0,0.0,0.0,0.0,0.0,0.3333333333333333,0.6538461538461539,0.0,0.01282051282051282,0.0,0.9734513274336283,0.6902654867256637,4.736198448394496,3.295836866004329
"Cork, IE","Manchester, Greater Manchester, GB",24,451.64000000000004,0.0,0.0,0.0,0.0,0.0,0.0,1.0,0.0,0.0,0.0,0.0,0.0,0.0,1.0,0.0,0.0,0.0,1.0,0.7916666666666666,3.2188758248682006,2.1972245773362196
"Dublin, IE","London, GB",577,472.06,0.0,0.0,0.40142095914742454,0.0,0.0,0.0,0.42628774422735344,0.0,0.0,0.0,0.02486678507992895,0.14742451154529307,0.35185185185185186,0.43415637860082307,0.03292181069958848,0.1728395061728395,0.00823045267489712,0.975736568457539,0.8422876949740035,6.359573868672378,4.859812404361672
"Dublin, IE","Manchester, Greater Manchester, GB",188,264.22,0.0,0.0,0.36363636363636365,0.0,0.0,0.0,0.6153846153846154,0.0,0.0,0.0,0.0,0.02097902097902098,0.4,0.5846153846153846,0.007692307692307693,0.0,0.007692307692307693,0.7606382978723404,0.6914893617021277,5.241747015059643,3.8918202981106265
"Dublin, IE","Newcastle upon Tyne, Tyne and Wear, GB",42,346.7900000000001,0.0,0.0,0.0,0.0,0.0,0.0,0.9642857142857143,0.0,0.0,0.0,0.0,0.03571428571428571,0.0,1.0,0.0,0.0,0.0,0.6666666666666666,0.5,3.7612001156935624,2.302585092994046
"Dublin, IE","Frankfurt am Main, DE",74,1086.12,0.7567567567567568,0.0,0.1891891891891892,0.0,0.0,0.0,0.0,0.0,0.0,0.0,0.05405405405405406,0.0,1.0,0.0,0.0,0.0,0.0,1.0,1.0,4.31748811353631,2.70805020110221
"Dublin, IE","Southampton, GB",30,433.15,0.0,0.0,0.0,0.0,0.0,0.0,0.0,0.0,0.0,0.0,0.0,0.0,0.0,0.0,0.0,0.0,0.0,0.0,0.0,3.4339872044851463,2.0794415416798357
"Dublin, IE","Glasgow, GB",93,296.03000000000003,0.0,0.0,0.0,0.0,0.0,0.0,1.0,0.0,0.0,0.0,0.0,0.0,0.0,1.0,0.0,0.0,0.0,0.44086021505376344,0.3870967741935484,4.543294782270004,2.8903717578961645
"Dublin, IE","Prague, CZ",28,1454.3099999999997,0.0,0.0,0.35714285714285715,0.0,0.0,0.0,0.6428571428571429,0.0,0.0,0.0,0.0,0.0,0.37037037037037035,0.6296296296296297,0.0,0.0,0.0,1.0,0.9642857142857143,3.367295829986474,2.1972245773362196
"Dublin, IE","Munich, DE",55,1381.02,0.12121212121212122,0.0,0.8484848484848485,0.0,0.0,0.0,0.0,0.0,0.0,0.030303030303030304,0.0,0.0,0.9583333333333334,0.020833333333333332,0.0,0.020833333333333332,0.0,0.6,0.8727272727272727,4.02535169073515,2.70805020110221
"Dublin, IE","Köln (Cologne), DE",21,956.34,0.0,0.0,0.0,0.0,0.0,0.0,0.38095238095238093,0.0,0.0,0.0,0.6190476190476191,0.0,0.0,0.3157894736842105,0.6842105263157895,0.0,0.0,1.0,0.9047619047619048,3.091042453358316,2.0794415416798357
"Dublin, IE","Zurich, CH",50,1237.6,0.5531914893617021,0.0,0.425531914893617,0.0,0.0,0.0,0.0,0.0,0.0,0.0,0.0,0.02127659574468085,0.7111111111111111,0.0,0.15555555555555556,0.1111111111111111,0.022222222222222223,0.94,0.9,3.9318256327243257,2.70805020110221
"Dublin, IE","Zaventem, BE",35,784.05,0.0,0.0,0.5142857142857142,0.0,0.0,0.0,0.45714285714285713,0.0,0.0,0.0,0.02857142857142857,0.0,0.5806451612903226,0.41935483870967744,0.0,0.0,0.0,1.0,0.8857142857142857,3.58351893845611,2.4849066497880004
"Dublin, IE","Istanbul, TR",49,2952.8000000000006,0.0,0.0,0.0,0.0,0.0,1.0,0.0,0.0,0.0,0.0,0.0,0.0,0.7142857142857143,0.21428571428571427,0.07142857142857142,0.0,0.0,1.0,0.8571428571428571,3.912023005428146,2.5649493574615367
"Dublin, IE","Orio al Serio (BG), IT",35,1434.08,0.0,0.0,0.0,0.0,0.0,0.0,1.0,0.0,0.0,0.0,0.0,0.0,0.0,0.9629629629629629,0.0,0.037037037037037035,0.0,0.9714285714285714,0.7714285714285715,3.58351893845611,2.1972245773362196
"Dublin, IE","Málaga, ES",61,1867.9299999999998,0.0,0.0,0.4666666666666667,0.0,0.0,0.0,0.5333333333333333,0.0,0.0,0.0,0.0,0.0,0.46153846153846156,0.5,0.038461538461538464,0.0,0.0,0.9836065573770492,0.8524590163934426,4.127134385045092,2.772588722239781
"Dublin, IE","Paris, FR",139,747.1500000000001,0.0,0.328125,0.4375,0.0,0.0,0.0,0.0,0.0,0.0,0.21875,0.0,0.015625,0.7454545454545455,0.13636363636363635,0.00909090909090909,0.1,0.00909090909090909,0.920863309352518,0.7913669064748201,4.941642422609304,3.367295829986474
"Dublin, IE","Stockholm, SE",24,1620.64,0.0,0.0,0.0,0.6956521739130435,0.0,0.0,0.30434782608695654,0.0,0.0,0.0,0.0,0.0,0.7272727272727273,0.18181818181818182,0.0,0.09090909090909091,0.0,0.9583333333333334,0.4583333333333333,3.2188758248682006,2.0794415416798357
"Dublin, IE","Luton, Luton, GB",54,433.34,0.0,0.0,0.0,0.0,0.0,0.0,0.9387755102040817,0.0,0.0,0.0,0.0,0.061224489795918366,0.0,0.9591836734693877,0.02040816326530612,0.02040816326530612,0.0,0.9074074074074074,0.9074074074074074,4.007333185232471,2.995732273553991
"Dublin, IE","Madrid, ES",70,1458.1599999999999,0.0,0.0,0.32142857142857145,0.0,0.0,0.0,0.6428571428571429,0.0,0.0,0.0,0.03571428571428571,0.0,0.5084745762711864,0.4576271186440678,0.03389830508474576,0.0,0.0,0.8,0.8428571428571429,4.2626798770413155,2.8903717578961645
"Dublin, IE","Edinburgh, GB",134,336.25,0.0,0.0,0.0,0.0,0.0,0.0,0.9821428571428571,0.0,0.0,0.0,0.0,0.017857142857142856,0.0,1.0,0.0,0.0,0.0,0.417910447761194,0.291044776119403,4.90527477843843,3.4965075614664802
"Dublin, IE","Vienna, AT",24,1702.09,0.0,0.0,0.3333333333333333,0.0,0.0,0.0,0.6666666666666666,0.0,0.0,0.0,0.0,0.0,0.5833333333333334,0.4166666666666667,0.0,0.0,0.0,1.0,1.0,3.2188758248682006,1.9459101490553132
"Dublin, IE","Düsseldorf, DE",27,914.7299999999999,0.0,0.0,1.0,0.0,0.0,0.0,0.0,0.0,0.0,0.0,0.0,0.0,0.9629629629629629,0.0,0.0,0.0,0.037037037037037035,0.9629629629629629,1.0,3.332204510175204,1.791759469228055
"Dublin, IE","Rome, IT",53,1895.46,0.0,0.0,0.41509433962264153,0.0,0.0,0.0,0.5849056603773585,0.0,0.0,0.0,0.0,0.0,0.5116279069767442,0.4883720930232558,0.0,0.0,0.0,1.0,0.8113207547169812,3.9889840465642745,2.5649493574615367
"Dublin, IE","Liverpool, GB",79,226.55,0.0,0.0,0.0,0.0,0.0,0.0,1.0,0.0,0.0,0.0,0.0,0.0,0.0,1.0,0.0,0.0,0.0,0.6455696202531646,0.5949367088607594,4.382026634673881,3.044522437723423
"Dublin, IE","Faro, PT",36,1829.78,0.0,0.0,0.23529411764705882,0.0,0.0,0.0,0.7647058823529411,0.0,0.0,0.0,0.0,0.0,0.24,0.72,0.0,0.04,0.0,0.9444444444444444,0.6944444444444444,3.6109179126442243,2.5649493574615367
"Dublin, IE","Nottingham, Leicestershire, GB",22,335.75,0.0,0.0,0.0,0.0,0.0,0.0,0.5263157894736842,0.0,0.0,0.0,0.47368421052631576,0.0,0.0,0.6190476190476191,0.38095238095238093,0.0,0.0,0.8636363636363636,0.9545454545454546,3.1354942159291497,2.4849066497880004
"Dublin, IE","Hamburg, DE",23,1067.46,0.0,0.0,0.5454545454545454,0.0,0.0,0.0,0.45454545454545453,0.0,0.0,0.0,0.0,0.0,0.6190476190476191,0.38095238095238093,0.0,0.0,0.0,0.9565217391304348,0.9130434782608695,3.1780538303479458,2.0794415416798357
"Dublin, IE","Geneva, CH",31,1191.38,0.2,0.0,0.7333333333333333,0.0,0.0,0.0,0.0,0.0,0.0,0.06666666666666667,0.0,0.0,0.7586206896551724,0.06896551724137931,0.13793103448275862,0.034482758620689655,0.0,0.967741935483871,0.9354838709677419,3.4657359027997265,2.4849066497880004
"Düsseldorf, DE","Ferno (VA), IT",41,645.5800000000002,0.0,0.0,0.0,0.0,0.0,0.0,0.0,1.0,0.0,0.0,0.0,0.0,1.0,0.0,0.0,0.0,0.0,0.5853658536585366,0.975609756097561,3.7376696182833684,2.0794415416798357
"Düsseldorf, DE","Munich, DE",107,485.81999999999994,0.9767441860465116,0.0,0.0,0.0,0.0,0.0,0.0,0.0,0.0,0.0,0.0,0.023255813953488372,0.9204545454545454,0.0,0.011363636363636364,0.056818181818181816,0.011363636363636364,0.8037383177570093,0.822429906542056,4.68213122712422,3.5263605246161616
"Düsseldorf, DE","London, GB",106,472.85,0.0,0.0,0.8767123287671232,0.0,0.0,0.0,0.0,0.1095890410958904,0.0,0.0,0.0,0.0136986301369863,0.9803921568627451,0.0,0.00980392156862745,0.0,0.00980392156862745,0.6886792452830188,0.9622641509433962,4.672828834461906,3.1780538303479458
"Düsseldorf, DE","Zurich, CH",74,445.0899999999999,1.0,0.0,0.0,0.0,0.0,0.0,0.0,0.0,0.0,0.0,0.0,0.0,0.696969696969697,0.0,0.18181818181818182,0.09090909090909091,0.030303030303030304,0.7027027027027027,0.8918918918918919,4.31748811353631,2.70805020110221
"Düsseldorf, DE","Paris, FR",73,389.5199999999999,0.0,1.0,0.0,0.0,0.0,0.0,0.0,0.0,0.0,0.0,0.0,0.0,0.0,0.0,0.0,0.98,0.02,0.9863013698630136,0.684931506849315,4.30406509320417,2.6390573296152584
"Düsseldorf, DE","Istanbul, TR",122,2040.59,0.0,0.0,0.0,0.0,0.0,1.0,0.0,0.0,0.0,0.0,0.0,0.0,0.7319587628865979,0.14432989690721648,0.12371134020618557,0.0,0.0,0.7786885245901639,0.7950819672131147,4.812184355372417,3.091042453358316
"Düsseldorf, DE","Frankfurt am Main, DE",60,188.84000000000003,0.9107142857142857,0.0,0.0,0.0,0.0,0.0,0.0,0.0,0.0,0.08928571428571429,0.0,0.0,0.9,0.02,0.04,0.02,0.02,0.9333333333333333,0.8333333333333334,4.110873864173311,3.2188758248682006
"Düsseldorf, DE","Vienna, AT",60,787.82,1.0,0.0,0.0,0.0,0.0,0.0,0.0,0.0,0.0,0.0,0.0,0.0,0.6333333333333333,0.0,0.0,0.35,0.016666666666666666,0.7,1.0,4.110873864173311,2.6390573296152584
"Düsseldorf, DE","Palma de Mallorca, ES",65,1341.97,0.0,0.0,0.0,0.0,0.0,0.0,0.0,0.0,0.0,0.7692307692307693,0.0,0.23076923076923078,0.7719298245614035,0.14035087719298245,0.03508771929824561,0.0,0.05263157894736842,0.2,0.8769230769230769,4.189654742026425,3.2188758248682006
"Düsseldorf, DE","Helsinki (Vantaa), FI",28,1507.8700000000001,0.0,0.0,0.0,1.0,0.0,0.0,0.0,0.0,0.0,0.0,0.0,0.0,0.5,0.0,0.0,0.5,0.0,1.0,1.0,3.367295829986474,1.6094379124341003
"Düsseldorf, DE","Warsaw, PL",38,979.2700000000001,0.0,0.0,0.0,1.0,0.0,0.0,0.0,0.0,0.0,0.0,0.0,0.0,0.10344827586206896,0.3793103448275862,0.0,0.5172413793103449,0.0,0.9210526315789473,0.7631578947368421,3.6635616461296463,2.0794415416798357
"Düsseldorf, DE","Madrid, ES",48,1450.0600000000002,0.0,0.0,0.9583333333333334,0.0,0.0,0.0,0.0,0.0,0.0,0.0,0.0,0.041666666666666664,0.975609756097561,0.0,0.024390243902439025,0.0,0.0,1.0,0.8541666666666666,3.8918202981106265,2.3978952727983707
"Düsseldorf, DE","Hamburg, DE",27,332.33,0.0,0.0,0.0,0.0,0.0,0.0,0.0,0.0,0.0,0.0,0.0,1.0,1.0,0.0,0.0,0.0,0.0,0.07407407407407407,0.9259259259259259,3.332204510175204,2.302585092994046
"Düsseldorf, DE","Segrate (MI), IT",27,675.69,0.0,0.0,0.0,0.0,1.0,0.0,0.0,0.0,0.0,0.0,0.0,0.0,0.9090909090909091,0.0,0.0,0.045454545454545456,0.045454545454545456,0.8888888888888888,0.8148148148148148,3.332204510175204,2.0794415416798357
"Düsseldorf, DE","Salzburg, AT",25,594.3500000000001,0.0,0.0,0.0,0.0,0.0,0.0,0.0,0.0,0.0,0.0,0.0,1.0,0.9565217391304348,0.0,0.043478260869565216,0.0,0.0,0.04,0.92,3.258096538021482,2.302585092994046
"Edinburgh, GB","Istanbul, TR",30,2860.0,0.0,0.0,0.0,0.0,0.0,1.0,0.0,0.0,0.0,0.0,0.0,0.0,0.6428571428571429,0.35714285714285715,0.0,0.0,0.0,0.9666666666666667,0.4666666666666667,3.4339872044851463,2.0794415416798357
"Edinburgh, GB","Madrid, ES",29,1725.68,0.0,0.0,0.0,0.0,0.0,0.0,0.5862068965517241,0.41379310344827586,0.0,0.0,0.0,0.0,0.48,0.52,0.0,0.0,0.0,1.0,0.8620689655172413,3.4011973816621555,2.0794415416798357
"Edinburgh, GB","London, GB",366,540.05,0.0,0.0,0.0,0.0,0.0,0.0,0.12154696132596685,0.30386740331491713,0.0,0.0,0.0,0.574585635359116,0.7217125382262997,0.04892966360856269,0.0,0.22018348623853212,0.009174311926605505,0.9890710382513661,0.8934426229508197,5.905361848054571,4.454347296253507
"Edinburgh, GB","Rome, IT",24,1941.95,0.0,0.0,0.0,0.0,0.0,0.0,0.8333333333333334,0.0,0.0,0.16666666666666666,0.0,0.0,0.0,1.0,0.0,0.0,0.0,1.0,0.8333333333333334,3.2188758248682006,2.1972245773362196
"Edinburgh, GB","Paris, FR",71,830.13,0.0,0.38571428571428573,0.0,0.0,0.0,0.0,0.0,0.6,0.0,0.0,0.0,0.014285714285714285,0.9661016949152542,0.0,0.01694915254237288,0.0,0.01694915254237288,0.9859154929577465,0.8309859154929577,4.276666119016055,2.70805020110221
"Edinburgh, GB","Luton, Luton, GB",52,493.92,0.0,0.0,0.0,0.0,0.0,0.0,0.0,1.0,0.0,0.0,0.0,0.0,0.9591836734693877,0.0,0.0,0.0,0.04081632653061224,0.8846153846153846,0.9423076923076923,3.970291913552122,2.995732273553991
"Edinburgh, GB","Frankfurt am Main, DE",29,1032.74,1.0,0.0,0.0,0.0,0.0,0.0,0.0,0.0,0.0,0.0,0.0,0.0,1.0,0.0,0.0,0.0,0.0,1.0,1.0,3.4011973816621555,1.9459101490553132
"Edinburgh, GB","Geneva, CH",37,1264.18,0.0,0.0,0.0,0.0,0.0,0.0,0.0,0.8648648648648649,0.0,0.10810810810810811,0.0,0.02702702702702703,0.9142857142857143,0.05714285714285714,0.0,0.0,0.02857142857142857,1.0,0.9459459459459459,3.6375861597263857,2.4849066497880004
"Edinburgh, GB","Orio al Serio (BG), IT",22,1461.82,0.0,0.0,0.0,0.0,0.0,0.0,1.0,0.0,0.0,0.0,0.0,0.0,0.0,1.0,0.0,0.0,0.0,1.0,0.7272727272727273,3.1354942159291497,1.9459101490553132
"Edinburgh, GB","Southampton, GB",32,571.69,0.0,0.0,0.0,0.0,0.0,0.0,0.0,0.0,0.0,0.0,0.0,1.0,0.0,0.0,0.0,1.0,0.0,1.0,1.0,3.4965075614664802,1.9459101490553132
"Eindhoven, NL","Faro, PT",22,1918.6,0.0,0.0,0.0,0.0,0.0,0.0,0.36363636363636365,0.0,0.0,0.6363636363636364,0.0,0.0,0.0,1.0,0.0,0.0,0.0,1.0,0.9545454545454546,3.1354942159291497,1.9459101490553132
"Eindhoven, NL","Innsbruck, AT",23,635.2,0.0,0.0,0.0,0.0,0.0,0.0,0.0,0.0,0.0,1.0,0.0,0.0,0.0,1.0,0.0,0.0,0.0,1.0,1.0,3.1780538303479458,1.9459101490553132
"Eindhoven, NL","Málaga, ES",40,1818.7,0.0,0.0,0.0,0.0,0.0,0.0,0.35,0.0,0.0,0.65,0.0,0.0,0.0,1.0,0.0,0.0,0.0,1.0,0.95,3.713572066704308,2.1972245773362196
"Eindhoven, NL","London, GB",42,375.12,0.0,0.0,0.0,0.0,0.0,0.0,1.0,0.0,0.0,0.0,0.0,0.0,0.0,0.9666666666666667,0.0,0.03333333333333333,0.0,0.9761904761904762,0.7142857142857143,3.7612001156935624,2.5649493574615367
"Faro, PT","London, GB",107,1728.37,0.0,0.0,0.0,0.0,0.0,0.0,0.4,0.5142857142857142,0.0,0.08571428571428572,0.0,0.0,0.7070707070707071,0.2727272727272727,0.0,0.020202020202020204,0.0,0.6542056074766355,0.9252336448598131,4.68213122712422,3.295836866004329
"Faro, PT","Manchester, Greater Manchester, GB",28,1868.69,0.0,0.0,0.0,0.0,0.0,0.0,0.4074074074074074,0.2222222222222222,0.0,0.37037037037037035,0.0,0.0,0.4,0.6,0.0,0.0,0.0,0.9642857142857143,0.8928571428571429,3.367295829986474,2.302585092994046
"Faro, PT","Porto, PT",22,474.57,0.0,0.0,0.0,0.0,0.0,0.0,0.9523809523809523,0.0,0.0,0.0,0.0,0.047619047619047616,0.047619047619047616,0.9523809523809523,0.0,0.0,0.0,0.9545454545454546,0.9545454545454546,3.1354942159291497,1.9459101490553132
"Faro, PT","Luton, Luton, GB",28,1756.66,0.0,0.0,0.0,0.0,0.0,0.0,0.35714285714285715,0.5,0.0,0.14285714285714285,0.0,0.0,0.5833333333333334,0.4166666666666667,0.0,0.0,0.0,1.0,0.8571428571428571,3.367295829986474,2.1972245773362196
"Ferno (VA), IT","Frankfurt am Main, DE",84,488.99,0.3829787234042553,0.0,0.0,0.0,0.0,0.0,0.0,0.0,0.0,0.5957446808510638,0.02127659574468085,0.0,0.6190476190476191,0.0,0.047619047619047616,0.3333333333333333,0.0,0.5595238095238095,0.75,4.442651256490317,3.6109179126442243
"Ferno (VA), IT","Helsinki (Vantaa), FI",26,1950.22,0.0,0.0,0.0,1.0,0.0,0.0,0.0,0.0,0.0,0.0,0.0,0.0,1.0,0.0,0.0,0.0,0.0,1.0,0.9615384615384616,3.295836866004329,1.6094379124341003
"Ferno (VA), IT","Luxembourg, LU",41,482.62999999999994,0.0,0.0,0.0,0.0,0.0,0.0,0.0,0.11428571428571428,0.0,0.0,0.02857142857142857,0.8571428571428571,0.10810810810810811,0.05405405405405406,0.1891891891891892,0.6486486486486487,0.0,0.8536585365853658,0.9024390243902439,3.7376696182833684,2.995732273553991
"Ferno (VA), IT","London, GB",180,917.3399999999999,0.0,0.0,0.17045454545454544,0.0,0.0,0.0,0.23863636363636365,0.4772727272727273,0.0,0.0,0.11363636363636363,0.0,0.6459627329192547,0.30434782608695654,0.043478260869565216,0.0,0.006211180124223602,0.9777777777777777,0.8944444444444445,5.198497031265826,3.912023005428146
"Ferno (VA), IT","Madrid, ES",110,1160.4799999999998,0.0,0.0,0.48484848484848486,0.0,0.0,0.0,0.3484848484848485,0.0,0.0,0.015151515151515152,0.15151515151515152,0.0,0.38636363636363635,0.5568181818181818,0.045454545454545456,0.0,0.011363636363636364,0.6,0.8,4.709530201312334,3.4011973816621555
"Ferno (VA), IT","Lamezia Terme (CZ), IT",54,969.52,0.0,0.0,0.0,0.0,0.0,0.0,0.6666666666666666,0.3333333333333333,0.0,0.0,0.0,0.0,0.21739130434782608,0.782608695652174,0.0,0.0,0.0,1.0,0.8518518518518519,4.007333185232471,2.833213344056216
"Ferno (VA), IT","Zurich, CH",78,203.67,0.7567567567567568,0.0,0.0,0.0,0.0,0.0,0.0,0.0,0.0,0.013513513513513514,0.0,0.22972972972972974,0.3333333333333333,0.0,0.09523809523809523,0.5,0.07142857142857142,0.9487179487179487,0.5384615384615384,4.3694478524670215,2.9444389791664403
"Ferno (VA), IT","Paris, FR",223,635.25,0.0,0.34545454545454546,0.0,0.004545454545454545,0.0,0.0,0.0,0.4318181818181818,0.0,0.10454545454545454,0.10909090909090909,0.004545454545454545,0.7647058823529411,0.08823529411764706,0.09411764705882353,0.041176470588235294,0.011764705882352941,0.9865470852017937,0.7623318385650224,5.4116460518550396,4.02535169073515
"Ferno (VA), IT","Prague, CZ",42,645.67,0.0,0.0,0.0,0.0,0.0,0.0,0.0,0.9761904761904762,0.0,0.023809523809523808,0.0,0.0,1.0,0.0,0.0,0.0,0.0,1.0,0.6428571428571429,3.7612001156935624,2.4849066497880004
"Ferno (VA), IT","Munich, DE",63,381.35999999999996,0.5185185185185185,0.0,0.0,0.0,0.0,0.037037037037037035,0.0,0.2962962962962963,0.0,0.0,0.14814814814814814,0.0,0.2830188679245283,0.07547169811320754,0.0,0.6415094339622641,0.0,0.42857142857142855,0.8412698412698413,4.1588830833596715,2.6390573296152584
"Ferno (VA), IT","Istanbul, TR",56,1707.93,0.0,0.0,0.0,0.0,0.0,1.0,0.0,0.0,0.0,0.0,0.0,0.0,0.6666666666666666,0.023809523809523808,0.30952380952380953,0.0,0.0,1.0,0.75,4.04305126783455,2.70805020110221
"Ferno (VA), IT","Oslo (Gardermoen), NO",24,1626.9000000000003,0.0,0.0,0.0,1.0,0.0,0.0,0.0,0.0,0.0,0.0,0.0,0.0,0.5714285714285714,0.42857142857142855,0.0,0.0,0.0,0.5833333333333334,0.5833333333333334,3.2188758248682006,1.6094379124341003
"Ferno (VA), IT","Manchester, Greater Manchester, GB",32,1167.39,0.0,0.0,0.0,0.0,0.0,0.0,0.5,0.5,0.0,0.0,0.0,0.0,0.5,0.5,0.0,0.0,0.0,1.0,0.875,3.4965075614664802,2.1972245773362196
"Ferno (VA), IT","Warsaw, PL",39,1151.56,0.0,0.0,0.0,0.9032258064516129,0.0,0.0,0.0,0.0,0.0,0.0967741935483871,0.0,0.0,0.08695652173913043,0.08695652173913043,0.13043478260869565,0.6956521739130435,0.0,0.7948717948717948,0.5897435897435898,3.6888794541139363,2.302585092994046
"Ferno (VA), IT","Schkeuditz, DE",28,693.42,0.0,0.0,0.0,0.0,0.0,0.0,0.0,0.0,0.0,0.0,1.0,0.0,0.0,0.26666666666666666,0.7333333333333333,0.0,0.0,0.6428571428571429,0.5357142857142857,3.367295829986474,2.3978952727983707
"Ferno (VA), IT","Valletta, MT",22,1190.63,0.0,0.0,0.0,0.0,0.0,0.0,0.6666666666666666,0.0,0.0,0.0,0.2857142857142857,0.047619047619047616,0.06666666666666667,0.8,0.0,0.13333333333333333,0.0,0.9545454545454546,0.6818181818181818,3.1354942159291497,2.1972245773362196
"Ferno (VA), IT","Hannover, DE",21,762.69,0.0,0.0,0.0,0.0,0.0,0.0,0.0,0.0,0.0,0.0,1.0,0.0,0.5454545454545454,0.45454545454545453,0.0,0.0,0.0,0.5714285714285714,0.5238095238095238,3.091042453358316,2.0794415416798357
"Ferno (VA), IT","Málaga, ES",43,1485.77,0.0,0.0,0.0,0.0,0.0,0.0,0.32432432432432434,0.6486486486486487,0.0,0.0,0.0,0.02702702702702703,0.6111111111111112,0.3055555555555556,0.0,0.027777777777777776,0.05555555555555555,0.8604651162790697,0.8372093023255814,3.784189633918261,2.8903717578961645
"Ferno (VA), IT","Rome, IT",52,518.99,0.0,0.0,0.0,0.0,0.2727272727272727,0.0,0.09090909090909091,0.0,0.0,0.5454545454545454,0.0,0.09090909090909091,0.0,0.045454545454545456,0.09090909090909091,0.8181818181818182,0.045454545454545456,0.21153846153846154,0.8461538461538461,3.970291913552122,3.044522437723423
"Ferno (VA), IT","Palermo, IT",34,910.56,0.0,0.0,0.0,0.0,0.0,0.0,0.4411764705882353,0.5294117647058824,0.0,0.029411764705882353,0.0,0.0,0.5172413793103449,0.41379310344827586,0.034482758620689655,0.0,0.034482758620689655,1.0,0.8529411764705882,3.5553480614894135,2.1972245773362196
"Ferno (VA), IT","Spata-Artemida, GR",62,1520.35,0.0,0.0,0.0,0.0,0.0,0.45098039215686275,0.0784313725490196,0.37254901960784315,0.0,0.0,0.09803921568627451,0.0,0.8378378378378378,0.16216216216216217,0.0,0.0,0.0,0.8225806451612904,0.5967741935483871,4.143134726391533,2.833213344056216
"Ferno (VA), IT","Luton, Luton, GB",39,961.31,0.0,0.0,0.0,0.0,0.0,0.0,0.0,0.6666666666666666,0.0,0.0,0.2222222222222222,0.1111111111111111,0.8055555555555556,0.0,0.1388888888888889,0.05555555555555555,0.0,0.46153846153846156,0.9230769230769231,3.6888794541139363,2.5649493574615367
"Ferno (VA), IT","Seville, ES",36,1517.71,0.0,0.0,0.0,0.0,0.0,0.0,0.6923076923076923,0.3076923076923077,0.0,0.0,0.0,0.0,0.35714285714285715,0.6428571428571429,0.0,0.0,0.0,0.7222222222222222,0.7777777777777778,3.6109179126442243,2.1972245773362196
"Firenze (FI), IT","Munich, DE",25,507.40000000000003,0.0,0.0,0.0,0.0,0.0,0.0,0.0,0.0,0.0,0.0,0.0,0.0,0.0,0.0,0.0,1.0,0.0,0.0,1.0,3.258096538021482,1.9459101490553132
"Firenze (FI), IT","Paris, FR",49,916.55,0.0,0.5625,0.0,0.0,0.0,0.0,0.0,0.0,0.0,0.4166666666666667,0.0,0.020833333333333332,0.975609756097561,0.0,0.0,0.024390243902439025,0.0,0.9795918367346939,0.8367346938775511,3.912023005428146,2.8903717578961645
"Firenze (FI), IT","London, GB",23,1198.49,0.0,0.0,0.21739130434782608,0.0,0.0,0.0,0.0,0.0,0.0,0.43478260869565216,0.0,0.34782608695652173,0.6521739130434783,0.0,0.0,0.34782608695652173,0.0,1.0,1.0,3.1780538303479458,2.3978952727983707
"Frankfurt am Main, DE","Zurich, CH",164,285.62,0.6456692913385826,0.0,0.0,0.0,0.0,0.0,0.0,0.0,0.0,0.33070866141732286,0.0,0.023622047244094488,0.6484375,0.0,0.109375,0.234375,0.0078125,0.774390243902439,0.7804878048780488,5.10594547390058,4.204692619390966
"Frankfurt am Main, DE","Oslo (Gardermoen), NO",61,1141.83,1.0,0.0,0.0,0.0,0.0,0.0,0.0,0.0,0.0,0.0,0.0,0.0,1.0,0.0,0.0,0.0,0.0,1.0,1.0,4.127134385045092,2.3978952727983707
"Frankfurt am Main, DE","Göteborg, SE",49,885.54,1.0,0.0,0.0,0.0,0.0,0.0,0.0,0.0,0.0,0.0,0.0,0.0,1.0,0.0,0.0,0.0,0.0,1.0,1.0,3.912023005428146,2.3978952727983707
"Frankfurt am Main, DE","Toulouse/Blagnac, FR",28,896.6999999999999,1.0,0.0,0.0,0.0,0.0,0.0,0.0,0.0,0.0,0.0,0.0,0.0,1.0,0.0,0.0,0.0,0.0,1.0,1.0,3.367295829986474,1.6094379124341003
"Frankfurt am Main, DE","Rome, IT",64,961.88,0.6190476190476191,0.0,0.0,0.0,0.15873015873015872,0.0,0.0,0.2222222222222222,0.0,0.0,0.0,0.0,0.9838709677419355,0.016129032258064516,0.0,0.0,0.0,0.984375,0.96875,4.174387269895637,2.6390573296152584
"Frankfurt am Main, DE","Salzburg, AT",48,408.8399999999999,1.0,0.0,0.0,0.0,0.0,0.0,0.0,0.0,0.0,0.0,0.0,0.0,1.0,0.0,0.0,0.0,0.0,0.9583333333333334,0.9583333333333334,3.8918202981106265,2.3978952727983707
"Frankfurt am Main, DE","Luxembourg, LU",57,174.06,0.0,0.0,0.0,0.0,0.0,0.0,0.0,0.0,0.0,0.0,0.0,0.0,0.0,0.0,0.0,1.0,0.0,0.0,0.7368421052631579,4.060443010546419,2.5649493574615367
"Frankfurt am Main, DE","Valletta, MT",27,1647.8100000000002,0.8888888888888888,0.0,0.0,0.0,0.0,0.0,0.0,0.0,0.0,0.0,0.1111111111111111,0.0,1.0,0.0,0.0,0.0,0.0,1.0,0.9259259259259259,3.332204510175204,2.1972245773362196
"Frankfurt am Main, DE","Istanbul, TR",139,1866.94,0.171875,0.0,0.0,0.0,0.0,0.7578125,0.0,0.0,0.0,0.0,0.0703125,0.0,0.7094017094017094,0.1111111111111111,0.1794871794871795,0.0,0.0,0.920863309352518,0.841726618705036,4.941642422609304,3.5263605246161616
"Frankfurt am Main, DE","Paris, FR",162,461.09000000000003,0.3625,0.375,0.0,0.0,0.0,0.0,0.0,0.0,0.0,0.1625,0.09375,0.00625,0.4881889763779528,0.023622047244094488,0.08661417322834646,0.3937007874015748,0.007874015748031496,0.9876543209876543,0.7839506172839507,5.093750200806762,4.07753744390572
"Frankfurt am Main, DE","Zgornji Brnik, SI",25,608.37,1.0,0.0,0.0,0.0,0.0,0.0,0.0,0.0,0.0,0.0,0.0,0.0,0.0,0.0,0.0,0.0,0.0,1.0,0.0,3.258096538021482,1.6094379124341003
"Frankfurt am Main, DE","Nuremberg, DE",60,190.25999999999996,1.0,0.0,0.0,0.0,0.0,0.0,0.0,0.0,0.0,0.0,0.0,0.0,0.926829268292683,0.0,0.0,0.04878048780487805,0.024390243902439025,0.9666666666666667,0.6833333333333333,4.110873864173311,2.5649493574615367
"Frankfurt am Main, DE","Poznań, PL",36,633.69,1.0,0.0,0.0,0.0,0.0,0.0,0.0,0.0,0.0,0.0,0.0,0.0,0.0,0.0,0.0,0.0,0.0,1.0,0.0,3.6109179126442243,1.9459101490553132
"Frankfurt am Main, DE","Schkeuditz, DE",68,301.48,0.6470588235294118,0.0,0.0,0.0,0.0,0.0,0.0,0.0,0.0,0.0,0.35294117647058826,0.0,0.5135135135135135,0.0,0.4864864864864865,0.0,0.0,1.0,0.5441176470588235,4.23410650459726,2.995732273553991
"Frankfurt am Main, DE","Marignane, Bouches-du-Rhône, FR",31,775.52,1.0,0.0,0.0,0.0,0.0,0.0,0.0,0.0,0.0,0.0,0.0,0.0,1.0,0.0,0.0,0.0,0.0,0.967741935483871,0.967741935483871,3.4657359027997265,2.0794415416798357
"Frankfurt am Main, DE","London, GB",263,626.5200000000001,0.6893617021276596,0.0,0.2297872340425532,0.0,0.0,0.0,0.0,0.0,0.0,0.0,0.01276595744680851,0.06808510638297872,0.868,0.004,0.02,0.096,0.012,0.8935361216730038,0.9505703422053232,5.575949103146316,4.0943445622221
"Frankfurt am Main, DE","Geneva, CH",66,458.75,1.0,0.0,0.0,0.0,0.0,0.0,0.0,0.0,0.0,0.0,0.0,0.0,0.8214285714285714,0.0,0.0,0.17857142857142858,0.0,0.696969696969697,0.8484848484848485,4.204692619390966,2.5649493574615367
"Frankfurt am Main, DE","Hannover, DE",59,281.82,1.0,0.0,0.0,0.0,0.0,0.0,0.0,0.0,0.0,0.0,0.0,0.0,0.9787234042553191,0.0,0.0,0.0,0.02127659574468085,0.9830508474576272,0.7966101694915254,4.0943445622221,2.4849066497880004
"Frankfurt am Main, DE","Riga, LV",32,1275.91,0.95,0.0,0.0,0.0,0.0,0.0,0.0,0.0,0.0,0.0,0.05,0.0,1.0,0.0,0.0,0.0,0.0,0.625,0.8125,3.4965075614664802,2.3978952727983707
"Frankfurt am Main, DE","Tallinn, EE",34,1469.63,1.0,0.0,0.0,0.0,0.0,0.0,0.0,0.0,0.0,0.0,0.0,0.0,1.0,0.0,0.0,0.0,0.0,1.0,0.9411764705882353,3.5553480614894135,1.9459101490553132
"Frankfurt am Main, DE","Hamburg, DE",187,406.21,0.7675675675675676,0.0,0.0,0.0,0.0,0.0,0.0,0.0,0.0,0.23243243243243245,0.0,0.0,1.0,0.0,0.0,0.0,0.0,0.9893048128342246,0.8770053475935828,5.236441962829949,4.290459441148391
"Frankfurt am Main, DE","Manchester, Greater Manchester, GB",51,832.31,1.0,0.0,0.0,0.0,0.0,0.0,0.0,0.0,0.0,0.0,0.0,0.0,0.9803921568627451,0.0,0.0,0.0,0.0196078431372549,0.7450980392156863,1.0,3.9512437185814275,2.4849066497880004
"Frankfurt am Main, DE","Munich, DE",204,299.33,0.7817258883248731,0.0,0.0,0.0,0.0,0.0,0.0,0.0,0.0,0.20812182741116753,0.005076142131979695,0.005076142131979695,0.8959537572254336,0.028901734104046242,0.057803468208092484,0.017341040462427744,0.0,0.9656862745098039,0.8480392156862745,5.3230099791384085,4.356708826689592
"Frankfurt am Main, DE","Wrocław, PL",37,599.64,0.0,0.0,0.0,0.0,0.0,0.0,0.0,0.0,0.0,0.0,0.0,1.0,0.0,0.0,0.04,0.96,0.0,0.02702702702702703,0.6756756756756757,3.6375861597263857,2.0794415416798357
"Frankfurt am Main, DE","Katowice, PL",25,749.18,0.0,0.0,0.0,0.0,0.0,0.0,0.0,0.0,0.0,0.0,1.0,0.0,0.10526315789473684,0.0,0.0,0.8947368421052632,0.0,0.08,0.76,3.258096538021482,1.9459101490553132
"Frankfurt am Main, DE","Stuttgart, DE",65,156.22,0.8709677419354839,0.0,0.0,0.0,0.0,0.0,0.0,0.0,0.0,0.06451612903225806,0.06451612903225806,0.0,0.9,0.075,0.0,0.0,0.025,0.9538461538461539,0.6153846153846154,4.189654742026425,2.995732273553991
"Frankfurt am Main, DE","Vienna, AT",190,620.93,0.7734806629834254,0.0,0.0,0.0,0.0,0.0,0.0,0.0,0.0,0.20994475138121546,0.0055248618784530384,0.011049723756906077,0.8791208791208791,0.0,0.038461538461538464,0.06593406593406594,0.016483516483516484,0.9526315789473684,0.9578947368421052,5.25227342804663,4.31748811353631
"Frankfurt am Main, DE","Stockholm, SE",64,1210.58,0.984375,0.0,0.0,0.0,0.0,0.0,0.0,0.0,0.0,0.0,0.015625,0.0,1.0,0.0,0.0,0.0,0.0,1.0,1.0,4.174387269895637,2.5649493574615367
"Frankfurt am Main, DE","Palma de Mallorca, ES",43,1251.07,0.5714285714285714,0.0,0.0,0.0,0.0,0.0,0.0,0.0,0.0,0.42857142857142855,0.0,0.0,0.8372093023255814,0.13953488372093023,0.0,0.023255813953488372,0.0,0.32558139534883723,1.0,3.784189633918261,2.302585092994046
"Frankfurt am Main, DE","Warsaw, PL",84,896.37,0.5476190476190477,0.0,0.0,0.4523809523809524,0.0,0.0,0.0,0.0,0.0,0.0,0.0,0.0,0.5641025641025641,0.15384615384615385,0.0,0.28205128205128205,0.0,1.0,0.9285714285714286,4.442651256490317,2.70805020110221
"Frankfurt am Main, DE","Thessaloniki, GR",22,1540.8299999999997,0.0,0.0,0.0,0.0,0.0,1.0,0.0,0.0,0.0,0.0,0.0,0.0,1.0,0.0,0.0,0.0,0.0,1.0,1.0,3.1354942159291497,1.6094379124341003
"Frankfurt am Main, DE","Prague, CZ",82,406.96000000000004,0.5172413793103449,0.0,0.0,0.0,0.0,0.0,0.0,0.0,0.0,0.4827586206896552,0.0,0.0,0.6842105263157895,0.0,0.0,0.3157894736842105,0.0,0.7073170731707317,0.926829268292683,4.418840607796598,3.6635616461296463
"Frankfurt am Main, DE","Madrid, ES",121,1430.42,0.6825396825396826,0.0,0.19047619047619047,0.0,0.0,0.0,0.0,0.0,0.0,0.0,0.1111111111111111,0.015873015873015872,0.5869565217391305,0.15217391304347827,0.06521739130434782,0.1956521739130435,0.0,0.5206611570247934,0.7603305785123967,4.804021044733257,3.258096538021482
"Frankfurt am Main, DE","Segrate (MI), IT",112,512.27,0.5714285714285714,0.0,0.0,0.0,0.0,0.0,0.0,0.4126984126984127,0.0,0.0,0.0,0.015873015873015872,0.6888888888888889,0.0,0.0,0.3111111111111111,0.0,0.5625,0.8035714285714286,4.727387818712341,3.1354942159291497
"Frankfurt am Main, DE","Zaventem, BE",46,304.27,0.9302325581395349,0.0,0.0,0.0,0.0,0.0,0.0,0.0,0.0,0.0,0.06976744186046512,0.0,0.8888888888888888,0.0,0.1111111111111111,0.0,0.0,0.9347826086956522,0.9782608695652174,3.8501476017100584,3.044522437723423
"Frankfurt am Main, DE","Velika Gorica, HR",38,734.5899999999999,1.0,0.0,0.0,0.0,0.0,0.0,0.0,0.0,0.0,0.0,0.0,0.0,1.0,0.0,0.0,0.0,0.0,0.42105263157894735,0.4473684210526316,3.6635616461296463,2.3978952727983707
"Frankfurt am Main, DE","Helsinki (Vantaa), FI",72,1539.13,0.6,0.0,0.0,0.37142857142857144,0.0,0.0,0.0,0.0,0.0,0.0,0.02857142857142857,0.0,0.7777777777777778,0.1388888888888889,0.027777777777777776,0.05555555555555555,0.0,0.9722222222222222,1.0,4.290459441148391,2.70805020110221
"Frankfurt am Main, DE","Vilnius, LT",25,1242.79,1.0,0.0,0.0,0.0,0.0,0.0,0.0,0.0,0.0,0.0,0.0,0.0,1.0,0.0,0.0,0.0,0.0,1.0,1.0,3.258096538021482,1.6094379124341003
"Frankfurt am Main, DE","Porto, PT",30,1651.62,0.9666666666666667,0.0,0.0,0.0,0.0,0.0,0.0,0.0,0.0,0.0,0.0,0.03333333333333333,1.0,0.0,0.0,0.0,0.0,1.0,0.9666666666666667,3.4339872044851463,2.0794415416798357
"Funchal, PT","London, GB",56,2493.04,0.0,0.0,0.0,0.0,0.0,0.0,0.11428571428571428,0.7142857142857143,0.0,0.17142857142857143,0.0,0.0,0.8148148148148148,0.18518518518518517,0.0,0.0,0.0,0.625,0.9642857142857143,4.04305126783455,2.995732273553991
"Funchal, PT","Porto, PT",77,1190.77,0.0,0.0,0.0,0.0,0.36363636363636365,0.0,0.23376623376623376,0.4025974025974026,0.0,0.0,0.0,0.0,0.7049180327868853,0.29508196721311475,0.0,0.0,0.0,1.0,0.7922077922077922,4.356708826689592,2.772588722239781
"Funchal, PT","Lisbon, PT",126,965.15,0.0,0.0,0.0,0.0,0.5982905982905983,0.0,0.15384615384615385,0.24786324786324787,0.0,0.0,0.0,0.0,0.6862745098039216,0.17647058823529413,0.0196078431372549,0.11764705882352941,0.0,0.9285714285714286,0.8095238095238095,4.844187086458591,3.5263605246161616
"Gdańsk, PL","Warsaw, PL",51,290.92,0.0,0.0,0.0,0.9565217391304348,0.0,0.0,0.0,0.0,0.0,0.0,0.0,0.043478260869565216,0.0,0.044444444444444446,0.0,0.8666666666666667,0.08888888888888889,0.9019607843137255,0.8823529411764706,3.9512437185814275,2.9444389791664403
"Gdańsk, PL","Oslo (Gardermoen), NO",21,782.7100000000002,0.0,0.0,0.0,0.0,0.0,0.0,0.0,0.0,1.0,0.0,0.0,0.0,0.7333333333333333,0.26666666666666666,0.0,0.0,0.0,0.6190476190476191,0.7142857142857143,3.091042453358316,1.9459101490553132
"Geneva, CH","Toulouse/Blagnac, FR",24,472.81,0.0,0.0,0.0,0.0,0.0,0.0,0.0,1.0,0.0,0.0,0.0,0.0,0.8333333333333334,0.0,0.0,0.0,0.16666666666666666,0.8333333333333334,1.0,3.2188758248682006,2.1972245773362196
"Geneva, CH","Paris, FR",172,446.44000000000005,0.0,0.8188976377952756,0.0,0.0,0.0,0.0,0.0,0.09448818897637795,0.0,0.0,0.0,0.08661417322834646,0.773109243697479,0.01680672268907563,0.04201680672268908,0.03361344537815126,0.13445378151260504,0.7383720930232558,0.6918604651162791,5.153291594497779,4.174387269895637
"Geneva, CH","Lisbon, PT",72,1495.67,0.1527777777777778,0.0,0.0,0.0,0.4027777777777778,0.0,0.0,0.4444444444444444,0.0,0.0,0.0,0.0,0.9016393442622951,0.0,0.09836065573770492,0.0,0.0,1.0,0.8472222222222222,4.290459441148391,2.8903717578961645
"Geneva, CH","Porto, PT",97,1308.6099999999997,0.14432989690721648,0.0,0.0,0.0,0.10309278350515463,0.0,0.0,0.7422680412371134,0.0,0.0,0.0,0.010309278350515464,0.8372093023255814,0.0,0.13953488372093023,0.0,0.023255813953488372,1.0,0.8865979381443299,4.584967478670572,3.1780538303479458
"Geneva, CH","London, GB",451,738.3299999999999,0.2047244094488189,0.0,0.4094488188976378,0.0,0.0,0.0,0.0,0.2755905511811024,0.0,0.03674540682414698,0.0,0.07349081364829396,0.7395833333333334,0.036458333333333336,0.1328125,0.0625,0.028645833333333332,0.844789356984479,0.8514412416851441,6.113682179832232,4.948759890378168
"Geneva, CH","Madrid, ES",93,1020.17,0.0,0.0,0.8571428571428571,0.0,0.0,0.0,0.0,0.11428571428571428,0.0,0.0,0.0,0.02857142857142857,0.7297297297297297,0.0,0.02702702702702703,0.21621621621621623,0.02702702702702703,0.7526881720430108,0.7956989247311828,4.543294782270004,3.4011973816621555
"Geneva, CH","Warsaw, PL",31,1261.93,0.0,0.0,0.0,1.0,0.0,0.0,0.0,0.0,0.0,0.0,0.0,0.0,0.0,0.10526315789473684,0.05263157894736842,0.8421052631578947,0.0,0.9032258064516129,0.6129032258064516,3.4657359027997265,2.0794415416798357
"Geneva, CH","Zurich, CH",122,229.79000000000002,0.9626168224299065,0.0,0.0,0.0,0.0,0.0,0.0,0.0,0.0,0.0,0.0,0.037383177570093455,0.5113636363636364,0.0,0.45454545454545453,0.0,0.03409090909090909,0.8770491803278688,0.7213114754098361,4.812184355372417,3.58351893845611
"Geneva, CH","Spata-Artemida, GR",35,1731.2899999999997,0.30303030303030304,0.0,0.0,0.0,0.0,0.30303030303030304,0.0,0.3333333333333333,0.0,0.0,0.0,0.06060606060606061,0.72,0.0,0.24,0.0,0.04,0.9428571428571428,0.7142857142857143,3.58351893845611,2.5649493574615367
"Geneva, CH","Rome, IT",53,705.48,0.0,0.0,0.0,0.0,0.48,0.0,0.0,0.44,0.0,0.0,0.0,0.08,0.9555555555555556,0.0,0.0,0.0,0.044444444444444446,0.9433962264150944,0.8490566037735849,3.9889840465642745,2.6390573296152584
"Geneva, CH","Luton, Luton, GB",114,783.94,0.0,0.0,0.0,0.0,0.0,0.0,0.0,0.970873786407767,0.0,0.019417475728155338,0.0,0.009708737864077669,0.9532710280373832,0.009345794392523364,0.009345794392523364,0.009345794392523364,0.018691588785046728,0.9035087719298246,0.9385964912280702,4.74493212836325,3.5553480614894135
"Geneva, CH","Munich, DE",58,488.33,0.9019607843137255,0.0,0.0,0.0,0.0,0.0,0.0,0.0,0.0,0.0,0.0,0.09803921568627451,0.7241379310344828,0.0,0.0,0.2413793103448276,0.034482758620689655,0.8793103448275862,0.5,4.07753744390572,3.1780538303479458
"Geneva, CH","Nice, Alpes-Maritimes, FR",30,299.78,0.2222222222222222,0.0,0.0,0.0,0.0,0.0,0.0,0.7407407407407407,0.0,0.0,0.0,0.037037037037037035,0.7407407407407407,0.0,0.14814814814814814,0.07407407407407407,0.037037037037037035,0.9,0.9,3.4339872044851463,2.772588722239781
"Geneva, CH","Zaventem, BE",44,532.1,0.825,0.0,0.0,0.0,0.0,0.0,0.0,0.175,0.0,0.0,0.0,0.0,0.6363636363636364,0.0,0.36363636363636365,0.0,0.0,0.9090909090909091,0.75,3.8066624897703196,3.044522437723423
"Geneva, CH","Stockholm, SE",37,1669.18,0.3888888888888889,0.0,0.0,0.5833333333333334,0.0,0.0,0.0,0.0,0.0,0.0,0.0,0.027777777777777776,0.44,0.0,0.48,0.04,0.04,0.972972972972973,0.6756756756756757,3.6375861597263857,2.8903717578961645
"Geneva, CH","Málaga, ES",29,1380.3,0.18181818181818182,0.0,0.0,0.0,0.0,0.0,0.0,0.8181818181818182,0.0,0.0,0.0,0.0,0.7,0.0,0.2,0.0,0.1,0.7586206896551724,0.6896551724137931,3.4011973816621555,2.772588722239781
"Geneva, CH","Vienna, AT",33,816.92,1.0,0.0,0.0,0.0,0.0,0.0,0.0,0.0,0.0,0.0,0.0,0.0,0.1935483870967742,0.0,0.0,0.8064516129032258,0.0,0.9393939393939394,0.9393939393939394,3.5263605246161616,2.1972245773362196
"Geneva, CH","Liverpool, GB",33,1016.42,0.0,0.0,0.0,0.0,0.0,0.0,0.0,1.0,0.0,0.0,0.0,0.0,1.0,0.0,0.0,0.0,0.0,0.9696969696969697,0.9696969696969697,3.5263605246161616,2.0794415416798357
"Geneva, CH","Luxembourg, LU",27,376.89,0.0,0.0,0.0,0.0,0.0,0.0,0.0,0.0,0.0,0.0,0.0,1.0,0.0,0.0,0.04,0.96,0.0,0.8888888888888888,0.9259259259259259,3.332204510175204,2.4849066497880004
"Geneva, CH","Istanbul, TR",81,1918.9599999999998,0.0,0.0,0.0,0.0,0.0,0.9666666666666667,0.0,0.0,0.0,0.0,0.0,0.03333333333333333,0.8214285714285714,0.0,0.125,0.0,0.05357142857142857,0.7407407407407407,0.691358024691358,4.406719247264253,3.091042453358316
"Geneva, CH","Nantes, FR",31,597.22,0.0,0.0,0.0,0.0,0.0,0.0,0.0,1.0,0.0,0.0,0.0,0.0,1.0,0.0,0.0,0.0,0.0,1.0,0.9354838709677419,3.4657359027997265,1.9459101490553132
"Geneva, CH","Manchester, Greater Manchester, GB",87,992.49,0.0,0.0,0.0,0.0,0.0,0.0,0.0,0.7209302325581395,0.0,0.18604651162790697,0.0,0.09302325581395349,0.925,0.05,0.0,0.0125,0.0125,0.9885057471264368,0.9195402298850575,4.477336814478207,3.332204510175204
"Glasgow, GB","London, GB",285,564.45,0.0,0.0,0.0035460992907801418,0.0,0.0,0.0,0.0,0.2624113475177305,0.0,0.0,0.0,0.7340425531914894,0.8109090909090909,0.0,0.0,0.18181818181818182,0.007272727272727273,0.9894736842105263,0.9649122807017544,5.655991810819852,4.143134726391533
"Glasgow, GB","Luton, Luton, GB",44,518.02,0.0,0.0,0.0,0.0,0.0,0.0,0.0,0.9090909090909091,0.0,0.045454545454545456,0.0,0.045454545454545456,0.9523809523809523,0.047619047619047616,0.0,0.0,0.0,1.0,0.9545454545454546,3.8066624897703196,2.9444389791664403
"Glasgow, GB","Paris, FR",25,857.72,0.0,0.0,0.0,0.0,0.0,0.0,0.0,1.0,0.0,0.0,0.0,0.0,1.0,0.0,0.0,0.0,0.0,0.96,0.96,3.258096538021482,2.0794415416798357
"Göteborg, SE","Munich, DE",35,1041.51,1.0,0.0,0.0,0.0,0.0,0.0,0.0,0.0,0.0,0.0,0.0,0.0,1.0,0.0,0.0,0.0,0.0,1.0,0.8571428571428571,3.58351893845611,1.9459101490553132
"Göteborg, SE","Stockholm, SE",102,392.85,0.0,0.0,0.0,0.9555555555555556,0.0,0.0,0.0,0.0,0.0,0.022222222222222223,0.0,0.022222222222222223,0.8979591836734694,0.02040816326530612,0.061224489795918366,0.02040816326530612,0.0,0.8823529411764706,0.4803921568627451,4.634728988229636,3.6375861597263857
"Göteborg, SE","Helsinki (Vantaa), FI",69,790.7,0.0,0.0,0.0,1.0,0.0,0.0,0.0,0.0,0.0,0.0,0.0,0.0,0.07692307692307693,0.07692307692307693,0.0,0.8461538461538461,0.0,0.9565217391304348,0.37681159420289856,4.248495242049359,2.772588722239781
"Göteborg, SE","London, GB",46,1039.2,0.0,0.0,0.4782608695652174,0.0,0.0,0.0,0.5217391304347826,0.0,0.0,0.0,0.0,0.0,0.4888888888888889,0.5111111111111111,0.0,0.0,0.0,1.0,0.9782608695652174,3.8501476017100584,2.5649493574615367
"Göteborg, SE","Paris, FR",38,1136.8,0.0,0.7368421052631579,0.0,0.0,0.0,0.0,0.0,0.0,0.0,0.0,0.2631578947368421,0.0,0.0,0.30303030303030304,0.0,0.696969696969697,0.0,1.0,0.868421052631579,3.6635616461296463,1.9459101490553132
"Hamburg, DE","Palma de Mallorca, ES",47,1651.71,0.0,0.0,0.0,0.0,0.0,0.0,1.0,0.0,0.0,0.0,0.0,0.0,0.6486486486486487,0.2702702702702703,0.0,0.02702702702702703,0.05405405405405406,0.2978723404255319,0.7872340425531915,3.871201010907891,2.833213344056216
"Hamburg, DE","Istanbul, TR",85,1988.9400000000003,0.0,0.0,0.0,0.0,0.0,1.0,0.0,0.0,0.0,0.0,0.0,0.0,0.7313432835820896,0.2537313432835821,0.014925373134328358,0.0,0.0,0.8352941176470589,0.788235294117647,4.454347296253507,2.772588722239781
"Hamburg, DE","Vienna, AT",47,766.6299999999999,1.0,0.0,0.0,0.0,0.0,0.0,0.0,0.0,0.0,0.0,0.0,0.0,0.8297872340425532,0.0,0.0,0.1702127659574468,0.0,0.6595744680851063,1.0,3.871201010907891,2.4849066497880004
"Hamburg, DE","London, GB",103,710.8099999999998,0.0,0.0,0.65,0.0,0.0,0.0,0.2,0.15,0.0,0.0,0.0,0.0,0.8367346938775511,0.14285714285714285,0.0,0.01020408163265306,0.01020408163265306,0.7766990291262136,0.9514563106796117,4.6443908991413725,3.332204510175204
"Hamburg, DE","Stuttgart, DE",27,546.19,0.0,0.0,0.0,0.0,0.0,0.0,0.0,0.0,0.0,0.0,0.0,0.0,0.8888888888888888,0.0,0.0,0.0,0.1111111111111111,0.0,1.0,3.332204510175204,2.302585092994046
"Hamburg, DE","Zurich, CH",88,687.7999999999998,0.9705882352941176,0.0,0.0,0.0,0.0,0.0,0.0,0.0,0.0,0.0,0.0,0.029411764705882353,0.5454545454545454,0.0,0.35064935064935066,0.05194805194805195,0.05194805194805195,0.7727272727272727,0.875,4.48863636973214,3.091042453358316
"Hamburg, DE","Munich, DE",152,596.01,0.9928057553956835,0.0,0.0,0.0,0.0,0.0,0.0,0.0,0.0,0.0,0.0,0.007194244604316547,0.9928057553956835,0.0,0.0,0.0,0.007194244604316547,0.9144736842105263,0.9144736842105263,5.030437921392435,3.5553480614894135
"Hamburg, DE","Helsinki (Vantaa), FI",34,1175.98,0.0,0.0,0.0,1.0,0.0,0.0,0.0,0.0,0.0,0.0,0.0,0.0,0.11764705882352941,0.0,0.0,0.8823529411764706,0.0,1.0,1.0,3.5553480614894135,1.9459101490553132
"Hamburg, DE","Toulouse/Blagnac, FR",26,1270.7400000000002,0.0,0.0,0.0,0.0,0.0,0.0,0.0,0.0,0.0,1.0,0.0,0.0,0.631578947368421,0.0,0.3684210526315789,0.0,0.0,0.46153846153846156,0.7307692307692307,3.295836866004329,2.8903717578961645
"Hamburg, DE","Paris, FR",58,712.45,0.0,1.0,0.0,0.0,0.0,0.0,0.0,0.0,0.0,0.0,0.0,0.0,0.8378378378378378,0.0,0.0,0.16216216216216217,0.0,0.896551724137931,0.6379310344827587,4.07753744390572,2.6390573296152584
"Hamburg, DE","Warsaw, PL",36,754.11,0.0,0.0,0.0,1.0,0.0,0.0,0.0,0.0,0.0,0.0,0.0,0.0,0.0,0.0,0.0,0.9629629629629629,0.037037037037037035,0.9444444444444444,0.75,3.6109179126442243,2.1972245773362196
"Hamburg, DE","Madrid, ES",28,1782.3500000000001,0.0,0.0,1.0,0.0,0.0,0.0,0.0,0.0,0.0,0.0,0.0,0.0,1.0,0.0,0.0,0.0,0.0,1.0,0.8928571428571429,3.367295829986474,1.6094379124341003
"Hannover, DE","Paris, FR",44,628.42,0.0,0.8888888888888888,0.0,0.0,0.0,0.0,0.0,0.0,0.0,0.0,0.1111111111111111,0.0,0.0,0.06896551724137931,0.10344827586206896,0.8275862068965517,0.0,0.8181818181818182,0.6590909090909091,3.8066624897703196,2.6390573296152584
"Hannover, DE","Munich, DE",66,480.31,0.92,0.0,0.0,0.0,0.0,0.0,0.0,0.0,0.0,0.08,0.0,0.0,0.9375,0.0,0.0,0.0,0.0625,0.3787878787878788,0.7272727272727273,4.204692619390966,2.995732273553991
"Hannover, DE","Istanbul, TR",54,1929.6099999999997,0.0,0.0,0.0,0.0,0.0,1.0,0.0,0.0,0.0,0.0,0.0,0.0,0.3333333333333333,0.6666666666666666,0.0,0.0,0.0,0.7592592592592593,0.8888888888888888,4.007333185232471,2.4849066497880004
"Hannover, DE","London, GB",29,673.99,0.0,0.0,0.9655172413793104,0.0,0.0,0.0,0.0,0.0,0.0,0.0,0.0,0.034482758620689655,1.0,0.0,0.0,0.0,0.0,1.0,0.9655172413793104,3.4011973816621555,2.1972245773362196
"Hannover, DE","Zurich, CH",27,562.21,0.92,0.0,0.0,0.0,0.0,0.0,0.0,0.0,0.0,0.0,0.0,0.08,0.1,0.0,0.7,0.2,0.0,0.9259259259259259,0.7407407407407407,3.332204510175204,2.3978952727983707
"Hannover, DE","Palma de Mallorca, ES",27,1530.69,0.0,0.0,0.0,0.0,0.0,0.0,0.0,0.0,0.0,1.0,0.0,0.0,0.8,0.2,0.0,0.0,0.0,0.37037037037037035,0.7407407407407407,3.332204510175204,2.3978952727983707
"Hannover, DE","Vienna, AT",25,687.41,1.0,0.0,0.0,0.0,0.0,0.0,0.0,0.0,0.0,0.0,0.0,0.0,0.08333333333333333,0.0,0.0,0.75,0.16666666666666666,0.8,0.96,3.258096538021482,2.302585092994046
"Helsinki (Vantaa), FI","Stockholm, SE",197,401.99,0.0,0.0,0.0,0.975,0.0,0.0,0.0,0.0,0.0,0.0,0.0125,0.0125,0.47619047619047616,0.2857142857142857,0.023809523809523808,0.20634920634920634,0.007936507936507936,0.8121827411167513,0.6395939086294417,5.288267030694535,3.970291913552122
"Helsinki (Vantaa), FI","Istanbul, TR",38,2160.1400000000003,0.0,0.0,0.0,0.0,0.0,1.0,0.0,0.0,0.0,0.0,0.0,0.0,0.88,0.08,0.0,0.04,0.0,0.9736842105263158,0.6578947368421053,3.6635616461296463,2.0794415416798357
"Helsinki (Vantaa), FI","Riga, LV",95,377.82,0.0,0.0,0.0,0.9811320754716981,0.0,0.0,0.0,0.0,0.0,0.0,0.018867924528301886,0.0,0.7878787878787878,0.0,0.15151515151515152,0.06060606060606061,0.0,0.5578947368421052,0.3473684210526316,4.564348191467836,2.8903717578961645
"Helsinki (Vantaa), FI","Warsaw, PL",43,934.02,0.0,0.0,0.0,0.9767441860465116,0.0,0.0,0.0,0.0,0.0,0.0,0.0,0.023255813953488372,0.13953488372093023,0.0,0.0,0.8372093023255814,0.023255813953488372,1.0,1.0,3.784189633918261,2.0794415416798357
"Helsinki (Vantaa), FI","London, GB",84,1823.5799999999997,0.0,0.0,0.0,0.7236842105263158,0.0,0.0,0.2631578947368421,0.0,0.0,0.013157894736842105,0.0,0.0,0.6551724137931034,0.3448275862068966,0.0,0.0,0.0,0.9047619047619048,0.6904761904761905,4.442651256490317,2.995732273553991
"Helsinki (Vantaa), FI","Zurich, CH",29,1778.9599999999998,0.0,0.0,0.0,0.9655172413793104,0.0,0.0,0.0,0.0,0.0,0.0,0.0,0.034482758620689655,1.0,0.0,0.0,0.0,0.0,1.0,0.9655172413793104,3.4011973816621555,1.791759469228055
"Helsinki (Vantaa), FI","Oslo (Gardermoen), NO",76,763.4900000000001,0.0,0.0,0.0,1.0,0.0,0.0,0.0,0.0,0.0,0.0,0.0,0.0,0.3235294117647059,0.0,0.0,0.6764705882352942,0.0,0.8947368421052632,0.8947368421052632,4.343805421853684,2.5649493574615367
"Helsinki (Vantaa), FI","Paris, FR",86,1885.36,0.0,0.313953488372093,0.0,0.627906976744186,0.0,0.0,0.0,0.0,0.0,0.0,0.05813953488372093,0.0,0.5921052631578947,0.05263157894736842,0.0,0.35526315789473684,0.0,1.0,0.8837209302325582,4.465908118654584,2.772588722239781
"Helsinki (Vantaa), FI","Rome, IT",24,2228.87,0.0,0.0,0.0,1.0,0.0,0.0,0.0,0.0,0.0,0.0,0.0,0.0,1.0,0.0,0.0,0.0,0.0,1.0,1.0,3.2188758248682006,1.6094379124341003
"Helsinki (Vantaa), FI","Munich, DE",58,1574.64,0.5862068965517241,0.0,0.0,0.41379310344827586,0.0,0.0,0.0,0.0,0.0,0.0,0.0,0.0,0.78,0.22,0.0,0.0,0.0,1.0,0.8620689655172413,4.07753744390572,2.3978952727983707
"Helsinki (Vantaa), FI","Málaga, ES",37,3352.7199999999993,0.0,0.0,0.0,1.0,0.0,0.0,0.0,0.0,0.0,0.0,0.0,0.0,0.5294117647058824,0.47058823529411764,0.0,0.0,0.0,0.4864864864864865,0.918918918918919,3.6375861597263857,2.6390573296152584
"Helsinki (Vantaa), FI","Vienna, AT",29,1460.34,0.0,0.0,0.0,0.7931034482758621,0.0,0.0,0.20689655172413793,0.0,0.0,0.0,0.0,0.0,0.48148148148148145,0.0,0.0,0.5185185185185185,0.0,1.0,0.9310344827586207,3.4011973816621555,1.9459101490553132
"Helsinki (Vantaa), FI","Vilnius, LT",38,632.35,0.0,0.0,0.0,1.0,0.0,0.0,0.0,0.0,0.0,0.0,0.0,0.0,0.0,0.0,0.0,1.0,0.0,1.0,0.05263157894736842,3.6635616461296463,1.9459101490553132
"Helsinki (Vantaa), FI","Zaventem, BE",25,1646.58,0.0,0.0,0.0,1.0,0.0,0.0,0.0,0.0,0.0,0.0,0.0,0.0,0.6,0.0,0.04,0.36,0.0,0.96,1.0,3.258096538021482,2.0794415416798357
"Helsinki (Vantaa), FI","Manchester, Greater Manchester, GB",26,1812.07,0.0,0.0,0.0,1.0,0.0,0.0,0.0,0.0,0.0,0.0,0.0,0.0,0.3076923076923077,0.0,0.0,0.6923076923076923,0.0,1.0,1.0,3.295836866004329,1.6094379124341003
"Ibiza (Eivissa), ES","Valencia, ES",24,173.88,0.0,0.0,0.0,0.0,0.0,0.0,1.0,0.0,0.0,0.0,0.0,0.0,0.0,0.21052631578947367,0.0,0.7368421052631579,0.05263157894736842,0.25,0.7916666666666666,3.2188758248682006,2.4849066497880004
"Ibiza (Eivissa), ES","Madrid, ES",89,465.85999999999996,0.0,0.0,0.0,0.0,0.0,0.0,1.0,0.0,0.0,0.0,0.0,0.0,0.5454545454545454,0.44155844155844154,0.0,0.012987012987012988,0.0,0.29213483146067415,0.8651685393258427,4.499809670330265,3.1780538303479458
"Innsbruck, AT","London, GB",91,948.5300000000001,0.0,0.0,0.1791044776119403,0.0,0.0,0.0,0.0,0.6716417910447762,0.0,0.11940298507462686,0.0,0.029850746268656716,0.8977272727272727,0.06818181818181818,0.0,0.03409090909090909,0.0,0.7362637362637363,0.967032967032967,4.5217885770490405,3.6635616461296463
"Innsbruck, AT","Vienna, AT",41,402.35,0.9722222222222222,0.0,0.0,0.0,0.0,0.0,0.0,0.0,0.0,0.0,0.0,0.027777777777777776,0.05128205128205128,0.0,0.0,0.8974358974358975,0.05128205128205128,0.8780487804878049,0.9512195121951219,3.7376696182833684,2.772588722239781
"Innsbruck, AT","Rotterdam, NL",24,720.78,0.0,0.0,0.0,0.0,0.0,0.0,0.0,0.0,0.0,1.0,0.0,0.0,0.0,0.9565217391304348,0.0,0.0,0.043478260869565216,0.9166666666666666,0.9583333333333334,3.2188758248682006,2.1972245773362196
"Istanbul, TR","Stuttgart, DE",93,1764.67,0.0,0.0,0.0,0.0,0.0,1.0,0.0,0.0,0.0,0.0,0.0,0.0,0.5657894736842105,0.4342105263157895,0.0,0.0,0.0,0.8172043010752689,0.8172043010752689,4.543294782270004,2.9444389791664403
"Istanbul, TR","Köln (Cologne), DE",107,1996.9100000000003,0.0,0.0,0.0,0.0,0.0,0.8780487804878049,0.0,0.0,0.0,0.0,0.12195121951219512,0.0,0.6785714285714286,0.16666666666666666,0.15476190476190477,0.0,0.0,0.7663551401869159,0.7850467289719626,4.68213122712422,3.1354942159291497
"Istanbul, TR","Marignane, Bouches-du-Rhône, FR",41,1965.59,0.0,0.0,0.0,0.0,0.0,0.975609756097561,0.0,0.0,0.0,0.0,0.0,0.024390243902439025,0.9117647058823529,0.08823529411764706,0.0,0.0,0.0,1.0,0.8292682926829268,3.7376696182833684,2.0794415416798357
"Istanbul, TR","Rome, IT",92,1378.74,0.0,0.0,0.0,0.0,0.0,0.9868421052631579,0.0,0.0,0.0,0.0,0.0,0.013157894736842105,0.8888888888888888,0.027777777777777776,0.08333333333333333,0.0,0.0,0.8260869565217391,0.782608695652174,4.532599493153256,2.8903717578961645
"Istanbul, TR","Zgornji Brnik, SI",30,1298.23,0.0,0.0,0.0,0.0,0.0,1.0,0.0,0.0,0.0,0.0,0.0,0.0,0.8076923076923077,0.19230769230769232,0.0,0.0,0.0,1.0,0.8666666666666667,3.4339872044851463,1.9459101490553132
"Istanbul, TR","Munich, DE",112,1576.2400000000002,0.010309278350515464,0.0,0.0,0.0,0.0,0.9690721649484536,0.0,0.0,0.0,0.0,0.020618556701030927,0.0,0.6705882352941176,0.25882352941176473,0.058823529411764705,0.0,0.011764705882352941,0.8660714285714286,0.7589285714285714,4.727387818712341,3.1354942159291497
"Istanbul, TR","Warsaw, PL",61,1382.6299999999999,0.0,0.0,0.0,0.5409836065573771,0.0,0.45901639344262296,0.0,0.0,0.0,0.0,0.0,0.0,0.40384615384615385,0.0,0.0,0.5961538461538461,0.0,1.0,0.8524590163934426,4.127134385045092,2.6390573296152584
"Istanbul, TR","Vienna, AT",108,1253.8800000000003,0.0,0.0,0.0,0.0,0.0,1.0,0.0,0.0,0.0,0.0,0.0,0.0,0.8202247191011236,0.033707865168539325,0.1348314606741573,0.0,0.011235955056179775,0.8703703703703703,0.8240740740740741,4.6913478822291435,3.4011973816621555
"Istanbul, TR","Madrid, ES",87,2734.0999999999995,0.0,0.0,0.0,0.0,0.0,1.0,0.0,0.0,0.0,0.0,0.0,0.0,0.6621621621621622,0.04054054054054054,0.2972972972972973,0.0,0.0,0.8390804597701149,0.8505747126436781,4.477336814478207,3.4011973816621555
"Istanbul, TR","London, GB",268,2490.8999999999996,0.0,0.0,0.15315315315315314,0.0,0.0,0.8468468468468469,0.0,0.0,0.0,0.0,0.0,0.0,0.8440860215053764,0.053763440860215055,0.0967741935483871,0.005376344086021506,0.0,0.8283582089552238,0.6940298507462687,5.594711379601839,4.127134385045092
"Istanbul, TR","Vilnius, LT",23,1534.7299999999998,0.0,0.0,0.0,0.0,0.0,1.0,0.0,0.0,0.0,0.0,0.0,0.0,0.6190476190476191,0.38095238095238093,0.0,0.0,0.0,1.0,0.9130434782608695,3.1780538303479458,1.9459101490553132
"Istanbul, TR","Málaga, ES",27,2918.77,0.0,0.0,0.0,0.0,0.0,1.0,0.0,0.0,0.0,0.0,0.0,0.0,0.7916666666666666,0.16666666666666666,0.0,0.0,0.041666666666666664,0.9259259259259259,0.8888888888888888,3.332204510175204,1.9459101490553132
"Istanbul, TR","Stockholm, SE",59,2189.48,0.0,0.0,0.0,0.0,0.0,1.0,0.0,0.0,0.0,0.0,0.0,0.0,0.8,0.2,0.0,0.0,0.0,0.8305084745762712,0.847457627118644,4.0943445622221,2.4849066497880004
"Istanbul, TR","Paris, FR",194,2270.2900000000004,0.0,0.060240963855421686,0.0,0.0,0.0,0.6746987951807228,0.0,0.0,0.0,0.15060240963855423,0.1144578313253012,0.0,0.5944055944055944,0.11888111888111888,0.27972027972027974,0.006993006993006993,0.0,0.8556701030927835,0.7371134020618557,5.272999558563747,4.127134385045092
"Istanbul, TR","Thessaloniki, GR",25,507.2300000000001,0.0,0.0,0.0,0.0,0.0,1.0,0.0,0.0,0.0,0.0,0.0,0.0,0.42857142857142855,0.42857142857142855,0.14285714285714285,0.0,0.0,0.96,0.84,3.258096538021482,2.302585092994046
"Istanbul, TR","Spata-Artemida, GR",103,551.74,0.0,0.0,0.0,0.0,0.0,0.9390243902439024,0.0,0.0,0.0,0.0,0.012195121951219513,0.04878048780487805,0.782051282051282,0.05128205128205128,0.11538461538461539,0.02564102564102564,0.02564102564102564,0.7961165048543689,0.7572815533980582,4.6443908991413725,3.4657359027997265
"Istanbul, TR","Schkeuditz, DE",28,1720.18,0.0,0.0,0.0,0.0,0.0,1.0,0.0,0.0,0.0,0.0,0.0,0.0,0.32142857142857145,0.2857142857142857,0.39285714285714285,0.0,0.0,0.2857142857142857,1.0,3.367295829986474,2.833213344056216
"Istanbul, TR","Riga, LV",26,1803.89,0.0,0.0,0.0,0.0,0.0,1.0,0.0,0.0,0.0,0.0,0.0,0.0,0.375,0.5833333333333334,0.041666666666666664,0.0,0.0,0.8076923076923077,0.9230769230769231,3.295836866004329,1.9459101490553132
"Istanbul, TR","Valletta, MT",34,1383.74,0.0,0.0,0.0,0.0,0.0,1.0,0.0,0.0,0.0,0.0,0.0,0.0,0.53125,0.4375,0.03125,0.0,0.0,0.7058823529411765,0.9411764705882353,3.5553480614894135,2.302585092994046
"Istanbul, TR","Manchester, Greater Manchester, GB",63,2696.0499999999997,0.0,0.0,0.0,0.0,0.0,0.9523809523809523,0.0,0.047619047619047616,0.0,0.0,0.0,0.0,1.0,0.0,0.0,0.0,0.0,1.0,0.6507936507936508,4.1588830833596715,2.70805020110221
"Istanbul, TR","Prague, CZ",77,1518.73,0.0,0.0,0.0,0.0,0.0,1.0,0.0,0.0,0.0,0.0,0.0,0.0,0.7903225806451613,0.12903225806451613,0.08064516129032258,0.0,0.0,0.8701298701298701,0.8051948051948052,4.356708826689592,2.8903717578961645
"Istanbul, TR","Zaventem, BE",51,2170.47,0.0,0.0,0.0,0.0,0.0,1.0,0.0,0.0,0.0,0.0,0.0,0.0,0.8947368421052632,0.02631578947368421,0.07894736842105263,0.0,0.0,0.6862745098039216,0.7450980392156863,3.9512437185814275,2.70805020110221
"Istanbul, TR","Porto, PT",26,3126.32,0.0,0.0,0.0,0.0,0.0,1.0,0.0,0.0,0.0,0.0,0.0,0.0,0.09090909090909091,0.8636363636363636,0.0,0.0,0.045454545454545456,0.9615384615384616,0.8461538461538461,3.295836866004329,2.302585092994046
"Istanbul, TR","Zurich, CH",97,1767.86,0.0,0.0,0.0,0.0,0.0,0.9876543209876543,0.0,0.0,0.0,0.0,0.0,0.012345679012345678,0.7866666666666666,0.10666666666666667,0.09333333333333334,0.0,0.013333333333333334,0.8350515463917526,0.7731958762886598,4.584967478670572,3.2188758248682006
"Istanbul, TR","Oslo (Gardermoen), NO",39,2455.6099999999997,0.0,0.0,0.0,0.0,0.0,1.0,0.0,0.0,0.0,0.0,0.0,0.0,0.84375,0.0625,0.09375,0.0,0.0,1.0,0.8205128205128205,3.6888794541139363,2.772588722239781
"Istanbul, TR","Seville, ES",25,3008.24,0.0,0.0,0.0,0.0,0.0,1.0,0.0,0.0,0.0,0.0,0.0,0.0,0.47058823529411764,0.5294117647058824,0.0,0.0,0.0,1.0,0.68,3.258096538021482,1.9459101490553132
"Istanbul, TR","Nuremberg, DE",42,1678.49,0.0,0.0,0.0,0.0,0.0,1.0,0.0,0.0,0.0,0.0,0.0,0.0,0.6578947368421053,0.34210526315789475,0.0,0.0,0.0,1.0,0.9047619047619048,3.7612001156935624,2.1972245773362196
"Istanbul, TR","Orio al Serio (BG), IT",38,1633.86,0.0,0.0,0.0,0.0,0.0,1.0,0.0,0.0,0.0,0.0,0.0,0.0,0.7,0.3,0.0,0.0,0.0,0.631578947368421,0.5263157894736842,3.6635616461296463,1.9459101490553132
"Katowice, PL","Warsaw, PL",52,232.62000000000003,0.0,0.0,0.0,0.9565217391304348,0.0,0.0,0.0,0.0,0.043478260869565216,0.0,0.0,0.0,0.07894736842105263,0.07894736842105263,0.0,0.8157894736842105,0.02631578947368421,0.8846153846153846,0.7307692307692307,3.970291913552122,3.1354942159291497
"Katowice, PL","London, GB",25,1339.48,0.0,0.0,0.0,0.0,0.0,0.0,1.0,0.0,0.0,0.0,0.0,0.0,0.0,1.0,0.0,0.0,0.0,1.0,0.96,3.258096538021482,2.1972245773362196
"Kristiansand(Kjevik), NO","Oslo (Gardermoen), NO",47,279.98,0.0,0.0,0.0,1.0,0.0,0.0,0.0,0.0,0.0,0.0,0.0,0.0,0.696969696969697,0.30303030303030304,0.0,0.0,0.0,0.6808510638297872,0.7021276595744681,3.871201010907891,2.8903717578961645
"Köln (Cologne), DE","Munich, DE",64,435.70000000000005,0.9666666666666667,0.0,0.0,0.0,0.0,0.0,0.0,0.0,0.0,0.0,0.0,0.03333333333333333,0.7254901960784313,0.0196078431372549,0.19607843137254902,0.058823529411764705,0.0,0.46875,0.796875,4.174387269895637,3.044522437723423
"Köln (Cologne), DE","Orio al Serio (BG), IT",30,608.14,0.0,0.0,0.0,0.0,0.0,0.0,0.9230769230769231,0.0,0.0,0.0,0.0,0.07692307692307693,0.07692307692307693,0.34615384615384615,0.5769230769230769,0.0,0.0,0.43333333333333335,0.8666666666666667,3.4339872044851463,2.3978952727983707
"Köln (Cologne), DE","London, GB",102,505.65,0.0,0.0,0.19718309859154928,0.0,0.0,0.0,0.6338028169014085,0.0,0.0,0.0,0.16901408450704225,0.0,0.4634146341463415,0.3780487804878049,0.14634146341463414,0.012195121951219513,0.0,0.696078431372549,0.803921568627451,4.634728988229636,3.4965075614664802
"Köln (Cologne), DE","Palma de Mallorca, ES",63,1303.9200000000003,0.0,0.0,0.0,0.0,0.0,0.0,1.0,0.0,0.0,0.0,0.0,0.0,0.6136363636363636,0.29545454545454547,0.0,0.0,0.09090909090909091,0.3333333333333333,0.6984126984126984,4.1588830833596715,2.8903717578961645
"Köln (Cologne), DE","Vienna, AT",48,745.99,0.2777777777777778,0.0,0.0,0.0,0.0,0.0,0.4444444444444444,0.0,0.0,0.0,0.2777777777777778,0.0,0.5121951219512195,0.04878048780487805,0.24390243902439024,0.1951219512195122,0.0,0.75,0.8541666666666666,3.8918202981106265,2.70805020110221
"Köln (Cologne), DE","Nottingham, Leicestershire, GB",38,621.08,0.0,0.0,0.0,0.0,0.0,0.0,0.0,0.0,0.0,0.0,0.9285714285714286,0.07142857142857142,0.030303030303030304,0.0,0.9696969696969697,0.0,0.0,0.3684210526315789,0.868421052631579,3.6635616461296463,2.6390573296152584
"Köln (Cologne), DE","Rome, IT",23,1085.68,0.0,0.0,0.0,0.0,0.0,0.0,0.6,0.0,0.0,0.0,0.4,0.0,0.15789473684210525,0.42105263157894735,0.42105263157894735,0.0,0.0,0.8695652173913043,0.8260869565217391,3.1780538303479458,2.0794415416798357
"Köln (Cologne), DE","Schkeuditz, DE",32,360.32,0.0,0.0,0.0,0.0,0.0,0.0,0.0,0.0,0.0,0.0,1.0,0.0,0.08333333333333333,0.16666666666666666,0.6666666666666666,0.0,0.08333333333333333,0.875,0.375,3.4965075614664802,2.4849066497880004
"Köln (Cologne), DE","Paris, FR",39,389.97,0.0,0.0,0.0,0.0,0.0,0.0,0.0,0.0,0.0,0.0,1.0,0.0,0.0,0.07692307692307693,0.9230769230769231,0.0,0.0,0.6410256410256411,1.0,3.6888794541139363,2.3978952727983707
"Lamezia Terme (CZ), IT","Rome, IT",38,456.59,0.0,0.0,0.0,0.0,0.972972972972973,0.0,0.02702702702702703,0.0,0.0,0.0,0.0,0.0,0.9473684210526315,0.05263157894736842,0.0,0.0,0.0,0.9736842105263158,1.0,3.6635616461296463,2.1972245773362196
"Lamezia Terme (CZ), IT","Segrate (MI), IT",27,925.7799999999999,0.0,0.0,0.0,0.0,1.0,0.0,0.0,0.0,0.0,0.0,0.0,0.0,1.0,0.0,0.0,0.0,0.0,1.0,0.8888888888888888,3.332204510175204,1.6094379124341003
"Lamezia Terme (CZ), IT","Orio al Serio (BG), IT",37,923.7999999999998,0.0,0.0,0.0,0.0,0.0,0.0,1.0,0.0,0.0,0.0,0.0,0.0,0.0,1.0,0.0,0.0,0.0,1.0,0.8378378378378378,3.6375861597263857,2.4849066497880004
"Larnaca, CY","London, GB",66,3252.31,0.0,0.0,0.6481481481481481,0.0,0.0,0.0,0.0,0.25925925925925924,0.07407407407407407,0.0,0.0,0.018518518518518517,0.9833333333333333,0.0,0.0,0.016666666666666666,0.0,0.8181818181818182,0.9090909090909091,4.204692619390966,2.772588722239781
"Larnaca, CY","Spata-Artemida, GR",140,930.2199999999999,0.0,0.0,0.0,0.0,0.0,0.8,0.0,0.0,0.0,0.0,0.18888888888888888,0.011111111111111112,0.9175257731958762,0.05154639175257732,0.020618556701030927,0.0,0.010309278350515464,0.6428571428571429,0.6928571428571428,4.948759890378168,3.6375861597263857
"Larnaca, CY","Thessaloniki, GR",32,1126.84,0.0,0.0,0.0,0.0,0.0,0.6363636363636364,0.0,0.0,0.36363636363636365,0.0,0.0,0.0,1.0,0.0,0.0,0.0,0.0,0.6875,0.875,3.4965075614664802,2.1972245773362196
"Larnaca, CY","Warsaw, PL",22,2175.43,0.0,0.0,0.0,0.42857142857142855,0.0,0.0,0.0,0.0,0.5714285714285714,0.0,0.0,0.0,0.5714285714285714,0.35714285714285715,0.0,0.07142857142857142,0.0,0.9545454545454546,0.6363636363636364,3.1354942159291497,1.791759469228055
"Larnaca, CY","Munich, DE",22,2339.52,1.0,0.0,0.0,0.0,0.0,0.0,0.0,0.0,0.0,0.0,0.0,0.0,1.0,0.0,0.0,0.0,0.0,0.9545454545454546,0.9545454545454546,3.1354942159291497,1.791759469228055
"Düsseldorf, DE","Lisbon, PT",21,1861.7300000000002,0.0,0.0,0.0,0.0,1.0,0.0,0.0,0.0,0.0,0.0,0.0,0.0,0.4375,0.0,0.0,0.5625,0.0,0.7619047619047619,0.7619047619047619,3.091042453358316,1.791759469228055
"Lisbon, PT","Paris, FR",191,1478.72,0.0,0.23404255319148937,0.0,0.0,0.3829787234042553,0.0,0.0,0.09042553191489362,0.0,0.2712765957446808,0.02127659574468085,0.0,0.9325153374233128,0.049079754601226995,0.0,0.0,0.018404907975460124,0.9842931937172775,0.8534031413612565,5.2574953720277815,3.912023005428146
"Frankfurt am Main, DE","Lisbon, PT",58,1872.71,0.4827586206896552,0.0,0.0,0.0,0.5172413793103449,0.0,0.0,0.0,0.0,0.0,0.0,0.0,1.0,0.0,0.0,0.0,0.0,1.0,0.9482758620689655,4.07753744390572,2.5649493574615367
"Lisbon, PT","Munich, DE",50,1983.6100000000001,0.38,0.0,0.0,0.0,0.62,0.0,0.0,0.0,0.0,0.0,0.0,0.0,1.0,0.0,0.0,0.0,0.0,1.0,0.9,3.9318256327243257,2.3978952727983707
"Lisbon, PT","Porto, PT",130,277.01,0.0,0.0,0.0,0.0,0.9663865546218487,0.0,0.008403361344537815,0.008403361344537815,0.0,0.0,0.0,0.01680672268907563,0.6666666666666666,0.008771929824561403,0.07894736842105263,0.23684210526315788,0.008771929824561403,0.9153846153846154,0.8769230769230769,4.875197323201151,3.5263605246161616
"Lisbon, PT","Madrid, ES",198,502.13999999999993,0.0,0.0,0.3287671232876712,0.0,0.4315068493150685,0.0,0.0410958904109589,0.19863013698630136,0.0,0.0,0.0,0.0,0.6214689265536724,0.22033898305084745,0.0,0.15819209039548024,0.0,0.7373737373737373,0.8939393939393939,5.293304824724492,3.912023005428146
"Lisbon, PT","Zurich, CH",60,1723.08,0.3793103448275862,0.0,0.0,0.0,0.5,0.0,0.0,0.1206896551724138,0.0,0.0,0.0,0.0,0.9245283018867925,0.0,0.07547169811320754,0.0,0.0,0.9666666666666667,0.8833333333333333,4.110873864173311,2.70805020110221
"Berlin, DE","Lisbon, PT",28,2303.19,0.0,0.0,0.0,0.0,0.7037037037037037,0.0,0.2962962962962963,0.0,0.0,0.0,0.0,0.0,0.7307692307692307,0.2692307692307692,0.0,0.0,0.0,0.9642857142857143,0.9285714285714286,3.367295829986474,2.302585092994046
"Lisbon, PT","Zaventem, BE",25,1717.4699999999998,0.28,0.0,0.0,0.0,0.72,0.0,0.0,0.0,0.0,0.0,0.0,0.0,1.0,0.0,0.0,0.0,0.0,1.0,0.96,3.258096538021482,2.3978952727983707
"Lisbon, PT","Rome, IT",66,1854.0400000000002,0.0,0.0,0.0,0.0,0.7368421052631579,0.0,0.2631578947368421,0.0,0.0,0.0,0.0,0.0,0.7704918032786885,0.22950819672131148,0.0,0.0,0.0,0.8636363636363636,0.9242424242424242,4.204692619390966,2.70805020110221
"Lisbon, PT","Toulouse/Blagnac, FR",24,1029.41,0.0,0.0,0.0,0.0,0.75,0.0,0.25,0.0,0.0,0.0,0.0,0.0,0.0,0.2631578947368421,0.0,0.7368421052631579,0.0,1.0,0.7916666666666666,3.2188758248682006,2.1972245773362196
"Lisbon, PT","London, GB",176,1581.9700000000003,0.0,0.0,0.2742857142857143,0.0,0.3942857142857143,0.0,0.15428571428571428,0.17142857142857143,0.0,0.0,0.0,0.005714285714285714,0.7914110429447853,0.147239263803681,0.006134969325153374,0.05521472392638037,0.0,0.9943181818181818,0.9261363636363636,5.176149732573829,3.912023005428146
"Lisbon, PT","Marignane, Bouches-du-Rhône, FR",24,1306.64,0.0,0.0,0.0,0.0,0.6666666666666666,0.0,0.3333333333333333,0.0,0.0,0.0,0.0,0.0,0.0,0.3684210526315789,0.0,0.631578947368421,0.0,1.0,0.7916666666666666,3.2188758248682006,2.302585092994046
"Ferno (VA), IT","Lisbon, PT",60,1651.71,0.0,0.0,0.0,0.0,0.48333333333333334,0.0,0.0,0.5166666666666667,0.0,0.0,0.0,0.0,1.0,0.0,0.0,0.0,0.0,1.0,0.75,4.110873864173311,2.995732273553991
"Lisbon, PT","Manchester, Greater Manchester, GB",32,1702.15,0.0,0.0,0.0,0.0,0.375,0.0,0.40625,0.21875,0.0,0.0,0.0,0.0,0.2727272727272727,0.4090909090909091,0.0,0.3181818181818182,0.0,1.0,0.6875,3.4965075614664802,2.6390573296152584
"Lisbon, PT","Málaga, ES",27,470.18,0.0,0.0,0.0,0.0,0.8518518518518519,0.0,0.14814814814814814,0.0,0.0,0.0,0.0,0.0,0.0,0.16666666666666666,0.0,0.8333333333333334,0.0,1.0,0.8888888888888888,3.332204510175204,2.1972245773362196
"Dublin, IE","Lisbon, PT",52,1643.37,0.0,0.0,0.19607843137254902,0.0,0.39215686274509803,0.0,0.4117647058823529,0.0,0.0,0.0,0.0,0.0,0.21739130434782608,0.3695652173913043,0.0,0.41304347826086957,0.0,0.9807692307692307,0.8846153846153846,3.970291913552122,2.995732273553991
"Colombier-Saugnieu, Rhône, FR","Lisbon, PT",29,1399.35,0.0,0.0,0.0,0.0,0.5172413793103449,0.0,0.0,0.4827586206896552,0.0,0.0,0.0,0.0,0.5714285714285714,0.0,0.0,0.42857142857142855,0.0,1.0,0.7241379310344828,3.4011973816621555,2.70805020110221
"Lisbon, PT","Luton, Luton, GB",22,1606.45,0.0,0.0,0.0,0.0,0.0,0.0,0.0,0.95,0.0,0.0,0.0,0.05,0.9047619047619048,0.0,0.047619047619047616,0.047619047619047616,0.0,0.9090909090909091,0.9545454545454546,3.1354942159291497,2.0794415416798357
"Faro, PT","Lisbon, PT",38,221.32,0.0,0.0,0.0,0.0,1.0,0.0,0.0,0.0,0.0,0.0,0.0,0.0,0.6666666666666666,0.0,0.0,0.30303030303030304,0.030303030303030304,0.868421052631579,0.868421052631579,3.6635616461296463,2.302585092994046
"Lisbon, PT","Warsaw, PL",23,2749.1,0.0,0.0,0.0,0.391304347826087,0.43478260869565216,0.0,0.0,0.0,0.17391304347826086,0.0,0.0,0.0,0.8125,0.1875,0.0,0.0,0.0,1.0,0.6956521739130435,3.1780538303479458,2.1972245773362196
"Copenhagen, DK","Lisbon, PT",25,2471.7999999999997,0.0,0.0,0.0,0.2608695652173913,0.7391304347826086,0.0,0.0,0.0,0.0,0.0,0.0,0.0,0.9473684210526315,0.05263157894736842,0.0,0.0,0.0,0.92,0.76,3.258096538021482,2.3978952727983707
"Lisbon, PT","Vienna, AT",23,2305.01,0.0,0.0,0.0,0.0,0.45454545454545453,0.0,0.5454545454545454,0.0,0.0,0.0,0.0,0.0,0.9,0.0,0.1,0.0,0.0,0.9565217391304348,0.8695652173913043,3.1780538303479458,2.1972245773362196
"Istanbul, TR","Lisbon, PT",22,3232.59,0.0,0.0,0.0,0.0,0.0,1.0,0.0,0.0,0.0,0.0,0.0,0.0,0.9444444444444444,0.0,0.05555555555555555,0.0,0.0,1.0,0.8181818181818182,3.1354942159291497,2.0794415416798357
"Lisbon, PT","Luxembourg, LU",34,1711.6,0.0,0.0,0.0,0.0,0.2647058823529412,0.0,0.20588235294117646,0.2647058823529412,0.0,0.0,0.0,0.2647058823529412,0.5666666666666667,0.43333333333333335,0.0,0.0,0.0,1.0,0.8823529411764706,3.5553480614894135,2.6390573296152584
"Liverpool, GB","Málaga, ES",25,1856.91,0.0,0.0,0.0,0.0,0.0,0.0,0.44,0.56,0.0,0.0,0.0,0.0,0.56,0.44,0.0,0.0,0.0,1.0,1.0,3.258096538021482,1.6094379124341003
"London, GB","Porto, PT",88,1317.39,0.0,0.0,0.0,0.0,0.25,0.0,0.5416666666666666,0.19444444444444445,0.0,0.0,0.0,0.013888888888888888,0.5287356321839081,0.4367816091954023,0.0,0.022988505747126436,0.011494252873563218,0.8181818181818182,0.9886363636363636,4.48863636973214,3.091042453358316
"London, GB","Stockholm, SE",182,1431.46,0.0,0.0,0.348993288590604,0.40268456375838924,0.0,0.0,0.21476510067114093,0.0,0.0,0.0,0.006711409395973154,0.026845637583892617,0.5328467153284672,0.4233576642335766,0.021897810218978103,0.014598540145985401,0.0072992700729927005,0.8186813186813187,0.7527472527472527,5.209486152841421,3.8918202981106265
"London, GB","Málaga, ES",199,1686.65,0.0,0.0,0.16560509554140126,0.0,0.0,0.0,0.25477707006369427,0.267515923566879,0.0,0.267515923566879,0.0,0.044585987261146494,0.7486033519553073,0.20670391061452514,0.0,0.0446927374301676,0.0,0.7889447236180904,0.8994974874371859,5.298317366548036,3.871201010907891
"London, GB","Stuttgart, DE",50,730.7,0.0,0.0,0.9655172413793104,0.0,0.0,0.0,0.0,0.0,0.0,0.0,0.0,0.034482758620689655,0.9333333333333333,0.0,0.0,0.0,0.06666666666666667,0.58,0.9,3.9318256327243257,2.5649493574615367
"London, GB","Segrate (MI), IT",241,961.1899999999999,0.0,0.0,0.44541484716157204,0.0,0.27074235807860264,0.0,0.0,0.10480349344978165,0.0,0.0,0.0,0.17903930131004367,0.8082191780821918,0.0,0.0091324200913242,0.1598173515981735,0.0228310502283105,0.950207468879668,0.9087136929460581,5.488937726156687,4.0943445622221
"London, GB","Luxembourg, LU",118,488.62,0.0,0.0,0.2457627118644068,0.0,0.0,0.0,0.22033898305084745,0.0,0.0,0.0,0.01694915254237288,0.5169491525423728,0.25663716814159293,0.19469026548672566,0.017699115044247787,0.5309734513274337,0.0,1.0,0.9576271186440678,4.77912349311153,3.4339872044851463
"London, GB","Prague, CZ",126,1015.4900000000001,0.0,0.0,0.5405405405405406,0.0,0.0,0.0,0.2972972972972973,0.16216216216216217,0.0,0.0,0.0,0.0,0.7345132743362832,0.23893805309734514,0.0,0.0,0.02654867256637168,0.8809523809523809,0.8968253968253969,4.844187086458591,3.5553480614894135
"London, GB","Marignane, Bouches-du-Rhône, FR",68,979.9100000000001,0.0,0.0,0.4117647058823529,0.0,0.0,0.0,0.35294117647058826,0.23529411764705882,0.0,0.0,0.0,0.0,0.75,0.25,0.0,0.0,0.0,1.0,0.8235294117647058,4.23410650459726,2.70805020110221
"London, GB","Zaventem, BE",67,322.49,0.36507936507936506,0.0,0.5555555555555556,0.0,0.0,0.0,0.0,0.0,0.0,0.0,0.047619047619047616,0.031746031746031744,0.864406779661017,0.0,0.11864406779661017,0.0,0.01694915254237288,0.9402985074626866,0.8805970149253731,4.219507705176107,3.258096538021482
"London, GB","Nice, Alpes-Maritimes, FR",44,1027.67,0.0,0.0,0.6428571428571429,0.0,0.0,0.0,0.0,0.35714285714285715,0.0,0.0,0.0,0.0,1.0,0.0,0.0,0.0,0.0,0.9545454545454546,0.9318181818181818,3.8066624897703196,3.1780538303479458
"London, GB","Vienna, AT",143,1247.34,0.35251798561151076,0.0,0.38848920863309355,0.0,0.0,0.0,0.2589928057553957,0.0,0.0,0.0,0.0,0.0,0.883495145631068,0.08737864077669903,0.009708737864077669,0.009708737864077669,0.009708737864077669,0.972027972027972,0.7202797202797203,4.969813299576001,3.5263605246161616
"London, GB","Munich, DE",229,915.1500000000001,0.31446540880503143,0.0,0.49056603773584906,0.0,0.0,0.0,0.0,0.18867924528301888,0.0,0.0,0.0,0.006289308176100629,0.9939024390243902,0.0,0.006097560975609756,0.0,0.0,0.6943231441048034,0.7161572052401747,5.438079308923196,4.110873864173311
"London, GB","Paris, FR",367,294.11000000000007,0.0,0.2735562310030395,0.3282674772036474,0.0,0.0,0.0,0.0,0.1945288753799392,0.0,0.1276595744680851,0.0547112462006079,0.02127659574468085,0.8712871287128713,0.0033003300330033004,0.0858085808580858,0.0165016501650165,0.0231023102310231,0.896457765667575,0.8256130790190735,5.908082938168931,4.709530201312334
"London, GB","Valletta, MT",104,2089.07,0.0,0.0,0.06382978723404255,0.0,0.0,0.0,0.2553191489361702,0.5531914893617021,0.0,0.0851063829787234,0.0,0.0425531914893617,0.8585858585858586,0.12121212121212122,0.0,0.020202020202020204,0.0,0.4519230769230769,0.9519230769230769,4.653960350157523,3.4339872044851463
"London, GB","Toulouse/Blagnac, FR",62,882.51,0.0,0.0,0.5483870967741935,0.0,0.0,0.0,0.3225806451612903,0.12903225806451613,0.0,0.0,0.0,0.0,0.7,0.3,0.0,0.0,0.0,1.0,0.967741935483871,4.143134726391533,2.70805020110221
"London, GB","Seville, ES",84,1632.89,0.0,0.0,0.0,0.0,0.0,0.0,0.3,0.4,0.0,0.2857142857142857,0.0,0.014285714285714285,0.7407407407407407,0.2345679012345679,0.012345679012345678,0.012345679012345678,0.0,0.8333333333333334,0.9642857142857143,4.442651256490317,3.2188758248682006
"London, GB","Palma de Mallorca, ES",62,1346.89,0.0,0.0,0.0,0.0,0.0,0.0,0.3137254901960784,0.5490196078431373,0.0,0.0,0.0,0.13725490196078433,0.6666666666666666,0.16666666666666666,0.0,0.1,0.06666666666666667,0.8225806451612904,0.967741935483871,4.143134726391533,3.367295829986474
"London, GB","Madrid, ES",370,1262.96,0.0,0.0,0.6245954692556634,0.0,0.0,0.0,0.21359223300970873,0.08414239482200647,0.0,0.0,0.0,0.07766990291262135,0.6413793103448275,0.2206896551724138,0.04827586206896552,0.08620689655172414,0.0034482758620689655,0.8351351351351352,0.7837837837837838,5.916202062607435,4.330733340286331
"London, GB","Rome, IT",227,1434.95,0.0,0.0,0.38222222222222224,0.0,0.10666666666666667,0.0,0.28888888888888886,0.17777777777777778,0.0,0.035555555555555556,0.0,0.008888888888888889,0.6862745098039216,0.3088235294117647,0.0,0.0,0.004901960784313725,0.9911894273127754,0.8986784140969163,5.429345628954441,3.9512437185814275
"London, GB","Valencia, ES",40,1337.0,0.0,0.0,0.15,0.0,0.0,0.0,0.35,0.4,0.0,0.1,0.0,0.0,0.7647058823529411,0.23529411764705882,0.0,0.0,0.0,1.0,0.85,3.713572066704308,2.833213344056216
"London, GB","Nantes, FR",46,497.48,0.0,0.0,0.0,0.0,0.0,0.0,0.4666666666666667,0.5333333333333333,0.0,0.0,0.0,0.0,0.5333333333333333,0.4444444444444444,0.0,0.0,0.022222222222222223,0.9782608695652174,0.9782608695652174,3.8501476017100584,2.6390573296152584
"London, GB","Warsaw, PL",91,1437.7300000000002,0.0,0.0,0.5125,0.475,0.0,0.0,0.0,0.0,0.0,0.0125,0.0,0.0,0.5949367088607594,0.3670886075949367,0.0,0.02531645569620253,0.012658227848101266,0.8791208791208791,0.8681318681318682,4.5217885770490405,3.044522437723423
"London, GB","Manchester, Greater Manchester, GB",128,254.66999999999993,0.0,0.0,0.0,0.0,0.0,0.0,0.008130081300813009,0.04065040650406504,0.0,0.032520325203252036,0.0,0.9186991869918699,0.9380530973451328,0.017699115044247787,0.04424778761061947,0.0,0.0,0.9609375,0.8828125,4.859812404361672,3.784189633918261
"London, GB","Rotterdam, NL",46,312.45,0.0,0.0,0.0,0.0,0.0,0.0,0.0,0.0,0.0,0.18181818181818182,0.0,0.8181818181818182,0.0,0.17391304347826086,0.0,0.782608695652174,0.043478260869565216,0.9565217391304348,1.0,3.8501476017100584,2.833213344056216
"London, GB","Zurich, CH",347,766.0399999999998,0.49393939393939396,0.0,0.2787878787878788,0.0,0.0,0.0,0.0,0.11515151515151516,0.0,0.0,0.0,0.11212121212121212,0.7751677852348994,0.0,0.013422818791946308,0.19798657718120805,0.013422818791946308,0.9510086455331412,0.8587896253602305,5.8522024797744745,4.51085950651685
"London, GB","Orio al Serio (BG), IT",64,966.03,0.0,0.0,0.0,0.0,0.0,0.0,1.0,0.0,0.0,0.0,0.0,0.0,0.018867924528301886,0.9433962264150944,0.018867924528301886,0.018867924528301886,0.0,0.921875,0.828125,4.174387269895637,2.8903717578961645
"London, GB","Spata-Artemida, GR",129,2403.5,0.0,0.0,0.3739130434782609,0.0,0.0,0.3130434782608696,0.14782608695652175,0.16521739130434782,0.0,0.0,0.0,0.0,0.8811881188118812,0.10891089108910891,0.0,0.009900990099009901,0.0,0.8914728682170543,0.7829457364341085,4.867534450455582,3.6888794541139363
"London, GB","Oslo (Gardermoen), NO",166,1186.72,0.0,0.0,0.358974358974359,0.48717948717948717,0.0,0.008547008547008548,0.11965811965811966,0.0,0.0,0.02564102564102564,0.0,0.0,0.6923076923076923,0.2692307692307692,0.038461538461538464,0.0,0.0,0.7048192771084337,0.7831325301204819,5.117993812416755,3.7376696182833684
"London, GB","Thessaloniki, GR",25,2142.06,0.0,0.0,0.0,0.0,0.0,0.0,0.6,0.4,0.0,0.0,0.0,0.0,0.47619047619047616,0.5238095238095238,0.0,0.0,0.0,1.0,0.84,3.258096538021482,1.791759469228055
"London, GB","Riga, LV",46,1666.4399999999998,0.0,0.0,0.1875,0.0,0.0,0.0,0.8125,0.0,0.0,0.0,0.0,0.0,0.3225806451612903,0.4838709677419355,0.1935483870967742,0.0,0.0,0.6956521739130435,0.6739130434782609,3.8501476017100584,2.70805020110221
"London, GB","Newcastle upon Tyne, Tyne and Wear, GB",84,407.34,0.0,0.0,0.02631578947368421,0.0,0.0,0.0,0.0,0.0,0.0,0.0,0.0,0.9736842105263158,0.95,0.0125,0.0,0.0125,0.025,0.9047619047619048,0.9523809523809523,4.442651256490317,3.258096538021482
"London, GB","Wrocław, PL",39,1174.74,0.0,0.0,0.0,0.0,0.0,0.0,1.0,0.0,0.0,0.0,0.0,0.0,0.1111111111111111,0.8888888888888888,0.0,0.0,0.0,0.8461538461538461,0.9230769230769231,3.6888794541139363,2.3978952727983707
"London, GB","Salzburg, AT",82,1024.28,0.03389830508474576,0.0,0.13559322033898305,0.0,0.0,0.0,0.2711864406779661,0.4067796610169492,0.0,0.13559322033898305,0.0,0.01694915254237288,0.7105263157894737,0.2894736842105263,0.0,0.0,0.0,0.7195121951219512,0.926829268292683,4.418840607796598,3.6635616461296463
"London, GB","Nuremberg, DE",27,816.72,0.0,0.0,0.0,0.0,0.0,0.0,0.9230769230769231,0.0,0.0,0.0,0.0,0.07692307692307693,0.0,1.0,0.0,0.0,0.0,0.9629629629629629,0.7407407407407407,3.332204510175204,2.5649493574615367
"London, GB","Poznań, PL",26,1157.3,0.0,0.0,0.0,0.0,0.0,0.0,1.0,0.0,0.0,0.0,0.0,0.0,0.0,1.0,0.0,0.0,0.0,1.0,0.9230769230769231,3.295836866004329,1.9459101490553132
"Luton, Luton, GB","Wrocław, PL",22,1194.62,0.0,0.0,0.0,0.0,0.0,0.0,0.36363636363636365,0.0,0.5909090909090909,0.0,0.0,0.045454545454545456,0.2,0.8,0.0,0.0,0.0,1.0,0.45454545454545453,3.1354942159291497,2.0794415416798357
"Luton, Luton, GB","Prague, CZ",23,1040.86,0.0,0.0,0.0,0.0,0.0,0.0,0.0,1.0,0.0,0.0,0.0,0.0,0.8888888888888888,0.0,0.0,0.05555555555555555,0.05555555555555555,0.34782608695652173,0.782608695652174,3.1780538303479458,2.0794415416798357
"Luton, Luton, GB","Paris, FR",77,340.35,0.0,0.0,0.0,0.0,0.0,0.0,0.0,0.8166666666666667,0.0,0.0,0.0,0.18333333333333332,0.8064516129032258,0.0,0.04838709677419355,0.04838709677419355,0.0967741935483871,0.7792207792207793,0.8051948051948052,4.356708826689592,3.6635616461296463
"Luton, Luton, GB","Málaga, ES",32,1721.12,0.0,0.0,0.0,0.0,0.0,0.0,0.1935483870967742,0.7741935483870968,0.0,0.0,0.0,0.03225806451612903,0.75,0.1875,0.0,0.03125,0.03125,0.96875,1.0,3.4965075614664802,2.3978952727983707
"Luton, Luton, GB","Warsaw, PL",38,1452.28,0.0,0.0,0.0,0.0,0.0,0.0,0.0,0.0,1.0,0.0,0.0,0.0,1.0,0.0,0.0,0.0,0.0,1.0,0.9210526315789473,3.6635616461296463,1.9459101490553132
"Luton, Luton, GB","Zurich, CH",23,807.12,0.0,0.0,0.0,0.0,0.0,0.0,0.0,0.8235294117647058,0.0,0.0,0.0,0.17647058823529413,0.7368421052631579,0.0,0.10526315789473684,0.05263157894736842,0.10526315789473684,0.7391304347826086,0.8260869565217391,3.1780538303479458,2.6390573296152584
"Luton, Luton, GB","Segrate (MI), IT",21,1004.8600000000001,0.0,0.0,0.0,0.0,0.0,0.0,0.0,0.0,0.0,0.0,0.0,1.0,0.0,0.0,0.5,0.125,0.375,0.3333333333333333,0.38095238095238093,3.091042453358316,3.044522437723423
"Luxembourg, LU","Munich, DE",46,430.51,0.6666666666666666,0.0,0.0,0.0,0.0,0.0,0.0,0.0,0.0,0.0,0.0,0.3333333333333333,0.0,0.0,0.0,1.0,0.0,0.9130434782608695,0.43478260869565216,3.8501476017100584,2.70805020110221
"Luxembourg, LU","Porto, PT",68,1484.81,0.0,0.0,0.0,0.0,0.11764705882352941,0.0,0.3382352941176471,0.23529411764705882,0.0,0.0,0.014705882352941176,0.29411764705882354,0.34375,0.640625,0.015625,0.0,0.0,1.0,0.9411764705882353,4.23410650459726,2.995732273553991
"Luxembourg, LU","Zurich, CH",24,296.16,1.0,0.0,0.0,0.0,0.0,0.0,0.0,0.0,0.0,0.0,0.0,0.0,0.6666666666666666,0.0,0.3333333333333333,0.0,0.0,1.0,0.75,3.2188758248682006,1.9459101490553132
"Luxembourg, LU","Vienna, AT",32,775.44,0.0,0.0,0.0,0.0,0.0,0.0,0.0,0.0,0.0,0.0,0.0,1.0,0.0,0.14285714285714285,0.0,0.8571428571428571,0.0,1.0,0.875,3.4965075614664802,1.9459101490553132
"Luxembourg, LU","Madrid, ES",27,1282.01,0.0,0.0,0.0,0.0,0.0,0.0,0.5185185185185185,0.0,0.0,0.0,0.0,0.48148148148148145,0.0,1.0,0.0,0.0,0.0,1.0,0.7407407407407407,3.332204510175204,2.0794415416798357
"Luxembourg, LU","Segrate (MI), IT",22,518.6799999999998,0.0,0.0,0.0,0.0,0.0,0.0,0.0,0.7777777777777778,0.0,0.0,0.0,0.2222222222222222,0.7894736842105263,0.0,0.0,0.21052631578947367,0.0,0.8181818181818182,0.8636363636363636,3.1354942159291497,2.3978952727983707
"Luxembourg, LU","Paris, FR",39,288.7,0.0,0.0,0.0,0.0,0.0,0.0,0.0,0.0,0.0,0.0,0.0,1.0,0.0,0.05714285714285714,0.0,0.9428571428571428,0.0,0.8717948717948718,0.8974358974358975,3.6888794541139363,2.4849066497880004
"Madrid, ES","Paris, FR",330,1090.58,0.0,0.2545454545454545,0.5236363636363637,0.0,0.0,0.0,0.0,0.0,0.0,0.18181818181818182,0.03636363636363636,0.0036363636363636364,0.7010309278350515,0.25773195876288657,0.010309278350515464,0.01718213058419244,0.013745704467353952,0.8333333333333334,0.8818181818181818,5.802118375377063,4.2626798770413155
"Madrid, ES","Vienna, AT",57,1816.55,0.0,0.0,0.7777777777777778,0.0,0.0,0.0,0.2222222222222222,0.0,0.0,0.0,0.0,0.0,0.96,0.0,0.02,0.0,0.02,0.9473684210526315,0.8771929824561403,4.060443010546419,2.70805020110221
"Madrid, ES","Zaventem, BE",80,1323.8600000000001,0.2903225806451613,0.0,0.46774193548387094,0.0,0.0,0.0,0.1774193548387097,0.0,0.0,0.0,0.06451612903225806,0.0,0.7096774193548387,0.24193548387096775,0.04838709677419355,0.0,0.0,0.775,0.775,4.394449154672439,3.367295829986474
"Madrid, ES","Zurich, CH",105,1249.91,0.28,0.0,0.6933333333333334,0.0,0.0,0.0,0.0,0.0,0.0,0.0,0.0,0.02666666666666667,0.5421686746987951,0.3373493975903614,0.04819277108433735,0.060240963855421686,0.012048192771084338,0.7142857142857143,0.7904761904761904,4.663439094112067,3.091042453358316
"Madrid, ES","Prague, CZ",52,1760.57,0.0,0.0,0.48,0.0,0.0,0.0,0.32,0.0,0.0,0.2,0.0,0.0,0.5333333333333333,0.4444444444444444,0.0,0.0,0.022222222222222223,0.9615384615384616,0.8653846153846154,3.970291913552122,2.70805020110221
"Madrid, ES","Málaga, ES",132,423.82000000000005,0.0,0.0,0.7368421052631579,0.0,0.0,0.0,0.15789473684210525,0.0,0.0,0.0,0.0,0.10526315789473684,0.11607142857142858,0.7142857142857143,0.008928571428571428,0.125,0.03571428571428571,0.14393939393939395,0.8484848484848485,4.890349128221754,3.6635616461296463
"Madrid, ES","Manchester, Greater Manchester, GB",43,1440.1999999999998,0.0,0.0,0.0,0.0,0.0,0.0,0.7878787878787878,0.21212121212121213,0.0,0.0,0.0,0.0,0.4358974358974359,0.5641025641025641,0.0,0.0,0.0,0.7674418604651163,0.9069767441860465,3.784189633918261,2.3978952727983707
"Madrid, ES","Rome, IT",211,1355.46,0.0,0.0,0.5477707006369427,0.0,0.2356687898089172,0.0,0.21656050955414013,0.0,0.0,0.0,0.0,0.0,0.7058823529411765,0.29411764705882354,0.0,0.0,0.0,0.7440758293838863,0.966824644549763,5.356586274672012,3.6635616461296463
"Madrid, ES","Porto, PT",146,430.45,0.0,0.0,0.5,0.0,0.0,0.0,0.35294117647058826,0.0,0.0,0.0,0.029411764705882353,0.11764705882352941,0.23357664233576642,0.5620437956204379,0.058394160583941604,0.145985401459854,0.0,0.4657534246575342,0.9383561643835616,4.990432586778736,3.5553480614894135
"Madrid, ES","Palma de Mallorca, ES",271,555.27,0.0,0.0,0.0,0.0,0.0,0.0,0.9305555555555556,0.0,0.0,0.0,0.0,0.06944444444444445,0.3948497854077253,0.5665236051502146,0.012875536480686695,0.004291845493562232,0.02145922746781116,0.2656826568265683,0.8597785977859779,5.605802066295998,4.219507705176107
"Madrid, ES","Oslo (Gardermoen), NO",22,2422.28,0.0,0.0,1.0,0.0,0.0,0.0,0.0,0.0,0.0,0.0,0.0,0.0,0.5882352941176471,0.23529411764705882,0.058823529411764705,0.11764705882352941,0.0,0.6363636363636364,0.7727272727272727,3.1354942159291497,2.3978952727983707
"Madrid, ES","Orio al Serio (BG), IT",32,1231.66,0.0,0.0,0.0,0.0,0.0,0.0,0.9655172413793104,0.0,0.0,0.0,0.0,0.034482758620689655,0.0,0.9166666666666666,0.041666666666666664,0.0,0.041666666666666664,0.90625,0.75,3.4965075614664802,2.4849066497880004
"Madrid, ES","Seville, ES",79,386.0,0.0,0.0,0.0,0.0,0.0,0.0,0.0,0.0,0.0,0.0,0.7142857142857143,0.2857142857142857,0.6031746031746031,0.07936507936507936,0.015873015873015872,0.20634920634920634,0.09523809523809523,0.08860759493670886,0.7974683544303798,4.382026634673881,3.5263605246161616
"Madrid, ES","Munich, DE",106,1507.29,0.9069767441860465,0.0,0.09302325581395349,0.0,0.0,0.0,0.0,0.0,0.0,0.0,0.0,0.0,0.5131578947368421,0.15789473684210525,0.0,0.3157894736842105,0.013157894736842105,0.4056603773584906,0.7169811320754716,4.672828834461906,2.995732273553991
"Madrid, ES","Segrate (MI), IT",55,1190.88,0.0,0.0,0.9411764705882353,0.0,0.0,0.0,0.0,0.0,0.0,0.0,0.0,0.058823529411764705,0.9090909090909091,0.0,0.0,0.045454545454545456,0.045454545454545456,0.9272727272727272,0.8,4.02535169073515,2.8903717578961645
"Madrid, ES","Spata-Artemida, GR",40,2387.1199999999994,0.0,0.0,0.48484848484848486,0.0,0.0,0.5151515151515151,0.0,0.0,0.0,0.0,0.0,0.0,1.0,0.0,0.0,0.0,0.0,0.825,0.625,3.713572066704308,2.4849066497880004
"Madrid, ES","Marignane, Bouches-du-Rhône, FR",42,807.2899999999998,0.0,0.0,0.0,0.0,0.0,0.0,0.0,0.0,0.0,0.0,0.0,0.0,0.0,0.0,0.0,1.0,0.0,0.0,0.8333333333333334,3.7612001156935624,2.0794415416798357
"Madrid, ES","Toulouse/Blagnac, FR",44,547.38,0.0,0.0,0.0,0.0,0.0,0.0,0.0,0.0,0.0,1.0,0.0,0.0,0.06666666666666667,0.0,0.0,0.9,0.03333333333333333,0.045454545454545456,0.6818181818181818,3.8066624897703196,2.4849066497880004
"Madrid, ES","Santiago de Compostela, ES",41,479.3399999999999,0.0,0.0,0.9473684210526315,0.0,0.0,0.0,0.05263157894736842,0.0,0.0,0.0,0.0,0.0,0.5135135135135135,0.08108108108108109,0.0,0.3783783783783784,0.02702702702702703,0.4634146341463415,0.9024390243902439,3.7376696182833684,3.1780538303479458
"Madrid, ES","Warsaw, PL",28,2281.93,0.0,0.0,0.0,0.5,0.0,0.0,0.0,0.0,0.5,0.0,0.0,0.0,0.5555555555555556,0.3333333333333333,0.0,0.1111111111111111,0.0,1.0,0.6428571428571429,3.367295829986474,1.6094379124341003
"Madrid, ES","Valletta, MT",27,1665.34,0.0,0.0,0.043478260869565216,0.0,0.0,0.0,0.9565217391304348,0.0,0.0,0.0,0.0,0.0,0.2,0.8,0.0,0.0,0.0,0.8518518518518519,0.7407407407407407,3.332204510175204,2.302585092994046
"Madrid, ES","Nantes, FR",37,765.49,0.0,0.0,0.0,0.0,0.0,0.0,0.0,0.3333333333333333,0.0,0.6666666666666666,0.0,0.0,0.3076923076923077,0.0,0.0,0.6923076923076923,0.0,0.32432432432432434,0.7027027027027027,3.6375861597263857,2.302585092994046
"Madrid, ES","Valencia, ES",64,291.99,0.0,0.0,0.0,0.0,0.0,0.0,0.5,0.0,0.0,0.0,0.0,0.5,0.0,0.3333333333333333,0.0,0.49122807017543857,0.17543859649122806,0.03125,0.890625,4.174387269895637,3.4657359027997265
"Manchester, Greater Manchester, GB","Prague, CZ",53,1191.92,0.0,0.0,0.0,0.0,0.0,0.0,0.4230769230769231,0.4230769230769231,0.0,0.15384615384615385,0.0,0.0,0.4888888888888889,0.4888888888888889,0.0,0.022222222222222223,0.0,0.9811320754716981,0.8490566037735849,3.9889840465642745,2.4849066497880004
"Manchester, Greater Manchester, GB","Paris, FR",120,548.7400000000001,0.0,0.41739130434782606,0.0,0.0,0.0,0.0,0.0,0.5304347826086957,0.0,0.0,0.034782608695652174,0.017391304347826087,0.89,0.04,0.0,0.07,0.0,0.9583333333333334,0.8333333333333334,4.795790545596741,3.367295829986474
"Manchester, Greater Manchester, GB","Munich, DE",38,1130.1300000000003,0.0,0.0,0.0,0.0,0.0,0.0,0.0,1.0,0.0,0.0,0.0,0.0,1.0,0.0,0.0,0.0,0.0,0.15789473684210525,0.42105263157894735,3.6635616461296463,2.1972245773362196
"Manchester, Greater Manchester, GB","Rome, IT",40,1686.03,0.0,0.0,0.0,0.0,0.0,0.0,0.625,0.175,0.0,0.2,0.0,0.0,0.2,0.8,0.0,0.0,0.0,1.0,0.875,3.713572066704308,2.1972245773362196
"Manchester, Greater Manchester, GB","Valletta, MT",30,2343.31,0.0,0.0,0.0,0.0,0.0,0.0,0.3333333333333333,0.4666666666666667,0.0,0.2,0.0,0.0,0.6363636363636364,0.36363636363636365,0.0,0.0,0.0,1.0,0.7333333333333333,3.4339872044851463,2.1972245773362196
"Manchester, Greater Manchester, GB","Oslo (Gardermoen), NO",28,1111.5200000000002,0.0,0.0,0.0,0.7272727272727273,0.0,0.0,0.0,0.13636363636363635,0.0,0.13636363636363635,0.0,0.0,0.7727272727272727,0.22727272727272727,0.0,0.0,0.0,0.7857142857142857,0.7857142857142857,3.367295829986474,2.4849066497880004
"Manchester, Greater Manchester, GB","Zurich, CH",48,1007.0599999999998,0.7391304347826086,0.0,0.0,0.0,0.0,0.0,0.0,0.2608695652173913,0.0,0.0,0.0,0.0,0.7727272727272727,0.0,0.13636363636363635,0.06818181818181818,0.022727272727272728,0.9583333333333334,0.9166666666666666,3.8918202981106265,2.5649493574615367
"Manchester, Greater Manchester, GB","Málaga, ES",54,1862.0800000000002,0.0,0.0,0.0,0.0,0.0,0.0,0.37735849056603776,0.2641509433962264,0.0,0.33962264150943394,0.0,0.018867924528301886,0.5,0.5,0.0,0.0,0.0,0.9814814814814815,0.8888888888888888,4.007333185232471,2.70805020110221
"Marignane, Bouches-du-Rhône, FR","Paris, FR",186,690.55,0.0,0.987012987012987,0.0,0.0,0.0,0.0,0.0,0.0,0.0,0.012987012987012988,0.0,0.0,0.8790322580645161,0.11290322580645161,0.0,0.0,0.008064516129032258,0.8279569892473119,0.6666666666666666,5.231108616854587,3.7376696182833684
"Marignane, Bouches-du-Rhône, FR","Nantes, FR",48,674.48,0.0,0.0,0.0,0.0,0.0,0.0,0.5957446808510638,0.0,0.0,0.40425531914893614,0.0,0.0,0.0,1.0,0.0,0.0,0.0,0.9791666666666666,0.8333333333333334,3.8918202981106265,2.70805020110221
"Marignane, Bouches-du-Rhône, FR","Toulouse/Blagnac, FR",21,310.95,0.0,0.0,0.0,0.0,0.0,0.0,0.0,0.0,0.0,1.0,0.0,0.0,0.0,0.0,0.0,0.0,0.0,0.09523809523809523,0.0,3.091042453358316,2.0794415416798357
"Marignane, Bouches-du-Rhône, FR","Munich, DE",24,746.16,1.0,0.0,0.0,0.0,0.0,0.0,0.0,0.0,0.0,0.0,0.0,0.0,1.0,0.0,0.0,0.0,0.0,1.0,0.75,3.2188758248682006,1.9459101490553132
"Munich, DE","Paris, FR",140,705.65,0.40298507462686567,0.4925373134328358,0.0,0.0,0.0,0.0,0.0,0.0,0.0,0.0,0.08208955223880597,0.022388059701492536,0.75,0.038461538461538464,0.009615384615384616,0.17307692307692307,0.028846153846153848,0.9571428571428572,0.7428571428571429,4.948759890378168,3.5263605246161616
"Munich, DE","Poznań, PL",24,576.01,1.0,0.0,0.0,0.0,0.0,0.0,0.0,0.0,0.0,0.0,0.0,0.0,0.0,0.0,0.0,1.0,0.0,1.0,0.08333333333333333,3.2188758248682006,1.6094379124341003
"Munich, DE","Stuttgart, DE",46,192.5,0.9772727272727273,0.0,0.0,0.0,0.0,0.0,0.0,0.0,0.0,0.0,0.0,0.022727272727272728,0.8928571428571429,0.0,0.0,0.07142857142857142,0.03571428571428571,0.9565217391304348,0.6086956521739131,3.8501476017100584,2.6390573296152584
"Munich, DE","Oslo (Gardermoen), NO",51,1317.29,0.813953488372093,0.0,0.0,0.18604651162790697,0.0,0.0,0.0,0.0,0.0,0.0,0.0,0.0,0.8536585365853658,0.14634146341463414,0.0,0.0,0.0,0.8431372549019608,0.803921568627451,3.9512437185814275,2.3978952727983707
"Munich, DE","Thessaloniki, GR",24,1241.52,0.0,0.0,0.0,0.0,0.0,1.0,0.0,0.0,0.0,0.0,0.0,0.0,1.0,0.0,0.0,0.0,0.0,1.0,1.0,3.2188758248682006,1.6094379124341003
"Munich, DE","Toulouse/Blagnac, FR",28,960.12,1.0,0.0,0.0,0.0,0.0,0.0,0.0,0.0,0.0,0.0,0.0,0.0,1.0,0.0,0.0,0.0,0.0,1.0,0.7857142857142857,3.367295829986474,1.9459101490553132
"Munich, DE","Palma de Mallorca, ES",49,1215.74,0.0,0.0,0.0,0.0,0.0,0.0,0.0,0.0,0.0,0.0,0.0,0.0,0.9333333333333333,0.0,0.03333333333333333,0.03333333333333333,0.0,0.0,0.6122448979591837,3.912023005428146,2.833213344056216
"Munich, DE","Spata-Artemida, GR",78,1517.68,0.6206896551724138,0.0,0.0,0.0,0.0,0.3620689655172414,0.0,0.0,0.0,0.0,0.0,0.017241379310344827,0.8823529411764706,0.0,0.10294117647058823,0.0,0.014705882352941176,0.7435897435897436,0.8717948717948718,4.3694478524670215,2.995732273553991
"Munich, DE","Warsaw, PL",81,778.4,0.4935064935064935,0.0,0.0,0.5064935064935064,0.0,0.0,0.0,0.0,0.0,0.0,0.0,0.0,0.38333333333333336,0.1,0.0,0.5166666666666667,0.0,0.9506172839506173,0.7407407407407407,4.406719247264253,2.833213344056216
"Munich, DE","Segrate (MI), IT",48,375.39000000000004,0.65,0.0,0.0,0.0,0.3,0.0,0.0,0.0,0.0,0.0,0.0,0.05,0.9142857142857143,0.02857142857142857,0.0,0.02857142857142857,0.02857142857142857,0.8333333333333334,0.7291666666666666,3.8918202981106265,2.833213344056216
"Munich, DE","Wrocław, PL",32,476.95,1.0,0.0,0.0,0.0,0.0,0.0,0.0,0.0,0.0,0.0,0.0,0.0,0.0,0.0,0.0,1.0,0.0,1.0,0.25,3.4965075614664802,1.9459101490553132
"Munich, DE","Zurich, CH",85,261.08000000000004,0.9710144927536232,0.0,0.0,0.0,0.0,0.0,0.0,0.0,0.0,0.0,0.0,0.028985507246376812,0.68,0.0,0.02,0.28,0.02,0.8117647058823529,0.5882352941176471,4.454347296253507,3.1354942159291497
"Munich, DE","Valletta, MT",38,1408.3600000000001,1.0,0.0,0.0,0.0,0.0,0.0,0.0,0.0,0.0,0.0,0.0,0.0,1.0,0.0,0.0,0.0,0.0,0.10526315789473684,0.8947368421052632,3.6635616461296463,2.5649493574615367
"Munich, DE","Stockholm, SE",54,1301.9600000000003,0.9814814814814815,0.0,0.0,0.0,0.0,0.0,0.0,0.0,0.0,0.018518518518518517,0.0,0.0,0.9807692307692307,0.0,0.0,0.0,0.019230769230769232,1.0,0.9629629629629629,4.007333185232471,2.302585092994046
"Munich, DE","Velika Gorica, HR",37,435.28,0.875,0.0,0.0,0.0,0.0,0.0,0.0,0.0,0.0,0.0,0.0,0.125,0.95,0.0,0.0,0.0,0.05,0.43243243243243246,0.5405405405405406,3.6375861597263857,2.4849066497880004
"Munich, DE","Zaventem, BE",43,596.98,0.9761904761904762,0.0,0.0,0.0,0.0,0.0,0.0,0.0,0.0,0.0,0.0,0.023809523809523808,1.0,0.0,0.0,0.0,0.0,0.9767441860465116,0.9069767441860465,3.784189633918261,2.833213344056216
"Munich, DE","Vienna, AT",58,355.29,0.9642857142857143,0.0,0.0,0.0,0.0,0.0,0.0,0.0,0.0,0.0,0.017857142857142856,0.017857142857142856,0.49122807017543857,0.0,0.05263157894736842,0.45614035087719296,0.0,0.9655172413793104,0.9827586206896551,4.07753744390572,2.772588722239781
"Munich, DE","Rome, IT",81,730.2800000000001,0.675,0.0,0.0,0.0,0.15,0.0,0.0,0.175,0.0,0.0,0.0,0.0,1.0,0.0,0.0,0.0,0.0,0.9876543209876543,0.9876543209876543,4.406719247264253,2.6390573296152584
"Munich, DE","Prague, CZ",35,264.56,0.9714285714285714,0.0,0.0,0.0,0.0,0.0,0.0,0.0,0.0,0.02857142857142857,0.0,0.0,0.95,0.0,0.0,0.0,0.05,1.0,0.5714285714285714,3.58351893845611,2.0794415416798357
"Málaga, ES","Warsaw, PL",36,2633.16,0.0,0.0,0.0,0.2777777777777778,0.0,0.0,0.3333333333333333,0.0,0.3888888888888889,0.0,0.0,0.0,0.42857142857142855,0.42857142857142855,0.0,0.14285714285714285,0.0,1.0,0.7777777777777778,3.6109179126442243,1.9459101490553132
"Málaga, ES","Vienna, AT",30,2135.47,0.4,0.0,0.0,0.0,0.0,0.0,0.6,0.0,0.0,0.0,0.0,0.0,0.896551724137931,0.10344827586206896,0.0,0.0,0.0,0.8333333333333334,0.9666666666666667,3.4339872044851463,2.5649493574615367
"Málaga, ES","Oslo (Gardermoen), NO",36,2840.53,0.0,0.0,0.0,1.0,0.0,0.0,0.0,0.0,0.0,0.0,0.0,0.0,0.38461538461538464,0.6153846153846154,0.0,0.0,0.0,0.2777777777777778,0.7222222222222222,3.6109179126442243,2.833213344056216
"Málaga, ES","Stockholm, SE",55,3004.0800000000004,0.0,0.0,0.0,0.5588235294117647,0.0,0.0,0.38235294117647056,0.0,0.0,0.0,0.0,0.058823529411764705,0.3902439024390244,0.5365853658536586,0.024390243902439025,0.024390243902439025,0.024390243902439025,0.6181818181818182,0.7454545454545455,4.02535169073515,3.1354942159291497
"Málaga, ES","Rotterdam, NL",23,1838.7300000000002,0.0,0.0,0.0,0.0,0.0,0.0,0.0,0.0,0.0,0.9565217391304348,0.0,0.043478260869565216,0.0,0.9565217391304348,0.043478260869565216,0.0,0.0,1.0,1.0,3.1780538303479458,2.0794415416798357
"Málaga, ES","Palma de Mallorca, ES",41,709.1299999999999,0.0,0.0,0.0,0.0,0.0,0.0,0.3783783783783784,0.0,0.0,0.5945945945945946,0.0,0.02702702702702703,0.6666666666666666,0.2777777777777778,0.0,0.0,0.05555555555555555,0.9024390243902439,0.8780487804878049,3.7376696182833684,2.772588722239781
"Málaga, ES","Zurich, CH",30,1607.35,1.0,0.0,0.0,0.0,0.0,0.0,0.0,0.0,0.0,0.0,0.0,0.0,0.9629629629629629,0.0,0.0,0.0,0.037037037037037035,0.9333333333333333,0.9,3.4339872044851463,1.9459101490553132
"Málaga, ES","Zaventem, BE",26,1735.4800000000002,0.3076923076923077,0.0,0.0,0.0,0.0,0.0,0.07692307692307693,0.0,0.0,0.6153846153846154,0.0,0.0,0.38095238095238093,0.47619047619047616,0.0,0.14285714285714285,0.0,1.0,0.8076923076923077,3.295836866004329,2.302585092994046
"Málaga, ES","Rome, IT",26,1561.62,0.0,0.0,0.0,0.0,0.0,0.0,1.0,0.0,0.0,0.0,0.0,0.0,0.4166666666666667,0.5833333333333334,0.0,0.0,0.0,0.5384615384615384,0.9230769230769231,3.295836866004329,1.9459101490553132
"Málaga, ES","Paris, FR",96,1506.12,0.0,0.391304347826087,0.0,0.0,0.0,0.0,0.0,0.0,0.0,0.5978260869565217,0.0,0.010869565217391304,0.7586206896551724,0.12643678160919541,0.0,0.10344827586206896,0.011494252873563218,0.9583333333333334,0.90625,4.574710978503383,3.1354942159291497
"Málaga, ES","Prague, CZ",39,2116.15,0.0,0.0,0.0,0.0,0.0,0.0,0.2647058823529412,0.0,0.0,0.7058823529411765,0.0,0.029411764705882353,0.058823529411764705,0.9117647058823529,0.0,0.0,0.029411764705882353,0.8717948717948718,0.8717948717948718,3.6888794541139363,2.4849066497880004
"Nantes, FR","Paris, FR",89,372.54,0.0,0.9655172413793104,0.0,0.0,0.0,0.0,0.0,0.022988505747126436,0.0,0.0,0.0,0.011494252873563218,0.9012345679012346,0.024691358024691357,0.0,0.06172839506172839,0.012345679012345678,0.9775280898876404,0.9101123595505618,4.499809670330265,3.091042453358316
"Nantes, FR","Porto, PT",29,864.62,0.0,0.0,0.0,0.0,0.0,0.0,0.0,0.7241379310344828,0.0,0.27586206896551724,0.0,0.0,0.9130434782608695,0.08695652173913043,0.0,0.0,0.0,1.0,0.7931034482758621,3.4011973816621555,2.4849066497880004
"Nantes, FR","Toulouse/Blagnac, FR",39,455.44999999999993,0.0,0.0,0.0,0.0,0.0,0.0,0.0,0.8666666666666667,0.0,0.13333333333333333,0.0,0.0,1.0,0.0,0.0,0.0,0.0,0.7692307692307693,0.6923076923076923,3.6888794541139363,2.5649493574615367
"Newcastle upon Tyne, Tyne and Wear, GB","Paris, FR",49,691.63,0.0,0.7346938775510204,0.0,0.0,0.0,0.0,0.0,0.24489795918367346,0.0,0.0,0.0,0.02040816326530612,0.35294117647058826,0.0,0.0,0.6176470588235294,0.029411764705882353,1.0,0.6938775510204082,3.912023005428146,2.302585092994046
"Newcastle upon Tyne, Tyne and Wear, GB","Southampton, GB",26,455.07,0.0,0.0,0.0,0.0,0.0,0.0,0.0,0.0,0.0,0.0,0.0,1.0,0.0,0.0,0.0,1.0,0.0,1.0,1.0,3.295836866004329,1.6094379124341003
"Nottingham, Leicestershire, GB","Schkeuditz, DE",49,937.4599999999999,0.0,0.0,0.0,0.0,0.0,0.0,0.0,0.0,0.0,0.0,1.0,0.0,0.0,0.022727272727272728,0.9772727272727273,0.0,0.0,0.3469387755102041,0.8979591836734694,3.912023005428146,3.4657359027997265
"Nottingham, Leicestershire, GB","Paris, FR",23,464.97,0.0,0.0,0.0,0.0,0.0,0.0,0.0,0.0,0.0,0.0,0.9090909090909091,0.09090909090909091,0.0,0.8,0.2,0.0,0.0,0.4782608695652174,0.6521739130434783,3.1780538303479458,2.3978952727983707
"Nowy Dwór Mazowiecki, PL","Valletta, MT",26,1908.98,0.0,0.0,0.0,0.0,0.0,0.0,0.6923076923076923,0.0,0.3076923076923077,0.0,0.0,0.0,0.3333333333333333,0.6666666666666666,0.0,0.0,0.0,1.0,0.5769230769230769,3.295836866004329,2.1972245773362196
"Nowy Dwór Mazowiecki, PL","Orio al Serio (BG), IT",40,1095.25,0.0,0.0,0.0,0.0,0.0,0.0,0.7,0.0,0.3,0.0,0.0,0.0,0.2,0.8,0.0,0.0,0.0,1.0,0.625,3.713572066704308,2.1972245773362196
"Nuremberg, DE","Paris, FR",39,638.96,0.0,0.7631578947368421,0.0,0.0,0.0,0.0,0.0,0.0,0.0,0.0,0.23684210526315788,0.0,0.0,0.1724137931034483,0.0,0.8275862068965517,0.0,0.9743589743589743,0.7435897435897436,3.6888794541139363,2.302585092994046
"Nuremberg, DE","Palma de Mallorca, ES",24,1286.76,0.0,0.0,0.0,0.0,0.0,0.0,1.0,0.0,0.0,0.0,0.0,0.0,0.5833333333333334,0.4166666666666667,0.0,0.0,0.0,0.5,1.0,3.2188758248682006,2.1972245773362196
"Orio al Serio (BG), IT","Palermo, IT",22,884.87,0.0,0.0,0.0,0.0,0.0,0.0,1.0,0.0,0.0,0.0,0.0,0.0,0.0,1.0,0.0,0.0,0.0,1.0,0.6363636363636364,3.1354942159291497,1.9459101490553132
"Orio al Serio (BG), IT","Warsaw, PL",26,1094.42,0.0,0.0,0.0,0.0,0.0,0.0,0.0,0.0,1.0,0.0,0.0,0.0,1.0,0.0,0.0,0.0,0.0,1.0,0.34615384615384615,3.295836866004329,1.6094379124341003
"Orio al Serio (BG), IT","Stockholm, SE",22,1632.4699999999998,0.0,0.0,0.0,0.0,0.0,0.0,1.0,0.0,0.0,0.0,0.0,0.0,0.0,1.0,0.0,0.0,0.0,0.9545454545454546,0.6363636363636364,3.1354942159291497,2.0794415416798357
"Orio al Serio (BG), IT","Prague, CZ",29,598.07,0.0,0.0,0.0,0.0,0.0,0.0,1.0,0.0,0.0,0.0,0.0,0.0,0.0,1.0,0.0,0.0,0.0,0.9655172413793104,0.896551724137931,3.4011973816621555,2.302585092994046
"Orio al Serio (BG), IT","Vienna, AT",24,587.48,0.0,0.0,0.0,0.0,0.0,0.0,1.0,0.0,0.0,0.0,0.0,0.0,0.9047619047619048,0.09523809523809523,0.0,0.0,0.0,1.0,0.875,3.2188758248682006,1.9459101490553132
"Oslo (Gardermoen), NO","Stavanger, NO",202,340.88,0.0,0.0,0.0,1.0,0.0,0.0,0.0,0.0,0.0,0.0,0.0,0.0,0.28125,0.5625,0.0,0.140625,0.015625,0.47029702970297027,0.6336633663366337,5.313205979041787,3.9889840465642745
"Oslo (Gardermoen), NO","Trondheim, NO",234,363.05000000000007,0.0,0.0,0.0,1.0,0.0,0.0,0.0,0.0,0.0,0.0,0.0,0.0,0.5743243243243243,0.3581081081081081,0.0,0.05405405405405406,0.013513513513513514,0.4829059829059829,0.6324786324786325,5.459585514144159,4.110873864173311
"Oslo (Gardermoen), NO","Stockholm, SE",169,389.25,0.0,0.0,0.0,0.8761061946902655,0.0,0.0,0.0,0.0,0.0,0.008849557522123894,0.0,0.11504424778761062,0.5384615384615384,0.3504273504273504,0.10256410256410256,0.008547008547008548,0.0,0.6686390532544378,0.6923076923076923,5.135798437050262,4.02535169073515
"Oslo (Gardermoen), NO","Zurich, CH",28,1425.76,0.5,0.0,0.0,0.5,0.0,0.0,0.0,0.0,0.0,0.0,0.0,0.0,0.75,0.0,0.16666666666666666,0.08333333333333333,0.0,1.0,0.8571428571428571,3.367295829986474,1.6094379124341003
"Oslo (Gardermoen), NO","Paris, FR",79,1334.9200000000003,0.0,0.4057971014492754,0.0,0.37681159420289856,0.0,0.0,0.0,0.0,0.0,0.11594202898550725,0.07246376811594203,0.028985507246376812,0.74,0.22,0.04,0.0,0.0,0.8734177215189873,0.6329113924050633,4.382026634673881,2.772588722239781
"Oslo (Gardermoen), NO","Riga, LV",34,829.35,0.0,0.0,0.0,0.0,0.0,0.0,0.0,0.0,0.0,0.0,0.0,0.0,0.9090909090909091,0.0,0.09090909090909091,0.0,0.0,0.0,0.6470588235294118,3.5553480614894135,2.1972245773362196
"Oslo (Gardermoen), NO","Warsaw, PL",27,1073.11,0.0,0.0,0.0,1.0,0.0,0.0,0.0,0.0,0.0,0.0,0.0,0.0,0.0,0.9375,0.0625,0.0,0.0,0.7407407407407407,0.5925925925925926,3.332204510175204,2.0794415416798357
"Palma de Mallorca, ES","Vienna, AT",33,1457.75,0.375,0.0,0.0,0.0,0.0,0.0,0.59375,0.0,0.0,0.0,0.0,0.03125,0.8709677419354839,0.06451612903225806,0.0,0.0,0.06451612903225806,0.9696969696969697,0.9393939393939394,3.5263605246161616,2.4849066497880004
"Palma de Mallorca, ES","Paris, FR",25,1085.01,0.0,0.0,0.0,0.0,0.0,0.0,0.0,0.0,0.0,1.0,0.0,0.0,0.8695652173913043,0.0,0.043478260869565216,0.043478260869565216,0.043478260869565216,0.88,0.92,3.258096538021482,2.302585092994046
"Palma de Mallorca, ES","Zurich, CH",43,995.51,0.8260869565217391,0.0,0.0,0.0,0.0,0.0,0.0,0.17391304347826086,0.0,0.0,0.0,0.0,0.9736842105263158,0.0,0.0,0.02631578947368421,0.0,0.5348837209302325,0.8837209302325582,3.784189633918261,2.833213344056216
"Palma de Mallorca, ES","Valencia, ES",48,276.25,0.0,0.0,0.0,0.0,0.0,0.0,0.2,0.0,0.0,0.8,0.0,0.0,0.3076923076923077,0.46153846153846156,0.0,0.1794871794871795,0.05128205128205128,0.3125,0.8125,3.8918202981106265,3.091042453358316
"Palma de Mallorca, ES","Seville, ES",54,787.51,0.0,0.0,0.0,0.0,0.0,0.0,0.5769230769230769,0.0,0.0,0.4230769230769231,0.0,0.0,0.5740740740740741,0.4074074074074074,0.0,0.018518518518518517,0.0,0.9629629629629629,1.0,4.007333185232471,2.5649493574615367
"Palma de Mallorca, ES","Stuttgart, DE",29,1139.3,0.0,0.0,0.0,0.0,0.0,0.0,0.0,0.0,0.0,1.0,0.0,0.0,0.9565217391304348,0.0,0.0,0.0,0.043478260869565216,0.20689655172413793,0.7931034482758621,3.4011973816621555,2.302585092994046
"Paris, FR","Stockholm, SE",94,1514.5899999999997,0.0,0.4634146341463415,0.0,0.2926829268292683,0.0,0.0,0.0,0.0,0.0,0.14634146341463414,0.06097560975609756,0.036585365853658534,0.782051282051282,0.16666666666666666,0.02564102564102564,0.02564102564102564,0.0,0.8723404255319149,0.8297872340425532,4.553876891600541,3.367295829986474
"Nice, Alpes-Maritimes, FR","Paris, FR",128,733.56,0.0,0.6311475409836066,0.0,0.0,0.0,0.0,0.0,0.36065573770491804,0.0,0.0,0.0,0.00819672131147541,0.9017857142857143,0.044642857142857144,0.0,0.03571428571428571,0.017857142857142856,0.953125,0.875,4.859812404361672,4.330733340286331
"Paris, FR","Valencia, ES",41,1112.4,0.0,0.4,0.0,0.0,0.0,0.0,0.0,0.0,0.0,0.575,0.025,0.0,0.7419354838709677,0.03225806451612903,0.0,0.22580645161290322,0.0,0.975609756097561,0.7560975609756098,3.7376696182833684,2.833213344056216
"Paris, FR","Zurich, CH",117,508.3,0.5188679245283019,0.4716981132075472,0.0,0.0,0.0,0.0,0.0,0.0,0.0,0.0,0.0,0.009433962264150943,0.6470588235294118,0.011764705882352941,0.023529411764705882,0.27058823529411763,0.047058823529411764,0.905982905982906,0.7264957264957265,4.770684624465665,3.4011973816621555
"Paris, FR","Rome, IT",280,1148.49,0.0,0.32061068702290074,0.0,0.0,0.15267175572519084,0.0,0.0,0.15267175572519084,0.0,0.31679389312977096,0.03816793893129771,0.019083969465648856,0.9327731092436975,0.037815126050420166,0.012605042016806723,0.004201680672268907,0.012605042016806723,0.9357142857142857,0.85,5.638354669333745,4.143134726391533
"Paris, FR","Segrate (MI), IT",241,680.82,0.0,0.30493273542600896,0.0,0.0,0.33183856502242154,0.0,0.0,0.32286995515695066,0.0,0.0,0.0,0.04035874439461883,0.9135135135135135,0.0,0.010810810810810811,0.03783783783783784,0.03783783783783784,0.9253112033195021,0.7676348547717843,5.488937726156687,4.248495242049359
"Paris, FR","Toulouse/Blagnac, FR",357,634.54,0.0,0.8011869436201781,0.0,0.0,0.0,0.0,0.0,0.17507418397626112,0.0,0.01483679525222552,0.008902077151335312,0.0,0.9724137931034482,0.013793103448275862,0.0,0.013793103448275862,0.0,0.9439775910364145,0.8123249299719888,5.8805329864007,4.394449154672439
"Paris, FR","Zaventem, BE",23,238.78000000000003,0.75,0.0,0.0,0.0,0.0,0.0,0.0,0.0,0.0,0.1,0.1,0.05,0.8333333333333334,0.1111111111111111,0.0,0.05555555555555555,0.0,0.8695652173913043,0.782608695652174,3.1780538303479458,2.4849066497880004
"Paris, FR","Warsaw, PL",103,1349.75,0.0,0.4019607843137255,0.0,0.37254901960784315,0.0,0.0,0.0,0.0,0.13725490196078433,0.0,0.08823529411764706,0.0,0.4175824175824176,0.3626373626373626,0.0,0.21978021978021978,0.0,0.9902912621359223,0.883495145631068,4.6443908991413725,2.8903717578961645
"Paris, FR","Vienna, AT",107,1057.63,0.4791666666666667,0.40625,0.0,0.0,0.0,0.0,0.0,0.0,0.0,0.10416666666666667,0.0,0.010416666666666666,0.7415730337078652,0.1348314606741573,0.011235955056179775,0.0898876404494382,0.02247191011235955,0.897196261682243,0.8317757009345794,4.68213122712422,3.258096538021482
"Paris, FR","Prague, CZ",108,867.45,0.0,0.46601941747572817,0.0,0.0,0.0,0.0,0.0,0.0,0.0,0.44660194174757284,0.07766990291262135,0.009708737864077669,0.5581395348837209,0.3023255813953488,0.011627906976744186,0.11627906976744186,0.011627906976744186,0.9537037037037037,0.7962962962962963,4.6913478822291435,3.4339872044851463
"Paris, FR","Seville, ES",74,1474.33,0.0,0.10810810810810811,0.0,0.0,0.0,0.0,0.0,0.0,0.0,0.8783783783783784,0.013513513513513514,0.0,0.7704918032786885,0.16393442622950818,0.0,0.06557377049180328,0.0,1.0,0.8243243243243243,4.31748811353631,2.833213344056216
"Paris, FR","Porto, PT",164,1235.96,0.0,0.08641975308641975,0.0,0.0,0.24691358024691357,0.0,0.0,0.14814814814814814,0.0,0.46296296296296297,0.04938271604938271,0.006172839506172839,0.8529411764705882,0.13970588235294118,0.007352941176470588,0.0,0.0,0.9878048780487805,0.8292682926829268,5.10594547390058,3.5553480614894135
"Paris, FR","Valletta, MT",25,1796.14,0.0,0.0,0.0,0.0,0.0,0.0,0.0,0.0,0.0,0.8,0.2,0.0,0.9166666666666666,0.08333333333333333,0.0,0.0,0.0,0.2,0.96,3.258096538021482,2.1972245773362196
"Paris, FR","Stuttgart, DE",28,513.15,0.0,0.7692307692307693,0.0,0.0,0.0,0.0,0.0,0.0,0.0,0.0,0.23076923076923078,0.0,0.0,0.2631578947368421,0.0,0.7368421052631579,0.0,0.9285714285714286,0.6785714285714286,3.367295829986474,2.1972245773362196
"Paris, FR","Schkeuditz, DE",22,745.67,0.0,0.0,0.0,0.0,0.0,0.0,0.0,0.0,0.0,0.0,1.0,0.0,0.2222222222222222,0.05555555555555555,0.7222222222222222,0.0,0.0,0.9545454545454546,0.8181818181818182,3.1354942159291497,2.0794415416798357
"Paris, FR","Spata-Artemida, GR",68,2143.15,0.0,0.17857142857142858,0.0,0.0,0.0,0.375,0.0,0.03571428571428571,0.0,0.3392857142857143,0.07142857142857142,0.0,0.8867924528301887,0.11320754716981132,0.0,0.0,0.0,0.8235294117647058,0.7794117647058824,4.23410650459726,3.1354942159291497
"Porto, PT","Rome, IT",27,1753.6199999999997,0.0,0.0,0.0,0.0,0.0,0.0,0.9333333333333333,0.0,0.0,0.0,0.0,0.06666666666666667,0.46153846153846156,0.5384615384615384,0.0,0.0,0.0,0.5555555555555556,0.9629629629629629,3.332204510175204,1.791759469228055
"Porto, PT","Zurich, CH",58,1529.51,0.42105263157894735,0.0,0.0,0.0,0.17543859649122806,0.0,0.0,0.40350877192982454,0.0,0.0,0.0,0.0,0.82,0.0,0.04,0.12,0.02,0.9827586206896551,0.8620689655172413,4.07753744390572,2.6390573296152584
"Poznań, PL","Warsaw, PL",58,280.49,0.0,0.0,0.0,1.0,0.0,0.0,0.0,0.0,0.0,0.0,0.0,0.0,0.025,0.225,0.0,0.7,0.05,0.8793103448275862,0.6896551724137931,4.07753744390572,2.833213344056216
"Prague, CZ","Spata-Artemida, GR",21,1555.64,0.0,0.0,0.0,0.0,0.0,0.8181818181818182,0.0,0.0,0.0,0.18181818181818182,0.0,0.0,0.8461538461538461,0.15384615384615385,0.0,0.0,0.0,0.5238095238095238,0.6190476190476191,3.091042453358316,2.1972245773362196
"Prague, CZ","Rome, IT",57,933.61,0.0,0.0,0.0,0.0,0.0,0.0,0.6585365853658537,0.0,0.0,0.34146341463414637,0.0,0.0,0.32075471698113206,0.6415094339622641,0.03773584905660377,0.0,0.0,0.7192982456140351,0.9298245614035088,4.060443010546419,2.9444389791664403
"Prague, CZ","Zurich, CH",54,511.1600000000001,0.96,0.0,0.0,0.0,0.0,0.0,0.0,0.0,0.0,0.02,0.0,0.02,0.7647058823529411,0.0,0.20588235294117646,0.029411764705882353,0.0,0.9259259259259259,0.6296296296296297,4.007333185232471,2.70805020110221
"Prague, CZ","Warsaw, PL",71,521.4700000000001,0.0,0.0,0.0,0.9253731343283582,0.0,0.0,0.0,0.0,0.0,0.05970149253731343,0.014925373134328358,0.0,0.0,0.10909090909090909,0.05454545454545454,0.8363636363636363,0.0,0.9436619718309859,0.7746478873239436,4.276666119016055,2.995732273553991
"Prague, CZ","Zaventem, BE",25,696.5699999999999,0.625,0.0,0.0,0.0,0.0,0.0,0.0,0.0,0.0,0.375,0.0,0.0,0.875,0.125,0.0,0.0,0.0,0.96,0.96,3.258096538021482,2.3978952727983707
"Prague, CZ","Vienna, AT",34,277.93,0.9655172413793104,0.0,0.0,0.0,0.0,0.0,0.0,0.0,0.0,0.0,0.034482758620689655,0.0,0.0,0.0,0.0,1.0,0.0,0.8529411764705882,0.8235294117647058,3.5553480614894135,2.4849066497880004
"Riga, LV","Warsaw, PL",37,563.02,0.0,0.0,0.0,0.9142857142857143,0.0,0.0,0.0,0.0,0.0,0.0,0.08571428571428572,0.0,0.0,0.18181818181818182,0.0,0.7878787878787878,0.030303030303030304,0.9459459459459459,0.8918918918918919,3.6375861597263857,2.302585092994046
"Riga, LV","Tallinn, EE",57,277.33000000000004,0.0,0.0,0.0,0.0,0.0,0.0,0.0,0.0,0.0,0.0,0.0,0.0,0.975,0.0,0.025,0.0,0.0,0.0,0.7017543859649122,4.060443010546419,2.302585092994046
"Riga, LV","Stockholm, SE",50,454.8399999999999,0.0,0.0,0.0,0.0,0.0,0.0,1.0,0.0,0.0,0.0,0.0,0.0,0.4878048780487805,0.4146341463414634,0.0975609756097561,0.0,0.0,0.28,0.82,3.9318256327243257,2.70805020110221
"Riga, LV","Vienna, AT",27,1103.76,0.0,0.0,0.0,0.0,0.0,0.0,1.0,0.0,0.0,0.0,0.0,0.0,0.8571428571428571,0.0,0.09523809523809523,0.0,0.047619047619047616,0.2962962962962963,0.7777777777777778,3.332204510175204,2.3978952727983707
"Riga, LV","Vilnius, LT",50,269.96,0.0,0.0,0.0,0.0,0.0,0.0,0.0,0.0,0.0,0.0,0.0,0.0,0.7941176470588235,0.0,0.17647058823529413,0.0,0.029411764705882353,0.0,0.68,3.9318256327243257,2.302585092994046
"Palermo, IT","Rome, IT",72,411.87,0.0,0.0,0.0,0.0,0.5517241379310345,0.0,0.4482758620689655,0.0,0.0,0.0,0.0,0.0,0.44776119402985076,0.5373134328358209,0.0,0.0,0.014925373134328358,0.8055555555555556,0.9305555555555556,4.290459441148391,2.772588722239781
"Rome, IT","Segrate (MI), IT",180,477.7099999999999,0.0,0.0,0.0,0.0,0.9801324503311258,0.0,0.0,0.0,0.0,0.0,0.0,0.019867549668874173,0.8904109589041096,0.0,0.00684931506849315,0.0136986301369863,0.08904109589041095,0.8388888888888889,0.8111111111111111,5.198497031265826,3.9889840465642745
"Rome, IT","Seville, ES",38,1639.35,0.0,0.0,0.0,0.0,0.0,0.0,1.0,0.0,0.0,0.0,0.0,0.0,0.375,0.625,0.0,0.0,0.0,0.6842105263157895,0.8421052631578947,3.6635616461296463,2.3978952727983707
"Rome, IT","Valencia, ES",28,1117.53,0.0,0.0,0.0,0.0,0.0,0.0,1.0,0.0,0.0,0.0,0.0,0.0,0.2727272727272727,0.7272727272727273,0.0,0.0,0.0,0.7142857142857143,0.7857142857142857,3.367295829986474,2.3978952727983707
"Rome, IT","Vienna, AT",44,773.35,0.5365853658536586,0.0,0.0,0.0,0.024390243902439025,0.0,0.43902439024390244,0.0,0.0,0.0,0.0,0.0,0.926829268292683,0.04878048780487805,0.024390243902439025,0.0,0.0,0.9318181818181818,0.9318181818181818,3.8066624897703196,2.70805020110221
"Rome, IT","Valletta, MT",70,685.9800000000001,0.0,0.0,0.0,0.0,0.0,0.0,0.7368421052631579,0.0,0.0,0.0,0.23684210526315788,0.02631578947368421,0.5,0.4423076923076923,0.0,0.0,0.057692307692307696,0.5428571428571428,0.7428571428571429,4.2626798770413155,2.833213344056216
"Rome, IT","Zaventem, BE",49,1179.6,0.2916666666666667,0.0,0.0,0.0,0.2916666666666667,0.0,0.14583333333333334,0.22916666666666666,0.0,0.0,0.0,0.041666666666666664,0.8297872340425532,0.14893617021276595,0.0,0.0,0.02127659574468085,0.9795918367346939,0.9591836734693877,3.912023005428146,3.091042453358316
"Rome, IT","Zurich, CH",78,699.5300000000001,0.4594594594594595,0.0,0.0,0.0,0.24324324324324326,0.0,0.0,0.2972972972972973,0.0,0.0,0.0,0.0,0.9206349206349206,0.0,0.06349206349206349,0.0,0.015873015873015872,0.9487179487179487,0.8076923076923077,4.3694478524670215,2.9444389791664403
"Nice, Alpes-Maritimes, FR","Rome, IT",36,472.7099999999999,0.0,0.0,0.0,0.0,0.36363636363636365,0.0,0.0,0.18181818181818182,0.0,0.45454545454545453,0.0,0.0,0.625,0.375,0.0,0.0,0.0,0.9166666666666666,0.6666666666666666,3.6109179126442243,3.295836866004329
"Rome, IT","Warsaw, PL",51,1323.8299999999997,0.0,0.0,0.0,0.5,0.0,0.0,0.0,0.0,0.5,0.0,0.0,0.0,0.5789473684210527,0.42105263157894735,0.0,0.0,0.0,0.8627450980392157,0.7450980392156863,3.9512437185814275,2.4849066497880004
"Rome, IT","Spata-Artemida, GR",74,1071.91,0.0,0.0,0.0,0.0,0.5079365079365079,0.38095238095238093,0.07936507936507936,0.0,0.0,0.0,0.0,0.031746031746031744,0.8813559322033898,0.06779661016949153,0.03389830508474576,0.0,0.01694915254237288,0.8513513513513513,0.7972972972972973,4.31748811353631,2.9444389791664403
"Rotterdam, NL","Salzburg, AT",29,768.09,0.0,0.0,0.0,0.0,0.0,0.0,0.0,0.0,0.0,0.9090909090909091,0.0,0.09090909090909091,0.0,1.0,0.0,0.0,0.0,0.7586206896551724,0.6896551724137931,3.4011973816621555,2.995732273553991
"Sandefjord(Torp), NO","Stavanger, NO",25,266.57,0.0,0.0,0.0,0.0,0.0,0.0,0.0,0.0,0.0,0.0,0.0,0.0,0.0,0.0,0.0,1.0,0.0,0.0,0.8,3.258096538021482,2.1972245773362196
"Santiago de Compostela, ES","Seville, ES",22,645.6799999999998,0.0,0.0,0.0,0.0,0.0,0.0,0.3181818181818182,0.0,0.0,0.6818181818181818,0.0,0.0,0.6818181818181818,0.3181818181818182,0.0,0.0,0.0,1.0,1.0,3.1354942159291497,2.3978952727983707
"Segrate (MI), IT","Vienna, AT",58,629.1099999999999,0.7758620689655172,0.0,0.0,0.0,0.0,0.0,0.0,0.20689655172413793,0.0,0.0,0.0,0.017241379310344827,0.7678571428571429,0.0,0.017857142857142856,0.21428571428571427,0.0,1.0,0.9655172413793104,4.07753744390572,2.4849066497880004
"Segrate (MI), IT","Zaventem, BE",51,702.77,0.39215686274509803,0.0,0.0,0.0,0.27450980392156865,0.0,0.0,0.3333333333333333,0.0,0.0,0.0,0.0,1.0,0.0,0.0,0.0,0.0,1.0,0.9019607843137255,3.9512437185814275,2.70805020110221
"Palermo, IT","Segrate (MI), IT",27,874.14,0.0,0.0,0.0,0.0,1.0,0.0,0.0,0.0,0.0,0.0,0.0,0.0,1.0,0.0,0.0,0.0,0.0,0.9629629629629629,0.7777777777777778,3.332204510175204,1.791759469228055
"Seville, ES","Valencia, ES",33,524.41,0.0,0.0,0.0,0.0,0.0,0.0,0.625,0.0,0.0,0.3125,0.0625,0.0,0.15625,0.34375,0.0,0.40625,0.09375,0.48484848484848486,0.9696969696969697,3.5263605246161616,2.9444389791664403
"Düsseldorf, DE","Spata-Artemida, GR",21,2003.4200000000003,0.0,0.0,0.0,0.0,0.0,1.0,0.0,0.0,0.0,0.0,0.0,0.0,1.0,0.0,0.0,0.0,0.0,0.47619047619047616,0.6190476190476191,3.091042453358316,1.791759469228055
"Frankfurt am Main, DE","Spata-Artemida, GR",77,1815.7899999999997,0.5909090909090909,0.0,0.0,0.0,0.0,0.3484848484848485,0.0,0.0,0.0,0.0,0.045454545454545456,0.015151515151515152,0.9827586206896551,0.0,0.0,0.0,0.017241379310344827,0.8571428571428571,0.7532467532467533,4.356708826689592,2.772588722239781
"Spata-Artemida, GR","Thessaloniki, GR",201,299.2099999999999,0.0,0.0,0.0,0.0,0.0,0.9603174603174603,0.0,0.0,0.0,0.0,0.03968253968253968,0.0,0.9668874172185431,0.019867549668874173,0.0,0.006622516556291391,0.006622516556291391,0.6268656716417911,0.7512437810945274,5.308267697401205,4.02535169073515
"Spata-Artemida, GR","Vienna, AT",47,1278.8899999999999,0.3157894736842105,0.0,0.0,0.0,0.0,0.34210526315789475,0.34210526315789475,0.0,0.0,0.0,0.0,0.0,1.0,0.0,0.0,0.0,0.0,0.8085106382978723,0.723404255319149,3.871201010907891,2.6390573296152584
"Spata-Artemida, GR","Zaventem, BE",28,2101.43,0.23809523809523808,0.0,0.0,0.0,0.0,0.7619047619047619,0.0,0.0,0.0,0.0,0.0,0.0,1.0,0.0,0.0,0.0,0.0,0.75,0.42857142857142855,3.367295829986474,2.1972245773362196
"Bucharest, RO","Spata-Artemida, GR",32,755.7900000000001,0.0,0.0,0.0,0.0,0.0,0.6,0.0,0.0,0.0,0.0,0.06666666666666667,0.3333333333333333,0.6666666666666666,0.3,0.03333333333333333,0.0,0.0,0.9375,0.9375,3.4965075614664802,2.4849066497880004
"Spata-Artemida, GR","Warsaw, PL",28,1605.0800000000002,0.0,0.0,0.0,0.4444444444444444,0.0,0.5555555555555556,0.0,0.0,0.0,0.0,0.0,0.0,0.7333333333333333,0.26666666666666666,0.0,0.0,0.0,0.6428571428571429,0.5357142857142857,3.367295829986474,2.3978952727983707
"Spata-Artemida, GR","Zurich, CH",51,1639.14,0.7083333333333334,0.0,0.0,0.0,0.0,0.2916666666666667,0.0,0.0,0.0,0.0,0.0,0.0,0.95,0.0,0.0,0.025,0.025,0.9411764705882353,0.7843137254901961,3.9512437185814275,2.70805020110221
"Stavanger, NO","Trondheim, NO",26,582.5200000000001,0.0,0.0,0.0,1.0,0.0,0.0,0.0,0.0,0.0,0.0,0.0,0.0,0.0,0.0,0.0,1.0,0.0,1.0,0.11538461538461539,3.295836866004329,2.1972245773362196
"Stockholm, SE","Vilnius, LT",24,699.4300000000002,0.0,0.0,0.0,0.875,0.0,0.0,0.125,0.0,0.0,0.0,0.0,0.0,0.0,0.0,0.0,0.0,0.0,1.0,0.0,3.2188758248682006,1.9459101490553132
"Stockholm, SE","Zaventem, BE",27,1277.08,0.6666666666666666,0.0,0.0,0.3333333333333333,0.0,0.0,0.0,0.0,0.0,0.0,0.0,0.0,1.0,0.0,0.0,0.0,0.0,1.0,0.7777777777777778,3.332204510175204,2.302585092994046
"Stockholm, SE","Zurich, CH",65,1472.9,0.7333333333333333,0.0,0.0,0.23333333333333334,0.0,0.0,0.0,0.0,0.0,0.0,0.0,0.03333333333333333,0.9056603773584906,0.0,0.018867924528301886,0.05660377358490566,0.018867924528301886,0.9230769230769231,0.8153846153846154,4.189654742026425,3.1354942159291497
"Stockholm, SE","Tallinn, EE",59,389.7,0.0,0.0,0.0,0.7627118644067796,0.0,0.0,0.1694915254237288,0.0,0.0,0.0,0.06779661016949153,0.0,0.7241379310344828,0.27586206896551724,0.0,0.0,0.0,1.0,0.4915254237288136,4.0943445622221,2.4849066497880004
"Stockholm, SE","Warsaw, PL",33,831.11,0.0,0.0,0.0,0.9696969696969697,0.0,0.0,0.0,0.0,0.0,0.030303030303030304,0.0,0.0,0.0,0.3684210526315789,0.0,0.631578947368421,0.0,1.0,0.5757575757575758,3.5263605246161616,2.0794415416798357
"Stockholm, SE","Vienna, AT",23,1269.74,0.8260869565217391,0.0,0.0,0.0,0.0,0.0,0.17391304347826086,0.0,0.0,0.0,0.0,0.0,1.0,0.0,0.0,0.0,0.0,1.0,1.0,3.1780538303479458,2.1972245773362196
"Stuttgart, DE","Vienna, AT",38,546.05,1.0,0.0,0.0,0.0,0.0,0.0,0.0,0.0,0.0,0.0,0.0,0.0,0.47368421052631576,0.0,0.0,0.5263157894736842,0.0,0.7368421052631579,1.0,3.6635616461296463,2.1972245773362196
"Tallinn, EE","Vilnius, LT",30,532.1200000000001,0.0,0.0,0.0,0.0,0.0,0.0,0.0,0.0,1.0,0.0,0.0,0.0,1.0,0.0,0.0,0.0,0.0,0.4666666666666667,0.8666666666666667,3.4339872044851463,1.9459101490553132
"Tallinn, EE","Warsaw, PL",34,835.9699999999999,0.0,0.0,0.0,1.0,0.0,0.0,0.0,0.0,0.0,0.0,0.0,0.0,0.0,0.6,0.0,0.4,0.0,1.0,0.5882352941176471,3.5553480614894135,2.1972245773362196
"Valletta, MT","Warsaw, PL",22,1890.09,0.0,0.0,0.0,0.36363636363636365,0.0,0.0,0.0,0.0,0.6363636363636364,0.0,0.0,0.0,0.625,0.375,0.0,0.0,0.0,1.0,0.7272727272727273,3.1354942159291497,1.9459101490553132
"Valletta, MT","Vienna, AT",25,1374.37,0.0,0.0,0.0,0.0,0.0,0.0,1.0,0.0,0.0,0.0,0.0,0.0,0.7391304347826086,0.2608695652173913,0.0,0.0,0.0,0.56,0.92,3.258096538021482,1.9459101490553132
"Velika Gorica, HR","Vienna, AT",25,265.96999999999997,0.4,0.0,0.0,0.0,0.0,0.0,0.6,0.0,0.0,0.0,0.0,0.0,0.5909090909090909,0.0,0.0,0.4090909090909091,0.0,0.2,0.88,3.258096538021482,2.5649493574615367
"Velika Gorica, HR","Zurich, CH",22,605.11,0.0,0.0,0.0,0.0,0.0,0.0,0.0,0.0,0.0,0.0,0.0,0.0,0.5,0.0,0.0,0.5,0.0,0.0,0.8181818181818182,3.1354942159291497,1.791759469228055
"Barcelona, ES","Venezia (VE), IT",46,951.75,0.0,0.0,0.0,0.0,0.0,0.0,0.4358974358974359,0.0,0.0,0.5384615384615384,0.0,0.02564102564102564,0.5609756097560976,0.34146341463414637,0.0,0.024390243902439025,0.07317073170731707,0.8478260869565217,0.8913043478260869,3.8501476017100584,2.833213344056216
"Rome, IT","Venezia (VE), IT",44,411.87,0.0,0.0,0.0,0.0,0.9722222222222222,0.0,0.0,0.0,0.0,0.0,0.0,0.027777777777777776,0.8888888888888888,0.0,0.0,0.0,0.1111111111111111,0.8181818181818182,0.6136363636363636,3.8066624897703196,2.8903717578961645
"Frankfurt am Main, DE","Venezia (VE), IT",32,577.01,1.0,0.0,0.0,0.0,0.0,0.0,0.0,0.0,0.0,0.0,0.0,0.0,1.0,0.0,0.0,0.0,0.0,1.0,0.96875,3.4965075614664802,2.3978952727983707
"Paris, FR","Venezia (VE), IT",97,868.79,0.0,0.4777777777777778,0.0,0.0,0.0,0.0,0.0,0.4111111111111111,0.0,0.1111111111111111,0.0,0.0,0.8243243243243243,0.04054054054054054,0.0,0.13513513513513514,0.0,0.9278350515463918,0.7628865979381443,4.584967478670572,3.4657359027997265
"London, GB","Venezia (VE), IT",97,1128.68,0.0,0.0,0.43157894736842106,0.0,0.0,0.0,0.29473684210526313,0.2736842105263158,0.0,0.0,0.0,0.0,0.75,0.23809523809523808,0.0,0.0,0.011904761904761904,0.979381443298969,0.865979381443299,4.584967478670572,3.4657359027997265
"Amsterdam, NL","Venezia (VE), IT",26,936.9100000000001,0.0,0.8076923076923077,0.0,0.0,0.0,0.0,0.0,0.19230769230769232,0.0,0.0,0.0,0.0,0.21739130434782608,0.6956521739130435,0.0,0.08695652173913043,0.0,1.0,0.8846153846153846,3.295836866004329,2.3978952727983707
"Istanbul, TR","Venezia (VE), IT",31,1429.3100000000002,0.0,0.0,0.0,0.0,0.0,1.0,0.0,0.0,0.0,0.0,0.0,0.0,0.7083333333333334,0.20833333333333334,0.0,0.041666666666666664,0.041666666666666664,0.9354838709677419,0.7741935483870968,3.4657359027997265,2.3978952727983707
"Madrid, ES","Venezia (VE), IT",60,1417.85,0.0,0.0,0.6666666666666666,0.0,0.0,0.0,0.30303030303030304,0.0,0.0,0.0,0.0,0.030303030303030304,0.4166666666666667,0.5,0.0,0.08333333333333333,0.0,0.55,0.8,4.110873864173311,2.995732273553991
"Venezia (VE), IT","Zurich, CH",26,363.21,0.9565217391304348,0.0,0.0,0.0,0.0,0.0,0.0,0.0,0.0,0.0,0.0,0.043478260869565216,0.6818181818181818,0.0,0.22727272727272727,0.0,0.09090909090909091,0.8846153846153846,0.8461538461538461,3.295836866004329,2.3978952727983707
"Venezia (VE), IT","Vienna, AT",26,432.25999999999993,1.0,0.0,0.0,0.0,0.0,0.0,0.0,0.0,0.0,0.0,0.0,0.0,0.0,0.0,0.0,1.0,0.0,0.9230769230769231,0.9230769230769231,3.295836866004329,2.302585092994046
"Munich, DE","Venezia (VE), IT",24,319.64,0.0,0.0,0.0,0.0,0.0,0.0,0.0,0.0,0.0,0.0,0.0,1.0,0.0,0.0,0.0,1.0,0.0,0.041666666666666664,0.9583333333333334,3.2188758248682006,2.0794415416798357
"Vienna, AT","Zaventem, BE",39,924.88,1.0,0.0,0.0,0.0,0.0,0.0,0.0,0.0,0.0,0.0,0.0,0.0,0.6486486486486487,0.0,0.0,0.35135135135135137,0.0,1.0,0.9487179487179487,3.6888794541139363,2.6390573296152584
"Vienna, AT","Zurich, CH",106,603.4300000000001,0.9805825242718447,0.0,0.0,0.0,0.0,0.009708737864077669,0.0,0.0,0.0,0.0,0.0,0.009708737864077669,0.8365384615384616,0.0,0.028846153846153848,0.1346153846153846,0.0,0.9716981132075472,0.9811320754716981,4.672828834461906,3.1354942159291497
"Vienna, AT","Warsaw, PL",86,552.36,0.4523809523809524,0.0,0.0,0.2857142857142857,0.0,0.0,0.19047619047619047,0.0,0.0,0.0,0.0,0.07142857142857142,0.17721518987341772,0.02531645569620253,0.06329113924050633,0.7215189873417721,0.012658227848101266,0.9767441860465116,0.9186046511627907,4.465908118654584,3.258096538021482
"Vilnius, LT","Warsaw, PL",64,393.86,0.0,0.0,0.0,1.0,0.0,0.0,0.0,0.0,0.0,0.0,0.0,0.0,0.0,0.25,0.0,0.75,0.0,1.0,0.6875,4.174387269895637,2.5649493574615367
"Warsaw, PL","Zurich, CH",66,1032.15,0.5625,0.0,0.0,0.4375,0.0,0.0,0.0,0.0,0.0,0.0,0.0,0.0,0.14285714285714285,0.38095238095238093,0.0,0.47619047619047616,0.0,0.9696969696969697,0.6363636363636364,4.204692619390966,2.5649493574615367
"Warsaw, PL","Zaventem, BE",45,1144.23,0.2558139534883721,0.0,0.0,0.7441860465116279,0.0,0.0,0.0,0.0,0.0,0.0,0.0,0.0,0.28205128205128205,0.41025641025641024,0.0,0.3076923076923077,0.0,0.9555555555555556,0.8666666666666667,3.828641396489095,2.70805020110221
"Warsaw, PL","Wrocław, PL",82,305.84,0.0,0.0,0.0,1.0,0.0,0.0,0.0,0.0,0.0,0.0,0.0,0.0,0.0,0.11538461538461539,0.038461538461538464,0.8461538461538461,0.0,0.9878048780487805,0.6341463414634146,4.418840607796598,2.70805020110221
"Zgornji Brnik, SI","Zurich, CH",28,469.83,1.0,0.0,0.0,0.0,0.0,0.0,0.0,0.0,0.0,0.0,0.0,0.0,0.2222222222222222,0.0,0.7777777777777778,0.0,0.0,1.0,0.6428571428571429,3.367295829986474,1.6094379124341003
"Nice, Alpes-Maritimes, FR","Zurich, CH",26,435.03,0.9047619047619048,0.0,0.0,0.0,0.0,0.0,0.0,0.0,0.0,0.0,0.0,0.09523809523809523,0.6428571428571429,0.0,0.2857142857142857,0.0,0.07142857142857142,0.8076923076923077,0.5384615384615384,3.295836866004329,2.6390573296152584
"Zaventem, BE","Zurich, CH",34,483.41999999999996,1.0,0.0,0.0,0.0,0.0,0.0,0.0,0.0,0.0,0.0,0.0,0.0,1.0,0.0,0.0,0.0,0.0,1.0,1.0,3.5553480614894135,2.3978952727983707
"Copenhagen, DK","Salzburg, AT",25,870.38,0.0,0.0,0.0,1.0,0.0,0.0,0.0,0.0,0.0,0.0,0.0,0.0,0.5789473684210527,0.42105263157894735,0.0,0.0,0.0,0.6,0.76,3.258096538021482,2.995732273553991
"Lisbon, PT","Seville, ES",28,321.68000000000006,0.0,0.0,0.0,0.0,0.8214285714285714,0.0,0.14285714285714285,0.0,0.0,0.0,0.03571428571428571,0.0,0.0,0.25,0.0,0.75,0.0,1.0,0.5714285714285714,3.367295829986474,2.302585092994046
"London, GB","Schkeuditz, DE",27,849.42,0.0,0.0,0.0,0.0,0.0,0.0,0.0,0.0,0.0,0.0,1.0,0.0,0.0,0.0625,0.9375,0.0,0.0,1.0,0.5925925925925926,3.332204510175204,2.5649493574615367
"Schkeuditz, DE","Zaventem, BE",28,543.14,0.0,0.0,0.0,0.0,0.0,0.0,0.0,0.0,0.0,0.0,1.0,0.0,0.0,0.125,0.8125,0.0,0.0625,0.9642857142857143,0.5714285714285714,3.367295829986474,2.70805020110221
