id1,id2,weight,distance
"Aalborg, DK","Amsterdam, NL",57,624.13
"Aalborg, DK","Copenhagen, DK",167,238.40000000000003
"Aalborg, DK","Málaga, ES",6,2507.05
"Aalborg, DK","Billund, DK",3,156.52
"Aalborg, DK","Roskilde, DK",11,218.91
"Aarhus, DK","Málaga, ES",7,2458.03
"Aarhus, DK","Vienna, AT",1,996.32
"Aarhus, DK","Gdańsk, PL",5,540.1
"Ajaccio, FR","Paris, FR",50,965.23
"Ajaccio, FR","Nice, Alpes-Maritimes, FR",14,232.33000000000004
"Ajaccio, FR","Colombier-Saugnieu, Rhône, FR",5,517.05
"Ajaccio, FR","Marignane, Bouches-du-Rhône, FR",66,338.33
"Ajaccio, FR","Seville, ES",2,1351.7
"Alava, ES","Valencia, ES",2,421.44
"Alava, ES","Santiago de Compostela, ES",1,463.53
"Alava, ES","Orio al Serio (BG), IT",2,1035.96
"Alava, ES","Seville, ES",5,664.53
"Alexandroupolis, GR","Spata-Artemida, GR",52,367.76000000000005
"Alghero, IT","Rome, IT",59,369.29
"Alghero, IT","Segrate (MI), IT",42,541.13
"Alghero, IT","Orio al Serio (BG), IT",4,571.78
"Alghero, IT","Bologna, IT",6,498.53
"Alicante, ES","Köln (Cologne), DE",21,1524.41
"Alicante, ES","Vienna, AT",10,1760.1199999999997
"Alicante, ES","Katowice, PL",12,2055.99
"Alicante, ES","Rotterdam, NL",27,1569.31
"Alicante, ES","Rome, IT",19,1170.9299999999998
"Alicante, ES","Amsterdam, NL",53,1613.15
"Alicante, ES","Dublin, IE",25,1739.79
"Alicante, ES","Barcelona, ES",77,403.84999999999997
"Alicante, ES","Düsseldorf, DE",10,1555.69
"Alicante, ES","Copenhagen, DK",30,2164.54
"Alicante, ES","Paris, FR",46,1245.77
"Alicante, ES","Zaventem, BE",37,1458.0099999999998
"Alicante, ES","Oostende, BE",12,1461.3099999999997
"Alicante, ES","Eindhoven, NL",47,1535.7599999999998
"Alicante, ES","Seville, ES",13,478.1
"Alicante, ES","Madrid, ES",67,359.3
"Alicante, ES","Palma de Mallorca, ES",44,318.2300000000001
"Alicante, ES","Nowy Dwór Mazowiecki, PL",4,2270.37
"Alicante, ES","Balice, PL",18,2074.3000000000006
"Alicante, ES","Göteborg, SE",20,2347.85
"Alicante, ES","Cork, IE",8,1629.04
"Alicante, ES","Stockholm, SE",29,2698.53
"Alicante, ES","Bratislava, SK",13,1804.28
"Alicante, ES","Weeze, DE",14,1570.4400000000003
"Alicante, ES","Warsaw, PL",26,2271.35
"Alicante, ES","Budapest, HU",20,1893.95
"Alicante, ES","Marignane, Bouches-du-Rhône, FR",10,750.73
"Alicante, ES","Charleroi, BE",36,1410.9900000000002
"Alicante, ES","Prague, CZ",4,1760.68
"Alicante, ES","Orio al Serio (BG), IT",9,1179.31
"Alicante, ES","Berlin, DE",12,1905.67
"Alicante, ES","Ibiza (Eivissa), ES",17,180.27000000000004
"Alicante, ES","Porto, PT",4,768.23
"Alicante, ES","Beauvais, FR",10,1260.39
"Alicante, ES","Ferno (VA), IT",24,1119.8
"Alicante, ES","Nuremberg, DE",8,1553.41
"Alicante, ES","Frankfurt am Main (Lautzenhausen), DE",10,1437.52
"Alicante, ES","Büren, DE",3,1645.78
"Alicante, ES","Poznań, PL",12,2066.7
"Almería, ES","Melilla, ES",6,181.72
"Almería, ES","Madrid, ES",44,414.84
"Almería, ES","Seville, ES",22,318.75
"Almería, ES","Barcelona, ES",21,626.44
"Amsterdam, NL","Schkeuditz, DE",18,522.02
"Amsterdam, NL","Dublin, IE",171,749.71
"Amsterdam, NL","Munich, DE",138,664.17
"Amsterdam, NL","Madrid, ES",144,1468.5799999999997
"Amsterdam, NL","Caselle Torinese (TO), IT",23,818.0
"Amsterdam, NL","Bremen, DE",38,283.48
"Amsterdam, NL","Copenhagen, DK",156,633.38
"Amsterdam, NL","Frankfurt am Main, DE",125,366.48
"Amsterdam, NL","Seville, ES",33,1852.07
"Amsterdam, NL","Bucharest, RO",66,1786.58
"Amsterdam, NL","Tallinn, EE",28,1471.8700000000001
"Amsterdam, NL","Stuttgart, DE",51,511.01
"Amsterdam, NL","Luxembourg, LU",49,314.94999999999993
"Amsterdam, NL","Warsaw, PL",102,1098.43
"Amsterdam, NL","Toulouse/Blagnac, FR",42,997.47
"Amsterdam, NL","Valencia, ES",32,1481.12
"Amsterdam, NL","Funchal, PT",18,2783.52
"Amsterdam, NL","Velika Gorica, HR",23,1098.85
"Amsterdam, NL","Paris, FR",187,378.01
"Amsterdam, NL","Pisa (PI), IT",6,1045.71
"Amsterdam, NL","Porto, PT",53,1594.97
"Amsterdam, NL","Nice, Alpes-Maritimes, FR",16,978.8600000000001
"Amsterdam, NL","Salzburg, AT",29,772.63
"Amsterdam, NL","Billund, DK",68,477.25
"Amsterdam, NL","Vilnius, LT",24,1377.4399999999998
"Amsterdam, NL","Istanbul, TR",133,2213.33
"Amsterdam, NL","Saint-Jacques-de-la-Lande, Ille-et-Vilaine, FR",10,659.99
"Amsterdam, NL","Göteborg, SE",54,760.16
"Amsterdam, NL","Bordeaux, FR",39,923.65
"Amsterdam, NL","Stockholm, SE",117,1142.3699999999997
"Amsterdam, NL","Lisbon, PT",58,1846.2999999999997
"Amsterdam, NL","Poznań, PL",18,817.97
"Amsterdam, NL","Vienna, AT",83,959.4800000000001
"Amsterdam, NL","Barcelona, ES",146,1241.14
"Amsterdam, NL","Riga, LV",34,1337.18
"Amsterdam, NL","Helsinki (Vantaa), FI",66,1521.36
"Amsterdam, NL","Hamburg, DE",68,372.79
"Amsterdam, NL","Valletta, MT",16,1984.49
"Amsterdam, NL","Colombier-Saugnieu, Rhône, FR",52,732.34
"Amsterdam, NL","Ferno (VA), IT",31,796.6399999999999
"Amsterdam, NL","Zaventem, BE",38,157.65999999999997
"Amsterdam, NL","Düsseldorf, DE",70,178.33999999999997
"Amsterdam, NL","Cork, IE",28,906.11
"Amsterdam, NL","Rome, IT",81,1302.7699999999998
"Amsterdam, NL","Málaga, ES",91,1883.6599999999999
"Amsterdam, NL","Marignane, Bouches-du-Rhône, FR",34,986.92
"Amsterdam, NL","Balice, PL",55,1073.59
"Amsterdam, NL","Segrate (MI), IT",139,831.08
"Amsterdam, NL","Wilhelmshaven, DE",3,257.35
"Amsterdam, NL","Nuremberg, DE",54,541.6
"Amsterdam, NL","Hannover, DE",40,334.36
"Amsterdam, NL","Gdańsk, PL",33,936.62
"Amsterdam, NL","Nantes, FR",40,733.2700000000001
"Amsterdam, NL","Prague, CZ",92,705.0
"Amsterdam, NL","Budapest, HU",44,1156.58
"Amsterdam, NL","Berlin, DE",80,593.4
"Amsterdam, NL","Bologna, IT",39,988.46
"Amsterdam, NL","Palma de Mallorca, ES",15,1426.97
"Amsterdam, NL","Mönchengladbach, DE",3,169.46
"Amsterdam, NL","Zgornji Brnik, SI",14,974.43
"Amsterdam, NL","Firenze (FI), IT",30,1058.4
"Amsterdam, NL","Faro, PT",24,1969.82
"Amsterdam, NL","Spata-Artemida, GR",51,2181.75
"Amsterdam, NL","Linköping, SE",23,965.29
"Amsterdam, NL","Ibiza (Eivissa), ES",12,1516.6600000000003
"Amsterdam, NL","Orio al Serio (BG), IT",1,821.24
"Amsterdam, NL","Thessaloniki, GR",12,1904.79
"Amsterdam, NL","Tarbes/Lourdes/Pyrénées, FR",2,1075.44
"Amsterdam, NL","Innsbruck, AT",35,733.08
"Amsterdam, NL","Wrocław, PL",19,844.6699999999998
"Amsterdam, NL","Genova (GE), IT",14,927.9
"Amsterdam, NL","Groningen, NL",5,151.81
"Antalya, TR","Frankfurt am Main, DE",10,2298.23
"Antalya, TR","Istanbul, TR",323,488.2
"Antalya, TR","Nuremberg, DE",7,2114.06
"Antalya, TR","Hannover, DE",15,2387.12
"Antalya, TR","Düsseldorf, DE",29,2478.71
"Antalya, TR","Paris, FR",6,2673.52
"Antalya, TR","Billund, DK",3,2650.92
"Antalya, TR","Stockholm, SE",3,2677.16
"Antalya, TR","Tymbou (Kirklar), CY",47,311.30999999999995
"Antalya, TR","Dresden, DE",3,2077.9
"Antalya, TR","Hamburg, DE",10,2454.52
"Antalya, TR","Munich, DE",14,2000.9299999999998
"Antalya, TR","Stuttgart, DE",15,2182.41
"Antalya, TR","Vienna, AT",13,1701.9299999999998
"Antalya, TR","Berlin, DE",12,2185.92
"Antalya, TR","Köln (Cologne), DE",14,2432.08
"Antalya, TR","Copenhagen, DK",8,2489.08
"Antwerp, BE","Valencia, ES",1,1356.52
"Antwerp, BE","Hamburg, DE",1,455.31
"Antwerp, BE","Stuttgart, DE",1,439.51
"Antwerp, BE","Málaga, ES",8,1763.33
"Arvidsjaur, SE","Stuttgart, DE",5,1969.08
"Arvidsjaur, SE","Köln (Cologne), DE",3,1777.6
"Arvidsjaur, SE","Hannover, DE",2,1555.66
"Arvidsjaur, SE","Munich, DE",6,1966.4399999999998
"Augsburg, DE","Marignane, Bouches-du-Rhône, FR",15,708.91
"Augsburg, DE","Maribor, SI",1,417.72
"Augsburg, DE","Hamburg, DE",3,577.9
"Augsburg, DE","Toussus-le-Noble, Yvelines, FR",3,649.77
"Augsburg, DE","Bucharest, RO",2,1236.9
"Augsburg, DE","Berlin, DE",1,474.05
"Augsburg, DE","Schkeuditz, DE",1,345.83
"Balice, PL","Porto, PT",10,2401.17
"Balice, PL","Málaga, ES",18,2445.63
"Balice, PL","Dublin, IE",26,1820.41
"Balice, PL","Beauvais, FR",16,1268.1600000000003
"Balice, PL","Valletta, MT",25,1639.0
"Balice, PL","Colombier-Saugnieu, Rhône, FR",4,1194.89
"Balice, PL","Larnaca, CY",6,2028.9000000000003
"Balice, PL","Vienna, AT",29,320.34999999999997
"Balice, PL","Valencia, ES",10,1975.4299999999998
"Balice, PL","Orio al Serio (BG), IT",31,896.0899999999999
"Balice, PL","Luxembourg, LU",4,973.03
"Balice, PL","Pescara, IT",3,952.47
"Balice, PL","Bologna, IT",12,887.86
"Balice, PL","Warsaw, PL",91,251.13000000000002
"Balice, PL","Copenhagen, DK",32,779.35
"Balice, PL","Helsinki (Vantaa), FI",11,1184.29
"Balice, PL","Memmingen, DE",10,733.11
"Balice, PL","Capannori (LU), IT",1,984.34
"Balice, PL","Jasionka, PL",2,159.78
"Balice, PL","Munich, DE",23,611.42
"Balice, PL","Göteborg, SE",12,987.06
"Balice, PL","Frankfurt am Main, DE",52,800.8
"Balice, PL","Paris, FR",45,1261.5099999999998
"Balice, PL","Istanbul, TR",20,1229.95
"Balice, PL","Szymany, PL",4,386.74
"Balice, PL","Barcelona, ES",40,1679.8399999999997
"Balice, PL","Palermo, IT",6,1425.6500000000003
"Balice, PL","Eindhoven, NL",20,1023.22
"Balice, PL","Ronchi dei Legionari/Trieste, IT",6,666.15
"Balice, PL","Vilnius, LT",8,629.09
"Balice, PL","Lamezia Terme (CZ), IT",5,1273.14
"Balice, PL","Zaventem, BE",5,1084.32
"Balice, PL","Rome, IT",45,1080.87
"Balice, PL","Paphos, CY",5,1994.94
"Balice, PL","Thessaloniki, GR",9,1091.38
"Balice, PL","Ferno (VA), IT",18,960.3999999999999
"Balice, PL","Bucharest, RO",14,778.16
"Balice, PL","Düsseldorf, DE",3,925.75
"Balice, PL","Charleroi, BE",18,1088.1099999999997
"Balice, PL","Madrid, ES",14,2113.61
"Balice, PL","Shannon, IE",14,1999.68
"Balice, PL","Stockholm, SE",18,1054.45
"Balice, PL","Marignane, Bouches-du-Rhône, FR",4,1329.58
"Balice, PL","Gdańsk, PL",4,486.47
"Barcelona, ES","Napoli, IT",13,1023.61
"Barcelona, ES","Caselle Torinese (TO), IT",22,625.83
"Barcelona, ES","Bordeaux, FR",25,453.49
"Barcelona, ES","Paris, FR",286,890.3400000000001
"Barcelona, ES","Orio al Serio (BG), IT",44,783.84
"Barcelona, ES","Vienna, AT",53,1369.69
"Barcelona, ES","Munich, DE",102,1094.6299999999999
"Barcelona, ES","Porto, PT",78,898.6600000000001
"Barcelona, ES","Dublin, IE",79,1485.69
"Barcelona, ES","Seville, ES",122,809.28
"Barcelona, ES","Köln (Cologne), DE",40,1132.75
"Barcelona, ES","Palma de Mallorca, ES",267,201.97
"Barcelona, ES","Istanbul, TR",75,2240.68
"Barcelona, ES","Madrid, ES",261,493.49
"Barcelona, ES","Ibiza (Eivissa), ES",116,276.15
"Barcelona, ES","Copenhagen, DK",58,1768.57
"Barcelona, ES","Mahón (Maó), ES",32,241.05000000000004
"Barcelona, ES","Zaventem, BE",50,1083.78
"Barcelona, ES","Rome, IT",175,862.19
"Barcelona, ES","Braunschweig, DE",1,1382.87
"Barcelona, ES","Ferno (VA), IT",177,720.79
"Barcelona, ES","Frankfurt am Main, DE",80,1092.54
"Barcelona, ES","Spata-Artemida, GR",39,1904.51
"Barcelona, ES","Bucharest, RO",31,1981.7699999999998
"Barcelona, ES","Schkeuditz, DE",27,1366.29
"Barcelona, ES","Málaga, ES",113,765.97
"Barcelona, ES","Bologna, IT",45,831.32
"Barcelona, ES","Strasbourg, FR",8,915.53
"Barcelona, ES","Riga, LV",12,2341.7699999999995
"Barcelona, ES","Stuttgart, DE",33,994.6600000000001
"Barcelona, ES","Budapest, HU",54,1514.6
"Barcelona, ES","Düsseldorf, DE",38,1167.41
"Barcelona, ES","Berlin, DE",73,1502.44
"Barcelona, ES","Prague, CZ",45,1358.0299999999997
"Barcelona, ES","Nowy Dwór Mazowiecki, PL",22,1869.31
"Barcelona, ES","Ronchi dei Legionari/Trieste, IT",8,1045.77
"Barcelona, ES","Valencia, ES",22,295.6
"Barcelona, ES","Bratislava, SK",24,1415.05
"Barcelona, ES","Warsaw, PL",42,1871.0999999999997
"Barcelona, ES","Luxembourg, LU",26,980.33
"Barcelona, ES","Valletta, MT",25,1235.97
"Barcelona, ES","Santiago de Compostela, ES",37,883.25
"Barcelona, ES","Charleroi, BE",20,1035.47
"Barcelona, ES","Hamburg, DE",23,1485.59
"Barcelona, ES","Lisbon, PT",115,994.0
"Barcelona, ES","Melilla, ES",2,800.13
"Barcelona, ES","Helsinki (Vantaa), FI",13,2628.15
"Barcelona, ES","Beauvais, FR",11,907.05
"Barcelona, ES","Segrate (MI), IT",21,741.9700000000001
"Barcelona, ES","Capannori (LU), IT",8,750.3
"Barcelona, ES","Cork, IE",5,1420.74
"Barcelona, ES","Colombier-Saugnieu, Rhône, FR",28,549.0
"Barcelona, ES","Nantes, FR",39,714.2400000000001
"Barcelona, ES","Marignane, Bouches-du-Rhône, FR",17,350.62000000000006
"Barcelona, ES","Larnaca, CY",7,2834.7100000000005
"Barcelona, ES","Culleredo, ES",36,887.68
"Barcelona, ES","Stockholm, SE",21,2301.82
"Barcelona, ES","Caselle (VR), IT",9,844.8399999999999
"Barcelona, ES","Falconara Marittima (AN), IT",3,960.08
"Barcelona, ES","Tallinn, EE",8,2554.7
"Barcelona, ES","Salzburg, AT",4,1125.71
"Barcelona, ES","Gdańsk, PL",6,1890.94
"Barcelona, ES","Vilnius, LT",13,2258.08
"Barcelona, ES","Rotterdam, NL",14,1198.75
"Barcelona, ES","Frankfurt am Main (Lautzenhausen), DE",10,1042.17
"Barcelona, ES","Hannover, DE",6,1367.5999999999997
"Barcelona, ES","Jerez de la Frontera, ES",7,865.72
"Bastia, FR","Paris, FR",20,935.36
"Beauvais, FR","Vilnius, LT",4,1676.88
"Beauvais, FR","Orio al Serio (BG), IT",14,707.95
"Beauvais, FR","Palermo, IT",3,1537.0
"Beauvais, FR","Seville, ES",9,1484.29
"Beauvais, FR","Valencia, ES",2,1126.85
"Beauvais, FR","Dublin, IE",31,728.76
"Beauvais, FR","Ronchi dei Legionari/Trieste, IT",3,940.49
"Beauvais, FR","Porto, PT",37,1240.2000000000003
"Beauvais, FR","Faro, PT",6,1603.08
"Beauvais, FR","Budapest, HU",15,1269.75
"Beauvais, FR","Poznań, PL",6,1080.06
"Beauvais, FR","Pisa (PI), IT",10,900.28
"Beauvais, FR","Rome, IT",18,1167.1
"Beauvais, FR","Copenhagen, DK",6,987.07
"Beauvais, FR","Stockholm, SE",4,1506.72
"Beauvais, FR","Bologna, IT",14,884.08
"Beauvais, FR","Madrid, ES",12,1101.11
"Beauvais, FR","Wrocław, PL",5,1063.51
"Beauvais, FR","Vienna, AT",14,1068.04
"Beauvais, FR","Nowy Dwór Mazowiecki, PL",7,1336.58
"Berlin, DE","Vienna, AT",80,520.53
"Berlin, DE","Zaventem, BE",21,642.78
"Berlin, DE","Copenhagen, DK",63,366.26
"Berlin, DE","Frankfurt am Main, DE",195,431.24000000000007
"Berlin, DE","Budapest, HU",31,674.12
"Berlin, DE","Stuttgart, DE",29,508.0
"Berlin, DE","Paris, FR",177,859.28
"Berlin, DE","Thessaloniki, GR",16,1500.52
"Berlin, DE","Düsseldorf, DE",22,477.81
"Berlin, DE","Köln (Cologne), DE",52,469.36
"Berlin, DE","Segrate (MI), IT",28,828.43
"Berlin, DE","Funchal, PT",12,3264.3000000000006
"Berlin, DE","Madrid, ES",45,1860.57
"Berlin, DE","Istanbul, TR",113,1716.58
"Berlin, DE","Munich, DE",131,461.96
"Berlin, DE","Orio al Serio (BG), IT",27,793.64
"Berlin, DE","Dublin, IE",51,1326.82
"Berlin, DE","Friedrichshafen, DE",10,594.1999999999999
"Berlin, DE","Marignane, Bouches-du-Rhône, FR",6,1167.27
"Berlin, DE","Palma de Mallorca, ES",53,1645.61
"Berlin, DE","Luxembourg, LU",19,593.56
"Berlin, DE","Valencia, ES",7,1787.41
"Berlin, DE","Warsaw, PL",26,505.71
"Berlin, DE","Rome, IT",48,1177.03
"Berlin, DE","Spata-Artemida, GR",26,1796.72
"Berlin, DE","Ronchi dei Legionari/Trieste, IT",6,726.58
"Berlin, DE","Helsinki (Vantaa), FI",46,1128.86
"Berlin, DE","Jasionka, PL",1,643.47
"Berlin, DE","Bucharest, RO",18,1269.72
"Berlin, DE","Málaga, ES",34,2240.8699999999994
"Berlin, DE","Nîmes/Garons, FR",1,1169.09
"Berlin, DE","Tallinn, EE",6,1052.69
"Berlin, DE","Palermo, IT",3,1580.89
"Berlin, DE","Valletta, MT",6,1838.13
"Berlin, DE","Porto, PT",8,2078.36
"Berlin, DE","Faro, PT",11,2389.25
"Berlin, DE","Stockholm, SE",43,840.09
"Berlin, DE","Bordeaux, FR",4,1335.7
"Berlin, DE","Ferno (VA), IT",17,825.1
"Berlin, DE","Seville, ES",4,2243.15
"Berlin, DE","Bologna, IT",10,885.32
"Berlin, DE","Maastricht, NL",1,557.2
"Biarritz, FR","Paris, FR",63,710.1299999999999
"Biarritz, FR","Colombier-Saugnieu, Rhône, FR",25,580.45
"Biarritz, FR","Charleroi, BE",3,899.79
"Billund, DK","Katowice, PL",6,882.4900000000001
"Billund, DK","Stockholm, SE",21,668.53
"Billund, DK","Frankfurt am Main, DE",37,636.5899999999999
"Billund, DK","Warsaw, PL",12,862.6900000000002
"Billund, DK","Vila Baleira, PT",2,3196.12
"Billund, DK","Istanbul, TR",7,2176.52
"Billund, DK","Copenhagen, DK",62,219.77
"Billund, DK","Schkeuditz, DE",10,521.35
"Billund, DK","Paris, FR",29,853.9799999999999
"Billund, DK","Bucharest, RO",8,1726.1
"Billund, DK","Köln (Cologne), DE",14,558.23
"Billund, DK","Roskilde, DK",5,187.33
"Billund, DK","Göteborg, SE",1,282.93
"Billund, DK","Hannover, DE",5,366.25
"Billund, DK","Riga, LV",4,924.03
"Billund, DK","Málaga, ES",7,2356.3
"Bodrum, TR","Istanbul, TR",61,442.68
"Bologna, IT","Munich, DE",41,426.2900000000001
"Bologna, IT","Düsseldorf, DE",4,822.78
"Bologna, IT","Madrid, ES",59,1307.07
"Bologna, IT","Palermo, IT",16,728.15
"Bologna, IT","Köln (Cologne), DE",11,768.95
"Bologna, IT","Vienna, AT",24,567.61
"Bologna, IT","Paris, FR",67,866.49
"Bologna, IT","Seville, ES",8,1640.55
"Bologna, IT","Valencia, ES",6,1121.07
"Bologna, IT","Reggio Calabria, IT",10,805.5899999999999
"Bologna, IT","Ferno (VA), IT",8,235.03
"Bologna, IT","Luxembourg, LU",4,683.95
"Bologna, IT","Nowy Dwór Mazowiecki, PL",6,1116.48
"Bologna, IT","Charleroi, BE",20,834.4100000000001
"Bologna, IT","Rome, IT",33,317.59999999999997
"Bologna, IT","Dublin, IE",6,1610.8
"Bologna, IT","Bucharest, RO",27,1172.58
"Bologna, IT","Copenhagen, DK",20,1236.11
"Bologna, IT","Eindhoven, NL",6,885.25
"Bologna, IT","Frankfurt am Main, DE",46,644.29
"Bologna, IT","Schkeuditz, DE",11,768.81
"Bologna, IT","Budapest, HU",12,687.7800000000001
"Bologna, IT","Istanbul, TR",46,1489.44
"Bologna, IT","Porto, PT",4,1662.91
"Bologna, IT","Lamezia Terme (CZ), IT",21,748.71
"Bologna, IT","Málaga, ES",8,1589.54
"Billund, DK","Bolzano (BZ), IT",1,1042.93
"Bolzano (BZ), IT","Seville, ES",1,1737.23
"Bordeaux, FR","Madrid, ES",36,545.59
"Bordeaux, FR","Marignane, Bouches-du-Rhône, FR",42,497.57
"Bordeaux, FR","Paris, FR",119,545.72
"Bordeaux, FR","Nantes, FR",4,267.57
"Bordeaux, FR","Colombier-Saugnieu, Rhône, FR",67,464.97
"Bordeaux, FR","Saint-Jacques-de-la-Lande, Ille-et-Vilaine, FR",4,368.72
"Bordeaux, FR","Porto, PT",15,759.51
"Bordeaux, FR","Zaventem, BE",7,778.2800000000001
"Bordeaux, FR","Lesquin, FR",13,698.84
"Bordeaux, FR","Istanbul, TR",14,2437.54
"Bordeaux, FR","Ferno (VA), IT",12,744.44
"Bordeaux, FR","Dublin, IE",10,1037.19
"Bordeaux, FR","Rome, IT",23,1113.54
"Alicante, ES","Bordeaux, FR",1,728.05
"Bordeaux, FR","Strasbourg, FR",14,757.79
"Bordeaux, FR","Prague, CZ",4,1266.08
"Bordeaux, FR","Frankfurt am Main, DE",6,904.7999999999998
"Bratislava, SK","Frankfurt am Main, DE",3,662.59
"Bratislava, SK","Lamezia Terme (CZ), IT",10,1033.03
"Bratislava, SK","Košice, SK",20,302.27
"Bratislava, SK","Dublin, IE",11,1740.7699999999998
"Bratislava, SK","Charleroi, BE",6,957.5499999999998
"Bratislava, SK","Spata-Artemida, GR",7,1261.37
"Bratislava, SK","Larnaca, CY",4,2004.64
"Bratislava, SK","Thessaloniki, GR",7,965.44
"Bratislava, SK","Eindhoven, NL",4,923.08
"Bratislava, SK","Genova (GE), IT",1,766.42
"Bratislava, SK","Warsaw, PL",3,522.16
"Bratislava, SK","Valletta, MT",7,1388.47
"Bratislava, SK","Schkeuditz, DE",10,508.12000000000006
"Bratislava, SK","Rome, IT",13,801.69
"Bratislava, SK","Catania, IT",1,1202.84
"Bratislava, SK","Ferno (VA), IT",12,703.2599999999999
"Braunschweig, DE","Frankfurt am Main, DE",3,290.45
"Braunschweig, DE","Manching, DE",11,406.6000000000001
"Braunschweig, DE","Munich, DE",2,449.47
"Braunschweig, DE","Laage, DE",2,211.7
"Bremen, DE","Toulouse/Blagnac, FR",3,1180.84
"Bremen, DE","Frankfurt am Main, DE",50,336.2
"Bremen, DE","Munich, DE",57,562.78
"Bremen, DE","Vienna, AT",8,775.78
"Bremen, DE","Istanbul, TR",24,2015.78
"Brest, FR","Marignane, Bouches-du-Rhône, FR",15,928.8300000000002
"Brest, FR","Paris, FR",45,496.55
"Brest, FR","Colombier-Saugnieu, Rhône, FR",28,780.26
"Brest, FR","Rome, IT",4,1509.28
"Brest, FR","Toulouse/Blagnac, FR",4,696.95
"Brno, CZ","Prague, CZ",7,204.65
"Brno, CZ","Schkeuditz, DE",6,405.02
"Brno, CZ","Nuremberg, DE",5,408.74
"Bucharest, RO","Larnaca, CY",8,1251.05
"Bucharest, RO","Timişoara, RO",31,399.34999999999997
"Bucharest, RO","Copenhagen, DK",6,1556.0
"Bucharest, RO","Rome, IT",53,1148.7699999999998
"Bucharest, RO","Istanbul, TR",73,452.33000000000004
"Bucharest, RO","Memmingen, DE",16,1275.8399999999997
"Bucharest, RO","Warsaw, PL",61,934.75
"Bucharest, RO","Prague, CZ",22,1084.12
"Bucharest, RO","Charleroi, BE",34,1746.3399999999997
"Bucharest, RO","Pescara, IT",12,988.82
"Bucharest, RO","Vienna, AT",43,832.0800000000002
"Bucharest, RO","Madrid, ES",37,2470.1499999999996
"Bucharest, RO","Frankfurt am Main, DE",42,1452.81
"Bucharest, RO","Marignane, Bouches-du-Rhône, FR",7,1671.21
"Bucharest, RO","Paris, FR",84,1878.6899999999998
"Bucharest, RO","Zaventem, BE",8,1756.91
"Bucharest, RO","Valletta, MT",10,1378.2400000000002
"Bucharest, RO","Dublin, IE",13,2532.8599999999997
"Bucharest, RO","Orio al Serio (BG), IT",52,1290.56
"Bucharest, RO","Riga, LV",5,1388.44
"Bucharest, RO","Dortmund, DE",15,1572.64
"Bucharest, RO","Recea, RO",8,251.83
"Bucharest, RO","Pisa (PI), IT",8,1255.92
"Bucharest, RO","Caselle Torinese (TO), IT",3,1452.95
"Bucharest, RO","Zaragoza, ES",4,2216.37
"Bucharest, RO","Ferno (VA), IT",23,1366.83
"Bucharest, RO","Luxembourg, LU",4,1603.03
"Bucharest, RO","Paphos, CY",3,1220.09
"Bucharest, RO","Turku, FI",4,1794.67
"Bucharest, RO","Firenze (FI), IT",1,1189.45
"Bucharest, RO","Budapest, HU",28,631.06
"Bucharest, RO","Thessaloniki, GR",7,515.21
"Bucharest, RO","Gdańsk, PL",3,1223.85
"Bucharest, RO","Munich, DE",34,1173.94
"Bucharest, RO","Málaga, ES",14,2708.64
"Bucharest, RO","Eindhoven, NL",12,1715.26
"Budapest, HU","Paris, FR",71,1259.07
"Budapest, HU","Valletta, MT",23,1350.06
"Budapest, HU","Dortmund, DE",8,942.43
"Budapest, HU","Dublin, IE",33,1901.87
"Budapest, HU","Málaga, ES",24,2276.47
"Budapest, HU","Madrid, ES",50,1976.99
"Budapest, HU","Warsaw, PL",75,541.4399999999999
"Budapest, HU","Stuttgart, DE",17,746.5500000000001
"Budapest, HU","Zaventem, BE",12,1126.71
"Budapest, HU","Caselle (VR), IT",2,672.03
"Budapest, HU","Copenhagen, DK",38,1007.11
"Alajero, La Gomera Island, ES","Budapest, HU",1,3804.88
"Budapest, HU","Ferno (VA), IT",46,820.26
"Budapest, HU","Gdańsk, PL",3,767.13
"Budapest, HU","Vienna, AT",34,202.5
"Budapest, HU","Istanbul, TR",80,1059.84
"Budapest, HU","Prague, CZ",24,459.11000000000007
"Budapest, HU","Orio al Serio (BG), IT",29,746.67
"Budapest, HU","Spata-Artemida, GR",32,1132.6
"Budapest, HU","Rome, IT",56,824.45
"Budapest, HU","Charleroi, BE",30,1117.63
"Budapest, HU","Porto, PT",6,2302.0
"Budapest, HU","Munich, DE",48,554.58
"Budapest, HU","Capannori (LU), IT",1,778.27
"Budapest, HU","Nice, Alpes-Maritimes, FR",3,1018.39
"Budapest, HU","Düsseldorf, DE",6,987.15
"Budapest, HU","Nantes, FR",4,1558.38
"Budapest, HU","Vilnius, LT",10,902.85
"Budapest, HU","Stockholm, SE",10,1337.76
"Budapest, HU","Frankfurt am Main, DE",63,823.04
"Budapest, HU","Frankfurt am Main (Lautzenhausen), DE",3,910.59
"Budapest, HU","Thessaloniki, GR",11,833.86
"Budapest, HU","Eindhoven, NL",24,1084.21
"Budapest, HU","Nuremberg, DE",13,632.82
"Budapest, HU","Colombier-Saugnieu, Rhône, FR",6,1087.92
"Budapest, HU","Palermo, IT",3,1144.87
"Budapest, HU","Schkeuditz, DE",12,661.86
"Budapest, HU","Valencia, ES",5,1806.97
"Budapest, HU","Paphos, CY",6,1803.28
"Budapest, HU","Toulouse/Blagnac, FR",4,1443.77
"Budapest, HU","Shannon, IE",6,2067.78
"Budapest, HU","Wrocław, PL",9,433.2
"Bydgoszcz, PL","Dublin, IE",6,1604.86
"Bydgoszcz, PL","Frankfurt am Main, DE",8,734.4
"Bydgoszcz, PL","Warsaw, PL",11,222.25
"Berlin, DE","Büren, DE",4,344.6499999999999
"Büren, DE","Munich, DE",14,427.26
"Caen, FR","Colombier-Saugnieu, Rhône, FR",11,566.36
"Caen, FR","Nice, Alpes-Maritimes, FR",3,849.04
"Caen, FR","Marignane, Bouches-du-Rhône, FR",8,771.97
"Caen, FR","Toulouse/Blagnac, FR",4,632.39
"Caen, FR","Montpellier/Méditerranée, FR",4,708.71
"Caselle (VR), IT","Munich, DE",26,336.02000000000004
"Caselle (VR), IT","Rome, IT",17,418.25
"Caselle (VR), IT","Lamezia Terme (CZ), IT",10,845.55
"Caselle (VR), IT","Prague, CZ",6,580.71
"Caselle (VR), IT","Paris, FR",23,781.8600000000001
"Caselle (VR), IT","Frankfurt am Main, DE",28,543.63
"Caselle (VR), IT","Colombier-Saugnieu, Rhône, FR",2,452.73
"Caselle (VR), IT","Nuremberg, DE",1,456.54
"Caselle (VR), IT","Madrid, ES",5,1305.74
"Caselle (VR), IT","Ferno (VA), IT",2,170.27
"Caselle (VR), IT","Palermo, IT",14,828.5
"Caselle Torinese (TO), IT","Munich, DE",25,471.18
"Caselle Torinese (TO), IT","Paris, FR",41,611.49
"Caselle Torinese (TO), IT","Rome, IT",49,539.38
"Caselle Torinese (TO), IT","Seville, ES",6,1421.0199999999998
"Caselle Torinese (TO), IT","Dublin, IE",16,1357.3
"Caselle Torinese (TO), IT","Istanbul, TR",14,1783.82
"Caselle Torinese (TO), IT","Pescara, IT",15,607.7
"Caselle Torinese (TO), IT","Frankfurt am Main, DE",24,540.91
"Caselle Torinese (TO), IT","Stuttgart, DE",2,405.89
"Caselle Torinese (TO), IT","Catania, IT",2,1058.71
"Caselle Torinese (TO), IT","Vienna, AT",5,753.14
"Caselle Torinese (TO), IT","Toulouse/Blagnac, FR",1,528.78
"Caselle Torinese (TO), IT","Madrid, ES",31,1063.91
"Caselle Torinese (TO), IT","Nice, Alpes-Maritimes, FR",2,174.93
"Caselle Torinese (TO), IT","Lamezia Terme (CZ), IT",23,995.73
"Caselle Torinese (TO), IT","Palermo, IT",15,909.4400000000002
"Caselle Torinese (TO), IT","Charleroi, BE",18,631.47
"Caselle Torinese (TO), IT","Valencia, ES",5,920.9900000000001
"Caselle Torinese (TO), IT","Wrocław, PL",1,947.31
"Caselle Torinese (TO), IT","Reggio Calabria, IT",14,1033.67
"Catania, IT","Segrate (MI), IT",3,1009.2
"Chambéry, FR","Segrate (MI), IT",11,265.37
"Chambéry, FR","Paris, FR",29,490.41
"Chambéry, FR","Nice, Alpes-Maritimes, FR",5,244.17
"Chambéry, FR","Valletta, MT",2,1306.65
"Amsterdam, NL","Chambéry, FR",6,746.16
"Charleroi, BE","Palma de Mallorca, ES",15,1220.5899999999997
"Charleroi, BE","Valencia, ES",10,1279.78
"Charleroi, BE","Lamezia Terme (CZ), IT",4,1583.11
"Charleroi, BE","Orio al Serio (BG), IT",38,660.06
"Charleroi, BE","Łódź, PL",4,1050.76
"Charleroi, BE","Helsinki (Vantaa), FI",8,1683.99
"Charleroi, BE","Poznań, PL",4,882.97
"Charleroi, BE","Cork, IE",4,914.94
"Charleroi, BE","Stockholm, SE",10,1317.75
"Charleroi, BE","Pisa (PI), IT",18,876.8
"Charleroi, BE","Marignane, Bouches-du-Rhône, FR",28,783.1
"Charleroi, BE","Thessaloniki, GR",10,1809.3
"Charleroi, BE","Seville, ES",17,1666.93
"Charleroi, BE","Istanbul, TR",36,2155.26
"Charleroi, BE","Warsaw, PL",22,1158.49
"Charleroi, BE","Toulouse/Blagnac, FR",12,794.98
"Charleroi, BE","Falconara Marittima (AN), IT",2,1015.71
"Charleroi, BE","Málaga, ES",25,1691.54
"Charleroi, BE","Genova (GE), IT",4,748.76
"Charleroi, BE","Palermo, IT",8,1533.56
"Charleroi, BE","Riga, LV",7,1468.71
"Charleroi, BE","Wrocław, PL",6,875.2199999999999
"Charleroi, BE","Dublin, IE",4,804.48
"Charleroi, BE","Prague, CZ",9,697.02
"Charleroi, BE","Rome, IT",30,1140.44
"Charleroi, BE","Nîmes/Garons, FR",8,745.52
"Charleroi, BE","Pescara, IT",14,1160.95
"Charleroi, BE","Kaunas, LT",3,1407.88
"Charleroi, BE","Madrid, ES",20,1281.54
"Charleroi, BE","Katowice, PL",4,1033.14
"Charleroi, BE","Valletta, MT",20,1813.75
"Charleroi, BE","Faro, PT",10,1792.6600000000003
"Charleroi, BE","Porto, PT",24,1440.03
"Charleroi, BE","Vienna, AT",8,915.25
"Charleroi, BE","Funchal, PT",4,2630.76
"Capannori (LU), IT","Charleroi, BE",2,870.31
"Chassieu, Lyon, FR","Marignane, Bouches-du-Rhône, FR",2,255.51
"Chassieu, Lyon, FR","Strasbourg, FR",3,372.62000000000006
"Chassieu, Lyon, FR","Paris, FR",8,446.07
"Chassieu, Lyon, FR","Orio al Serio (BG), IT",1,370.05
"Clermont-Ferrand, FR","Dole, FR",1,222.17
"Clermont-Ferrand, FR","Paris, FR",25,397.08000000000004
"Clermont-Ferrand, FR","Szymany, PL",2,1532.75
"Bastia, FR","Colombier-Saugnieu, Rhône, FR",4,497.27
"Colombier-Saugnieu, Rhône, FR","Paris, FR",101,451.34000000000003
"Colombier-Saugnieu, Rhône, FR","Strasbourg, FR",15,366.9
"Colombier-Saugnieu, Rhône, FR","Pau/Pyrénées (Uzein), FR",9,508.34
"Colombier-Saugnieu, Rhône, FR","Frankfurt am Main, DE",40,543.55
"Colombier-Saugnieu, Rhône, FR","Istanbul, TR",49,1989.08
"Colombier-Saugnieu, Rhône, FR","Munich, DE",38,585.22
"Colombier-Saugnieu, Rhône, FR","Rome, IT",31,732.46
"Colombier-Saugnieu, Rhône, FR","Madrid, ES",59,923.0199999999999
"Colombier-Saugnieu, Rhône, FR","Valencia, ES",2,829.47
"Colombier-Saugnieu, Rhône, FR","Köln (Cologne), DE",10,591.29
"Colombier-Saugnieu, Rhône, FR","Toulouse/Blagnac, FR",59,375.65999999999997
"Colombier-Saugnieu, Rhône, FR","Saint-Jacques-de-la-Lande, Ille-et-Vilaine, FR",8,580.06
"Colombier-Saugnieu, Rhône, FR","Wrocław, PL",1,1053.95
"Colombier-Saugnieu, Rhône, FR","Warsaw, PL",12,1359.05
"Colombier-Saugnieu, Rhône, FR","Nantes, FR",64,537.23
"Colombier-Saugnieu, Rhône, FR","Málaga, ES",9,1285.1
"Colombier-Saugnieu, Rhône, FR","Poznań, PL",2,1131.0
"Colombier-Saugnieu, Rhône, FR","Ferno (VA), IT",17,282.81000000000006
"Colombier-Saugnieu, Rhône, FR","Nice, Alpes-Maritimes, FR",8,284.74
"Colombier-Saugnieu, Rhône, FR","Copenhagen, DK",20,1220.66
"Colombier-Saugnieu, Rhône, FR","Prague, CZ",15,837.91
"Colombier-Saugnieu, Rhône, FR","Porto, PT",37,1215.38
"Colombier-Saugnieu, Rhône, FR","Schkeuditz, DE",10,822.0800000000002
"Colombier-Saugnieu, Rhône, FR","Vienna, AT",13,910.29
"Colombier-Saugnieu, Rhône, FR","Győr, HU",1,991.59
"Colombier-Saugnieu, Rhône, FR","Seville, ES",10,1296.98
"Colombier-Saugnieu, Rhône, FR","Dublin, IE",15,1181.99
"Colombier-Saugnieu, Rhône, FR","Düsseldorf, DE",5,630.8
"Comiso, IT","Rome, IT",29,566.35
"Comiso, IT","Segrate (MI), IT",14,1039.39
"Copenhagen, DK","Stockholm, SE",230,534.1
"Copenhagen, DK","Vienna, AT",68,876.6400000000001
"Copenhagen, DK","Helsinki (Vantaa), FI",117,892.1999999999999
"Copenhagen, DK","Prague, CZ",54,622.8
"Copenhagen, DK","Frankfurt am Main, DE",94,679.66
"Copenhagen, DK","Göteborg, SE",53,236.27999999999997
"Copenhagen, DK","Paris, FR",124,993.1600000000001
"Copenhagen, DK","Tallinn, EE",57,838.9600000000002
"Copenhagen, DK","Schkeuditz, DE",21,467.55
"Copenhagen, DK","Rome, IT",33,1536.3899999999999
"Copenhagen, DK","Warsaw, PL",80,660.4300000000001
"Copenhagen, DK","Palanga, LT",22,528.58
"Copenhagen, DK","Segrate (MI), IT",11,1155.75
"Copenhagen, DK","Ferno (VA), IT",45,1144.1100000000001
"Copenhagen, DK","Vilnius, LT",29,809.2399999999999
"Copenhagen, DK","Düsseldorf, DE",44,618.9900000000001
"Copenhagen, DK","Málaga, ES",61,2471.5399999999995
"Copenhagen, DK","Luxembourg, LU",14,794.8599999999999
"Copenhagen, DK","Dublin, IE",43,1240.78
"Copenhagen, DK","Riga, LV",38,716.23
"Copenhagen, DK","Orio al Serio (BG), IT",30,1125.3100000000002
"Copenhagen, DK","Istanbul, TR",88,2008.2799999999997
"Copenhagen, DK","Munich, DE",80,809.9100000000001
"Copenhagen, DK","Stuttgart, DE",36,804.94
"Copenhagen, DK","Hamburg, DE",63,287.09
"Copenhagen, DK","Funchal, PT",6,3415.3000000000006
"Copenhagen, DK","Poznań, PL",28,447.53000000000003
"Copenhagen, DK","Nantes, FR",4,1361.18
"Copenhagen, DK","Zaventem, BE",51,754.38
"Copenhagen, DK","Velika Gorica, HR",11,1123.72
"Copenhagen, DK","Palma de Mallorca, ES",10,1930.61
"Copenhagen, DK","Madrid, ES",43,2068.98
"Copenhagen, DK","Kaunas, LT",9,726.49
"Copenhagen, DK","Luleå, SE",1,1215.75
"Copenhagen, DK","Gdańsk, PL",51,395.27
"Copenhagen, DK","Wrocław, PL",12,574.73
"Copenhagen, DK","Nice, Alpes-Maritimes, FR",11,1385.27
"Copenhagen, DK","Porto, PT",4,2225.43
"Copenhagen, DK","Hannover, DE",24,400.97
"Copenhagen, DK","Grâce-Hollogne, BE",10,732.79
"Copenhagen, DK","Spata-Artemida, GR",30,2139.45
"Copenhagen, DK","Faro, PT",12,2584.3
"Copenhagen, DK","Sønderborg, DK",45,195.34999999999997
"Copenhagen, DK","Cork, IE",1,1446.6
"Cork, IE","Faro, PT",6,1649.01
"Cork, IE","Paris, FR",8,808.27
"Cork, IE","Seville, ES",6,1616.6500000000003
"Cork, IE","Rome, IT",3,1932.64
"Culleredo, ES","Málaga, ES",6,807.34
"Culleredo, ES","Valencia, ES",2,782.79
"Culleredo, ES","Madrid, ES",107,503.07
"Amsterdam, NL","Dole, FR",1,587.89
"Dole, FR","Porto, PT",4,1294.14
"Dole, FR","Strasbourg, FR",1,234.13
"Dole, FR","Grenoble, FR",1,186.52
"Donegal, IE","Dublin, IE",9,224.75
"Dortmund, DE","Katowice, PL",36,810.04
"Dortmund, DE","Warsaw, PL",10,916.8799999999999
"Berlin, DE","Dortmund, DE",1,414.39
"Dortmund, DE","Palma de Mallorca, ES",8,1382.91
"Dortmund, DE","Istanbul, TR",12,1999.2300000000002
"Dresden, DE","Düsseldorf, DE",5,487.8
"Dresden, DE","Munich, DE",39,340.34
"Dresden, DE","Frankfurt am Main, DE",44,387.80000000000007
"Dublin, IE","Palanga, LT",4,1768.3
"Dublin, IE","Wevelgem, BE",1,708.03
"Dublin, IE","Frankfurt am Main, DE",74,1086.12
"Dublin, IE","Prague, CZ",28,1454.3099999999997
"Dublin, IE","Munich, DE",55,1381.02
"Dublin, IE","Marignane, Bouches-du-Rhône, FR",4,1393.08
"Dublin, IE","Köln (Cologne), DE",21,956.34
"Dublin, IE","Funchal, PT",6,2452.18
"Dublin, IE","Kaunas, LT",6,1965.87
"Alajero, La Gomera Island, ES","Dublin, IE",2,2963.36
"Dublin, IE","Zaventem, BE",35,784.05
"Dublin, IE","Istanbul, TR",49,2952.8000000000006
"Dublin, IE","Orio al Serio (BG), IT",35,1434.08
"Dublin, IE","Málaga, ES",61,1867.9299999999998
"Dublin, IE","Farranfore, IE",29,259.43
"Dublin, IE","Paris, FR",139,747.1500000000001
"Dublin, IE","Stockholm, SE",24,1620.64
"Dublin, IE","Madrid, ES",70,1458.1599999999999
"Dublin, IE","Helsinki (Vantaa), FI",16,2022.41
"Dublin, IE","Seville, ES",16,1780.54
"Dublin, IE","Łódź, PL",5,1734.82
"Dublin, IE","Vienna, AT",24,1702.09
"Dublin, IE","Düsseldorf, DE",27,914.7299999999999
"Dublin, IE","Pisa (PI), IT",6,1628.83
"Dublin, IE","Eindhoven, NL",6,817.84
"Dublin, IE","Nantes, FR",6,771.69
"Dublin, IE","Vilnius, LT",3,2047.33
"Dublin, IE","Wrocław, PL",15,1588.77
"Dublin, IE","Rome, IT",53,1895.46
"Dublin, IE","Memmingen, DE",9,1305.69
"Dublin, IE","Ferno (VA), IT",20,1381.7400000000002
"Dublin, IE","Faro, PT",36,1829.78
"Dublin, IE","Shannon, IE",21,195.39
"Dublin, IE","Valletta, MT",19,2533.9400000000005
"Dublin, IE","Hamburg, DE",23,1067.46
"Dublin, IE","Poznań, PL",6,1544.7699999999998
"Dublin, IE","Roskilde, DK",2,1207.67
"Dublin, IE","Nowy Dwór Mazowiecki, PL",12,1796.08
"Dublin, IE","Schkeuditz, DE",10,1270.04
"Dublin, IE","Frankfurt am Main (Lautzenhausen), DE",4,1007.49
"Dublin, IE","Porto, PT",16,1366.4299999999998
"Dublin, IE","Luxembourg, LU",19,959.18
"Dublin, IE","Segrate (MI), IT",16,1426.76
"Dublin, IE","Valencia, ES",5,1610.7
"Dublin, IE","Katowice, PL",8,1757.75
"Düsseldorf, DE","Ferno (VA), IT",41,645.5800000000002
"Düsseldorf, DE","Munich, DE",107,485.81999999999994
"Düsseldorf, DE","Rotterdam, NL",2,177.1
"Düsseldorf, DE","Stockholm, SE",15,1150.62
"Düsseldorf, DE","Paris, FR",73,389.5199999999999
"Düsseldorf, DE","Istanbul, TR",122,2040.59
"Düsseldorf, DE","Frankfurt am Main, DE",60,188.84000000000003
"Düsseldorf, DE","Friedrichshafen, DE",11,448.46
"Düsseldorf, DE","Vienna, AT",60,787.82
"Düsseldorf, DE","Palma de Mallorca, ES",65,1341.97
"Düsseldorf, DE","Helsinki (Vantaa), FI",28,1507.8700000000001
"Düsseldorf, DE","Nice, Alpes-Maritimes, FR",3,849.21
"Düsseldorf, DE","Göteborg, SE",6,792.2399999999999
"Düsseldorf, DE","Warsaw, PL",38,979.2700000000001
"Düsseldorf, DE","Thessaloniki, GR",20,1726.62
"Düsseldorf, DE","Madrid, ES",48,1450.0600000000002
"Düsseldorf, DE","Hamburg, DE",27,332.33
"Düsseldorf, DE","Riga, LV",8,1283.86
"Düsseldorf, DE","Segrate (MI), IT",27,675.69
"Düsseldorf, DE","Funchal, PT",18,2814.27
"Düsseldorf, DE","Málaga, ES",17,1853.46
"Düsseldorf, DE","Faro, PT",8,1967.32
"Düsseldorf, DE","Rome, IT",7,1139.41
"Düsseldorf, DE","Salzburg, AT",25,594.3500000000001
"Düsseldorf, DE","Jerez de la Frontera, ES",4,1908.95
"Düsseldorf, DE","Valencia, ES",6,1427.3
"Düsseldorf, DE","Feldkirchen bei Graz, AT",7,790.64
"Düsseldorf, DE","Orio al Serio (BG), IT",2,661.35
"Edremit, TR","Istanbul, TR",19,234.23
"Egelsbach, DE","Laage, DE",1,505.63
"Eindhoven, NL","Faro, PT",22,1918.6
"Eindhoven, NL","Innsbruck, AT",23,635.2
"Eindhoven, NL","Istanbul, TR",13,2136.0
"Eindhoven, NL","Wrocław, PL",8,800.55
"Eindhoven, NL","Seville, ES",18,1793.9000000000003
"Eindhoven, NL","Valencia, ES",13,1405.05
"Eindhoven, NL","Vilnius, LT",12,1372.2299999999998
"Eindhoven, NL","Porto, PT",12,1560.29
"Eindhoven, NL","Ibiza (Eivissa), ES",6,1432.71
"Eindhoven, NL","Prague, CZ",12,642.1
"Eindhoven, NL","Málaga, ES",40,1818.7
"Eindhoven, NL","Warsaw, PL",14,1070.67
"Eindhoven, NL","Velika Gorica, HR",4,1008.83
"Eindhoven, NL","Gdańsk, PL",6,934.54
"Eindhoven, NL","Orio al Serio (BG), IT",18,717.27
"Eindhoven, NL","Rome, IT",8,1199.0
"Eindhoven, NL","Nowy Dwór Mazowiecki, PL",4,1050.92
"Eindhoven, NL","Paphos, CY",3,2853.29
"Eindhoven, NL","Pisa (PI), IT",6,941.5099999999999
"Falconara Marittima (AN), IT","Segrate (MI), IT",17,382.33
"Falconara Marittima (AN), IT","Rome, IT",12,215.86
"Falconara Marittima (AN), IT","Ferno (VA), IT",6,429.64
"Faro, PT","Rotterdam, NL",17,1925.01
"Faro, PT","Orio al Serio (BG), IT",7,1755.83
"Faro, PT","Vienna, AT",6,2342.7
"Faro, PT","Zaventem, BE",7,1832.34
"Faro, PT","Paris, FR",19,1594.7699999999998
"Faro, PT","Luxembourg, LU",8,1805.57
"Faro, PT","Porto, PT",22,474.57
"Balice, PL","Faro, PT",3,2643.13
"Farranfore, IE","Frankfurt am Main (Lautzenhausen), DE",4,1196.12
"Berlin, DE","Feldkirchen bei Graz, AT",5,613.18
"Feldkirchen bei Graz, AT","Frankfurt am Main, DE",27,608.64
"Feldkirchen bei Graz, AT","Munich, DE",37,312.67
"Feldkirchen bei Graz, AT","Vienna, AT",16,150.60000000000002
"Feldkirchen bei Graz, AT","Mönchengladbach, DE",1,802.32
"Feldkirchen bei Graz, AT","Istanbul, TR",8,1264.1
"Feldkirchen bei Graz, AT","Győr, HU",2,191.87
"Ferno (VA), IT","Frankfurt am Main, DE",84,488.99
"Ferno (VA), IT","Larnaca, CY",10,2413.18
"Ferno (VA), IT","Helsinki (Vantaa), FI",26,1950.22
"Ferno (VA), IT","Luxembourg, LU",41,482.62999999999994
"Ferno (VA), IT","Madrid, ES",110,1160.4799999999998
"Ferno (VA), IT","Lamezia Terme (CZ), IT",54,969.52
"Ferno (VA), IT","Paris, FR",223,635.25
"Ferno (VA), IT","Prague, CZ",42,645.67
"Ferno (VA), IT","Munich, DE",63,381.35999999999996
"Ferno (VA), IT","Vienna, AT",20,656.37
"Brno, CZ","Ferno (VA), IT",2,715.55
"Ferno (VA), IT","Valencia, ES",12,1016.25
"Ferno (VA), IT","Jasionka, PL",3,1107.65
"Ferno (VA), IT","Istanbul, TR",56,1707.93
"Ferno (VA), IT","Hamburg, DE",20,888.3199999999999
"Ferno (VA), IT","Nowy Dwór Mazowiecki, PL",14,1150.89
"Ferno (VA), IT","Göteborg, SE",3,1363.39
"Ferno (VA), IT","Warsaw, PL",39,1151.56
"Ferno (VA), IT","Köln (Cologne), DE",15,593.8199999999998
"Ferno (VA), IT","Grâce-Hollogne, BE",33,607.7100000000002
"Ferno (VA), IT","Stockholm, SE",12,1659.5199999999998
"Ferno (VA), IT","Schkeuditz, DE",28,693.42
"Ferno (VA), IT","Valletta, MT",22,1190.63
"Ferno (VA), IT","Porto, PT",14,1484.08
"Ferno (VA), IT","Hannover, DE",21,762.69
"Ferno (VA), IT","Nantes, FR",10,810.15
"Ferno (VA), IT","Zaventem, BE",19,664.6899999999999
"Ferno (VA), IT","Málaga, ES",43,1485.77
"Ferno (VA), IT","Rome, IT",52,518.99
"Ferno (VA), IT","Pescara, IT",27,562.58
"Ferno (VA), IT","Palermo, IT",34,910.56
"Ferno (VA), IT","Spata-Artemida, GR",62,1520.35
"Ferno (VA), IT","Toulouse/Blagnac, FR",5,623.52
"Ferno (VA), IT","Vilnius, LT",9,1540.86
"Ferno (VA), IT","Grenoble, FR",1,266.55
"Capua, IT","Ferno (VA), IT",1,667.54
"Ferno (VA), IT","Strasbourg, FR",4,333.86
"Ferno (VA), IT","Seville, ES",36,1517.71
"Ferno (VA), IT","Palma de Mallorca, ES",16,834.5
"Ferno (VA), IT","Marignane, Bouches-du-Rhône, FR",12,370.19
"Ferno (VA), IT","Napoli, IT",12,693.37
"Ferno (VA), IT","Pisa (PI), IT",9,253.35
"Ferno (VA), IT","Reggio Calabria, IT",20,1016.6600000000001
"Figari, FR","Nice, Alpes-Maritimes, FR",8,284.99
"Figari, FR","Paris, FR",15,1018.0699999999999
"Firenze (FI), IT","Munich, DE",25,507.40000000000003
"Firenze (FI), IT","Paris, FR",49,916.55
"Firenze (FI), IT","Prague, CZ",6,736.98
"Firenze (FI), IT","Frankfurt am Main, DE",17,719.88
"Firenze (FI), IT","Nice, Alpes-Maritimes, FR",2,320.74
"Firenze (FI), IT","Zaventem, BE",5,936.22
"Firenze (FI), IT","Rome, IT",19,244.37
"Firenze (FI), IT","Madrid, ES",16,1281.45
"Barcelona, ES","Firenze (FI), IT",19,797.33
"Forlì (FC), IT","Palermo, IT",5,679.22
"Frankfurt am Main, DE","Göteborg, SE",49,885.54
"Frankfurt am Main, DE","Toulouse/Blagnac, FR",28,896.6999999999999
"Frankfurt am Main, DE","Rome, IT",64,961.88
"Frankfurt am Main, DE","Salzburg, AT",48,408.8399999999999
"Capannori (LU), IT","Frankfurt am Main, DE",6,706.2800000000001
"Frankfurt am Main, DE","Luxembourg, LU",57,174.06
"Frankfurt am Main, DE","Valletta, MT",27,1647.8100000000002
"Frankfurt am Main, DE","Istanbul, TR",139,1866.94
"Frankfurt am Main, DE","Paris, FR",162,461.09000000000003
"Frankfurt am Main, DE","Zgornji Brnik, SI",25,608.37
"Frankfurt am Main, DE","Nuremberg, DE",60,190.25999999999996
"Frankfurt am Main, DE","Poznań, PL",36,633.69
"Frankfurt am Main, DE","Schkeuditz, DE",68,301.48
"Frankfurt am Main, DE","Marignane, Bouches-du-Rhône, FR",31,775.52
"Büren, DE","Frankfurt am Main, DE",1,176.38
"Frankfurt am Main, DE","Valencia, ES",11,1369.72
"Frankfurt am Main, DE","Hannover, DE",59,281.82
"Frankfurt am Main, DE","Riga, LV",32,1275.91
"Frankfurt am Main, DE","Tallinn, EE",34,1469.63
"Frankfurt am Main, DE","Hamburg, DE",187,406.21
"Frankfurt am Main, DE","Munich, DE",204,299.33
"Frankfurt am Main, DE","Wrocław, PL",37,599.64
"Frankfurt am Main, DE","Katowice, PL",25,749.18
"Frankfurt am Main, DE","Stuttgart, DE",65,156.22
"Frankfurt am Main, DE","Vienna, AT",190,620.93
"Frankfurt am Main, DE","Stockholm, SE",64,1210.58
"Frankfurt am Main, DE","Palma de Mallorca, ES",43,1251.07
"Frankfurt am Main, DE","Warsaw, PL",84,896.37
"Frankfurt am Main, DE","Thessaloniki, GR",22,1540.8299999999997
"Frankfurt am Main, DE","Prague, CZ",82,406.96000000000004
"Frankfurt am Main, DE","Madrid, ES",121,1430.42
"Frankfurt am Main, DE","Segrate (MI), IT",112,512.27
"Frankfurt am Main, DE","Zaventem, BE",46,304.27
"Antwerp, BE","Frankfurt am Main, DE",4,316.58
"Frankfurt am Main, DE","Málaga, ES",19,1816.0399999999997
"Frankfurt am Main, DE","Velika Gorica, HR",38,734.5899999999999
"Frankfurt am Main, DE","Helsinki (Vantaa), FI",72,1539.13
"Frankfurt am Main, DE","Vilnius, LT",25,1242.79
"Frankfurt am Main, DE","Jasionka, PL",3,959.84
"Frankfurt am Main, DE","Jerez de la Frontera, ES",3,1884.18
"Frankfurt am Main, DE","Ronchi dei Legionari/Trieste, IT",12,593.08
"Frankfurt am Main, DE","Memmingen, DE",2,257.66
"Frankfurt am Main, DE","Nice, Alpes-Maritimes, FR",16,715.41
"Frankfurt am Main, DE","Porto, PT",30,1651.62
"Frankfurt am Main, DE","Funchal, PT",16,2834.92
"Alajero, La Gomera Island, ES","Frankfurt am Main, DE",1,3274.6
"Frankfurt am Main, DE","Grâce-Hollogne, BE",4,231.27
"Frankfurt am Main, DE","Gdańsk, PL",9,829.43
"Frankfurt am Main (Lautzenhausen), DE","Palermo, IT",2,1394.28
"Frankfurt am Main (Lautzenhausen), DE","Málaga, ES",8,1751.2400000000002
"Frankfurt am Main (Lautzenhausen), DE","Pescara, IT",4,990.09
"Frankfurt am Main (Lautzenhausen), DE","Lamezia Terme (CZ), IT",6,1417.53
"Frankfurt am Main (Lautzenhausen), DE","Porto, PT",4,1567.43
"Antwerp, BE","Frankfurt am Main (Lautzenhausen), DE",1,241.24
"Frankfurt am Main (Lautzenhausen), DE","Rome, IT",6,989.3
"Friedrichshafen, DE","Toulouse/Blagnac, FR",2,775.94
"Friedrichshafen, DE","Hamburg, DE",6,657.94
"Amsterdam, NL","Friedrichshafen, DE",6,617.02
"Funchal, PT","Ponta Delgada, PT",8,984.9199999999998
"Funchal, PT","Helsinki (Vantaa), FI",6,4304.82
"Funchal, PT","Schkeuditz, DE",4,3136.37
"Funchal, PT","Porto, PT",77,1190.77
"Funchal, PT","Hannover, DE",6,3052.67
"Funchal, PT","Riga, LV",4,4097.53
"Funchal, PT","Lisbon, PT",126,965.15
"Funchal, PT","Luxembourg, LU",4,2671.24
"Funchal, PT","Warsaw, PL",14,3714.21
"Funchal, PT","Vienna, AT",5,3264.89
"Funchal, PT","Shannon, IE",4,2311.71
"Gaziemir, TR","Istanbul, TR",98,342.91
"Gaziemir, TR","Ordu, TR",2,981.27
"Gaziemir, TR","Tymbou (Kirklar), CY",20,664.73
"Gaziemir, TR","Trabzon, TR",3,1121.47
"Gaziemir, TR","Köln (Cologne), DE",2,2101.26
"Ferno (VA), IT","Gaziemir, TR",2,1722.74
"Gaziemir, TR","Vienna, AT",2,1385.89
"Alicante, ES","Gdańsk, PL",5,2294.78
"Gdańsk, PL","Rome, IT",8,1467.2999999999997
"Gdańsk, PL","Warsaw, PL",51,290.92
"Gdańsk, PL","Hamburg, DE",5,565.94
"Gdańsk, PL","Stockholm, SE",15,570.65
"Gdańsk, PL","Helsinki (Vantaa), FI",8,766.2
"Gdańsk, PL","Göteborg, SE",6,543.23
"Gdańsk, PL","Malmö, SE",5,349.45
"Gdańsk, PL","Munich, DE",12,813.9100000000001
"Gdańsk, PL","Málaga, ES",6,2635.96
"Gdańsk, PL","Turku, FI",6,718.87
"Gdańsk, PL","Stuttgart, DE",2,897.98
"Gdańsk, PL","Paphos, CY",4,2441.8
"Gdańsk, PL","Istanbul, TR",1,1672.93
"Gdańsk, PL","Skellefteå, SE",1,1148.68
"Gdańsk, PL","Orio al Serio (BG), IT",2,1150.92
"Gdańsk, PL","Wrocław, PL",2,379.31
"Gdańsk, PL","Poznań, PL",2,243.23
"Dortmund, DE","Gdańsk, PL",9,792.61
"Funchal, PT","Gdańsk, PL",3,3660.4600000000005
"Genova (GE), IT","Lamezia Terme (CZ), IT",4,867.21
"Genova (GE), IT","Madrid, ES",4,1117.36
"Genova (GE), IT","Weßling, DE",1,449.1
"Genova (GE), IT","Paris, FR",6,739.1
"Genova (GE), IT","Rome, IT",79,410.84
"Genova (GE), IT","Munich, DE",12,493.01
"Genova (GE), IT","Warsaw, PL",6,1243.33
"Genova (GE), IT","Palermo, IT",3,786.02
"Bucharest, RO","Girona, ES",4,1907.1500000000003
"Eindhoven, NL","Girona, ES",1,1079.77
"Capannori (LU), IT","Girona, ES",1,671.57
"Charleroi, BE","Girona, ES",9,960.4
"Greven, DE","Málaga, ES",4,1966.8
"Greven, DE","Munich, DE",44,511.26
"Greven, DE","Segrate (MI), IT",1,752.75
"Groningen, NL","Mönchengladbach, DE",1,210.09
"Grâce-Hollogne, BE","Paris, FR",16,272.5299999999999
"Grâce-Hollogne, BE","Katowice, PL",9,962.15
"Grâce-Hollogne, BE","Madrid, ES",8,1336.73
"Göteborg, SE","Munich, DE",35,1041.51
"Göteborg, SE","Stockholm, SE",102,392.85
"Göteborg, SE","Istanbul, TR",17,2206.6
"Göteborg, SE","Helsinki (Vantaa), FI",69,790.7
"Göteborg, SE","Weßling, DE",1,1072.92
"Göteborg, SE","Paris, FR",38,1136.8
"Göteborg, SE","Rome, IT",4,1770.07
"Göteborg, SE","Schkeuditz, DE",9,700.39
"Göteborg, SE","Örebro, SE",10,240.13999999999996
"Göteborg, SE","Warsaw, PL",6,831.86
"Göteborg, SE","Velika Gorica, HR",3,1359.16
"Halmstad, SE","Stockholm, SE",33,433.37000000000006
"Halmstad, SE","Luleå, SE",1,1101.26
"Hamburg, DE","Palma de Mallorca, ES",47,1651.71
"Hamburg, DE","Istanbul, TR",85,1988.9400000000003
"Hamburg, DE","Vienna, AT",47,766.6299999999999
"Hamburg, DE","Luxembourg, LU",9,508.55
"Hamburg, DE","Stuttgart, DE",27,546.19
"Hamburg, DE","Munich, DE",152,596.01
"Hamburg, DE","Helsinki (Vantaa), FI",34,1175.98
"Hamburg, DE","Toulouse/Blagnac, FR",26,1270.7400000000002
"Hamburg, DE","Paris, FR",58,712.45
"Hamburg, DE","Warsaw, PL",36,754.11
"Hamburg, DE","Innsbruck, AT",5,710.29
"Hamburg, DE","Rome, IT",19,1323.21
"Hamburg, DE","Madrid, ES",28,1782.3500000000001
"Hamburg, DE","Nuremberg, DE",1,461.22
"Hamburg, DE","Salzburg, AT",16,679.46
"Hamburg, DE","Zaventem, BE",10,474.6000000000001
"Hamburg, DE","Riga, LV",8,967.15
"Hannover, DE","Paris, FR",44,628.42
"Hannover, DE","Munich, DE",66,480.31
"Hannover, DE","Istanbul, TR",54,1929.6099999999997
"Düsseldorf, DE","Hannover, DE",5,238.93999999999997
"Hannover, DE","Madrid, ES",13,1678.7699999999998
"Hannover, DE","Schkeuditz, DE",8,209.46
"Hannover, DE","Wevelgem, BE",1,482.51
"Hannover, DE","Palma de Mallorca, ES",27,1530.69
"Hannover, DE","Vienna, AT",25,687.41
"Grâce-Hollogne, BE","Hannover, DE",9,356.37
"Hannover, DE","Jerez de la Frontera, ES",2,2136.54
"Helsinki (Vantaa), FI","Stockholm, SE",197,401.99
"Helsinki (Vantaa), FI","Istanbul, TR",38,2160.1400000000003
"Helsinki (Vantaa), FI","Riga, LV",95,377.82
"Helsinki (Vantaa), FI","Warsaw, PL",43,934.02
"Helsinki (Vantaa), FI","Paris, FR",86,1885.36
"Helsinki (Vantaa), FI","Linköping, SE",3,566.61
"Helsinki (Vantaa), FI","Rome, IT",24,2228.87
"Helsinki (Vantaa), FI","Munich, DE",58,1574.64
"Helsinki (Vantaa), FI","Málaga, ES",37,3352.7199999999993
"Helsinki (Vantaa), FI","Vienna, AT",29,1460.34
"Helsinki (Vantaa), FI","Vilnius, LT",38,632.35
"Helsinki (Vantaa), FI","Kuopio / Siilinjärvi, FI",56,334.24000000000007
"Helsinki (Vantaa), FI","Jyväskylän Maalaiskunta, FI",25,234.52
"Helsinki (Vantaa), FI","Oulu / Oulunsalo, FI",107,513.19
"Helsinki (Vantaa), FI","Zaventem, BE",25,1646.58
"Helsinki (Vantaa), FI","Orio al Serio (BG), IT",14,1912.0599999999997
"Helsinki (Vantaa), FI","Lisbon, PT",12,3363.94
"Helsinki (Vantaa), FI","Prague, CZ",17,1319.9299999999998
"Helsinki (Vantaa), FI","Kittilä, FI",7,820.93
"Helsinki (Vantaa), FI","Schkeuditz, DE",8,1264.27
"Helsinki (Vantaa), FI","Örebro, SE",6,568.23
"Budapest, HU","Helsinki (Vantaa), FI",9,1475.4299999999998
"Helsinki (Vantaa), FI","Madrid, ES",15,2956.47
"Hradec Králové, CZ","Innsbruck, AT",1,468.49
"Ibiza (Eivissa), ES","Rome, IT",1,990.74
"Ibiza (Eivissa), ES","Málaga, ES",14,570.91
"Ibiza (Eivissa), ES","Valencia, ES",24,173.88
"Ibiza (Eivissa), ES","Seville, ES",8,655.49
"Ibiza (Eivissa), ES","Madrid, ES",89,465.85999999999996
"Ibiza (Eivissa), ES","Rotterdam, NL",1,1474.05
"Innsbruck, AT","Vienna, AT",41,402.35
"Brno, CZ","Innsbruck, AT",1,448.63
"Innsbruck, AT","Zaventem, BE",5,642.6
"Innsbruck, AT","Rotterdam, NL",24,720.78
"Istanbul, TR","Stuttgart, DE",93,1764.67
"Istanbul, TR","Köln (Cologne), DE",107,1996.9100000000003
"Istanbul, TR","Tymbou (Kirklar), CY",284,766.8000000000001
"Istanbul, TR","Marignane, Bouches-du-Rhône, FR",41,1965.59
"Istanbul, TR","Trabzon, TR",150,908.38
"Firenze (FI), IT","Istanbul, TR",3,1485.9
"Istanbul, TR","Rome, IT",92,1378.74
"Istanbul, TR","Zgornji Brnik, SI",30,1298.23
"Istanbul, TR","Munich, DE",112,1576.2400000000002
"Istanbul, TR","Warsaw, PL",61,1382.6299999999999
"Istanbul, TR","Vienna, AT",108,1253.8800000000003
"Istanbul, TR","Madrid, ES",87,2734.0999999999995
"Istanbul, TR","Vilnius, LT",23,1534.7299999999998
"Istanbul, TR","Málaga, ES",27,2918.77
"Istanbul, TR","Stockholm, SE",59,2189.48
"Istanbul, TR","Tallinn, EE",17,2062.05
"Istanbul, TR","Paris, FR",194,2270.2900000000004
"Istanbul, TR","Thessaloniki, GR",25,507.2300000000001
"Istanbul, TR","Ordu, TR",39,765.8900000000001
"Istanbul, TR","Spata-Artemida, GR",103,551.74
"Istanbul, TR","Schkeuditz, DE",28,1720.18
"Istanbul, TR","Riga, LV",26,1803.89
"Istanbul, TR","Valletta, MT",34,1383.74
"Istanbul, TR","Palermo, IT",4,1385.65
"Istanbul, TR","Prague, CZ",77,1518.73
"Istanbul, TR","Rotterdam, NL",17,2217.69
"Istanbul, TR","Zaventem, BE",51,2170.47
"Caselle (VR), IT","Istanbul, TR",2,1537.79
"Istanbul, TR","Valencia, ES",12,2491.62
"Istanbul, TR","Porto, PT",26,3126.32
"Istanbul, TR","Nice, Alpes-Maritimes, FR",15,1804.4299999999998
"Istanbul, TR","Seville, ES",25,3008.24
"Istanbul, TR","Samsun, TR",6,637.58
"Istanbul, TR","Nuremberg, DE",42,1678.49
"Istanbul, TR","Luxembourg, LU",20,2006.1700000000003
"Istanbul, TR","Toulouse/Blagnac, FR",14,2275.23
"Istanbul, TR","Orio al Serio (BG), IT",38,1633.86
"Catania, IT","Istanbul, TR",2,1258.7
"Grâce-Hollogne, BE","Istanbul, TR",14,2097.0
"Jasionka, PL","Munich, DE",21,767.91
"Jasionka, PL","Warsaw, PL",48,246.31000000000006
"Jasionka, PL","Vienna, AT",2,454.88
"Jasionka, PL","Riga, LV",1,772.54
"Alicante, ES","Jasionka, PL",2,2214.96
"Jerez de la Frontera, ES","Madrid, ES",26,459.26
"Jerez de la Frontera, ES","Valletta, MT",2,1841.03
"Jerez de la Frontera, ES","Palma de Mallorca, ES",6,829.86
"Jyväskylän Maalaiskunta, FI","Tampere / Pirkkala, FI",6,154.25
"Katowice, PL","Stockholm, SE",1,1006.2
"Katowice, PL","Spata-Artemida, GR",17,1446.42
"Katowice, PL","Orio al Serio (BG), IT",6,876.69
"Katowice, PL","Schkeuditz, DE",15,490.9
"Katowice, PL","Warsaw, PL",52,232.62000000000003
"Katowice, PL","Wrocław, PL",3,169.57
"Katowice, PL","Valletta, MT",19,1668.0
"Barcelona, ES","Katowice, PL",10,1658.75
"Katowice, PL","Rome, IT",14,1091.39
"Katowice, PL","Köln (Cologne), DE",10,841.4900000000001
"Katowice, PL","Madrid, ES",7,2084.38
"Kaunas, LT","Riga, LV",6,221.53
"Kaunas, LT","Málaga, ES",9,2969.0499999999997
"Kaunas, LT","Köln (Cologne), DE",8,1220.17
"Kaunas, LT","Stockholm, SE",11,625.22
"Kaunas, LT","Madrid, ES",3,2602.87
"Berlin, DE","Kaunas, LT",2,754.01
"Kiel, DE","Mönchengladbach, DE",3,427.11
"Kos Island, GR","Spata-Artemida, GR",49,305.67999999999995
"Košice, SK","Prague, CZ",12,529.81
"Košice, SK","Vienna, AT",20,350.33
"Košice, SK","Warsaw, PL",11,395.81
"Budapest, HU","Košice, SK",1,204.53
"Kuopio / Siilinjärvi, FI","Tampere / Pirkkala, FI",7,280.33
"Köln (Cologne), DE","Munich, DE",64,435.70000000000005
"Köln (Cologne), DE","Orio al Serio (BG), IT",30,608.14
"Köln (Cologne), DE","Larnaca, CY",6,2769.78
"Köln (Cologne), DE","Palma de Mallorca, ES",63,1303.9200000000003
"Köln (Cologne), DE","Prague, CZ",11,510.49
"Köln (Cologne), DE","Vienna, AT",48,745.99
"Köln (Cologne), DE","Seville, ES",7,1815.69
"Köln (Cologne), DE","Valencia, ES",4,1397.28
"Köln (Cologne), DE","Velika Gorica, HR",6,870.92
"Köln (Cologne), DE","Valletta, MT",10,1770.51
"Köln (Cologne), DE","Saint-Jacques-de-la-Lande, Ille-et-Vilaine, FR",10,712.28
"Köln (Cologne), DE","Stockholm, SE",16,1176.51
"Köln (Cologne), DE","Salzburg, AT",4,544.84
"Köln (Cologne), DE","Madrid, ES",13,1429.83
"Köln (Cologne), DE","Rome, IT",23,1085.68
"Köln (Cologne), DE","Stuttgart, DE",16,284.29
"Köln (Cologne), DE","Schkeuditz, DE",32,360.32
"Köln (Cologne), DE","Marignane, Bouches-du-Rhône, FR",11,838.65
"Köln (Cologne), DE","Zgornji Brnik, SI",13,745.27
"Köln (Cologne), DE","Porto, PT",19,1617.07
"Köln (Cologne), DE","Malmö, SE",16,664.3
"Köln (Cologne), DE","Wrocław, PL",9,681.77
"Köln (Cologne), DE","Warsaw, PL",12,964.2199999999999
"Köln (Cologne), DE","Paris, FR",39,389.97
"Köln (Cologne), DE","Palermo, IT",4,1492.51
"Köln (Cologne), DE","Weßling, DE",4,430.41
"Laage, DE","Mönchengladbach, DE",2,491.24
"Düsseldorf, DE","Lahr/Schwarzwald, DE",2,333.5
"Lamezia Terme (CZ), IT","Madrid, ES",4,1710.14
"Lamezia Terme (CZ), IT","Rome, IT",38,456.59
"Lamezia Terme (CZ), IT","Segrate (MI), IT",27,925.7799999999999
"Lamezia Terme (CZ), IT","Orio al Serio (BG), IT",37,923.7999999999998
"Lamezia Terme (CZ), IT","Montichiari (BS), IT",7,873.35
"Lamezia Terme (CZ), IT","Wrocław, PL",4,1357.21
"Lamezia Terme (CZ), IT","Pisa (PI), IT",9,721.67
"Larnaca, CY","Vienna, AT",17,2036.4299999999998
"Larnaca, CY","Valletta, MT",19,1735.6499999999999
"Larnaca, CY","Spata-Artemida, GR",140,930.2199999999999
"Göteborg, SE","Larnaca, CY",1,3003.2
"Larnaca, CY","Zaventem, BE",6,2936.46
"Larnaca, CY","Thessaloniki, GR",32,1126.84
"Larnaca, CY","Warsaw, PL",22,2175.43
"Larnaca, CY","Munich, DE",22,2339.52
"Larnaca, CY","Vilnius, LT",3,2289.84
"Larnaca, CY","Paris, FR",3,3013.14
"Colmar, FR","Lelystad, NL",1,500.37
"Lesquin, FR","Marignane, Bouches-du-Rhône, FR",8,808.55
"Lesquin, FR","Nice, Alpes-Maritimes, FR",13,828.5
"Lesquin, FR","Toulouse/Blagnac, FR",17,782.5
"Lesquin, FR","Porto, PT",4,1376.84
"Lesquin, FR","Montpellier/Méditerranée, FR",4,780.01
"Limnos Island, GR","Thessaloniki, GR",8,203.73
"Limnos Island, GR","Spata-Artemida, GR",19,246.96
"Limnos Island, GR","Mytilene, GR",5,151.01
"Braunschweig, DE","Linz, AT",1,521.58
"Köln (Cologne), DE","Linz, AT",4,588.69
"Linz, AT","Schkeuditz, DE",10,379.52
"Linz, AT","Vienna, AT",12,172.04
"Düsseldorf, DE","Lisbon, PT",21,1861.7300000000002
"Lisbon, PT","Paris, FR",191,1478.72
"Frankfurt am Main, DE","Lisbon, PT",58,1872.71
"Lisbon, PT","Munich, DE",50,1983.6100000000001
"Lisbon, PT","Porto, PT",130,277.01
"Lisbon, PT","Madrid, ES",198,502.13999999999993
"Lisbon, PT","Orio al Serio (BG), IT",19,1724.6600000000003
"Berlin, DE","Lisbon, PT",28,2303.19
"Lisbon, PT","Zaventem, BE",25,1717.4699999999998
"Lisbon, PT","Rome, IT",66,1854.0400000000002
"Lisbon, PT","Nantes, FR",18,1113.04
"Köln (Cologne), DE","Lisbon, PT",12,1850.45
"Lisbon, PT","Toulouse/Blagnac, FR",24,1029.41
"Lisbon, PT","Marignane, Bouches-du-Rhône, FR",24,1306.64
"Ferno (VA), IT","Lisbon, PT",60,1651.71
"Lisbon, PT","Zaragoza, ES",1,757.98
"Lisbon, PT","Segrate (MI), IT",10,1684.6
"Lisbon, PT","Nice, Alpes-Maritimes, FR",11,1468.1
"Lisbon, PT","Valencia, ES",10,750.33
"Lisbon, PT","Málaga, ES",27,470.18
"Eindhoven, NL","Lisbon, PT",11,1804.46
"Dublin, IE","Lisbon, PT",52,1643.37
"Colombier-Saugnieu, Rhône, FR","Lisbon, PT",29,1399.35
"Lisbon, PT","Valletta, MT",6,2108.82
"Faro, PT","Lisbon, PT",38,221.32
"Lisbon, PT","Stuttgart, DE",5,1833.04
"Bologna, IT","Lisbon, PT",13,1807.43
"Lisbon, PT","Schkeuditz, DE",6,2173.89
"Lisbon, PT","Prague, CZ",12,2228.65
"Bordeaux, FR","Lisbon, PT",12,968.18
"Lisbon, PT","Warsaw, PL",23,2749.1
"Charleroi, BE","Lisbon, PT",18,1681.1600000000003
"Budapest, HU","Lisbon, PT",18,2471.31
"Copenhagen, DK","Lisbon, PT",25,2471.7999999999997
"Lisbon, PT","Vienna, AT",23,2305.01
"Istanbul, TR","Lisbon, PT",22,3232.59
"Lisbon, PT","Luxembourg, LU",34,1711.6
"Lisbon, PT","Stockholm, SE",13,2988.64
"Lisbon, PT","Ponta Delgada, PT",17,1448.6499999999999
"Lisbon, PT","Poznań, PL",3,2502.71
"Beauvais, FR","Lisbon, PT",10,1484.8
"Aalborg, DK","Luleå, SE",1,1140.93
"Luleå, SE","Stockholm, SE",138,705.0
"Luxembourg, LU","Munich, DE",46,430.51
"Luxembourg, LU","Porto, PT",68,1484.81
"Luxembourg, LU","Vienna, AT",32,775.44
"Luxembourg, LU","Madrid, ES",27,1282.01
"Luxembourg, LU","Rome, IT",17,994.02
"Luxembourg, LU","Orio al Serio (BG), IT",12,511.98
"Luxembourg, LU","Segrate (MI), IT",22,518.6799999999998
"Luxembourg, LU","Paris, FR",39,288.7
"Luxembourg, LU","Valencia, ES",2,1244.55
"Luxembourg, LU","Warsaw, PL",13,1069.47
"Luxembourg, LU","Málaga, ES",10,1678.22
"Luxembourg, LU","Marignane, Bouches-du-Rhône, FR",8,692.38
"Luxembourg, LU","Seville, ES",1,1667.49
"Istanbul, TR","Maastricht, NL",5,2087.17
"Ibiza (Eivissa), ES","Maastricht, NL",2,1382.01
"Madrid, ES","Paris, FR",330,1090.58
"Alava, ES","Madrid, ES",3,283.8
"Madrid, ES","Vienna, AT",57,1816.55
"Madrid, ES","Zaventem, BE",80,1323.8600000000001
"Madrid, ES","Prague, CZ",52,1760.57
"Madrid, ES","Málaga, ES",132,423.82000000000005
"Madrid, ES","Melilla, ES",18,576.4
"Madrid, ES","Rome, IT",211,1355.46
"Madrid, ES","Mahón (Maó), ES",8,674.0
"Madrid, ES","Zgornji Brnik, SI",2,1597.38
"Madrid, ES","Porto, PT",146,430.45
"Madrid, ES","Palma de Mallorca, ES",271,555.27
"Madrid, ES","Orio al Serio (BG), IT",32,1231.66
"Madrid, ES","Seville, ES",79,386.0
"Cascais, PT","Madrid, ES",4,522.09
"Madrid, ES","Strasbourg, FR",8,1269.07
"Madrid, ES","Stockholm, SE",18,2598.65
"Madrid, ES","Munich, DE",106,1507.29
"Madrid, ES","Segrate (MI), IT",55,1190.88
"Madrid, ES","Spata-Artemida, GR",40,2387.1199999999994
"Madrid, ES","Rota, ES",7,480.84
"Madrid, ES","Marignane, Bouches-du-Rhône, FR",42,807.2899999999998
"Madrid, ES","Toulouse/Blagnac, FR",44,547.38
"Madrid, ES","Santiago de Compostela, ES",41,479.3399999999999
"Madrid, ES","Warsaw, PL",28,2281.93
"Madrid, ES","Valletta, MT",27,1665.34
"Madrid, ES","Nantes, FR",37,765.49
"Madrid, ES","Tarbes/Lourdes/Pyrénées, FR",5,431.1000000000001
"Madrid, ES","Sta Cruz de la Palma, La Palma Island, ES",15,1835.52
"Madrid, ES","Napoli, IT",8,1513.95
"Madrid, ES","Nice, Alpes-Maritimes, FR",19,967.5700000000002
"Madrid, ES","Schkeuditz, DE",13,1727.1300000000003
"Madrid, ES","Valencia, ES",64,291.99
"Madrid, ES","Pisa (PI), IT",17,1214.92
"Mahón (Maó), ES","Valencia, ES",2,404.3
"Malmö, SE","Stockholm, SE",75,517.9800000000001
"Budapest, HU","Malmö, SE",1,978.04
"Barcelona, ES","Manching, DE",1,1108.77
"Mannheim, DE","Paris, FR",8,453.81
"Marignane, Bouches-du-Rhône, FR","Paris, FR",186,690.55
"Marignane, Bouches-du-Rhône, FR","Málaga, ES",8,1116.06
"Marignane, Bouches-du-Rhône, FR","Nantes, FR",48,674.48
"Marignane, Bouches-du-Rhône, FR","Prague, CZ",7,1010.35
"Marignane, Bouches-du-Rhône, FR","Orio al Serio (BG), IT",10,434.04
"Marignane, Bouches-du-Rhône, FR","Valencia, ES",2,646.14
"Marignane, Bouches-du-Rhône, FR","Schkeuditz, DE",11,1031.7400000000002
"Marignane, Bouches-du-Rhône, FR","Toussus-le-Noble, Yvelines, FR",2,637.43
"Marignane, Bouches-du-Rhône, FR","Toulouse/Blagnac, FR",21,310.95
"Marignane, Bouches-du-Rhône, FR","Porto, PT",20,1166.0899999999997
"Luleå, SE","Marignane, Bouches-du-Rhône, FR",1,2669.48
"Bastia, FR","Marignane, Bouches-du-Rhône, FR",22,361.01
"Marignane, Bouches-du-Rhône, FR","Munich, DE",24,746.16
"Marignane, Bouches-du-Rhône, FR","Stuttgart, DE",1,660.62
"Marignane, Bouches-du-Rhône, FR","Zaventem, BE",12,831.69
"Marignane, Bouches-du-Rhône, FR","Perpignan/Rivesaltes, FR",1,205.37
"Marignane, Bouches-du-Rhône, FR","Rome, IT",17,617.23
"Marignane, Bouches-du-Rhône, FR","Valletta, MT",6,1157.83
"Marignane, Bouches-du-Rhône, FR","Palermo, IT",5,892.93
"Marignane, Bouches-du-Rhône, FR","Seville, ES",9,1152.39
"Marignane, Bouches-du-Rhône, FR","Saint-Jacques-de-la-Lande, Ille-et-Vilaine, FR",13,744.92
"Marignane, Bouches-du-Rhône, FR","Strasbourg, FR",10,596.96
"Melilla, ES","Seville, ES",5,354.52
"Memmingen, DE","Málaga, ES",10,1740.61
"Laage, DE","Memmingen, DE",2,674.63
"Memmingen, DE","Rome, IT",4,709.03
"Memmingen, DE","Valencia, ES",2,1276.15
"Bologna, IT","Memmingen, DE",4,392.31
"Memmingen, DE","Palermo, IT",4,1120.33
"Memmingen, DE","Palma de Mallorca, ES",9,1113.51
"Montpellier/Méditerranée, FR","Paris, FR",72,650.19
"Montpellier/Méditerranée, FR","Nantes, FR",24,589.48
"Brest, FR","Montpellier/Méditerranée, FR",3,843.18
"Montpellier/Méditerranée, FR","Munich, DE",1,804.14
"Montpellier/Méditerranée, FR","Strasbourg, FR",3,619.84
"Montpellier/Méditerranée, FR","Saint-Jacques-de-la-Lande, Ille-et-Vilaine, FR",4,666.39
"Mošnov, CZ","Ronchi dei Legionari/Trieste, IT",1,552.31
"Mošnov, CZ","Poprad, SK",3,169.15
"Mošnov, CZ","Warsaw, PL",11,343.12
"Munich, DE","Paris, FR",140,705.65
"Munich, DE","Poznań, PL",24,576.01
"Munich, DE","Stuttgart, DE",46,192.5
"Munich, DE","Thessaloniki, GR",24,1241.52
"Munich, DE","Riga, LV",20,1259.6399999999999
"Falconara Marittima (AN), IT","Munich, DE",7,540.65
"Munich, DE","Toulouse/Blagnac, FR",28,960.12
"Munich, DE","Palma de Mallorca, ES",49,1215.74
"Munich, DE","Spata-Artemida, GR",78,1517.68
"Munich, DE","Warsaw, PL",81,778.4
"Munich, DE","Segrate (MI), IT",48,375.39000000000004
"Munich, DE","Wrocław, PL",32,476.95
"Grâce-Hollogne, BE","Munich, DE",9,523.53
"Munich, DE","Porto, PT",15,1790.2599999999998
"Capannori (LU), IT","Munich, DE",1,512.02
"Munich, DE","Valletta, MT",38,1408.3600000000001
"Munich, DE","Stockholm, SE",54,1301.9600000000003
"Munich, DE","Velika Gorica, HR",37,435.28
"Munich, DE","Zaventem, BE",43,596.98
"Munich, DE","Vienna, AT",58,355.29
"Munich, DE","Schkeuditz, DE",14,342.51
"Munich, DE","Seville, ES",9,1876.9900000000002
"Munich, DE","Rome, IT",81,730.2800000000001
"Munich, DE","Nice, Alpes-Maritimes, FR",15,629.97
"Munich, DE","Tallinn, EE",9,1492.0899999999997
"Munich, DE","Málaga, ES",16,1854.94
"Munich, DE","Valencia, ES",8,1388.47
"Munich, DE","Prague, CZ",35,264.56
"Munich, DE","Vilnius, LT",13,1163.45
"Munich, DE","Zgornji Brnik, SI",18,310.93000000000006
"Mytilene, GR","Thessaloniki, GR",20,350.03000000000003
"Mytilene, GR","Spata-Artemida, GR",57,262.45
"Málaga, ES","Warsaw, PL",36,2633.16
"Málaga, ES","Vienna, AT",30,2135.47
"Málaga, ES","Orio al Serio (BG), IT",17,1549.76
"Málaga, ES","Valencia, ES",15,470.66
"Málaga, ES","Stockholm / Västerås, SE",4,2963.06
"Málaga, ES","Stockholm, SE",55,3004.0800000000004
"Málaga, ES","Wrocław, PL",15,2331.24
"Málaga, ES","Rotterdam, NL",23,1838.7300000000002
"Málaga, ES","Palma de Mallorca, ES",41,709.1299999999999
"Faro, PT","Málaga, ES",4,311.24
"Málaga, ES","Łódź, PL",4,2514.49
"Málaga, ES","Zaventem, BE",26,1735.4800000000002
"Málaga, ES","Oostende, BE",13,1717.5
"Málaga, ES","Rome, IT",26,1561.62
"Málaga, ES","Paris, FR",96,1506.12
"Málaga, ES","Nantes, FR",8,1189.16
"Göteborg, SE","Málaga, ES",18,2637.76
"Málaga, ES","Weeze, DE",16,1859.86
"Málaga, ES","Prague, CZ",39,2116.15
"Málaga, ES","Shannon, IE",6,1815.2699999999998
"Málaga, ES","Santiago de Compostela, ES",5,768.23
"Melilla, ES","Málaga, ES",45,208.17000000000002
"Capannori (LU), IT","Málaga, ES",1,1502.94
"Memmingen, DE","Mönchengladbach, DE",3,449.71
"Nantes, FR","Paris, FR",89,372.54
"Nantes, FR","Valencia, ES",2,857.06
"Chassieu, Lyon, FR","Nantes, FR",1,526.48
"Nantes, FR","Orio al Serio (BG), IT",4,882.55
"Nantes, FR","Porto, PT",29,864.62
"Nantes, FR","Rome, IT",16,1259.93
"Nantes, FR","Schkeuditz, DE",10,1108.21
"Nantes, FR","Prague, CZ",12,1208.96
"Nantes, FR","Toulouse/Blagnac, FR",39,455.44999999999993
"Nantes, FR","Seville, ES",12,1137.91
"Nantes, FR","Strasbourg, FR",12,705.98
"Alicante, ES","Napoli, IT",2,1303.29
"Nowe Kramsko, PL","Warsaw, PL",13,350.41
"Nowy Dwór Mazowiecki, PL","Spata-Artemida, GR",10,1634.0099999999998
"Nowy Dwór Mazowiecki, PL","Valletta, MT",26,1908.98
"Nowy Dwór Mazowiecki, PL","Orio al Serio (BG), IT",40,1095.25
"Nowy Dwór Mazowiecki, PL","Palermo, IT",7,1691.83
"Nowy Dwór Mazowiecki, PL","Paphos, CY",6,2183.57
"Nowy Dwór Mazowiecki, PL","Rome, IT",18,1335.81
"Nuremberg, DE","Paris, FR",39,638.96
"Grâce-Hollogne, BE","Nuremberg, DE",4,421.5
"Nuremberg, DE","Palma de Mallorca, ES",24,1286.76
"Nuremberg, DE","Weßling, DE",1,158.31
"Nuremberg, DE","Valencia, ES",2,1438.62
"Nuremberg, DE","Roskilde, DK",2,680.55
"Frankfurt am Main (Lautzenhausen), DE","Nuremberg, DE",1,278.79
"Nuremberg, DE","Vilnius, LT",6,1123.63
"Nuremberg, DE","Thessaloniki, GR",10,1364.62
"Köln (Cologne), DE","Nuremberg, DE",2,318.73
"Nuremberg, DE","Palermo, IT",2,1273.68
"Nuremberg, DE","Seville, ES",4,1910.13
"Jasionka, PL","Nuremberg, DE",2,787.77
"Nîmes/Garons, FR","Paris, FR",5,638.51
"Oostende, BE","Salzburg, AT",1,822.83
"Colombier-Saugnieu, Rhône, FR","Oostende, BE",1,630.12
"Eskişehir, TR","Ordu, TR",1,653.37
"Orio al Serio (BG), IT","Thessaloniki, GR",10,1217.43
"Orio al Serio (BG), IT","Palermo, IT",22,884.87
"Orio al Serio (BG), IT","Spata-Artemida, GR",11,1456.49
"Orio al Serio (BG), IT","Porto, PT",20,1559.46
"Nice, Alpes-Maritimes, FR","Orio al Serio (BG), IT",1,298.09
"Orio al Serio (BG), IT","Valencia, ES",14,1079.4
"Dortmund, DE","Orio al Serio (BG), IT",3,668.32
"Caselle Torinese (TO), IT","Orio al Serio (BG), IT",3,168.91
"Orio al Serio (BG), IT","Łódź, PL",6,977.6
"Orio al Serio (BG), IT","Warsaw, PL",26,1094.42
"Orio al Serio (BG), IT","Stockholm, SE",22,1632.4699999999998
"Orio al Serio (BG), IT","Seville, ES",14,1585.3799999999999
"Orio al Serio (BG), IT","Prague, CZ",29,598.07
"Frankfurt am Main (Lautzenhausen), DE","Orio al Serio (BG), IT",4,509.41
"Falconara Marittima (AN), IT","Orio al Serio (BG), IT",6,368.26
"Bologna, IT","Orio al Serio (BG), IT",7,176.84
"Orio al Serio (BG), IT","Pescara, IT",5,507.3
"Orio al Serio (BG), IT","Palma de Mallorca, ES",5,887.03
"Orio al Serio (BG), IT","Rome, IT",6,482.14000000000004
"Orio al Serio (BG), IT","Wrocław, PL",17,802.82
"Orio al Serio (BG), IT","Riga, LV",12,1594.84
"Orio al Serio (BG), IT","Vienna, AT",24,587.48
"Orio al Serio (BG), IT","Valletta, MT",14,1163.66
"Orio al Serio (BG), IT","Poznań, PL",9,911.51
"Orio al Serio (BG), IT","Toulouse/Blagnac, FR",9,697.64
"Orio al Serio (BG), IT","Ronchi dei Legionari/Trieste, IT",1,292.51
"Orio al Serio (BG), IT","Vilnius, LT",7,1485.8
"Orio al Serio (BG), IT","Velika Gorica, HR",5,493.8
"Palanga, LT","Riga, LV",16,210.48
"Palanga, LT","Vilnius, LT",2,304.18
"Palermo, IT","Valletta, MT",3,280.21
"Palma de Mallorca, ES","Vienna, AT",33,1457.75
"Palma de Mallorca, ES","Paris, FR",25,1085.01
"Greven, DE","Palma de Mallorca, ES",10,1449.78
"Palma de Mallorca, ES","Santiago de Compostela, ES",12,1003.25
"Palma de Mallorca, ES","Valencia, ES",48,276.25
"Palma de Mallorca, ES","Seville, ES",54,787.51
"Palma de Mallorca, ES","Stockholm, SE",14,2461.13
"Marignane, Bouches-du-Rhône, FR","Palma de Mallorca, ES",1,478.69
"Palma de Mallorca, ES","Weeze, DE",10,1365.38
"Bordeaux, FR","Palma de Mallorca, ES",1,651.98
"Palma de Mallorca, ES","Segrate (MI), IT",8,845.9900000000001
"Frankfurt am Main (Lautzenhausen), DE","Palma de Mallorca, ES",6,1209.18
"Palma de Mallorca, ES","Zaragoza, ES",15,396.32
"Palma de Mallorca, ES","Tarbes/Lourdes/Pyrénées, FR",1,463.76
"Palma de Mallorca, ES","Warsaw, PL",9,1981.19
"Palma de Mallorca, ES","Stuttgart, DE",29,1139.3
"Paphos, CY","Warsaw, PL",1,2151.38
"Montichiari (BS), IT","Paphos, CY",1,2218.42
"Paphos, CY","Weeze, DE",3,2816.34
"Paphos, CY","Riga, LV",2,2553.65
"Paphos, CY","Wrocław, PL",4,2211.38
"Paphos, CY","Vienna, AT",6,1986.79
"Paphos, CY","Poznań, PL",4,2327.09
"Paphos, CY","Thessaloniki, GR",4,1056.54
"Paris, FR","Stockholm, SE",94,1514.5899999999997
"Nice, Alpes-Maritimes, FR","Paris, FR",128,733.56
"Paris, FR","Valencia, ES",41,1112.4
"Paris, FR","Rome, IT",280,1148.49
"Paris, FR","Segrate (MI), IT",241,680.82
"Capannori (LU), IT","Paris, FR",11,880.22
"Paris, FR","Tallinn, EE",13,1830.04
"Büren, DE","Paris, FR",1,518.64
"Paris, FR","Toulouse/Blagnac, FR",357,634.54
"Paris, FR","Zaventem, BE",23,238.78000000000003
"Paris, FR","Warsaw, PL",103,1349.75
"Paris, FR","Pau/Pyrénées (Uzein), FR",71,689.59
"Paris, FR","Vienna, AT",107,1057.63
"Lesquin, FR","Paris, FR",6,153.21
"Cascais, PT","Paris, FR",2,1494.58
"Paris, FR","Prague, CZ",108,867.45
"Paris, FR","Perpignan/Rivesaltes, FR",22,731.33
"Paris, FR","Seville, ES",74,1474.33
"Paris, FR","Salzburg, AT",5,808.63
"Paris, FR","Saint-Jacques-de-la-Lande, Ille-et-Vilaine, FR",19,322.90000000000003
"Paris, FR","Porto, PT",164,1235.96
"Paris, FR","Zgornji Brnik, SI",13,973.37
"Paris, FR","Santiago de Compostela, ES",10,1086.04
"Paris, FR","Valletta, MT",25,1796.14
"Paris, FR","Stuttgart, DE",28,513.15
"Paris, FR","Saint-Tropez, FR",5,751.85
"Paris, FR","Velika Gorica, HR",18,1108.75
"Paris, FR","Tarbes/Lourdes/Pyrénées, FR",20,702.65
"Paris, FR","Schkeuditz, DE",22,745.67
"Paris, FR","Spata-Artemida, GR",68,2143.15
"Paris, FR","Thessaloniki, GR",6,1892.5
"Cannes, FR","Paris, FR",28,734.3
"Oostende, BE","Paris, FR",3,215.55
"Paris, FR","Riga, LV",18,1672.8899999999999
"Bratislava, SK","Paris, FR",4,1102.81
"Palermo, IT","Paris, FR",5,1517.79
"Paris, FR","Vilnius, LT",7,1676.53
"Catania, IT","Paris, FR",2,1670.06
"Pescara, IT","Valencia, ES",2,1272.23
"Pisa (PI), IT","Shannon, IE",1,1739.25
"Pisa (PI), IT","Seville, ES",11,1538.5999999999997
"Balice, PL","Pisa (PI), IT",3,1006.02
"Pisa (PI), IT","Porto, PT",5,1584.17
"Palermo, IT","Pisa (PI), IT",14,659.38
"Pisa (PI), IT","Valencia, ES",7,1016.41
"Budapest, HU","Pisa (PI), IT",11,799.49
"Pisa (PI), IT","Valletta, MT",5,939.0
"Pisa (PI), IT","Prague, CZ",5,771.41
"Pisa (PI), IT","Schkeuditz, DE",7,871.22
"Málaga, ES","Pisa (PI), IT",5,1482.5600000000002
"Pisa (PI), IT","Reggio Calabria, IT",4,764.48
"Ponta Delgada, PT","Porto, PT",5,1508.54
"Brno, CZ","Poprad, SK",1,258.34
"Porto, PT","Rome, IT",27,1753.6199999999997
"Porto, PT","Segrate (MI), IT",10,1521.47
"Linz, AT","Porto, PT",1,1962.82
"Porto, PT","Valencia, ES",13,721.41
"Porto, PT","Toulouse/Blagnac, FR",10,865.15
"Porto, PT","Zaventem, BE",14,1473.4
"Porto, PT","Seville, ES",16,488.68999999999994
"Porto, PT","Stockholm, SE",4,2735.3
"Nice, Alpes-Maritimes, FR","Porto, PT",2,1329.3
"Porto, PT","Schkeuditz, DE",6,1952.8200000000002
"Poznań, PL","Warsaw, PL",58,280.49
"Groningen, NL","Poznań, PL",1,693.02
"Poznań, PL","Stockholm, SE",4,790.25
"Palermo, IT","Poznań, PL",2,1611.93
"Poznań, PL","Valencia, ES",2,1954.04
"Katowice, PL","Poznań, PL",2,266.94
"Poznań, PL","Thessaloniki, GR",4,1403.43
"Poznań, PL","Prague, CZ",3,313.66
"Prague, CZ","Salzburg, AT",6,272.47
"Prague, CZ","Riga, LV",10,996.7700000000001
"Prague, CZ","Spata-Artemida, GR",21,1555.64
"Prague, CZ","Rome, IT",57,933.61
"Prague, CZ","Segrate (MI), IT",4,637.41
"Grâce-Hollogne, BE","Prague, CZ",9,627.74
"Poprad, SK","Prague, CZ",1,446.0
"Prague, CZ","Warsaw, PL",71,521.4700000000001
"Prague, CZ","Zaventem, BE",25,696.5699999999999
"Bratislava, SK","Prague, CZ",11,303.65999999999997
"Düsseldorf, DE","Prague, CZ",14,543.81
"Prague, CZ","Vienna, AT",34,277.93
"Prague, CZ","Stockholm, SE",12,1071.1
"Prague, CZ","Valencia, ES",1,1651.13
"Madrid, ES","Ranón, ES",34,398.9
"Alicante, ES","Ranón, ES",6,745.68
"Málaga, ES","Ranón, ES",7,776.99
"Barcelona, ES","Ranón, ES",14,711.58
"Ranón, ES","Rome, IT",2,1518.28
"Palma de Mallorca, ES","Ranón, ES",8,854.82
"Ranón, ES","Weeze, DE",2,1274.68
"Charleroi, BE","Ranón, ES",4,1103.21
"Reggio Calabria, IT","Segrate (MI), IT",14,974.92
"Reggio Calabria, IT","Rome, IT",20,497.7099999999999
"Capannori (LU), IT","Reggio Calabria, IT",1,768.43
"Bucharest, RO","Rheinmünster, DE",3,1449.93
"Palma de Mallorca, ES","Rheinmünster, DE",9,1110.31
"Rheinmünster, DE","Stockholm, SE",2,1350.82
"Alicante, ES","Rheinmünster, DE",9,1357.1900000000003
"Málaga, ES","Rheinmünster, DE",4,1688.63
"Porto, PT","Rheinmünster, DE",7,1556.02
"Bologna, IT","Rheinmünster, DE",8,531.53
"Rheinmünster, DE","Velika Gorica, HR",5,690.43
"Rhodes, GR","Thessaloniki, GR",13,638.27
"Rhodes, GR","Spata-Artemida, GR",52,404.48
"Riga, LV","Turku, FI",6,408.44
"Riga, LV","Warsaw, PL",37,563.02
"Riga, LV","Tallinn, EE",57,277.33000000000004
"Riga, LV","Stockholm, SE",50,454.8399999999999
"Köln (Cologne), DE","Riga, LV",3,1291.34
"Riga, LV","Vienna, AT",27,1103.76
"Riga, LV","Tampere / Pirkkala, FI",16,496.3
"Riga, LV","Zaventem, BE",11,1438.4400000000003
"Balice, PL","Riga, LV",4,814.14
"Riga, LV","Vilnius, LT",50,269.96
"Berlin, DE","Riga, LV",12,846.34
"Riga, LV","Rome, IT",16,1876.77
"Palermo, IT","Rome, IT",72,411.87
"Rome, IT","Tarbes/Lourdes/Pyrénées, FR",4,1029.65
"Rome, IT","Segrate (MI), IT",180,477.7099999999999
"Rome, IT","Weßling, DE",1,704.0
"Rome, IT","Schkeuditz, DE",10,1069.68
"Rome, IT","Seville, ES",38,1639.35
"Rome, IT","Valencia, ES",28,1117.53
"Rome, IT","Vienna, AT",44,773.35
"Rome, IT","Thessaloniki, GR",17,893.7400000000001
"Rome, IT","Valletta, MT",70,685.9800000000001
"Rome, IT","Zaventem, BE",49,1179.6
"Nice, Alpes-Maritimes, FR","Rome, IT",36,472.7099999999999
"Rome, IT","Ronchi dei Legionari/Trieste, IT",43,455.4800000000001
"Rome, IT","Warsaw, PL",51,1323.8299999999997
"Rome, IT","Wrocław, PL",10,1088.75
"Rome, IT","Stockholm, SE",20,2004.4599999999998
"Figari, FR","Rome, IT",1,278.37
"Rome, IT","Saint-Tropez, FR",1,511.34
"Rome, IT","Stuttgart, DE",8,805.71
"Rome, IT","Toulouse/Blagnac, FR",10,925.3799999999999
"Rome, IT","Spata-Artemida, GR",74,1071.91
"Larnaca, CY","Rome, IT",3,1996.32
"Rome, IT","Zaragoza, ES",8,1116.28
"Ronchi dei Legionari/Trieste, IT","Segrate (MI), IT",22,328.9099999999999
"Ronchi dei Legionari/Trieste, IT","Valencia, ES",2,1338.26
"Palermo, IT","Ronchi dei Legionari/Trieste, IT",4,854.44
"Marignane, Bouches-du-Rhône, FR","Ronchi dei Legionari/Trieste, IT",1,705.09
"Ronneby, SE","Stockholm, SE",46,392.7200000000001
"Roskilde, DK","Stockholm, SE",5,555.95
"Paris, FR","Roskilde, DK",1,966.07
"Roskilde, DK","Sønderborg, DK",3,163.49
"Melilla, ES","Rotterdam, NL",1,1945.11
"Rotterdam, NL","Salzburg, AT",29,768.09
"Hamburg, DE","Rotterdam, NL",1,410.14
"Rome, IT","Rotterdam, NL",9,1280.23
"Bordeaux, FR","Rotterdam, NL",2,878.66
"Rotterdam, NL","Seville, ES",6,1807.0600000000002
"Grenoble, FR","Saint-Jacques-de-la-Lande, Ille-et-Vilaine, FR",2,616.59
"Saint-Jacques-de-la-Lande, Ille-et-Vilaine, FR","Toulouse/Blagnac, FR",22,548.87
"Luxembourg, LU","Saint-Tropez, FR",1,714.33
"Burbach, DE","Salzburg, AT",1,482.11
"Salzburg, AT","Segrate (MI), IT",3,386.21
"Caselle Torinese (TO), IT","Salzburg, AT",1,500.91
"Istanbul, TR","Salzburg, AT",12,1467.96
"Santiago de Compostela, ES","Valencia, ES",5,763.9
"Santiago de Compostela, ES","Seville, ES",22,645.6799999999998
"Schkeuditz, DE","Stockholm, SE",11,966.94
"Schkeuditz, DE","Shannon, IE",10,1448.14
"Bordeaux, FR","Schkeuditz, DE",4,1205.78
"Schkeuditz, DE","Spata-Artemida, GR",11,1757.42
"Schkeuditz, DE","Warsaw, PL",12,604.44
"Schkeuditz, DE","Zgornji Brnik, SI",5,600.32
"Schkeuditz, DE","Vienna, AT",12,482.0299999999999
"Hamburg, DE","Schkeuditz, DE",4,287.16
"Bucharest, RO","Schkeuditz, DE",4,1281.73
"Laage, DE","Schkeuditz, DE",3,277.73
"Eindhoven, NL","Schkeuditz, DE",1,475.24
"Segrate (MI), IT","Vienna, AT",58,629.1099999999999
"Segrate (MI), IT","Zaventem, BE",51,702.77
"Palermo, IT","Segrate (MI), IT",27,874.14
"Firenze (FI), IT","Segrate (MI), IT",5,237.36
"Segrate (MI), IT","Stockholm, SE",18,1666.12
"Segrate (MI), IT","Valletta, MT",15,1153.85
"Nice, Alpes-Maritimes, FR","Segrate (MI), IT",6,257.15
"Angers, FR","Segrate (MI), IT",1,770.08
"Friedrichshafen, DE","Segrate (MI), IT",1,248.19
"Segrate (MI), IT","Stuttgart, DE",11,360.83
"Seville, ES","Valencia, ES",33,524.41
"Seville, ES","Weeze, DE",6,1837.96
"Seville, ES","Warsaw, PL",10,2654.59
"Seville, ES","Shannon, IE",1,1715.71
"Shannon, IE","Wrocław, PL",9,1769.81
"Eindhoven, NL","Shannon, IE",1,985.43
"Rome, IT","Shannon, IE",2,2003.45
"Skellefteå, SE","Stockholm, SE",51,592.5500000000001
"Düsseldorf, DE","Spata-Artemida, GR",21,2003.4200000000003
"Colombier-Saugnieu, Rhône, FR","Spata-Artemida, GR",12,1779.85
"Frankfurt am Main, DE","Spata-Artemida, GR",77,1815.7899999999997
"Spata-Artemida, GR","Thessaloniki, GR",201,299.2099999999999
"Spata-Artemida, GR","Vienna, AT",47,1278.8899999999999
"Spata-Artemida, GR","Zaventem, BE",28,2101.43
"Bologna, IT","Spata-Artemida, GR",19,1285.41
"Hamburg, DE","Spata-Artemida, GR",9,2044.05
"Spata-Artemida, GR","Stockholm, SE",11,2435.76
"Bucharest, RO","Spata-Artemida, GR",32,755.7900000000001
"Lisbon, PT","Spata-Artemida, GR",15,2870.1
"Spata-Artemida, GR","Warsaw, PL",28,1605.0800000000002
"Segrate (MI), IT","Spata-Artemida, GR",4,1472.98
"Balice, PL","Spata-Artemida, GR",3,1389.86
"Paphos, CY","Spata-Artemida, GR",3,844.2400000000001
"Spata-Artemida, GR","Velika Gorica, HR",1,1084.73
"Eindhoven, NL","Spata-Artemida, GR",5,2088.99
"Spata-Artemida, GR","Valletta, MT",18,871.75
"Spata-Artemida, GR","Stuttgart, DE",6,1682.1600000000003
"Marignane, Bouches-du-Rhône, FR","Spata-Artemida, GR",4,1689.13
"Dublin, IE","Spata-Artemida, GR",9,2875.55
"Stockholm, SE","Ängelholm, SE",54,466.0299999999999
"Stockholm, SE","Vilnius, LT",24,699.4300000000002
"Stockholm, SE","Zaventem, BE",27,1277.08
"Siljansnäs, SE","Stockholm, SE",2,223.51
"Stockholm, SE","Tallinn, EE",59,389.7
"Stockholm, SE","Warsaw, PL",33,831.11
"Stockholm, SE","Vienna, AT",23,1269.74
"Dortmund, DE","Stockholm, SE",1,1097.58
"Hannover, DE","Stockholm, SE",1,934.58
"Strasbourg, FR","Toulouse/Blagnac, FR",14,728.4800000000001
"Nice, Alpes-Maritimes, FR","Strasbourg, FR",13,543.55
"Stuttgart, DE","Vienna, AT",38,546.05
"Greven, DE","Stuttgart, DE",2,398.04
"Stuttgart, DE","Velika Gorica, HR",3,611.85
"Grâce-Hollogne, BE","Stuttgart, DE",9,347.62
"Stuttgart, DE","Thessaloniki, GR",14,1413.99
"Schkeuditz, DE","Stuttgart, DE",12,371.95
"Palanga, LT","Stuttgart, DE",1,1140.13
"Stuttgart, DE","Warsaw, PL",14,916.07
"Roskilde, DK","Tallinn, EE",1,868.06
"Tallinn, EE","Vilnius, LT",30,532.1200000000001
"Tallinn, EE","Warsaw, PL",34,835.9699999999999
"Düsseldorf, DE","Tallinn, EE",2,1448.17
"Roskilde, DK","Tampere / Pirkkala, FI",1,927.27
"Thessaloniki, GR","Vienna, AT",15,984.98
"Bologna, IT","Thessaloniki, GR",1,1054.96
"Thessaloniki, GR","Weeze, DE",12,1782.1199999999997
"Thessaloniki, GR","Valletta, MT",4,904.4
"Thessaloniki, GR","Warsaw, PL",8,1309.96
"Thessaloniki, GR","Zaventem, BE",3,1833.11
"Istanbul, TR","Timişoara, RO",2,810.92
"Munich, DE","Timişoara, RO",17,775.93
"Orio al Serio (BG), IT","Timişoara, RO",6,901.81
"Nuremberg, DE","Timişoara, RO",2,870.05
"Nice, Alpes-Maritimes, FR","Toulouse/Blagnac, FR",11,470.8
"Toulouse/Blagnac, FR","Zaventem, BE",14,842.03
"Alicante, ES","Toulouse/Blagnac, FR",5,616.02
"Barcelona, ES","Toulouse/Blagnac, FR",4,265.85
"Toulouse/Blagnac, FR","Zaragoza, ES",1,293.81
"Toulouse/Blagnac, FR","Valencia, ES",2,485.22
"Toulouse/Blagnac, FR","Valletta, MT",4,1414.5
"Caselle (VR), IT","Toulouse/Blagnac, FR",1,779.73
"Antalya, TR","Trabzon, TR",6,900.2999999999998
"Rome, IT","Treviso (TV), IT",1,428.13
"Budapest, HU","Treviso (TV), IT",6,567.38
"Treviso (TV), IT","Vienna, AT",9,430.61
"Charleroi, BE","Treviso (TV), IT",7,784.72
"Beauvais, FR","Treviso (TV), IT",2,865.91
"Treviso (TV), IT","Valletta, MT",5,1106.9
"Bucharest, RO","Treviso (TV), IT",10,1097.38
"Chambéry, FR","Treviso (TV), IT",1,490.73
"Treviso (TV), IT","Wrocław, PL",3,698.12
"Nuremberg, DE","Treviso (TV), IT",1,436.23
"Copenhagen, DK","Turku, FI",8,783.2200000000001
"Turku, FI","Vilnius, LT",6,678.03
"Paris, FR","Turku, FI",3,1772.8100000000002
"Hradec Králové, CZ","Uherské Hradiště, CZ",1,178.04
"Palermo, IT","Valencia, ES",2,1193.66
"Capannori (LU), IT","Valencia, ES",1,1036.39
"Valencia, ES","Vienna, AT",5,1664.82
"Valencia, ES","Zaventem, BE",8,1326.5099999999998
"Valletta, MT","Zaventem, BE",9,1855.2900000000002
"Catania, IT","Valletta, MT",10,187.38
"Valletta, MT","Vilnius, LT",6,2247.59
"Valletta, MT","Warsaw, PL",22,1890.09
"Valletta, MT","Wrocław, PL",12,1707.28
"Valletta, MT","Velika Gorica, HR",8,1108.41
"Valletta, MT","Vienna, AT",25,1374.37
"Beauvais, FR","Velika Gorica, HR",2,1122.78
"Velika Gorica, HR","Vienna, AT",25,265.96999999999997
"Pisa (PI), IT","Velika Gorica, HR",3,503.41
"Ferno (VA), IT","Velika Gorica, HR",5,570.15
"Istanbul, TR","Velika Gorica, HR",16,1162.81
"Barcelona, ES","Venezia (VE), IT",46,951.75
"Lamezia Terme (CZ), IT","Venezia (VE), IT",9,800.56
"Rome, IT","Venezia (VE), IT",44,411.87
"Frankfurt am Main, DE","Venezia (VE), IT",32,577.01
"Paris, FR","Venezia (VE), IT",97,868.79
"Venezia (VE), IT","Zaventem, BE",9,835.76
"Valencia, ES","Venezia (VE), IT",2,1244.48
"Amsterdam, NL","Venezia (VE), IT",26,936.9100000000001
"Istanbul, TR","Venezia (VE), IT",31,1429.3100000000002
"Madrid, ES","Venezia (VE), IT",60,1417.85
"Schkeuditz, DE","Venezia (VE), IT",6,657.82
"Venezia (VE), IT","Vienna, AT",26,432.25999999999993
"Nantes, FR","Venezia (VE), IT",5,1086.09
"Reggio Calabria, IT","Venezia (VE), IT",5,870.52
"Berlin, DE","Venezia (VE), IT",8,766.9900000000001
"Segrate (MI), IT","Venezia (VE), IT",6,239.85
"Köln (Cologne), DE","Venezia (VE), IT",5,709.8399999999999
"Shannon, IE","Venezia (VE), IT",1,1734.35
"Munich, DE","Venezia (VE), IT",24,319.64
"Colombier-Saugnieu, Rhône, FR","Venezia (VE), IT",10,565.14
"Dublin, IE","Venezia (VE), IT",7,1600.52
"Palermo, IT","Venezia (VE), IT",11,821.33
"Copenhagen, DK","Venezia (VE), IT",10,1124.67
"Venezia (VE), IT","Warsaw, PL",9,974.08
"Bordeaux, FR","Venezia (VE), IT",8,1026.06
"Orio al Serio (BG), IT","Venezia (VE), IT",1,206.47
"Chambéry, FR","Venezia (VE), IT",2,503.82
"Luxembourg, LU","Venezia (VE), IT",8,649.39
"Nice, Alpes-Maritimes, FR","Venezia (VE), IT",3,455.55
"Budapest, HU","Venezia (VE), IT",3,562.85
"Vienna, AT","Zaventem, BE",39,924.88
"Vienna, AT","Warsaw, PL",86,552.36
"Nice, Alpes-Maritimes, FR","Vienna, AT",5,876.1
"Vienna, AT","Zgornji Brnik, SI",2,263.61
"Rhodes, GR","Vienna, AT",1,1606.24
"Vienna, AT","Vilnius, LT",12,943.18
"Madrid, ES","Vigo, ES",53,458.9599999999999
"Vilnius, LT","Zaventem, BE",4,1453.57
"Vilnius, LT","Warsaw, PL",64,393.86
"Funchal, PT","Vilnius, LT",1,4076.88
"Warsaw, PL","Zaventem, BE",45,1144.23
"Warsaw, PL","Wrocław, PL",82,305.84
"Nice, Alpes-Maritimes, FR","Warsaw, PL",7,1392.37
"Faro, PT","Warsaw, PL",1,2813.66
"Warsaw, PL","Zgornji Brnik, SI",12,815.16
"Velika Gorica, HR","Weeze, DE",4,976.09
"Bucharest, RO","Wevelgem, BE",1,1841.34
"Colombier-Saugnieu, Rhône, FR","Wevelgem, BE",1,583.1
"Villanova d'Albenga (SV), IT","Weßling, DE",1,509.95
"Segrate (MI), IT","Weßling, DE",3,330.56
"Berlin, DE","Weßling, DE",4,501.39
"Vienna, AT","Wrocław, PL",1,333.61
"Valencia, ES","Wrocław, PL",3,1865.35
"Seville, ES","Wrocław, PL",3,2350.26
"Palermo, IT","Wrocław, PL",4,1469.49
"Köln (Cologne), DE","Wurster Nordseeküste, DE",1,338.71
"Bratislava, SK","Zaragoza, ES",1,1603.54
"Luxembourg, LU","Zaventem, BE",4,187.52
"Saint-Tropez, FR","Zaventem, BE",1,868.95
"Dresden, DE","Zaventem, BE",1,649.46
"Ferno (VA), IT","Zgornji Brnik, SI",3,447.92
"Zaventem, BE","Zgornji Brnik, SI",3,898.31
"Salzburg, AT","Zgornji Brnik, SI",1,206.4
"Copenhagen, DK","Örebro, SE",5,425.48999999999995
"Aalborg, DK","Bremen, DE",1,455.14
"Aalborg, DK","Funchal, PT",2,3383.91
"Aarhus, DK","Bremen, DE",1,380.69
"Aarhus, DK","Berlin, DE",1,476.4
"Ajaccio, FR","Toussus-le-Noble, Yvelines, FR",1,921.41
"Alava, ES","Ferno (VA), IT",3,960.88
"Alghero, IT","Ferno (VA), IT",4,556.94
"Alicante, ES","Łódź, PL",6,2153.47
"Alicante, ES","Wrocław, PL",10,1973.4599999999998
"Alicante, ES","Helsinki (Vantaa), FI",18,3030.03
"Alicante, ES","Antwerp, BE",8,1488.24
"Alicante, ES","Stockholm / Västerås, SE",4,2663.24
"Alicante, ES","Bremen, DE",8,1791.71
"Alicante, ES","Bucharest, RO",6,2317.7
"Alicante, ES","Kaunas, LT",8,2616.15
"Alicante, ES","Culleredo, ES",4,862.36
"Alicante, ES","Munich, DE",8,1496.75
"Alicante, ES","Billund, DK",4,2071.6
"Alicante, ES","Hamburg, DE",6,1879.59
"Alicante, ES","Shannon, IE",8,1728.18
"Alicante, ES","Salzburg, AT",4,1523.39
"Alicante, ES","Greven, DE",4,1667.65
"Alicante, ES","Pardubice, CZ",4,1834.33
"Almería, ES","Culleredo, ES",3,880.91
"Amsterdam, NL","Köln (Cologne), DE",5,229.64
"Amsterdam, NL","Palanga, LT",4,1135.72
"Amsterdam, NL","Malmö, SE",1,667.72
"Amsterdam, NL","Shannon, IE",2,926.13
"Amsterdam, NL","Montpellier/Méditerranée, FR",7,972.81
"Amsterdam, NL","Napoli, IT",6,1461.09
"Amsterdam, NL","Lamezia Terme (CZ), IT",1,1732.7
"Amsterdam, NL","Antalya, TR",3,2654.81
"Amsterdam, NL","Maastricht, NL",4,170.2
"Amsterdam, NL","Caselle (VR), IT",4,889.06
"Amsterdam, NL","Feldkirchen bei Graz, AT",2,968.07
"Amsterdam, NL","Palermo, IT",2,1705.08
"Amsterdam, NL","Larnaca, CY",8,2991.63
"Annecy, FR","Toussus-le-Noble, Yvelines, FR",3,434.66
"Annecy, FR","Nice, Alpes-Maritimes, FR",1,267.41
"Annecy, FR","Paris, FR",10,473.24
"Annecy, FR","Balice, PL",1,1115.69
"Antalya, TR","Selçuk, TR",5,328.09
"Antalya, TR","Bucharest, RO",3,936.7
"Antalya, TR","Warsaw, PL",12,1870.07
"Antalya, TR","Budapest, HU",3,1517.43
"Antalya, TR","Tallinn, EE",2,2539.94
"Antalya, TR","Helsinki (Vantaa), FI",3,2636.87
"Antalya, TR","Schkeuditz, DE",10,2178.73
"Antalya, TR","Prague, CZ",4,1974.8100000000002
"Antalya, TR","Riga, LV",2,2286.2
"Antwerp, BE","Calais, FR",1,177.07
"Antwerp, BE","Trento (TN), IT",3,754.4
"Arvidsjaur, SE","Frankfurt am Main, DE",4,1837.47
"Arvidsjaur, SE","Roskilde, DK",1,1177.22
"Arvidsjaur, SE","Stockholm, SE",4,680.52
"Augsburg, DE","Pisa (PI), IT",1,528.85
"Augsburg, DE","Győr, HU",1,518.55
"Augsburg, DE","Bolzano (BZ), IT",1,220.62
"Augsburg, DE","Dresden, DE",1,363.53
"Augsburg, DE","Kiel, DE",3,664.32
"Augsburg, DE","Egelsbach, DE",3,238.27
"Augsburg, DE","Mannheim, DE",1,211.5
"Augsburg, DE","Sečovlje, SI",1,386.41
"Balice, PL","Toulouse/Blagnac, FR",6,1567.86
"Balice, PL","Nice, Alpes-Maritimes, FR",3,1190.1
"Balice, PL","Nowy Dwór Mazowiecki, PL",2,270.71
"Balice, PL","Caselle (VR), IT",6,843.94
"Balice, PL","Seville, ES",6,2477.23
"Balice, PL","Lisbon, PT",8,2594.19
"Barcelona, ES","Genova (GE), IT",4,650.68
"Barcelona, ES","Nuremberg, DE",5,1149.56
"Barcelona, ES","Wrocław, PL",8,1571.57
"Barcelona, ES","Zaragoza, ES",2,263.11
"Barcelona, ES","Timişoara, RO",2,1626.42
"Barcelona, ES","Palermo, IT",5,1012.93
"Barcelona, ES","Maribor, SI",1,1231.06
"Barcelona, ES","Eindhoven, NL",8,1156.62
"Barcelona, ES","Capua, IT",4,1011.58
"Barcelona, ES","Zgornji Brnik, SI",6,1133.28
"Barcelona, ES","Chambéry, FR",4,571.79
"Barcelona, ES","Cascais, PT",2,1014.01
"Barcelona, ES","Vigo, ES",6,893.34
"Beauvais, FR","Bucharest, RO",12,1890.57
"Beauvais, FR","Nice, Alpes-Maritimes, FR",1,752.99
"Beauvais, FR","Thessaloniki, GR",4,1908.15
"Beauvais, FR","Timişoara, RO",2,1491.86
"Beauvais, FR","Ferno (VA), IT",7,653.29
"Beauvais, FR","Paphos, CY",1,2963.22
"Beauvais, FR","Reggio Calabria, IT",4,1663.43
"Berlin, DE","Caselle Torinese (TO), IT",1,903.69
"Berlin, DE","Prague, CZ",3,256.87
"Berlin, DE","Paphos, CY",2,2472.08
"Berlin, DE","Larnaca, CY",8,2513.08
"Berlin, DE","Innsbruck, AT",3,587.95
"Berlin, DE","Hamburg, DE",4,276.07
"Berlin, DE","Nice, Alpes-Maritimes, FR",7,1073.86
"Berlin, DE","Pisa (PI), IT",5,992.01
"Berlin, DE","Strasbourg, FR",1,594.38
"Berlin, DE","Linz, AT",2,458.4
"Berlin, DE","Caselle (VR), IT",1,797.78
"Berlin, DE","Lübeck, DE",1,245.57
"Berlin, DE","Hannover, DE",8,259.12
"Berlin, DE","Mannheim, DE",2,474.61
"Berlin, DE","Wevelgem, BE",1,730.77
"Berlin, DE","Poznań, PL",2,225.44
"Berlin, DE","Salzburg, AT",5,509.23
"Berlin, DE","Saint-Jacques-de-la-Lande, Ille-et-Vilaine, FR",1,1181.61
"Berlin, DE","Reggio Calabria, IT",4,1597.74
"Billund, DK","Vilnius, LT",3,1028.85
"Billund, DK","Malmö, SE",1,265.74
"Billund, DK","Mošnov, CZ",1,901.58
"Billund, DK","Vienna, AT",1,987.79
"Bologna, IT","Valletta, MT",9,1003.57
"Bologna, IT","Wrocław, PL",9,840.76
"Bologna, IT","Warsaw, PL",7,1110.49
"Bologna, IT","Nice, Alpes-Maritimes, FR",5,339.5
"Bologna, IT","Zaventem, BE",5,871.08
"Bologna, IT","Trento (TN), IT",1,165.95
"Bolzano (BZ), IT","Düsseldorf, DE",3,631.9
"Bolzano (BZ), IT","Brno, CZ",1,500.12
"Berlin, DE","Bolzano (BZ), IT",5,674.86
"Bolzano (BZ), IT","Orio al Serio (BG), IT",1,152.58
"Bolzano (BZ), IT","Stuttgart, DE",1,293.98
"Bolzano (BZ), IT","Frankfurt am Main, DE",1,446.43
"Antwerp, BE","Bolzano (BZ), IT",3,726.87
"Bolzano (BZ), IT","Dresden, DE",2,549.65
"Bolzano (BZ), IT","Hannover, DE",2,677.78
"Bordeaux, FR","Seville, ES",8,930.7
"Bordeaux, FR","Nîmes/Garons, FR",3,425.37
"Bordeaux, FR","Málaga, ES",4,960.75
"Bordeaux, FR","Göteborg, SE",2,1680.8
"Bratislava, SK","Bucharest, RO",5,792.19
"Bratislava, SK","Napoli, IT",2,842.26
"Bratislava, SK","Palermo, IT",5,1160.71
"Bratislava, SK","Malmö, SE",1,860.0
"Bratislava, SK","Poprad, SK",5,244.09
"Bratislava, SK","Budapest, HU",5,161.13
"Bratislava, SK","Salzburg, AT",1,315.98
"Bratislava, SK","Orio al Serio (BG), IT",1,633.76
"Bratislava, SK","Hamburg, DE",1,789.52
"Bratislava, SK","Málaga, ES",14,2180.63
"Bratislava, SK","Istanbul, TR",8,1218.72
"Braunschweig, DE","Stuttgart, DE",4,414.42
"Braunschweig, DE","Dortmund, DE",1,220.64
"Braunschweig, DE","Weßling, DE",1,474.05
"Braunschweig, DE","Prague, CZ",2,356.86
"Braunschweig, DE","Caselle Torinese (TO), IT",1,819.52
"Bremen, DE","Málaga, ES",6,2092.57
"Bremen, DE","Palma de Mallorca, ES",11,1569.53
"Bremen, DE","Lübeck, DE",1,153.18
"Bremen, DE","Saint-Jacques-de-la-Lande, Ille-et-Vilaine, FR",1,925.31
"Bremen, DE","Saint-Tropez, FR",1,1107.48
"Brno, CZ","Málaga, ES",4,2201.18
"Bremen, DE","Brno, CZ",1,700.96
"Brno, CZ","Salzburg, AT",1,311.06
"Bucharest, RO","Düsseldorf, DE",4,1618.14
"Bucharest, RO","Dresden, DE",1,1174.56
"Brno, CZ","Bucharest, RO",2,879.47
"Bucharest, RO","Porto, PT",3,2835.47
"Bucharest, RO","Wrocław, PL",4,1002.05
"Bucharest, RO","Seville, ES",6,2780.18
"Bucharest, RO","Stuttgart, DE",6,1366.1
"Bucharest, RO","Innsbruck, AT",2,1179.55
"Bucharest, RO","Segrate (MI), IT",1,1324.61
"Bucharest, RO","Linz, AT",2,996.89
"Bucharest, RO","Poznań, PL",1,1110.08
"Budapest, HU","Memmingen, DE",7,666.05
"Budapest, HU","Maribor, SI",2,283.63
"Budapest, HU","Nowy Dwór Mazowiecki, PL",1,562.3
"Budapest, HU","Napoli, IT",4,828.81
"Budapest, HU","Funchal, PT",6,3425.8799999999997
"Budapest, HU","Marignane, Bouches-du-Rhône, FR",8,1172.34
"Budapest, HU","Caselle Torinese (TO), IT",6,915.5
"Budapest, HU","Tallinn, EE",6,1377.39
"Budapest, HU","Luxembourg, LU",8,977.79
"Budapest, HU","Seville, ES",6,2323.06
"Budapest, HU","Larnaca, CY",7,1848.88
"Budapest, HU","Palma de Mallorca, ES",3,1583.58
"Budapest, HU","Köln (Cologne), DE",5,946.6
"Budapest, HU","Zaragoza, ES",1,1716.88
"Budapest, HU","Zgornji Brnik, SI",2,381.37
"Burbach, DE","Toussus-le-Noble, Yvelines, FR",1,481.3
"Burbach, DE","Hamburg, DE",1,343.17
"Büren, DE","Hamburg, DE",1,235.88
"Büren, DE","Egelsbach, DE",1,183.76
"Büren, DE","Istanbul, TR",2,1942.95
"Calais, FR","Grenoble, FR",1,670.85
"Cascais, PT","Vila Real, PT",6,315.81
"Cascais, PT","Portimão, PT",4,187.81
"Cascais, PT","Genova (GE), IT",1,1636.01
"Cascais, PT","Porto, PT",5,286.37
"Berlin, DE","Cascais, PT",2,2320.51
"Cascais, PT","Shannon, IE",1,1554.52
"Cascais, PT","Ibiza (Eivissa), ES",2,929.33
"Cascais, PT","Vigo, ES",1,394.77
"Caselle (VR), IT","Catania, IT",1,947.57
"Caselle (VR), IT","Frankfurt am Main (Lautzenhausen), DE",1,574.14
"Caselle (VR), IT","Köln (Cologne), DE",1,668.59
"Caselle (VR), IT","Dublin, IE",18,1522.4399999999998
"Caselle (VR), IT","Spata-Artemida, GR",1,1362.48
"Caselle (VR), IT","Nantes, FR",1,979.15
"Caselle Torinese (TO), IT","Porto, PT",6,1391.4000000000003
"Caselle Torinese (TO), IT","Weßling, DE",3,423.62
"Caselle Torinese (TO), IT","Jerez de la Frontera, ES",1,1482.68
"Caselle Torinese (TO), IT","Palma de Mallorca, ES",1,746.19
"Antwerp, BE","Caselle Torinese (TO), IT",1,706.5
"Caselle Torinese (TO), IT","Napoli, IT",6,721.68
"Caselle Torinese (TO), IT","Copenhagen, DK",17,1210.65
"Caselle Torinese (TO), IT","Valletta, MT",6,1189.09
"Capannori (LU), IT","Caselle Torinese (TO), IT",1,277.98
"Caselle Torinese (TO), IT","Vilnius, LT",6,1633.54
"Catania, IT","Rome, IT",7,532.42
"Chambéry, FR","Salzburg, AT",2,593.34
"Chambéry, FR","Rome, IT",2,676.74
"Caselle (VR), IT","Chambéry, FR",1,391.0
"Chambéry, FR","Saint-Tropez, FR",2,274.69
"Chambéry, FR","Lesquin, FR",1,585.44
"Chambéry, FR","Madrid, ES",1,967.76
"Chambéry, FR","Prague, CZ",6,797.27
"Charleroi, BE","Spata-Artemida, GR",9,2074.67
"Charleroi, BE","Luxembourg, LU",3,155.83
"Charleroi, BE","Reggio Calabria, IT",4,1636.87
"Chassieu, Lyon, FR","Nice, Alpes-Maritimes, FR",1,291.88
"Chassieu, Lyon, FR","Velika Gorica, HR",1,862.71
"Chassieu, Lyon, FR","Segrate (MI), IT",2,338.59
"Chassieu, Lyon, FR","Köln (Cologne), DE",1,593.94
"Almería, ES","Clermont-Ferrand, FR",1,1096.05
"Colmar, FR","Hamburg, DE",1,634.3
"Colombier-Saugnieu, Rhône, FR","Stuttgart, DE",1,453.77
"Colombier-Saugnieu, Rhône, FR","Segrate (MI), IT",2,327.25
"Almería, ES","Colombier-Saugnieu, Rhône, FR",1,1166.7
"Colombier-Saugnieu, Rhône, FR","Faro, PT",4,1454.65
"Colombier-Saugnieu, Rhône, FR","Zaventem, BE",10,577.21
"Colombier-Saugnieu, Rhône, FR","Cork, IE",4,1202.2
"Colombier-Saugnieu, Rhône, FR","Marignane, Bouches-du-Rhône, FR",7,254.59
"Comiso, IT","Reggio Calabria, IT",1,150.83
"Copenhagen, DK","Salzburg, AT",25,870.38
"Copenhagen, DK","Groningen, NL",2,481.64
"Cork, IE","Valencia, ES",2,1505.78
"Cork, IE","Málaga, ES",18,1715.46
"Cork, IE","Stockholm, SE",1,1846.1
"Culleredo, ES","Ferno (VA), IT",4,1379.08
"Culleredo, ES","Zaragoza, ES",1,628.2
"Dortmund, DE","Vilnius, LT",5,1226.63
"Dortmund, DE","Ronneby, SE",1,727.36
"Dortmund, DE","Faro, PT",1,2025.76
"Dortmund, DE","Segrate (MI), IT",1,686.31
"Dortmund, DE","Lübeck, DE",1,329.45
"Dortmund, DE","Nuremberg, DE",1,332.35
"Dortmund, DE","Luxembourg, LU",1,232.39
"Dortmund, DE","Mannheim, DE",1,236.19
"Dresden, DE","Vienna, AT",2,392.09
"Dresden, DE","Wevelgem, BE",1,739.41
"Dresden, DE","Friedrichshafen, DE",1,492.89
"Dresden, DE","Dublin, IE",1,1381.44
"Dresden, DE","Mannheim, DE",1,416.21
"Dresden, DE","Salzburg, AT",1,375.55
"Antwerp, BE","Dresden, DE",1,648.43
"Dublin, IE","Tallinn, EE",4,2002.93
"Dublin, IE","Győr, HU",1,1808.64
"Dublin, IE","Grâce-Hollogne, BE",6,857.5300000000001
"Dublin, IE","Riga, LV",8,1944.85
"Dublin, IE","Paphos, CY",2,3661.34
"Düsseldorf, DE","Valletta, MT",6,1824.07
"Düsseldorf, DE","Trento (TN), IT",4,667.08
"Düsseldorf, DE","Memmingen, DE",1,444.02
"Düsseldorf, DE","Sta Cruz de la Palma, La Palma Island, ES",6,3242.31
"Düsseldorf, DE","Ibiza (Eivissa), ES",6,1443.1500000000003
"Egelsbach, DE","Weßling, DE",2,284.04
"Egelsbach, DE","Hamburg, DE",1,412.18
"Egelsbach, DE","Salzburg, AT",2,399.6
"Eindhoven, NL","Zgornji Brnik, SI",1,881.84
"Eindhoven, NL","Salzburg, AT",10,683.1
"Eindhoven, NL","Groningen, NL",1,202.82
"Eindhoven, NL","Katowice, PL",10,964.54
"Eindhoven, NL","Munich, DE",2,573.59
"Eindhoven, NL","Madrid, ES",4,1408.6
"Eindhoven, NL","Palma de Mallorca, ES",10,1338.6600000000003
"Falconara Marittima (AN), IT","Vienna, AT",1,557.9
"Faro, PT","Köln (Cologne), DE",7,1950.62
"Cascais, PT","Faro, PT",2,225.56
"Faro, PT","Nuremberg, DE",5,2064.32
"Faro, PT","Nantes, FR",4,1242.37
"Faro, PT","Helsinki (Vantaa), FI",4,3475.12
"Faro, PT","Weeze, DE",8,1965.13
"Faro, PT","Hamburg, DE",4,2299.18
"Faro, PT","Hannover, DE",4,2200.01
"Faro, PT","Stuttgart, DE",2,1902.12
"Faro, PT","Munich, DE",6,2038.41
"Faro, PT","Stockholm, SE",6,3109.3000000000006
"Ferno (VA), IT","Maastricht, NL",5,626.53
"Ferno (VA), IT","Toussus-le-Noble, Yvelines, FR",1,608.61
"Ferno (VA), IT","Tallinn, EE",4,1869.76
"Ferno (VA), IT","Riga, LV",8,1640.71
"Ferno (VA), IT","Weeze, DE",1,690.5
"Farranfore, IE","Ferno (VA), IT",1,1513.91
"Figari, FR","Marignane, Bouches-du-Rhône, FR",21,384.47
"Chassieu, Lyon, FR","Firenze (FI), IT",1,538.03
"Firenze (FI), IT","Nowy Dwór Mazowiecki, PL",1,1187.55
"Firenze (FI), IT","Genova (GE), IT",1,200.16
"Forlì (FC), IT","Pescara, IT",1,260.14
"Frankfurt am Main, DE","Seville, ES",8,1813.97
"Frankfurt am Main, DE","Nantes, FR",8,812.46
"Frankfurt am Main, DE","Linz, AT",1,458.41
"Frankfurt am Main, DE","Larnaca, CY",14,2636.34
"Frankfurt am Main, DE","Greven, DE",1,242.05
"Frankfurt am Main, DE","Weßling, DE",1,293.58
"Arvidsjaur, SE","Frankfurt am Main (Lautzenhausen), DE",1,1872.35
"Friedrichshafen, DE","Rotterdam, NL",3,599.39
"Feldkirchen bei Graz, AT","Friedrichshafen, DE",1,453.0
"Friedrichshafen, DE","Hradec Králové, CZ",1,544.0
"Friedrichshafen, DE","Nuremberg, DE",2,233.58
"Friedrichshafen, DE","Maribor, SI",1,485.84
"Funchal, PT","Prague, CZ",8,3193.8
"Funchal, PT","Katowice, PL",10,3525.5199999999995
"Funchal, PT","Paris, FR",10,2426.72
"Funchal, PT","Stuttgart, DE",4,2798.14
"Funchal, PT","Sta Cruz de la Palma, La Palma Island, ES",1,462.32
"Funchal, PT","Munich, DE",8,2947.9
"Gaziemir, TR","Warsaw, PL",2,1621.63
"Gaziemir, TR","Genova (GE), IT",1,1668.63
"Gdańsk, PL","Riga, LV",3,451.02
"Gdańsk, PL","Larnaca, CY",1,2466.33
"Cork, IE","Gdańsk, PL",1,1809.87
"Gdańsk, PL","Valletta, MT",3,2083.27
"Gdańsk, PL","Katowice, PL",2,435.83
"Gdańsk, PL","Kiel, DE",1,538.57
"Genova (GE), IT","Pescara, IT",1,484.29
"Genova (GE), IT","Prague, CZ",1,752.81
"Ferno (VA), IT","Girona, ES",2,633.07
"Girona, ES","Pisa (PI), IT",4,653.03
"Grenoble, FR","Strasbourg, FR",1,393.81
"Grenoble, FR","Nîmes/Garons, FR",2,192.62
"Budapest, HU","Greven, DE",1,967.5
"Arvidsjaur, SE","Greven, DE",4,1631.95
"Greven, DE","Shannon, IE",1,1125.93
"Caselle (VR), IT","Greven, DE",1,784.95
"Amsterdam, NL","Greven, DE",2,200.15
"Greven, DE","Paris, FR",3,495.52
"Groningen, NL","Madrid, ES",2,1608.84
"Groningen, NL","Salzburg, AT",1,746.17
"Groningen, NL","Hannover, DE",4,221.37
"Grâce-Hollogne, BE","Vienna, AT",6,852.16
"Clermont-Ferrand, FR","Grâce-Hollogne, BE",1,565.15
"Amsterdam, NL","Grâce-Hollogne, BE",3,191.58
"Firenze (FI), IT","Grâce-Hollogne, BE",1,874.54
"Győr, HU","Pécs, HU",1,185.32
"Győr, HU","Trento (TN), IT",1,538.42
"Göteborg, SE","Valletta, MT",4,2438.72
"Göteborg, SE","Zaventem, BE",10,902.7400000000001
"Göteborg, SE","Siljansnäs, SE",3,375.07
"Göteborg, SE","Roskilde, DK",2,237.22
"Göteborg, SE","Thessaloniki, GR",4,2064.33
"Bremen, DE","Göteborg, SE",1,559.27
"Göteborg, SE","Porto, PT",4,2347.12
"Hamburg, DE","Málaga, ES",8,2184.46
"Hamburg, DE","Mönchengladbach, DE",4,349.0
"Hamburg, DE","Lelystad, NL",1,319.77
"Hamburg, DE","Nice, Alpes-Maritimes, FR",1,1120.98
"Hamburg, DE","Nantes, FR",3,1083.49
"Hamburg, DE","Weßling, DE",3,619.23
"Hamburg, DE","Weert, NL",1,390.3
"Hamburg, DE","Trento (TN), IT",4,845.04
"Hamburg, DE","Stockholm, SE",15,820.4199999999998
"Dortmund, DE","Hamburg, DE",1,277.23
"Hamburg, DE","Łódź, PL",1,671.93
"Hamburg, DE","Oostende, BE",1,545.78
"Hamburg, DE","Köln (Cologne), DE",5,356.1
"Hamburg, DE","Manching, DE",2,552.86
"Cork, IE","Hamburg, DE",1,1251.1
"Hamburg, DE","Mannheim, DE",2,467.08
"Hannover, DE","Weeze, DE",1,260.57
"Hannover, DE","Nuremberg, DE",6,343.52
"Hannover, DE","Malmö, SE",1,418.3
"Gdańsk, PL","Hannover, DE",3,619.18
"Hannover, DE","Stuttgart, DE",3,420.61
"Hannover, DE","Wurster Nordseeküste, DE",2,160.61
"Hannover, DE","Zaventem, BE",1,398.17
"Hannover, DE","Örebro, SE",2,822.26
"Hannover, DE","Trento (TN), IT",3,723.4
"Helsinki (Vantaa), FI","Roskilde, DK",4,919.59
"Helsinki (Vantaa), FI","Luxembourg, LU",1,1675.55
"Helsinki (Vantaa), FI","Malmö, SE",8,864.53
"Helsinki (Vantaa), FI","Tartu, EE",4,244.03
"Bratislava, SK","Hradec Králové, CZ",1,252.01
"Hradec Králové, CZ","Mošnov, CZ",1,173.46
"Ibiza (Eivissa), ES","Zaventem, BE",3,1359.46
"Ibiza (Eivissa), ES","Paris, FR",6,1161.88
"Innsbruck, AT","Roskilde, DK",1,927.33
"Göteborg, SE","Innsbruck, AT",1,1163.97
"Groningen, NL","Innsbruck, AT",2,734.16
"Innsbruck, AT","Madrid, ES",4,1420.34
"Istanbul, TR","Selçuk, TR",57,371.62
"Istanbul, TR","Napoli, IT",4,1229.91
"Istanbul, TR","Mošnov, CZ",3,1278.88
"Istanbul, TR","Zaragoza, ES",3,2491.86
"Istanbul, TR","Nantes, FR",3,2515.4
"Eindhoven, NL","Jasionka, PL",1,1177.46
"Hamburg, DE","Jasionka, PL",1,915.74
"Jasionka, PL","Roskilde, DK",1,899.61
"Jasionka, PL","Katowice, PL",3,213.01
"Jasionka, PL","Salzburg, AT",1,706.65
"Katowice, PL","Paris, FR",9,1210.27
"Katowice, PL","Munich, DE",1,577.73
"Katowice, PL","Larnaca, CY",3,2094.85
"Katowice, PL","Reggio Calabria, IT",4,1405.71
"Katowice, PL","Vienna, AT",1,319.89
"Katowice, PL","Porto, PT",4,2363.39
"Katowice, PL","Szymany, PL",1,357.59
"Kaunas, LT","Paphos, CY",2,2342.67
"Kaunas, LT","Orio al Serio (BG), IT",5,1447.3100000000002
"Kaunas, LT","Paris, FR",1,1609.44
"Bremen, DE","Kiel, DE",1,172.98
"Copenhagen, DK","Kittilä, FI",2,1483.48
"Frankfurt am Main, DE","Kittilä, FI",2,2161.19
"Ferno (VA), IT","Kittilä, FI",1,2625.32
"Düsseldorf, DE","Kittilä, FI",3,2072.77
"Kittilä, FI","Paris, FR",4,2399.83
"Košice, SK","Salzburg, AT",1,617.44
"Kuopio / Siilinjärvi, FI","Montichiari (BS), IT",1,2243.83
"Köln (Cologne), DE","Málaga, ES",14,1829.08
"Alava, ES","Köln (Cologne), DE",4,1160.07
"Köln (Cologne), DE","Paphos, CY",5,2714.12
"Köln (Cologne), DE","Spata-Artemida, GR",3,1952.69
"Köln (Cologne), DE","Poznań, PL",2,689.43
"Braunschweig, DE","Köln (Cologne), DE",3,285.81
"Köln (Cologne), DE","Memmingen, DE",1,390.46
"Brest, FR","La Baule-Escoublac, FR",2,201.2
"Laage, DE","Roskilde, DK",2,185.65
"Chambéry, FR","Lahr/Schwarzwald, DE",1,337.67
"Lahr/Schwarzwald, DE","Nuremberg, DE",1,268.56
"Lamezia Terme (CZ), IT","Memmingen, DE",4,1119.43
"Larnaca, CY","Málaga, ES",1,3422.54
"Grâce-Hollogne, BE","Larnaca, CY",1,2863.03
"Augsburg, DE","Lelystad, NL",1,589.39
"Frankfurt am Main, DE","Lesquin, FR",1,392.08
"Lesquin, FR","Madrid, ES",1,1243.41
"Cannes, FR","Lesquin, FR",1,832.92
"Linköping, SE","Stockholm, SE",7,177.54
"Linz, AT","Stuttgart, DE",1,374.31
"Budapest, HU","Linz, AT",3,372.42
"Hannover, DE","Lisbon, PT",1,2098.62
"Bucharest, RO","Lisbon, PT",6,2972.24
"Hamburg, DE","Lisbon, PT",17,2190.41
"Lisbon, PT","Seville, ES",28,321.68000000000006
"Capannori (LU), IT","Lisbon, PT",1,1734.61
"Lisbon, PT","Vila Baleira, PT",1,907.57
"Lisbon, PT","Nowy Dwór Mazowiecki, PL",2,2740.5
"Göteborg, SE","Luleå, SE",2,1016.54
"Bordeaux, FR","Luleå, SE",1,2687.59
"Luxembourg, LU","Palma de Mallorca, ES",11,1153.24
"Luxembourg, LU","Valletta, MT",10,1672.4599999999998
"Billund, DK","Luxembourg, LU",1,708.01
"Luxembourg, LU","Nice, Alpes-Maritimes, FR",11,668.05
"Luxembourg, LU","Salzburg, AT",3,538.21
"Luxembourg, LU","Montpellier/Méditerranée, FR",1,694.31
"Luxembourg, LU","Pescara, IT",1,1008.2
"Luxembourg, LU","Mannheim, DE",1,166.94
"Dresden, DE","Luxembourg, LU",2,561.06
"Luxembourg, LU","Mošnov, CZ",2,855.59
"Lübeck, DE","Palma de Mallorca, ES",5,1695.28
"Lübeck, DE","Malmö, SE",1,257.27
"Köln (Cologne), DE","Lübeck, DE",1,407.18
"Lübeck, DE","Málaga, ES",4,2236.25
"Maastricht, NL","Zaragoza, ES",1,1152.36
"Maastricht, NL","Malmö, SE",1,720.93
"Hamburg, DE","Maastricht, NL",1,409.5
"Gdańsk, PL","Madrid, ES",2,2258.49
"Madrid, ES","Palermo, IT",5,1472.48
"Madrid, ES","Oostende, BE",2,1299.3
"Madrid, ES","Wrocław, PL",6,1976.57
"Biarritz, FR","Madrid, ES",4,381.76
"Madrid, ES","Shannon, IE",5,1421.12
"Catania, IT","Madrid, ES",4,1650.86
"Madrid, ES","Stuttgart, DE",5,1370.6
"Cannes, FR","Madrid, ES",5,943.82
"Madrid, ES","Zaragoza, ES",4,260.24
"Larnaca, CY","Madrid, ES",1,3316.29
"Berlin, DE","Malmö, SE",1,353.01
"Malmö, SE","Oulu / Oulunsalo, FI",1,1231.81
"Malmö, SE","Málaga, ES",1,2493.25
"Göteborg, SE","Malmö, SE",4,255.46
"Malmö, SE","Nowy Dwór Mazowiecki, PL",1,585.88
"Mannheim, DE","Mönchengladbach, DE",2,241.87
"Mannheim, DE","Vienna, AT",2,608.92
"Mannheim, DE","Nuremberg, DE",2,185.22
"Braunschweig, DE","Mannheim, DE",1,347.33
"Köln (Cologne), DE","Mannheim, DE",2,183.1
"Manching, DE","Mannheim, DE",1,235.43
"Košice, SK","Maribor, SI",1,482.11
"Marignane, Bouches-du-Rhône, FR","Vienna, AT",11,1021.11
"Bologna, IT","Marignane, Bouches-du-Rhône, FR",4,501.07
"Marignane, Bouches-du-Rhône, FR","Memmingen, DE",1,638.63
"Bremen, DE","Marignane, Bouches-du-Rhône, FR",1,1100.42
"Eskişehir, TR","Memmingen, DE",1,1853.87
"Memmingen, DE","Porto, PT",10,1668.4900000000002
"Memmingen, DE","Orio al Serio (BG), IT",1,260.96
"Larnaca, CY","Memmingen, DE",1,2418.38
"Hamburg, DE","Memmingen, DE",2,622.53
"Montichiari (BS), IT","Rome, IT",1,437.07
"Hamburg, DE","Montpellier/Méditerranée, FR",1,1194.62
"Chassieu, Lyon, FR","Montpellier/Méditerranée, FR",3,251.53
"Chambéry, FR","Montpellier/Méditerranée, FR",1,274.94
"Mošnov, CZ","Málaga, ES",4,2320.25
"Mošnov, CZ","Prague, CZ",5,279.45
"Helsinki (Vantaa), FI","Mošnov, CZ",1,1257.74
"Mošnov, CZ","Nice, Alpes-Maritimes, FR",2,1066.66
"Bucharest, RO","Mošnov, CZ",1,832.68
"Groningen, NL","Munich, DE",1,643.93
"Dortmund, DE","Munich, DE",2,461.42
"Málaga, ES","Tampere / Pirkkala, FI",4,3374.49
"Braunschweig, DE","Málaga, ES",1,2100.77
"Málaga, ES","Porto, PT",9,623.79
"Málaga, ES","Tallinn, EE",7,3285.3799999999997
"Málaga, ES","Nuremberg, DE",7,1898.58
"Málaga, ES","Riga, LV",10,3086.5
"Málaga, ES","Poznań, PL",8,2415.39
"Cascais, PT","Málaga, ES",5,484.16
"Málaga, ES","Nowy Dwór Mazowiecki, PL",4,2630.14
"Málaga, ES","Pardubice, CZ",4,2195.7
"Málaga, ES","Stuttgart, DE",6,1738.88
"Berlin, DE","Mönchengladbach, DE",2,497.2
"Augsburg, DE","Mönchengladbach, DE",1,444.97
"Munich, DE","Mönchengladbach, DE",2,495.81
"Mönchengladbach, DE","Schkeuditz, DE",1,398.49
"Nantes, FR","Napoli, IT",1,1446.09
"Nowe Kramsko, PL","Salzburg, AT",1,522.77
"Maribor, SI","Nowy Dwór Mazowiecki, PL",1,754.31
"Alajero, La Gomera Island, ES","Nowy Dwór Mazowiecki, PL",1,4128.76
"Nowy Dwór Mazowiecki, PL","Weßling, DE",1,823.28
"Katowice, PL","Nowy Dwór Mazowiecki, PL",1,245.09
"Braunschweig, DE","Nuremberg, DE",1,315.75
"Nuremberg, DE","Schkeuditz, DE",3,228.8
"Düsseldorf, DE","Nuremberg, DE",3,364.67
"Dublin, IE","Nuremberg, DE",2,1274.36
"Nuremberg, DE","Orio al Serio (BG), IT",3,437.99
"Nîmes/Garons, FR","Toulouse/Blagnac, FR",1,245.82
"Málaga, ES","Nîmes/Garons, FR",1,1091.1
"Nîmes/Garons, FR","Saint-Jacques-de-la-Lande, Ille-et-Vilaine, FR",2,675.13
"Frankfurt am Main (Lautzenhausen), DE","Oostende, BE",1,339.65
"Luxembourg, LU","Oostende, BE",1,294.09
"Oostende, BE","Orio al Serio (BG), IT",1,794.52
"Oostende, BE","Tallinn, EE",1,1650.92
"Napoli, IT","Orio al Serio (BG), IT",8,648.2
"Catania, IT","Orio al Serio (BG), IT",4,1014.57
"Orio al Serio (BG), IT","Paris, FR",2,690.54
"Orio al Serio (BG), IT","Zgornji Brnik, SI",1,372.24
"Colombier-Saugnieu, Rhône, FR","Orio al Serio (BG), IT",1,358.71
"Palma de Mallorca, ES","Sta Cruz de la Palma, La Palma Island, ES",1,2236.05
"Dresden, DE","Palma de Mallorca, ES",5,1546.03
"Culleredo, ES","Palma de Mallorca, ES",1,1015.21
"Palma de Mallorca, ES","Valletta, MT",5,1112.0
"Palma de Mallorca, ES","Schkeuditz, DE",8,1510.25
"Palma de Mallorca, ES","Wevelgem, BE",1,1253.39
"Palma de Mallorca, ES","Rome, IT",1,853.63
"Paris, FR","Rhodes, GR",1,2527.98
"Paris, FR","Saint-Denis-de-l'Hôtel, Loiret, FR",1,156.4
"Napoli, IT","Paris, FR",11,1327.22
"Paris, FR","Trento (TN), IT",4,757.57
"Paris, FR","Zaragoza, ES",1,886.84
"Falconara Marittima (AN), IT","Paris, FR",3,1058.72
"Alava, ES","Paris, FR",2,809.94
"Luleå, SE","Paris, FR",3,2141.87
"Montichiari (BS), IT","Paris, FR",2,745.1
"Arvidsjaur, SE","Paris, FR",2,2062.65
"Paris, FR","Strasbourg, FR",1,402.12
"Paris, FR","Pisa (PI), IT",5,881.74
"Gdańsk, PL","Paris, FR",2,1244.99
"Düsseldorf, DE","Pescara, IT",1,1133.65
"Pisa (PI), IT","Warsaw, PL",9,1229.13
"Chambéry, FR","Pisa (PI), IT",1,417.74
"Innsbruck, AT","Pisa (PI), IT",1,404.52
"Pisa (PI), IT","Rome, IT",4,267.02
"Copenhagen, DK","Pisa (PI), IT",4,1336.78
"Paris, FR","Ponta Delgada, PT",2,2572.51
"Porto, PT","Wrocław, PL",8,2236.27
"Porto, PT","Warsaw, PL",10,2540.56
"Porto, PT","Prague, CZ",9,2024.3699999999997
"Porto, PT","Strasbourg, FR",4,1514.37
"Porto, PT","Vienna, AT",10,2125.41
"Porto, PT","Weeze, DE",8,1611.56
"Jerez de la Frontera, ES","Porto, PT",1,549.55
"Porto, PT","Valletta, MT",4,2095.62
"Poznań, PL","Rome, IT",11,1226.33
"Poznań, PL","Valletta, MT",10,1852.25
"Nice, Alpes-Maritimes, FR","Poznań, PL",1,1205.96
"Poznań, PL","Tampere / Pirkkala, FI",1,1079.95
"Prague, CZ","Valletta, MT",4,1585.19
"Greven, DE","Prague, CZ",1,511.11
"Bologna, IT","Prague, CZ",2,658.0
"Arvidsjaur, SE","Prague, CZ",2,1746.46
"Napoli, IT","Prague, CZ",4,1024.65
"Prague, CZ","Rotterdam, NL",1,716.62
"Prague, CZ","Seville, ES",4,2134.29
"Prague, CZ","Thessaloniki, GR",5,1262.62
"Groningen, NL","Prague, CZ",1,627.23
"Prague, CZ","Uherské Hradiště, CZ",3,258.4
"Luxembourg, LU","Prague, CZ",3,578.96
"Prague, CZ","Toulouse/Blagnac, FR",4,1213.44
"Kuopio / Siilinjärvi, FI","Prague, CZ",1,1650.06
"Ranón, ES","Seville, ES",5,683.46
"Orio al Serio (BG), IT","Ranón, ES",3,1265.75
"Amsterdam, NL","Ranón, ES",2,1259.26
"Lisbon, PT","Ranón, ES",3,591.63
"Ranón, ES","Valencia, ES",3,647.01
"Ranón, ES","Santiago de Compostela, ES",1,206.64
"Budapest, HU","Recea, RO",2,417.27
"Reggio Calabria, IT","Valletta, MT",1,268.04
"Faro, PT","Rheinmünster, DE",2,1842.22
"Gdańsk, PL","Rheinmünster, DE",1,948.32
"Berlin, DE","Rheinmünster, DE",2,552.24
"Rheinmünster, DE","Valencia, ES",2,1236.79
"Riga, LV","Schkeuditz, DE",3,981.23
"Riga, LV","Roskilde, DK",1,748.83
"Larnaca, CY","Riga, LV",4,2559.4
"Riga, LV","Valletta, MT",8,2453.0
"Poznań, PL","Riga, LV",1,683.64
"Rome, IT","Vilnius, LT",5,1709.95
"Napoli, IT","Rome, IT",7,186.17000000000002
"Rome, IT","Timişoara, RO",3,842.08
"Caselle Torinese (TO), IT","Ronchi dei Legionari/Trieste, IT",1,458.9
"Ronchi dei Legionari/Trieste, IT","Seville, ES",4,1854.42
"Ronchi dei Legionari/Trieste, IT","Valletta, MT",4,1113.18
"Bologna, IT","Ronchi dei Legionari/Trieste, IT",1,223.44
"Orio al Serio (BG), IT","Ronneby, SE",1,1239.94
"Gdańsk, PL","Rotterdam, NL",1,971.26
"Rotterdam, NL","Segrate (MI), IT",2,806.05
"Rotterdam, NL","Trento (TN), IT",1,819.89
"Groningen, NL","Rotterdam, NL",2,194.04
"Nice, Alpes-Maritimes, FR","Rotterdam, NL",1,945.61
"Grâce-Hollogne, BE","Rotterdam, NL",1,162.44
"Saint-Denis-de-l'Hôtel, Loiret, FR","Saint-Tropez, FR",1,620.46
"Chassieu, Lyon, FR","Saint-Denis-de-l'Hôtel, Loiret, FR",1,320.82
"Barcelona, ES","Saint-Jacques-de-la-Lande, Ille-et-Vilaine, FR",5,810.89
"Prague, CZ","Saint-Jacques-de-la-Lande, Ille-et-Vilaine, FR",1,1184.1
"Düsseldorf, DE","Saint-Tropez, FR",1,899.17
"Nice, Alpes-Maritimes, FR","Salzburg, AT",4,642.52
"Greven, DE","Salzburg, AT",3,614.08
"Katowice, PL","Salzburg, AT",1,533.04
"Salzburg, AT","Stockholm, SE",14,1340.9299999999998
"Salzburg, AT","Valletta, MT",5,1334.12
"Bucharest, RO","Salzburg, AT",2,1070.13
"Salzburg, AT","Stuttgart, DE",1,297.27
"Salzburg, AT","Vienna, AT",5,267.83
"Braunschweig, DE","Salzburg, AT",1,532.66
"Salzburg, AT","Sečovlje, SI",1,262.3
"Schkeuditz, DE","Vilnius, LT",5,941.46
"Alava, ES","Schkeuditz, DE",4,1471.74
"Schkeuditz, DE","Zaventem, BE",28,543.14
"Mošnov, CZ","Schkeuditz, DE",4,457.21
"Montichiari (BS), IT","Schkeuditz, DE",4,680.81
"Napoli, IT","Segrate (MI), IT",7,649.62
"Bratislava, SK","Segrate (MI), IT",6,675.28
"Larnaca, CY","Segrate (MI), IT",2,2365.89
"Segrate (MI), IT","Strasbourg, FR",1,365.95
"Segrate (MI), IT","Shannon, IE",3,1545.59
"Grenoble, FR","Segrate (MI), IT",5,308.28
"Bologna, IT","Segrate (MI), IT",5,187.78
"Seville, ES","Valletta, MT",8,1823.77
"Seville, ES","Vienna, AT",4,2172.86
"Rheinmünster, DE","Seville, ES",3,1692.6
"Feldkirchen bei Graz, AT","Sečovlje, SI",3,219.55000000000004
"Pescara, IT","Sečovlje, SI",1,341.17
"Köln (Cologne), DE","Shannon, IE",1,1121.48
"Jyväskylän Maalaiskunta, FI","Skellefteå, SE",1,336.45
"Skiros Island, GR","Thessaloniki, GR",3,215.85
"Luxembourg, LU","Spata-Artemida, GR",2,1918.88
"Riga, LV","Spata-Artemida, GR",3,2114.88
"Helsinki (Vantaa), FI","Spata-Artemida, GR",2,2489.79
"Stockholm, SE","Örebro, SE",6,167.04
"Aalborg, DK","Stockholm, SE",2,542.46
"Stockholm, SE","Thessaloniki, GR",4,2139.69
"Stockholm, SE","Valletta, MT",6,2642.14
"Nice, Alpes-Maritimes, FR","Stockholm, SE",2,1905.48
"Kuopio / Siilinjärvi, FI","Stockholm, SE",1,654.7
"Rotterdam, NL","Stuttgart, DE",2,497.14
"Brno, CZ","Stuttgart, DE",1,548.13
"Stuttgart, DE","Zaventem, BE",2,419.51
"Dortmund, DE","Szymany, PL",2,926.56
"Hamburg, DE","Sønderborg, DK",1,153.82
"Segrate (MI), IT","Tallinn, EE",1,1867.34
"Tallinn, EE","Zaventem, BE",5,1591.53
"Ferno (VA), IT","Thessaloniki, GR",3,1286.36
"Linz, AT","Thessaloniki, GR",3,1103.58
"Barcelona, ES","Thessaloniki, GR",3,1753.55
"Chassieu, Lyon, FR","Toulouse/Blagnac, FR",2,366.81
"Cork, IE","Toulouse/Blagnac, FR",1,1171.31
"Palma de Mallorca, ES","Toulouse/Blagnac, FR",1,467.56
"Chambéry, FR","Toussus-le-Noble, Yvelines, FR",2,448.43
"Tarbes/Lourdes/Pyrénées, FR","Toussus-le-Noble, Yvelines, FR",1,640.79
"Groningen, NL","Toussus-le-Noble, Yvelines, FR",1,577.67
"Trabzon, TR","Tymbou (Kirklar), CY",7,850.61
"Selçuk, TR","Trabzon, TR",2,1120.67
"Innsbruck, AT","Treviso (TV), IT",2,190.69
"Santiago de Compostela, ES","Treviso (TV), IT",1,1664.34
"Berlin, DE","Treviso (TV), IT",4,752.5300000000001
"Stockholm, SE","Turku, FI",11,265.53
"Selçuk, TR","Tymbou (Kirklar), CY",8,633.31
"Innsbruck, AT","Uherské Hradiště, CZ",1,493.02
"Valencia, ES","Warsaw, PL",5,2165.79
"Valencia, ES","Valletta, MT",1,1376.78
"Melilla, ES","Valencia, ES",1,516.57
"Nice, Alpes-Maritimes, FR","Valencia, ES",1,789.92
"Paris, FR","Valladolid, ES",1,1008.82
"Montichiari (BS), IT","Valletta, MT",2,1121.51
"Napoli, IT","Valletta, MT",3,560.7
"Nice, Alpes-Maritimes, FR","Valletta, MT",1,1067.46
"Beauvais, FR","Valletta, MT",4,1815.41
"Lamezia Terme (CZ), IT","Valletta, MT",2,373.92
"Schkeuditz, DE","Valletta, MT",1,1741.13
"Berlin, DE","Velika Gorica, HR",4,759.2400000000001
"Antwerp, BE","Velika Gorica, HR",1,1046.44
"Velika Gorica, HR","Zaventem, BE",6,1029.02
"Málaga, ES","Velika Gorica, HR",7,1985.64
"Düsseldorf, DE","Velika Gorica, HR",1,920.58
"Velika Gorica, HR","Warsaw, PL",10,802.39
"Charleroi, BE","Velika Gorica, HR",6,1007.52
"Dublin, IE","Velika Gorica, HR",5,1811.86
"Balice, PL","Venezia (VE), IT",1,752.21
"Ferno (VA), IT","Venezia (VE), IT",4,282.41
"Nuremberg, DE","Venezia (VE), IT",3,454.22
"Larnaca, CY","Venezia (VE), IT",4,2148.76
"Venezia (VE), IT","Zgornji Brnik, SI",5,181.56
"Napoli, IT","Venezia (VE), IT",4,537.11
"Tallinn, EE","Venezia (VE), IT",3,1756.0
"Stuttgart, DE","Venezia (VE), IT",1,425.98
"Hamburg, DE","Venezia (VE), IT",2,915.13
"Vienna, AT","Weßling, DE",1,392.55
"Nuremberg, DE","Vienna, AT",2,430.67
"Tallinn, EE","Vienna, AT",2,1366.74
"Palma de Mallorca, ES","Vigo, ES",1,999.85
"Thessaloniki, GR","Vigo, ES",1,2628.19
"Győr, HU","Vilnius, LT",1,936.59
"Bordeaux, FR","Vilnius, LT",1,2145.24
"Kaunas, LT","Warsaw, PL",5,369.31
"Turku, FI","Warsaw, PL",1,926.1
"Hamburg, DE","Weeze, DE",2,336.7
"Beauvais, FR","Weeze, DE",2,371.5
"Paris, FR","Wevelgem, BE",2,181.97
"Annecy, FR","Wevelgem, BE",2,584.0
"Lisbon, PT","Weßling, DE",1,1937.1
"Antwerp, BE","Weßling, DE",2,600.23
"Hannover, DE","Weßling, DE",2,500.03
"Valletta, MT","Weßling, DE",1,1385.81
"Dortmund, DE","Weßling, DE",4,464.05
"Linz, AT","Weßling, DE",1,221.76
"Gaziemir, TR","Weßling, DE",1,1679.71
"Lisbon, PT","Wrocław, PL",2,2443.36
"Valencia, ES","Zaragoza, ES",2,246.66
"Prague, CZ","Zaragoza, ES",1,1505.83
"Köln (Cologne), DE","Zaventem, BE",5,186.52000000000004
"Zaragoza, ES","Zaventem, BE",1,1110.46
"Chambéry, FR","Zaventem, BE",1,594.27
"Antalya, TR","Zaventem, BE",4,2597.76
"Nice, Alpes-Maritimes, FR","Zaventem, BE",4,831.17
"Palma de Mallorca, ES","Zaventem, BE",1,1269.31
"Prague, CZ","Zgornji Brnik, SI",1,431.37
"Treviso (TV), IT","Zgornji Brnik, SI",1,186.33
"Spata-Artemida, GR","Zgornji Brnik, SI",1,1207.42
"Innsbruck, AT","Zgornji Brnik, SI",1,263.74
"Nuremberg, DE","Zgornji Brnik, SI",1,442.82
"Zaventem, BE","Örebro, SE",2,1140.82
"Zaragoza, ES","Šiauliai, LT",1,2366.49
"Aalborg, DK","Göteborg, SE",1,150.25
"Aarhus, DK","Prague, CZ",1,730.83
"Aarhus, DK","Köln (Cologne), DE",1,646.47
"Aarhus, DK","Funchal, PT",2,3361.89
"Ajaccio, FR","Palma de Mallorca, ES",2,574.78
"Ajaccio, FR","Grenoble, FR",3,473.58
"Ajaccio, FR","Toulouse/Blagnac, FR",4,635.83
"Alava, ES","Lisbon, PT",1,706.0
"Alava, ES","Zaventem, BE",2,1045.32
"Alava, ES","Porto, PT",1,524.11
"Alghero, IT","Luxembourg, LU",1,1013.27
"Alghero, IT","Genova (GE), IT",1,422.72
"Alghero, IT","Pisa (PI), IT",4,380.98
"Alghero, IT","Napoli, IT",1,506.05
"Alicante, ES","Faro, PT",2,667.44
"Alicante, ES","Colombier-Saugnieu, Rhône, FR",4,949.63
"Alava, ES","Alicante, ES",1,543.24
"Alicante, ES","Memmingen, DE",6,1387.2699999999998
"Alicante, ES","Bydgoszcz, PL",3,2174.67
"Alicante, ES","Vigo, ES",2,812.88
"Alicante, ES","Linz, AT",4,1629.43
"Alicante, ES","Frankfurt am Main, DE",4,1492.24
"Alicante, ES","Almería, ES",1,226.01
"Alicante, ES","Lisbon, PT",4,747.91
"Almería, ES","Antwerp, BE",1,1684.45
"Amsterdam, NL","Melilla, ES",1,1989.58
"Amsterdam, NL","Cascais, PT",2,1861.47
"Amsterdam, NL","Trabzon, TR",1,2917.13
"Amsterdam, NL","Linz, AT",1,809.64
"Amsterdam, NL","Memmingen, DE",1,618.47
"Amsterdam, NL","Sta Cruz de la Palma, La Palma Island, ES",2,3221.41
"Amsterdam, NL","Cannes, FR",1,987.6
"Angers, FR","Palma de Mallorca, ES",1,923.63
"Annecy, FR","Charleroi, BE",4,518.45
"Antalya, TR","Dublin, IE",3,3381.61
"Antalya, TR","Balice, PL",4,1709.73
"Antwerp, BE","Segrate (MI), IT",2,730.96
"Antwerp, BE","Nice, Alpes-Maritimes, FR",2,862.61
"Antwerp, BE","Ängelholm, SE",2,790.3
"Antwerp, BE","Braunschweig, DE",1,437.61
"Antwerp, BE","Göteborg, SE",3,875.78
"Antwerp, BE","Köln (Cologne), DE",1,190.83
"Antwerp, BE","Cannes, FR",2,870.16
"Arvidsjaur, SE","Vienna, AT",1,1950.23
"Atting, DE","Laage, DE",2,558.15
"Augsburg, DE","Nice, Alpes-Maritimes, FR",1,602.49
"Augsburg, DE","Braunschweig, DE",1,433.8
"Augsburg, DE","Segrate (MI), IT",1,354.38
"Balice, PL","Tallinn, EE",6,1086.68
"Balice, PL","Linz, AT",2,449.03
"Balice, PL","Prague, CZ",5,394.07
"Balice, PL","Genova (GE), IT",4,1037.19
"Barcelona, ES","Nice, Alpes-Maritimes, FR",13,496.29999999999995
"Barcelona, ES","Lesquin, FR",4,1033.73
"Barcelona, ES","Faro, PT",1,987.73
"Barcelona, ES","Reggio Calabria, IT",4,1214.11
"Barcelona, ES","Brest, FR",4,944.91
"Barcelona, ES","Catania, IT",1,1193.27
"Bastia, FR","Nice, Alpes-Maritimes, FR",6,221.38
"Beauvais, FR","Prague, CZ",5,874.2000000000002
"Beauvais, FR","Larnaca, CY",1,3028.16
"Beauvais, FR","Cork, IE",4,792.48
"Berlin, DE","Nuremberg, DE",2,360.8
"Berlin, DE","Catania, IT",1,1660.71
"Berlin, DE","Vilnius, LT",3,818.19
"Berlin, DE","Colombier-Saugnieu, Rhône, FR",4,958.07
"Berlin, DE","Trento (TN), IT",3,725.56
"Berlin, DE","Nantes, FR",2,1227.13
"Balice, PL","Berlin, DE",1,505.66
"Berlin, DE","Bratislava, SK",1,535.35
"Berlin, DE","Sønderborg, DK",1,378.74
"Berlin, DE","Göteborg, SE",2,602.54
"Billund, DK","Gdańsk, PL",2,611.39
"Billund, DK","Rhodes, GR",2,2580.34
"Billund, DK","Ängelholm, SE",1,237.49
"Billund, DK","Lisbon, PT",1,2321.62
"Antalya, TR","Bodrum, TR",1,280.04
"Bologna, IT","Katowice, PL",3,881.6
"Bologna, IT","Palma de Mallorca, ES",4,896.7
"Ajaccio, FR","Bologna, IT",1,353.38
"Bolzano (BZ), IT","Hamburg, DE",3,798.48
"Bolzano (BZ), IT","Palermo, IT",2,937.1
"Bolzano (BZ), IT","Paris, FR",4,746.58
"Bolzano (BZ), IT","Chambéry, FR",1,429.99
"Bolzano (BZ), IT","Warsaw, PL",1,944.54
"Bordeaux, FR","Nice, Alpes-Maritimes, FR",11,644.7600000000001
"Bordeaux, FR","Charleroi, BE",4,736.24
"Bordeaux, FR","Tarbes/Lourdes/Pyrénées, FR",1,192.03
"Bordeaux, FR","Budapest, HU",4,1551.58
"Bordeaux, FR","Bucharest, RO",3,2110.85
"Bordeaux, FR","Cannes, FR",1,627.69
"Bordeaux, FR","Düsseldorf, DE",1,907.49
"Bordeaux, FR","Luxembourg, LU",2,746.59
"Bratislava, SK","Mannheim, DE",1,652.7
"Bratislava, SK","Innsbruck, AT",1,450.45
"Bratislava, SK","Düsseldorf, DE",1,826.07
"Bratislava, SK","Frankfurt am Main (Lautzenhausen), DE",1,750.85
"Braunschweig, DE","Vienna, AT",1,633.71
"Braunschweig, DE","Kiel, DE",1,230.72
"Berlin, DE","Bremen, DE",2,326.49
"Bremen, DE","Stuttgart, DE",3,485.41
"Bremen, DE","Faro, PT",1,2204.64
"Bremen, DE","Dortmund, DE",1,187.87
"Brest, FR","Strasbourg, FR",4,886.86
"Brest, FR","Zgornji Brnik, SI",1,1439.95
"Brest, FR","Nice, Alpes-Maritimes, FR",2,1042.24
"Brno, CZ","Weßling, DE",1,415.06
"Bucharest, RO","Colombier-Saugnieu, Rhône, FR",5,1648.9000000000003
"Bucharest, RO","Valencia, ES",4,2255.87
"Bucharest, RO","Caselle (VR), IT",4,1199.06
"Bucharest, RO","Nice, Alpes-Maritimes, FR",3,1508.03
"Bucharest, RO","Frankfurt am Main (Lautzenhausen), DE",4,1538.89
"Bucharest, RO","Stockholm, SE",4,1752.18
"Bucharest, RO","Šiauliai, LT",1,1277.14
"Bucharest, RO","Hamburg, DE",5,1543.92
"Bucharest, RO","Chambéry, FR",2,1588.09
"Bucharest, RO","Lamezia Terme (CZ), IT",4,1028.97
"Bucharest, RO","Köln (Cologne), DE",4,1577.6
"Bucharest, RO","Napoli, IT",3,1045.77
"Bucharest, RO","Nuremberg, DE",4,1262.59
"Budapest, HU","Segrate (MI), IT",1,786.76
"Budapest, HU","Riga, LV",4,1103.49
"Budapest, HU","Grâce-Hollogne, BE",1,1054.16
"Budapest, HU","Pécs, HU",2,179.89
"Balice, PL","Budapest, HU",1,291.74
"Budapest, HU","Katowice, PL",5,331.95
"Budapest, HU","Hannover, DE",1,870.92
"Burbach, DE","Rotterdam, NL",1,288.83
"Budapest, HU","Büren, DE",1,884.2
"Büren, DE","Madrid, ES",1,1559.82
"Büren, DE","Schkeuditz, DE",2,251.04
"Büren, DE","Palma de Mallorca, ES",2,1415.83
"Büren, DE","Stuttgart, DE",1,327.82
"Büren, DE","Memmingen, DE",1,419.44
"Caen, FR","Toussus-le-Noble, Yvelines, FR",1,192.83
"Calais, FR","Saint-Jacques-de-la-Lande, Ille-et-Vilaine, FR",1,417.5
"Cannes, FR","Palma de Mallorca, ES",1,566.02
"Bastia, FR","Cannes, FR",1,233.36
"Cannes, FR","Colmar, FR",1,508.22
"Cascais, PT","Rome, IT",2,1874.06
"Cascais, PT","Hamburg, DE",1,2206.48
"Caselle (VR), IT","Seville, ES",4,1651.86
"Caselle (VR), IT","Stockholm, SE",3,1637.48
"Caselle (VR), IT","Hannover, DE",1,790.58
"Caselle (VR), IT","Pescara, IT",1,422.19
"Caselle (VR), IT","Hamburg, DE",1,913.15
"Augsburg, DE","Caselle (VR), IT",1,336.97
"Caselle Torinese (TO), IT","Forlì (FC), IT",1,366.81
"Caselle Torinese (TO), IT","Stockholm, SE",11,1732.1899999999998
"Catania, IT","Spata-Artemida, GR",1,782.52
"Catania, IT","Frankfurt am Main, DE",1,1489.81
"Chalons en Champagne, FR","Istanbul, TR",2,2117.48
"Chambéry, FR","Zaragoza, ES",1,710.31
"Chambéry, FR","Istanbul, TR",3,1926.97
"Chambéry, FR","Wevelgem, BE",2,608.99
"Chambéry, FR","Dublin, IE",2,1229.04
"Chambéry, FR","Frankfurt am Main, DE",1,527.26
"Chambéry, FR","Munich, DE",3,539.95
"Chambéry, FR","Helsinki (Vantaa), FI",1,2057.01
"Charleroi, BE","Nantes, FR",6,576.72
"Charleroi, BE","Nowy Dwór Mazowiecki, PL",4,1140.94
"Charleroi, BE","Zaragoza, ES",4,1065.43
"Charleroi, BE","Perpignan/Rivesaltes, FR",4,867.08
"Alava, ES","Charleroi, BE",2,1004.28
"Charleroi, BE","Grenoble, FR",3,570.67
"Catania, IT","Charleroi, BE",1,1672.1
"Charleroi, BE","Ronchi dei Legionari/Trieste, IT",4,843.24
"Charlestown, IE","Málaga, ES",4,1945.13
"Chassieu, Lyon, FR","Stuttgart, DE",1,461.27
"Clermont-Ferrand, FR","Nîmes/Garons, FR",1,246.18
"Clermont-Ferrand, FR","Porto, PT",5,1079.11
"Colombier-Saugnieu, Rhône, FR","Valletta, MT",5,1351.97
"Colombier-Saugnieu, Rhône, FR","Firenze (FI), IT",2,527.38
"Copenhagen, DK","Linz, AT",1,824.62
"Copenhagen, DK","Köln (Cologne), DE",1,642.84
"Cork, IE","Poznań, PL",4,1720.25
"Cork, IE","Prague, CZ",4,1598.12
"Culleredo, ES","Seville, ES",2,687.21
"Dortmund, DE","Groningen, NL",1,191.38
"Dortmund, DE","Paris, FR",2,452.77
"Dortmund, DE","Schkeuditz, DE",1,320.18
"Dresden, DE","Linz, AT",1,320.7
"Dresden, DE","Feldkirchen bei Graz, AT",2,476.48
"Dresden, DE","Laage, DE",2,325.54
"Dresden, DE","Rotterdam, NL",1,651.21
"Dresden, DE","Rheinmünster, DE",1,483.63
"Dresden, DE","Nuremberg, DE",1,263.68
"Dresden, DE","Rome, IT",2,1042.77
"Dublin, IE","Toulouse/Blagnac, FR",4,1224.23
"Dublin, IE","Košice, SK",3,1980.55
"Dublin, IE","Ronchi dei Legionari/Trieste, IT",4,1645.56
"Dublin, IE","Linz, AT",1,1544.09
"Dublin, IE","Jasionka, PL",3,1967.45
"Dublin, IE","Nice, Alpes-Maritimes, FR",3,1466.5
"Düsseldorf, DE","Weßling, DE",1,482.33
"Düsseldorf, DE","Porto, PT",2,1623.82
"Düsseldorf, DE","Gaziemir, TR",4,2149.43
"Düsseldorf, DE","Linz, AT",1,633.93
"Caselle (VR), IT","Düsseldorf, DE",1,722.45
"Düsseldorf, DE","Innsbruck, AT",3,557.44
"Egelsbach, DE","Palma de Mallorca, ES",3,1246.73
"Cannes, FR","Egelsbach, DE",1,724.43
"Egelsbach, DE","Pisa (PI), IT",1,710.4
"Egelsbach, DE","Zaventem, BE",1,312.56
"Eindhoven, NL","Vienna, AT",6,884.25
"Eskişehir, TR","Munich, DE",1,1765.12
"Bratislava, SK","Falconara Marittima (AN), IT",1,587.36
"Catania, IT","Falconara Marittima (AN), IT",1,698.74
"Faro, PT","Memmingen, DE",4,1919.45
"Faro, PT","Frankfurt am Main, DE",6,1958.32
"Faro, PT","Segrate (MI), IT",1,1714.53
"Faro, PT","Frankfurt am Main (Lautzenhausen), DE",4,1884.08
"Faro, PT","Shannon, IE",1,1745.79
"Faro, PT","Madrid, ES",1,531.78
"Feldkirchen bei Graz, AT","Innsbruck, AT",1,311.26
"Feldkirchen bei Graz, AT","Toussus-le-Noble, Yvelines, FR",1,1012.22
"Feldkirchen bei Graz, AT","Hamburg, DE",4,830.96
"Feldkirchen bei Graz, AT","Stuttgart, DE",1,500.83
"Ferno (VA), IT","Nuremberg, DE",2,464.79
"Catania, IT","Ferno (VA), IT",5,1049.07
"Ferno (VA), IT","Friedrichshafen, DE",1,234.66
"Firenze (FI), IT","Palermo, IT",2,651.58
"Bordeaux, FR","Firenze (FI), IT",2,954.05
"Firenze (FI), IT","Nantes, FR",2,1064.44
"Firenze (FI), IT","Marignane, Bouches-du-Rhône, FR",1,483.83
"Forlì (FC), IT","Rome, IT",3,267.65
"Aarhus, DK","Frankfurt am Main, DE",1,711.22
"Frankfurt am Main, DE","Kaunas, LT",2,1182.36
"Frankfurt am Main, DE","Genova (GE), IT",3,624.69
"Frankfurt am Main, DE","Saint-Jacques-de-la-Lande, Ille-et-Vilaine, FR",1,780.37
"Frankfurt am Main, DE","Laage, DE",1,502.01
"Frankfurt am Main, DE","Groningen, NL",2,370.07
"Billund, DK","Frankfurt am Main (Lautzenhausen), DE",1,656.65
"Frankfurt am Main (Lautzenhausen), DE","Thessaloniki, GR",4,1610.35
"Frankfurt am Main (Lautzenhausen), DE","Timişoara, RO",2,1143.83
"Friedrichshafen, DE","Wevelgem, BE",1,575.66
"Antwerp, BE","Friedrichshafen, DE",6,534.94
"Frankfurt am Main, DE","Friedrichshafen, DE",1,271.03
"Friedrichshafen, DE","Hannover, DE",2,532.75
"Funchal, PT","Hamburg, DE",4,3138.7
"Funchal, PT","Köln (Cologne), DE",4,2806.42
"Funchal, PT","Marignane, Bouches-du-Rhône, FR",2,2254.5
"Barcelona, ES","Gaziemir, TR",1,2160.75
"Gaziemir, TR","Stuttgart, DE",4,1844.0600000000002
"Gaziemir, TR","Rome, IT",1,1311.47
"Antalya, TR","Gaziemir, TR",4,356.42
"Ferno (VA), IT","Gdańsk, PL",1,1193.62
"Gdańsk, PL","Poprad, SK",2,602.55
"Gdańsk, PL","Vienna, AT",1,709.22
"Gdańsk, PL","Prague, CZ",2,554.91
"Beauvais, FR","Gdańsk, PL",1,1244.14
"Gdańsk, PL","Łódź, PL",1,301.79
"Genova (GE), IT","Ibiza (Eivissa), ES",1,873.6
"Genova (GE), IT","Poznań, PL",1,1066.41
"Genova (GE), IT","Nice, Alpes-Maritimes, FR",1,154.57
"Girona, ES","Nîmes/Garons, FR",1,246.26
"Girona, ES","Weeze, DE",2,1108.22
"Girona, ES","Mošnov, CZ",3,1467.31
"Amsterdam, NL","Girona, ES",1,1166.63
"Grenoble, FR","Ibiza (Eivissa), ES",1,791.74
"Cascais, PT","Grenoble, FR",1,1416.31
"Greven, DE","Ibiza (Eivissa), ES",1,1553.04
"Greven, DE","Vienna, AT",2,774.42
"Greven, DE","Laage, DE",1,365.39
"Greven, DE","Weßling, DE",1,518.27
"Greven, DE","Kiel, DE",2,298.4
"Greven, DE","Perpignan/Rivesaltes, FR",1,1104.94
"Greven, DE","Mannheim, DE",1,301.49
"Groningen, NL","Maastricht, NL",1,251.67
"Grâce-Hollogne, BE","Shannon, IE",2,1015.24
"Chambéry, FR","Grâce-Hollogne, BE",3,556.97
"Grâce-Hollogne, BE","Wrocław, PL",1,803.49
"Győr, HU","Munich, DE",1,454.96
"Caselle (VR), IT","Göteborg, SE",1,1372.75
"Göteborg, SE","Hamburg, DE",2,479.44
"Göteborg, SE","Weeze, DE",1,779.3
"Göteborg, SE","Turku, FI",1,658.36
"Halmstad, SE","Jasionka, PL",1,951.17
"Hamburg, DE","Vilnius, LT",4,1006.94
"Hamburg, DE","Prague, CZ",1,488.82
"Hamburg, DE","Linz, AT",1,664.69
"Hannover, DE","Saint-Jacques-de-la-Lande, Ille-et-Vilaine, FR",2,945.69
"Hannover, DE","Laage, DE",1,236.83
"Balice, PL","Hannover, DE",1,750.17
"Hannover, DE","Mannheim, DE",1,342.21
"Hannover, DE","Lesquin, FR",2,501.62
"Feldkirchen bei Graz, AT","Hannover, DE",1,735.05
"Hannover, DE","Warsaw, PL",1,764.15
"Hannover, DE","Linz, AT",1,567.87
"Helsinki (Vantaa), FI","Segrate (MI), IT",2,1949.31
"Helsinki (Vantaa), FI","Nice, Alpes-Maritimes, FR",3,2199.91
"Arvidsjaur, SE","Helsinki (Vantaa), FI",1,652.21
"Hof, DE","Salzburg, AT",1,289.86
"Dresden, DE","Hof, DE",1,164.37
"Ibiza (Eivissa), ES","Segrate (MI), IT",2,978.04
"Hamburg, DE","Ibiza (Eivissa), ES",3,1759.62
"Ibiza (Eivissa), ES","Nice, Alpes-Maritimes, FR",1,721.86
"Girona, ES","Ibiza (Eivissa), ES",1,357.03
"Ibiza (Eivissa), ES","Salzburg, AT",1,1364.13
"Innsbruck, AT","Prague, CZ",4,381.51
"Istanbul, TR","Rhodes, GR",4,521.75
"Istanbul, TR","Recea, RO",1,704.13
"Colombier-Saugnieu, Rhône, FR","Jasionka, PL",1,1349.12
"Jasionka, PL","Rome, IT",3,1183.01
"Jasionka, PL","Stockholm, SE",1,1076.17
"Frankfurt am Main (Lautzenhausen), DE","Jasionka, PL",1,1052.96
"Grâce-Hollogne, BE","Jasionka, PL",1,1174.83
"Jasionka, PL","Nice, Alpes-Maritimes, FR",1,1330.97
"Jerez de la Frontera, ES","Zaragoza, ES",3,697.2
"Katowice, PL","Paphos, CY",2,2060.27
"Katowice, PL","Málaga, ES",5,2423.61
"Catania, IT","Katowice, PL",1,1481.22
"Grenoble, FR","Katowice, PL",1,1169.33
"Katowice, PL","Nice, Alpes-Maritimes, FR",1,1173.21
"Kaunas, LT","Prague, CZ",2,855.48
"Kaunas, LT","Shannon, IE",4,2160.24
"Kaunas, LT","Munich, DE",1,1119.7
"Hannover, DE","Kiel, DE",1,215.49
"Kos Island, GR","Thessaloniki, GR",6,547.21
"Frankfurt am Main, DE","Košice, SK",1,930.04
"Köln (Cologne), DE","Segrate (MI), IT",2,623.13
"La Baule-Escoublac, FR","Toussus-le-Noble, Yvelines, FR",1,368.85
"Laage, DE","Weßling, DE",1,652.73
"Lamezia Terme (CZ), IT","Ronchi dei Legionari/Trieste, IT",6,802.5
"Larnaca, CY","Prague, CZ",7,2307.44
"Larnaca, CY","Velika Gorica, HR",1,1909.99
"Larnaca, CY","Nice, Alpes-Maritimes, FR",2,2460.72
"Larnaca, CY","Rotterdam, NL",1,2992.63
"Jasionka, PL","Larnaca, CY",2,1937.57
"Larnaca, CY","Rhodes, GR",2,528.55
"Lelystad, NL","Wilhelmshaven, DE",1,206.07
"Lelystad, NL","Salzburg, AT",1,743.31
"Lelystad, NL","Prague, CZ",2,661.61
"Annecy, FR","Lesquin, FR",2,561.26
"Lesquin, FR","Perpignan/Rivesaltes, FR",4,870.41
"Lesquin, FR","Toussus-le-Noble, Yvelines, FR",2,214.14
"Lesquin, FR","Saint-Jacques-de-la-Lande, Ille-et-Vilaine, FR",2,447.09
"Katowice, PL","Linz, AT",1,426.57
"Ferno (VA), IT","Linz, AT",1,512.01
"Linz, AT","Segrate (MI), IT",1,491.89
"Linz, AT","Orio al Serio (BG), IT",2,450.17
"Linz, AT","Madrid, ES",2,1665.37
"Brno, CZ","Linz, AT",1,203.76
"Firenze (FI), IT","Lisbon, PT",1,1783.32
"Grâce-Hollogne, BE","Luleå, SE",1,1911.93
"Amsterdam, NL","Luleå, SE",1,1764.05
"Luxembourg, LU","Zgornji Brnik, SI",4,720.96
"Luxembourg, LU","Toulouse/Blagnac, FR",3,762.4
"Luxembourg, LU","Stockholm, SE",4,1328.8
"Ibiza (Eivissa), ES","Lübeck, DE",1,1805.16
"Lübeck, DE","Salzburg, AT",2,687.44
"Lübeck, DE","Schkeuditz, DE",1,284.16
"Lelystad, NL","Lübeck, DE",1,378.28
"Braunschweig, DE","Lübeck, DE",1,165.62
"Maastricht, NL","Stockholm, SE",1,1224.22
"Arvidsjaur, SE","Maastricht, NL",1,1804.71
"Frankfurt am Main, DE","Maastricht, NL",1,220.51
"Capannori (LU), IT","Madrid, ES",1,1232.9
"Madrid, ES","Wevelgem, BE",1,1271.78
"Göteborg, SE","Madrid, ES",1,2226.37
"Madrid, ES","Nîmes/Garons, FR",1,762.95
"Madrid, ES","Nowy Dwór Mazowiecki, PL",4,2275.75
"Madrid, ES","Pau/Pyrénées (Uzein), FR",1,424.47
"Culleredo, ES","Mahón (Maó), ES",1,1113.91
"Malmö, SE","Weeze, DE",2,647.19
"Luleå, SE","Malmö, SE",2,1208.65
"Manching, DE","Vienna, AT",1,377.64
"Mannheim, DE","Munich, DE",1,269.52
"Mannheim, DE","Palma de Mallorca, ES",3,1193.58
"Groningen, NL","Mannheim, DE",1,427.15
"Marignane, Bouches-du-Rhône, FR","Wevelgem, BE",1,834.49
"Gdańsk, PL","Marignane, Bouches-du-Rhône, FR",1,1549.67
"Büren, DE","Marignane, Bouches-du-Rhône, FR",1,943.95
"Marignane, Bouches-du-Rhône, FR","Wrocław, PL",4,1222.74
"Egelsbach, DE","Memmingen, DE",1,248.25
"Memmingen, DE","Valletta, MT",4,1394.68
"Memmingen, DE","Thessaloniki, GR",3,1307.77
"Memmingen, DE","Nuremberg, DE",1,178.9
"Montpellier/Méditerranée, FR","Rome, IT",2,718.75
"Friedrichshafen, DE","Montpellier/Méditerranée, FR",2,627.0
"Montpellier/Méditerranée, FR","Seville, ES",2,1077.31
"Montpellier/Méditerranée, FR","Toulouse/Blagnac, FR",1,209.36
"Bratislava, SK","Munich, DE",1,402.14
"Cannes, FR","Munich, DE",1,651.66
"Chassieu, Lyon, FR","Munich, DE",1,594.72
"Munich, DE","Palermo, IT",3,1140.78
"Málaga, ES","Vilnius, LT",4,3017.03
"Málaga, ES","Roskilde, DK",2,2448.33
"Málaga, ES","Wevelgem, BE",1,1688.0
"Málaga, ES","Vigo, ES",1,712.09
"Málaga, ES","Segrate (MI), IT",7,1507.9
"Málaga, ES","Nowe Kramsko, PL",1,2341.27
"Chambéry, FR","Málaga, ES",1,1320.02
"Grenoble, FR","Málaga, ES",1,1268.15
"Mönchengladbach, DE","Prague, CZ",2,560.56
"Mönchengladbach, DE","Salzburg, AT",1,604.82
"Mönchengladbach, DE","Nuremberg, DE",1,377.15
"Mönchengladbach, DE","Trento (TN), IT",1,670.91
"Nantes, FR","Nice, Alpes-Maritimes, FR",10,790.42
"Alava, ES","Nantes, FR",1,482.83
"Köln (Cologne), DE","Nice, Alpes-Maritimes, FR",1,801.46
"Nice, Alpes-Maritimes, FR","Palma de Mallorca, ES",2,588.95
"Nice, Alpes-Maritimes, FR","Vilnius, LT",2,1783.89
"Nice, Alpes-Maritimes, FR","Saint-Jacques-de-la-Lande, Ille-et-Vilaine, FR",4,848.19
"Innsbruck, AT","Nice, Alpes-Maritimes, FR",1,513.71
"Caselle (VR), IT","Nice, Alpes-Maritimes, FR",1,349.22
"Balice, PL","Nowe Kramsko, PL",1,360.4
"Nowy Dwór Mazowiecki, PL","Vienna, AT",1,562.92
"Helsinki (Vantaa), FI","Nowy Dwór Mazowiecki, PL",3,913.69
"Nowy Dwór Mazowiecki, PL","Salzburg, AT",1,751.25
"Nuremberg, DE","Segrate (MI), IT",3,470.6
"Nuremberg, DE","Stockholm, SE",1,1195.65
"Faro, PT","Nîmes/Garons, FR",1,1287.17
"Grenoble, FR","Oostende, BE",1,673.87
"Istanbul, TR","Oostende, BE",1,2287.54
"Annecy, FR","Orio al Serio (BG), IT",1,281.33
"Gaziemir, TR","Orio al Serio (BG), IT",2,1654.04
"Orio al Serio (BG), IT","Zaragoza, ES",4,971.42
"Malmö, SE","Orio al Serio (BG), IT",1,1126.78
"Palermo, IT","Reggio Calabria, IT",2,214.46
"Melilla, ES","Palma de Mallorca, ES",1,691.53
"Palma de Mallorca, ES","Salzburg, AT",3,1231.35
"Billund, DK","Palma de Mallorca, ES",1,1861.25
"Palma de Mallorca, ES","Weert, NL",1,1320.16
"Palma de Mallorca, ES","Shannon, IE",1,1711.6
"Palma de Mallorca, ES","Spata-Artemida, GR",1,1843.54
"Palma de Mallorca, ES","Prague, CZ",4,1480.16
"Palma de Mallorca, ES","Roskilde, DK",2,1913.03
"Chalons en Champagne, FR","Paris, FR",1,154.42
"Paris, FR","Szymany, PL",1,1372.63
"Gaziemir, TR","Paris, FR",2,2327.89
"Linz, AT","Paris, FR",1,886.65
"Memmingen, DE","Paris, FR",1,604.65
"Paris, FR","Shannon, IE",2,867.1
"Akrotiri, CY","Paris, FR",1,2991.26
"Chambéry, FR","Pau/Pyrénées (Uzein), FR",1,558.82
"Perpignan/Rivesaltes, FR","Toulouse/Blagnac, FR",2,157.13
"Düsseldorf, DE","Perpignan/Rivesaltes, FR",1,995.08
"Pescara, IT","Wrocław, PL",4,985.84
"Nice, Alpes-Maritimes, FR","Pisa (PI), IT",1,255.51
"Pisa (PI), IT","Toulouse/Blagnac, FR",1,726.03
"Pisa (PI), IT","Šiauliai, LT",1,1641.71
"Pisa (PI), IT","Wrocław, PL",4,957.95
"Pisa (PI), IT","Trento (TN), IT",1,266.46
"Pisa (PI), IT","Segrate (MI), IT",3,214.86
"Friedrichshafen, DE","Pisa (PI), IT",1,448.62
"Pisa (PI), IT","Weßling, DE",2,493.8
"Pisa (PI), IT","Salzburg, AT",1,499.8
"Faro, PT","Ponta Delgada, PT",1,1566.09
"Berlin, DE","Poprad, SK",1,598.76
"Portimão, PT","Rotterdam, NL",1,1936.52
"Capannori (LU), IT","Porto, PT",1,1599.97
"Porto, PT","Tallinn, EE",1,3064.1
"Chalons en Champagne, FR","Porto, PT",1,1310.91
"Nuremberg, DE","Prague, CZ",2,237.96
"Nice, Alpes-Maritimes, FR","Prague, CZ",3,893.4699999999999
"Prague, CZ","Ronchi dei Legionari/Trieste, IT",1,478.78
"Prague, CZ","Weßling, DE",1,312.06
"Augsburg, DE","Prague, CZ",1,304.98
"Paris, FR","Ranón, ES",2,899.1
"Caselle Torinese (TO), IT","Ranón, ES",1,1101.23
"Jerez de la Frontera, ES","Ranón, ES",1,758.24
"Rheinmünster, DE","Warsaw, PL",1,984.72
"Rheinmünster, DE","Thessaloniki, GR",4,1489.18
"Rheinmünster, DE","Rotterdam, NL",1,437.61
"Riga, LV","Segrate (MI), IT",1,1634.1
"Maastricht, NL","Rome, IT",1,1133.26
"Capua, IT","Rome, IT",1,164.88
"Rome, IT","Strasbourg, FR",4,837.7
"Antalya, TR","Rome, IT",1,1667.58
"Nice, Alpes-Maritimes, FR","Ronchi dei Legionari/Trieste, IT",1,549.63
"Catania, IT","Ronchi dei Legionari/Trieste, IT",1,939.0
"Roskilde, DK","Salzburg, AT",2,868.53
"Luxembourg, LU","Roskilde, DK",1,773.18
"Amsterdam, NL","Roskilde, DK",1,603.83
"Lisbon, PT","Rotterdam, NL",3,1802.15
"Chambéry, FR","Rotterdam, NL",1,710.48
"Helsinki (Vantaa), FI","Rotterdam, NL",1,1564.58
"Cannes, FR","Rotterdam, NL",1,953.63
"Saint-Jacques-de-la-Lande, Ille-et-Vilaine, FR","Stuttgart, DE",1,811.44
"Budapest, HU","Saint-Jacques-de-la-Lande, Ille-et-Vilaine, FR",1,1554.79
"Munich, DE","Saint-Jacques-de-la-Lande, Ille-et-Vilaine, FR",1,1001.07
"Saint-Jacques-de-la-Lande, Ille-et-Vilaine, FR","Salzburg, AT",1,1096.86
"Santiago de Compostela, ES","Zaventem, BE",1,1320.53
"Schkeuditz, DE","Örebro, SE",2,885.42
"Kiel, DE","Schkeuditz, DE",1,357.53
"Düsseldorf, DE","Schkeuditz, DE",1,379.75
"Friedrichshafen, DE","Schkeuditz, DE",2,460.74
"Gdańsk, PL","Schkeuditz, DE",1,531.58
"Grâce-Hollogne, BE","Segrate (MI), IT",1,643.75
"Segrate (MI), IT","Vigo, ES",1,1476.31
"Capua, IT","Segrate (MI), IT",1,623.55
"Segrate (MI), IT","Toussus-le-Noble, Yvelines, FR",1,655.16
"Brno, CZ","Segrate (MI), IT",1,694.23
"Cannes, FR","Segrate (MI), IT",1,279.98
"Cascais, PT","Segrate (MI), IT",1,1704.04
"Istanbul, TR","Segrate (MI), IT",1,1662.24
"Katowice, PL","Segrate (MI), IT",1,918.44
"Seville, ES","Zaventem, BE",4,1708.83
"Seville, ES","Toulouse/Blagnac, FR",10,922.95
"Seville, ES","Stuttgart, DE",2,1748.57
"Catania, IT","Seville, ES",1,1846.57
"Montichiari (BS), IT","Shannon, IE",1,1611.91
"Shannon, IE","Weßling, DE",1,1515.77
"Spata-Artemida, GR","Wrocław, PL",3,1565.77
"Salzburg, AT","Spata-Artemida, GR",1,1410.02
"Kalymnos Island, GR","Spata-Artemida, GR",3,285.74
"Akrotiri, CY","Spata-Artemida, GR",1,891.55
"Nice, Alpes-Maritimes, FR","Spata-Artemida, GR",2,1541.56
"Innsbruck, AT","Spata-Artemida, GR",2,1458.88
"Stockholm, SE","Stuttgart, DE",1,1327.11
"Chambéry, FR","Stockholm, SE",2,1737.43
"Rhodes, GR","Stockholm, SE",1,2670.1
"Stockholm, SE","Weßling, DE",2,1341.32
"Siljansnäs, SE","Stockholm / Västerås, SE",1,166.27
"Napoli, IT","Strasbourg, FR",1,999.71
"Nuremberg, DE","Stuttgart, DE",1,162.33
"Forlì (FC), IT","Stuttgart, DE",1,545.3
"Nice, Alpes-Maritimes, FR","Stuttgart, DE",1,580.35
"Stuttgart, DE","Weßling, DE",1,166.56
"Atting, DE","Stuttgart, DE",1,242.45
"Stuttgart, DE","Trabzon, TR",1,2537.05
"Budapest, HU","Szymany, PL",1,678.42
"Köln (Cologne), DE","Sønderborg, DK",1,489.03
"Stuttgart, DE","Sønderborg, DK",1,698.78
"Stuttgart, DE","Tallinn, EE",1,1560.66
"Katowice, PL","Tallinn, EE",1,1058.55
"Billund, DK","Tallinn, EE",1,1016.77
"Chambéry, FR","Tallinn, EE",1,1982.99
"Cannes, FR","Tarbes/Lourdes/Pyrénées, FR",1,564.11
"Lisbon, PT","Tarbes/Lourdes/Pyrénées, FR",1,908.27
"Annecy, FR","Tarbes/Lourdes/Pyrénées, FR",1,572.06
"Thessaloniki, GR","Zgornji Brnik, SI",1,934.83
"Schkeuditz, DE","Thessaloniki, GR",1,1465.67
"Grâce-Hollogne, BE","Timişoara, RO",1,1290.65
"Charleroi, BE","Timişoara, RO",2,1351.28
"Genova (GE), IT","Timişoara, RO",1,991.88
"Dortmund, DE","Timişoara, RO",2,1188.35
"Madrid, ES","Timişoara, RO",2,2106.74
"Salzburg, AT","Timişoara, RO",1,671.15
"Segrate (MI), IT","Timişoara, RO",1,937.87
"Larnaca, CY","Timişoara, RO",1,1597.06
"Caselle Torinese (TO), IT","Timişoara, RO",1,1067.56
"Memmingen, DE","Timişoara, RO",2,876.53
"Rheinmünster, DE","Timişoara, RO",2,1051.3
"Ferno (VA), IT","Timişoara, RO",1,978.11
"Capannori (LU), IT","Toulouse/Blagnac, FR",1,740.33
"Ibiza (Eivissa), ES","Toulouse/Blagnac, FR",1,528.87
"Schkeuditz, DE","Toulouse/Blagnac, FR",1,1187.8
"Düsseldorf, DE","Trabzon, TR",2,2759.59
"Paris, FR","Trabzon, TR",1,3049.92
"Stockholm, SE","Trabzon, TR",1,2553.33
"Berlin, DE","Trabzon, TR",1,2350.34
"Stockholm, SE","Treviso (TV), IT",2,1587.04
"Toulouse/Blagnac, FR","Treviso (TV), IT",3,885.07
"Segrate (MI), IT","Treviso (TV), IT",2,228.32
"Bratislava, SK","Treviso (TV), IT",1,473.07
"Seville, ES","Treviso (TV), IT",3,1755.81
"Košice, SK","Turku, FI",1,1319.37
"Faro, PT","Valencia, ES",1,709.2
"Clermont-Ferrand, FR","Valladolid, ES",1,787.43
"Caselle (VR), IT","Valletta, MT",2,1104.2
"Barcelona, ES","Velika Gorica, HR",3,1229.44
"Frankfurt am Main (Lautzenhausen), DE","Velika Gorica, HR",3,805.65
"Maastricht, NL","Velika Gorica, HR",1,952.52
"Memmingen, DE","Velika Gorica, HR",3,508.54
"Schkeuditz, DE","Velika Gorica, HR",1,691.29
"Rome, IT","Velika Gorica, HR",1,526.86
"Lisbon, PT","Venezia (VE), IT",7,1915.34
"Saint-Jacques-de-la-Lande, Ille-et-Vilaine, FR","Venezia (VE), IT",1,1107.99
"Düsseldorf, DE","Venezia (VE), IT",3,763.5
"Spata-Artemida, GR","Venezia (VE), IT",3,1275.96
"Palma de Mallorca, ES","Venezia (VE), IT",1,1027.69
"Genova (GE), IT","Venezia (VE), IT",1,301.8
"Memmingen, DE","Vienna, AT",1,470.7
"Almería, ES","Vigo, ES",1,803.76
"Trento (TN), IT","Warsaw, PL",1,990.49
"Napoli, IT","Warsaw, PL",1,1357.23
"Firenze (FI), IT","Warsaw, PL",1,1180.45
"Paris, FR","Weeze, DE",1,375.78
"Melilla, ES","Weeze, DE",1,1954.28
"Dresden, DE","Weeze, DE",1,531.74
"Szymany, PL","Weeze, DE",3,1020.27
"Porto, PT","Wevelgem, BE",1,1401.89
"Barcelona, ES","Wevelgem, BE",1,1062.33
"Mönchengladbach, DE","Weßling, DE",1,490.65
"Mannheim, DE","Weßling, DE",1,255.14
"Burbach, DE","Weßling, DE",1,372.64
"Bolzano (BZ), IT","Weßling, DE",1,180.4
"Bratislava, SK","Weßling, DE",1,440.11
"Büren, DE","Weßling, DE",1,436.62
"Paris, FR","Weßling, DE",1,676.51
"Oostende, BE","Zaragoza, ES",2,1101.34
"Frankfurt am Main (Lautzenhausen), DE","Zaragoza, ES",2,1121.85
"Biarritz, FR","Zaragoza, ES",1,204.24
"Dortmund, DE","Zaventem, BE",1,228.4
"Segrate (MI), IT","Zgornji Brnik, SI",1,410.53
"Rome, IT","Zgornji Brnik, SI",2,517.86
"Frankfurt am Main (Lautzenhausen), DE","Ängelholm, SE",1,797.79
"Sønderborg, DK","Örebro, SE",1,569.49
"Lesquin, FR","Šiauliai, LT",1,1467.89
"Aalborg, DK","Salzburg, AT",1,1055.85
"Ajaccio, FR","Barcelona, ES",1,563.23
"Alicante, ES","Treviso (TV), IT",2,1332.4
"Alicante, ES","Cascais, PT",1,766.79
"Alicante, ES","Grenoble, FR",1,925.63
"Almería, ES","Saint-Tropez, FR",1,1032.58
"Almería, ES","Zaragoza, ES",2,548.26
"Amsterdam, NL","Kittilä, FI",3,2022.67
"Amsterdam, NL","Annecy, FR",1,715.97
"Amsterdam, NL","Trento (TN), IT",1,837.35
"Amsterdam, NL","Zaragoza, ES",1,1261.64
"Amsterdam, NL","Grenoble, FR",2,773.43
"Amsterdam, NL","Chassieu, Lyon, FR",2,731.85
"Alajero, La Gomera Island, ES","Amsterdam, NL",1,3254.6
"Angers, FR","Paris, FR",1,270.59
"Angers, FR","Lesquin, FR",2,416.6
"Annecy, FR","Bordeaux, FR",1,545.91
"Annecy, FR","Venezia (VE), IT",1,487.63
"Annecy, FR","Mošnov, CZ",1,988.51
"Antalya, TR","Göteborg, SE",2,2691.32
"Antalya, TR","Feldkirchen bei Graz, AT",2,1689.6
"Antalya, TR","Katowice, PL",5,1774.89
"Antalya, TR","Poznań, PL",2,2041.78
"Antalya, TR","Laage, DE",1,2366.38
"Antwerp, BE","Innsbruck, AT",2,663.35
"Antwerp, BE","Kittilä, FI",1,2144.59
"Antwerp, BE","Munich, DE",1,612.82
"Antwerp, BE","Colombier-Saugnieu, Rhône, FR",2,609.39
"Antwerp, BE","Greven, DE",1,245.91
"Antwerp, BE","Saint-Tropez, FR",2,900.83
"Antwerp, BE","Ibiza (Eivissa), ES",1,1390.7
"Antwerp, BE","Prague, CZ",1,700.77
"Augsburg, DE","Hannover, DE",2,457.34
"Augsburg, DE","Feldkirchen bei Graz, AT",1,373.02
"Balice, PL","Napoli, IT",1,1107.43
"Balice, PL","Montichiari (BS), IT",1,874.57
"Barcelona, ES","Grenoble, FR",2,522.89
"Barcelona, ES","Sta Cruz de la Palma, La Palma Island, ES",2,2282.13
"Barcelona, ES","Cannes, FR",2,471.98
"Berlin, DE","Napoli, IT",2,1277.44
"Berlin, DE","Sta Cruz de la Palma, La Palma Island, ES",2,3681.87
"Berlin, DE","Montichiari (BS), IT",1,804.8
"Berlin, DE","Gaziemir, TR",3,1887.02
"Berlin, DE","Charleroi, BE",1,661.24
"Berlin, DE","Greven, DE",1,396.5
"Billund, DK","Salzburg, AT",3,922.11
"Billund, DK","Innsbruck, AT",4,954.9
"Billund, DK","Valletta, MT",2,2248.87
"Billund, DK","Colombier-Saugnieu, Rhône, FR",2,1149.23
"Billund, DK","Trento (TN), IT",1,1089.15
"Billund, DK","Orio al Serio (BG), IT",1,1120.51
"Bodrum, TR","Bremen, DE",1,2287.85
"Bologna, IT","Caselle Torinese (TO), IT",2,296.15
"Bologna, IT","Stockholm, SE",1,1723.11
"Bologna, IT","Faro, PT",1,1818.34
"Bolzano (BZ), IT","Salzburg, AT",3,195.24
"Bolzano (BZ), IT","Grenoble, FR",1,479.56
"Bolzano (BZ), IT","Bucharest, RO",1,1169.55
"Bolzano (BZ), IT","Prague, CZ",3,459.37000000000006
"Bolzano (BZ), IT","Forlì (FC), IT",1,258.42
"Bolzano (BZ), IT","Ferno (VA), IT",1,220.66
"Bolzano (BZ), IT","Segrate (MI), IT",2,194.46
"Bologna, IT","Bolzano (BZ), IT",1,213.94
"Bolzano (BZ), IT","Rome, IT",3,525.24
"Bolzano (BZ), IT","Budapest, HU",1,602.03
"Bolzano (BZ), IT","Rotterdam, NL",1,789.31
"Bolzano (BZ), IT","Copenhagen, DK",1,1022.58
"Bordeaux, FR","Ibiza (Eivissa), ES",1,684.4
"Bordeaux, FR","Toulouse/Blagnac, FR",1,212.67
"Bordeaux, FR","Chambéry, FR",1,524.1
"Bratislava, SK","Memmingen, DE",1,518.35
"Bratislava, SK","Venezia (VE), IT",1,473.67
"Bucharest, RO","Nantes, FR",1,2154.72
"Bucharest, RO","Katowice, PL",2,844.36
"Budapest, HU","Cannes, FR",1,1042.7
"Bydgoszcz, PL","Innsbruck, AT",2,801.98
"Büren, DE","Friedrichshafen, DE",1,442.94
"Annecy, FR","Caen, FR",1,609.81
"Alajero, La Gomera Island, ES","Cascais, PT",1,1393.96
"Cascais, PT","Palma de Mallorca, ES",2,1046.3
"Cascais, PT","Zgornji Brnik, SI",1,2113.09
"Cascais, PT","Chambéry, FR",1,1468.34
"Caselle (VR), IT","Warsaw, PL",8,1055.11
"Caselle (VR), IT","Copenhagen, DK",2,1143.5
"Caselle (VR), IT","Cork, IE",2,1587.95
"Caselle (VR), IT","Riga, LV",2,1572.52
"Caselle Torinese (TO), IT","Warsaw, PL",4,1245.43
"Caselle Torinese (TO), IT","Göteborg, SE",2,1424.54
"Caselle Torinese (TO), IT","Venezia (VE), IT",1,368.94
"Caselle Torinese (TO), IT","Shannon, IE",2,1464.35
"Caselle Torinese (TO), IT","Helsinki (Vantaa), FI",2,2031.66
"Caselle Torinese (TO), IT","Faro, PT",1,1589.62
"Caselle Torinese (TO), IT","Falconara Marittima (AN), IT",1,486.65
"Catania, IT","Luxembourg, LU",2,1526.41
"Catania, IT","Montichiari (BS), IT",1,968.9
"Chambéry, FR","Mošnov, CZ",1,1019.36
"Chambéry, FR","Faro, PT",1,1498.56
"Antwerp, BE","Chambéry, FR",1,626.18
"Chambéry, FR","Luxembourg, LU",2,444.22
"Chambéry, FR","Warsaw, PL",1,1317.07
"Charleroi, BE","Köln (Cologne), DE",1,194.37
"Chambéry, FR","Charleroi, BE",1,546.66
"Chassieu, Lyon, FR","Málaga, ES",1,1277.73
"Chassieu, Lyon, FR","Saint-Tropez, FR",1,305.88
"Chassieu, Lyon, FR","Dublin, IE",1,1174.63
"Chassieu, Lyon, FR","Istanbul, TR",3,2000.38
"Chassieu, Lyon, FR","Lesquin, FR",1,555.06
"Chassieu, Lyon, FR","Saint-Jacques-de-la-Lande, Ille-et-Vilaine, FR",1,570.07
"Chassieu, Lyon, FR","Shannon, IE",1,1267.67
"Chassieu, Lyon, FR","Kiel, DE",1,1030.5
"Clermont-Ferrand, FR","Saint-Tropez, FR",1,389.07
"Colombier-Saugnieu, Rhône, FR","Stockholm, SE",5,1753.32
"Colombier-Saugnieu, Rhône, FR","Zaragoza, ES",1,668.06
"Colombier-Saugnieu, Rhône, FR","Riga, LV",1,1802.13
"Cascais, PT","Colombier-Saugnieu, Rhône, FR",1,1418.2
"Colombier-Saugnieu, Rhône, FR","Napoli, IT",1,917.68
"Colombier-Saugnieu, Rhône, FR","Palma de Mallorca, ES",1,712.89
"Copenhagen, DK","Innsbruck, AT",13,933.73
"Copenhagen, DK","Seville, ES",2,2454.96
"Copenhagen, DK","Skellefteå, SE",1,1102.64
"Copenhagen, DK","Valletta, MT",2,2202.96
"Copenhagen, DK","Larnaca, CY",2,2807.03
"Copenhagen, DK","Trento (TN), IT",2,1072.2
"Copenhagen, DK","Vila Baleira, PT",2,3358.7
"Cork, IE","Salzburg, AT",2,1599.86
"Cork, IE","Munich, DE",2,1492.0
"Dole, FR","Toussus-le-Noble, Yvelines, FR",1,312.36
"Dortmund, DE","Vienna, AT",1,745.35
"Dortmund, DE","Venezia (VE), IT",1,753.9
"Amsterdam, NL","Dortmund, DE",1,214.2
"Dresden, DE","Katowice, PL",1,380.35
"Dresden, DE","Madrid, ES",1,1793.58
"Dresden, DE","Trento (TN), IT",1,600.53
"Dublin, IE","Salzburg, AT",13,1490.75
"Dublin, IE","Montichiari (BS), IT",1,1487.79
"Dublin, IE","Grenoble, FR",7,1225.07
"Dublin, IE","Mönchengladbach, DE",1,899.92
"Cannes, FR","Dublin, IE",1,1463.62
"Cork, IE","Dublin, IE",1,231.89
"Dublin, IE","Friedrichshafen, DE",1,1281.22
"Chassieu, Lyon, FR","Düsseldorf, DE",1,632.77
"Düsseldorf, DE","Montichiari (BS), IT",1,702.64
"Düsseldorf, DE","Grenoble, FR",1,667.49
"Eindhoven, NL","Treviso (TV), IT",2,816.68
"Eindhoven, NL","Turku, FI",1,1447.97
"Faro, PT","Funchal, PT",1,935.23
"Faro, PT","Göteborg, SE",2,2729.95
"Faro, PT","Wevelgem, BE",1,1772.49
"Faro, PT","Seville, ES",2,189.34
"Faro, PT","Palma de Mallorca, ES",1,975.67
"Feldkirchen bei Graz, AT","Larnaca, CY",1,2027.79
"Ferno (VA), IT","Nice, Alpes-Maritimes, FR",1,249.8
"Ferno (VA), IT","Shannon, IE",1,1499.21
"Ferno (VA), IT","Wrocław, PL",1,855.3
"Comiso, IT","Ferno (VA), IT",1,1077.73
"Billund, DK","Ferno (VA), IT",1,1124.55
"Figari, FR","Schkeuditz, DE",1,1128.49
"Caselle Torinese (TO), IT","Firenze (FI), IT",1,321.46
"Firenze (FI), IT","Toulouse/Blagnac, FR",1,790.5
"Frankfurt am Main, DE","Ibiza (Eivissa), ES",2,1363.56
"Frankfurt am Main, DE","Palermo, IT",1,1371.46
"Frankfurt am Main, DE","Sta Cruz de la Palma, La Palma Island, ES",4,3250.8
"Frankfurt am Main, DE","Trento (TN), IT",2,484.28
"Frankfurt am Main, DE","Gaziemir, TR",3,1965.9
"Frankfurt am Main, DE","Grenoble, FR",1,572.0
"Cannes, FR","Frankfurt am Main, DE",1,730.62
"Frankfurt am Main (Lautzenhausen), DE","Vilnius, LT",2,1327.29
"Frankfurt am Main (Lautzenhausen), DE","Weeze, DE",1,200.18
"Bratislava, SK","Friedrichshafen, DE",1,576.31
"Friedrichshafen, DE","Weert, NL",1,488.39
"Copenhagen, DK","Friedrichshafen, DE",1,909.63
"Friedrichshafen, DE","Vienna, AT",2,528.34
"Budapest, HU","Friedrichshafen, DE",2,720.47
"Friedrichshafen, DE","Grenoble, FR",1,410.13
"Friedrichshafen, DE","Marignane, Bouches-du-Rhône, FR",1,577.39
"Bologna, IT","Friedrichshafen, DE",1,374.62
"Funchal, PT","Stockholm, SE",4,3920.58
"Funchal, PT","Nuremberg, DE",2,2960.0
"Funchal, PT","Nantes, FR",2,2055.24
"Funchal, PT","Poznań, PL",2,3466.44
"Funchal, PT","Madrid, ES",2,1449.11
"Funchal, PT","Tallinn, EE",2,4254.21
"Dublin, IE","Gaziemir, TR",1,3044.32
"Amsterdam, NL","Gaziemir, TR",1,2326.89
"Copenhagen, DK","Gaziemir, TR",1,2208.64
"Gaziemir, TR","Spata-Artemida, GR",1,283.81
"Gaziemir, TR","Munich, DE",1,1666.96
"Caselle (VR), IT","Gdańsk, PL",1,1135.37
"Genova (GE), IT","Napoli, IT",1,593.39
"Grenoble, FR","Seville, ES",2,1284.91
"Billund, DK","Grenoble, FR",1,1184.72
"Grenoble, FR","Montpellier/Méditerranée, FR",1,226.32
"Grenoble, FR","Warsaw, PL",2,1369.68
"Grenoble, FR","Vilnius, LT",3,1749.86
"Grenoble, FR","Madrid, ES",3,915.07
"Grenoble, FR","Lisbon, PT",1,1397.26
"Grenoble, FR","Paris, FR",7,495.77
"Grenoble, FR","Marignane, Bouches-du-Rhône, FR",1,214.23
"Berlin, DE","Grenoble, FR",1,980.08
"Greven, DE","Hamburg, DE",1,219.62
"Grenoble, FR","Greven, DE",2,772.39
"Friedrichshafen, DE","Groningen, NL",1,640.33
"Greven, DE","Grâce-Hollogne, BE",1,227.8
"Annecy, FR","Grâce-Hollogne, BE",1,525.92
"Göteborg, SE","Nuremberg, DE",1,916.37
"Göteborg, SE","Trento (TN), IT",1,1302.07
"Hamburg, DE","Sta Cruz de la Palma, La Palma Island, ES",4,3570.26
"Hamburg, DE","Treviso (TV), IT",1,897.34
"Hamburg, DE","Segrate (MI), IT",1,906.03
"Hamburg, DE","Laage, DE",1,159.99
"Hamburg, DE","Thessaloniki, GR",1,1751.44
"Hamburg, DE","Porto, PT",1,1947.98
"Gaziemir, TR","Hamburg, DE",1,2148.87
"Alicante, ES","Hannover, DE",1,1764.01
"Hannover, DE","Rotterdam, NL",2,361.87
"Hannover, DE","Málaga, ES",2,2075.87
"Helsinki (Vantaa), FI","Venezia (VE), IT",2,1844.29
"Helsinki (Vantaa), FI","Innsbruck, AT",5,1698.04
"Helsinki (Vantaa), FI","Salzburg, AT",4,1590.98
"Alajero, La Gomera Island, ES","Helsinki (Vantaa), FI",1,4773.6
"Bratislava, SK","Helsinki (Vantaa), FI",1,1439.3
"Helsinki (Vantaa), FI","Stuttgart, DE",1,1635.87
"Hof, DE","Marignane, Bouches-du-Rhône, FR",1,913.03
"Dortmund, DE","Hof, DE",1,327.23
"Hradec Králové, CZ","Trento (TN), IT",1,586.17
"Ibiza (Eivissa), ES","Santiago de Compostela, ES",1,935.76
"Innsbruck, AT","Stockholm, SE",11,1427.96
"Innsbruck, AT","Warsaw, PL",2,881.43
"Greven, DE","Innsbruck, AT",1,602.14
"Funchal, PT","Innsbruck, AT",1,2866.66
"Grâce-Hollogne, BE","Innsbruck, AT",1,571.31
"Dublin, IE","Innsbruck, AT",1,1419.85
"Innsbruck, AT","Mönchengladbach, DE",1,563.92
"Innsbruck, AT","Riga, LV",2,1378.23
"Innsbruck, AT","Istanbul, TR",1,1560.8
"Arvidsjaur, SE","Innsbruck, AT",1,2091.97
"Friedrichshafen, DE","Istanbul, TR",1,1705.92
"Charlestown, IE","Istanbul, TR",1,3128.7
"Dresden, DE","Istanbul, TR",1,1615.58
"Grenoble, FR","Istanbul, TR",1,1966.22
"Istanbul, TR","Nowy Dwór Mazowiecki, PL",1,1414.79
"Jerez de la Frontera, ES","Toulouse/Blagnac, FR",1,990.96
"Katowice, PL","Napoli, IT",1,1128.81
"Helsinki (Vantaa), FI","Katowice, PL",1,1154.63
"Katowice, PL","Prague, CZ",2,344.96
"Brno, CZ","Katowice, PL",1,225.87
"Katowice, PL","Sta Cruz de la Palma, La Palma Island, ES",2,3919.65
"Kittilä, FI","Zaventem, BE",1,2173.51
"Kos Island, GR","Palermo, IT",1,1233.72
"Akrotiri, CY","Köln (Cologne), DE",1,2754.93
"Köln (Cologne), DE","Thessaloniki, GR",1,1677.15
"Augsburg, DE","Köln (Cologne), DE",1,384.7
"Laage, DE","Vienna, AT",1,711.86
"Laage, DE","Munich, DE",1,619.68
"Lamezia Terme (CZ), IT","Napoli, IT",1,276.18
"Larnaca, CY","Salzburg, AT",1,2229.72
"Friedrichshafen, DE","Larnaca, CY",2,2450.14
"Chambéry, FR","Larnaca, CY",1,2622.65
"Larnaca, CY","Montpellier/Méditerranée, FR",1,2714.32
"Dortmund, DE","Larnaca, CY",1,2778.62
"Larnaca, CY","Lisbon, PT",1,3796.02
"Larnaca, CY","Trento (TN), IT",1,2259.48
"Bologna, IT","Larnaca, CY",1,2181.6
"Düsseldorf, DE","Larnaca, CY",1,2815.99
"Lelystad, NL","Paris, FR",1,418.49
"Lesquin, FR","Venezia (VE), IT",2,887.51
"Lesquin, FR","Rome, IT",2,1208.28
"Alajero, La Gomera Island, ES","Lesquin, FR",1,3033.77
"Linz, AT","Warsaw, PL",1,646.28
"Istanbul, TR","Linz, AT",1,1408.71
"Linz, AT","Mannheim, DE",1,441.03
"Cannes, FR","Lisbon, PT",1,1444.53
"Lisbon, PT","Palma de Mallorca, ES",1,1026.56
"Köln (Cologne), DE","Luxembourg, LU",1,152.84
"Luxembourg, LU","Toussus-le-Noble, Yvelines, FR",1,313.8
"Luxembourg, LU","Napoli, IT",1,1158.04
"Cannes, FR","Luxembourg, LU",1,678.31
"Maastricht, NL","Málaga, ES",1,1780.77
"Maastricht, NL","Wevelgem, BE",1,179.94
"Capua, IT","Madrid, ES",1,1502.95
"Madrid, ES","Saint-Tropez, FR",2,895.98
"Madrid, ES","Salzburg, AT",1,1558.36
"Maastricht, NL","Madrid, ES",1,1374.7
"Mahón (Maó), ES","Vienna, AT",1,1345.1
"Greven, DE","Malmö, SE",1,531.07
"Comiso, IT","Malmö, SE",1,2063.62
"Maribor, SI","Sečovlje, SI",2,195.31
"Groningen, NL","Marignane, Bouches-du-Rhône, FR",1,1081.16
"Marignane, Bouches-du-Rhône, FR","Treviso (TV), IT",2,605.17
"Marignane, Bouches-du-Rhône, FR","Venezia (VE), IT",2,611.08
"Barcelona, ES","Memmingen, DE",1,983.92
"Memmingen, DE","Paphos, CY",1,2356.95
"Chambéry, FR","Montichiari (BS), IT",1,347.38
"Montichiari (BS), IT","Venezia (VE), IT",2,157.85
"Montpellier/Méditerranée, FR","Nice, Alpes-Maritimes, FR",2,262.0
"Angers, FR","Montpellier/Méditerranée, FR",1,553.9
"Colombier-Saugnieu, Rhône, FR","Montpellier/Méditerranée, FR",1,255.13
"Montpellier/Méditerranée, FR","Ponta Delgada, PT",1,2569.72
"Mošnov, CZ","Vilnius, LT",1,734.75
"Berlin, DE","Mošnov, CZ",1,437.71
"Bologna, IT","Mošnov, CZ",1,771.27
"Kittilä, FI","Munich, DE",2,2273.42
"Munich, DE","Rhodes, GR",2,1878.69
"Munich, DE","Napoli, IT",2,853.59
"Lübeck, DE","Munich, DE",1,610.74
"Munich, DE","Shannon, IE",1,1535.42
"Munich, DE","Sta Cruz de la Palma, La Palma Island, ES",2,3342.8
"Friedrichshafen, DE","Munich, DE",1,185.43
"Montichiari (BS), IT","Málaga, ES",1,1574.89
"Annecy, FR","Málaga, ES",1,1354.97
"Colombier-Saugnieu, Rhône, FR","Mönchengladbach, DE",1,620.83
"Cannes, FR","Nantes, FR",1,779.58
"Marignane, Bouches-du-Rhône, FR","Nice, Alpes-Maritimes, FR",1,163.3
"Grenoble, FR","Nice, Alpes-Maritimes, FR",1,241.44
"Bratislava, SK","Nuremberg, DE",1,472.52
"Nuremberg, DE","Salzburg, AT",1,236.6
"Egelsbach, DE","Nuremberg, DE",1,182.37
"Gaziemir, TR","Nuremberg, DE",1,1785.31
"Nîmes/Garons, FR","Perpignan/Rivesaltes, FR",1,168.7
"Cannes, FR","Nîmes/Garons, FR",1,205.57
"Oostende, BE","Segrate (MI), IT",1,795.3
"Ferno (VA), IT","Oostende, BE",1,754.53
"Antalya, TR","Ordu, TR",1,775.27
"Hamburg, DE","Orio al Serio (BG), IT",1,880.06
"Orio al Serio (BG), IT","Shannon, IE",2,1557.14
"Nîmes/Garons, FR","Orio al Serio (BG), IT",1,469.01
"Annecy, FR","Palma de Mallorca, ES",2,760.16
"Palma de Mallorca, ES","Treviso (TV), IT",2,1027.59
"Chambéry, FR","Palma de Mallorca, ES",1,723.83
"Palma de Mallorca, ES","Poznań, PL",1,1791.08
"Paris, FR","Rotterdam, NL",4,333.0
"Charleroi, BE","Paris, FR",1,204.22
"Istanbul, TR","Perpignan/Rivesaltes, FR",1,2158.57
"Palma de Mallorca, ES","Pisa (PI), IT",1,784.27
"Pisa (PI), IT","Weert, NL",1,915.2
"Pisa (PI), IT","Venezia (VE), IT",1,255.1
"Antwerp, BE","Pisa (PI), IT",1,945.65
"Poprad, SK","Vilnius, LT",1,708.58
"Ibiza (Eivissa), ES","Porto, PT",1,894.9
"Annecy, FR","Porto, PT",1,1296.63
"Nowy Dwór Mazowiecki, PL","Poznań, PL",1,259.52
"Poznań, PL","Trento (TN), IT",1,822.47
"Grenoble, FR","Prague, CZ",2,849.7
"Prague, CZ","Trento (TN), IT",3,509.64000000000004
"Annecy, FR","Prague, CZ",1,763.28
"Prague, CZ","Treviso (TV), IT",7,518.45
"Montichiari (BS), IT","Prague, CZ",1,596.57
"Prague, CZ","Sønderborg, DK",1,619.23
"Montichiari (BS), IT","Rheinmünster, DE",1,409.59
"Feldkirchen bei Graz, AT","Rheinmünster, DE",1,583.39
"Dortmund, DE","Rheinmünster, DE",1,306.37
"Paphos, CY","Rhodes, GR",1,439.91
"Kittilä, FI","Riga, LV",1,1195.53
"Lisbon, PT","Riga, LV",1,3141.26
"Riga, LV","Salzburg, AT",2,1260.64
"Riga, LV","Treviso (TV), IT",2,1497.72
"Firenze (FI), IT","Riga, LV",1,1715.2
"Paphos, CY","Rome, IT",2,1914.52
"Annecy, FR","Rome, IT",1,683.51
"Rome, IT","Trento (TN), IT",2,480.8
"Rome, IT","Salzburg, AT",1,667.81
"Napoli, IT","Ronchi dei Legionari/Trieste, IT",1,553.43
"Ferno (VA), IT","Ronchi dei Legionari/Trieste, IT",1,368.83
"Balice, PL","Roskilde, DK",1,798.71
"Catania, IT","Rota, ES",1,1898.52
"Düsseldorf, DE","Rota, ES",1,1930.89
"Greven, DE","Rotterdam, NL",2,223.2
"Kittilä, FI","Rotterdam, NL",1,2067.51
"Rotterdam, NL","Wrocław, PL",2,865.0
"Cannes, FR","Saint-Jacques-de-la-Lande, Ille-et-Vilaine, FR",1,839.65
"Budapest, HU","Salzburg, AT",1,459.25
"Saint-Tropez, FR","Salzburg, AT",1,719.69
"Salzburg, AT","Vilnius, LT",3,1141.84
"Göteborg, SE","Salzburg, AT",1,1105.4
"Antwerp, BE","Salzburg, AT",1,722.7
"Cascais, PT","Salzburg, AT",1,2061.68
"Salzburg, AT","Tallinn, EE",2,1504.5
"Kiel, DE","Salzburg, AT",1,758.93
"Salzburg, AT","Wevelgem, BE",1,784.96
"Salzburg, AT","Weert, NL",1,658.05
"Girona, ES","Santiago de Compostela, ES",1,923.66
"Faro, PT","Santiago de Compostela, ES",1,654.96
"Caselle (VR), IT","Schkeuditz, DE",1,677.31
"Larnaca, CY","Schkeuditz, DE",1,2510.73
"Jasionka, PL","Segrate (MI), IT",1,1082.59
"Segrate (MI), IT","Trento (TN), IT",2,157.19
"Segrate (MI), IT","Villanova d'Albenga (SV), IT",1,179.67
"Saint-Tropez, FR","Segrate (MI), IT",1,333.79
"Segrate (MI), IT","Velika Gorica, HR",1,529.35
"Biarritz, FR","Seville, ES",1,767.42
"Napoli, IT","Seville, ES",2,1778.34
"Seville, ES","Stockholm, SE",2,2984.36
"Seville, ES","Vigo, ES",1,583.87
"Bologna, IT","Sečovlje, SI",1,210.52
"Bodrum, TR","Spata-Artemida, GR",1,338.27
"Friedrichshafen, DE","Spata-Artemida, GR",1,1594.63
"Grenoble, FR","Spata-Artemida, GR",1,1747.43
"Chambéry, FR","Spata-Artemida, GR",1,1719.52
"Sta Cruz de la Palma, La Palma Island, ES","Stuttgart, DE",2,3203.01
"Friedrichshafen, DE","Stockholm, SE",1,1425.5
"Rotterdam, NL","Stockholm, SE",1,1186.65
"Chassieu, Lyon, FR","Stockholm, SE",1,1757.85
"Alexandroupolis, GR","Stockholm, SE",1,2146.87
"Grenoble, FR","Stockholm, SE",1,1782.57
"Stockholm, SE","Trento (TN), IT",1,1565.22
"Grâce-Hollogne, BE","Stockholm, SE",1,1262.14
"Göteborg, SE","Stockholm / Västerås, SE",1,335.73
"Napoli, IT","Stuttgart, DE",1,954.98
"Chambéry, FR","Stuttgart, DE",1,422.97
"Stuttgart, DE","Trento (TN), IT",1,329.32
"Dublin, IE","Stuttgart, DE",1,1200.27
"Bremen, DE","Sønderborg, DK",1,223.06
"Kittilä, FI","Tallinn, EE",1,921.56
"Thessaloniki, GR","Treviso (TV), IT",2,1043.16
"Bologna, IT","Timişoara, RO",1,799.83
"Augsburg, DE","Timişoara, RO",1,838.57
"Napoli, IT","Toulouse/Blagnac, FR",1,1105.41
"Annecy, FR","Toulouse/Blagnac, FR",1,452.72
"Bastia, FR","Toulouse/Blagnac, FR",1,669.84
"Cannes, FR","Toulouse/Blagnac, FR",1,450.33
"Toulouse/Blagnac, FR","Venezia (VE), IT",2,894.32
"Jerez de la Frontera, ES","Toussus-le-Noble, Yvelines, FR",1,1490.34
"Toussus-le-Noble, Yvelines, FR","Wevelgem, BE",1,243.1
"Montpellier/Méditerranée, FR","Toussus-le-Noble, Yvelines, FR",1,592.96
"Nîmes/Garons, FR","Toussus-le-Noble, Yvelines, FR",1,583.0
"Bodrum, TR","Trabzon, TR",1,1127.06
"Grenoble, FR","Trabzon, TR",1,2813.92
"Capannori (LU), IT","Trento (TN), IT",1,248.12
"Bratislava, SK","Trento (TN), IT",1,518.77
"Roskilde, DK","Treviso (TV), IT",1,1104.98
"Friedrichshafen, DE","Treviso (TV), IT",1,304.13
"Treviso (TV), IT","Vilnius, LT",2,1362.73
"Salzburg, AT","Treviso (TV), IT",1,246.36
"Nowy Dwór Mazowiecki, PL","Treviso (TV), IT",1,974.4
"Lahr/Schwarzwald, DE","Treviso (TV), IT",1,448.37
"Bodrum, TR","Tymbou (Kirklar), CY",1,571.15
"Rotterdam, NL","Valladolid, ES",1,1338.7
"Málaga, ES","Valletta, MT",1,1702.43
"Salzburg, AT","Velika Gorica, HR",1,326.23
"Alicante, ES","Velika Gorica, HR",1,1600.03
"Paphos, CY","Velika Gorica, HR",1,1849.51
"Salzburg, AT","Venezia (VE), IT",1,259.24
"Valletta, MT","Venezia (VE), IT",1,1089.01
"Cascais, PT","Venezia (VE), IT",1,1934.95
"Antwerp, BE","Venezia (VE), IT",1,859.01
"Katowice, PL","Venezia (VE), IT",1,745.21
"Venezia (VE), IT","Vilnius, LT",2,1367.79
"Cannes, FR","Venezia (VE), IT",1,479.85
"Capua, IT","Venezia (VE), IT",1,509.9
"Kittilä, FI","Vienna, AT",1,2227.99
"Groningen, NL","Vienna, AT",1,897.08
"Napoli, IT","Vienna, AT",2,823.28
"Alghero, IT","Villanova d'Albenga (SV), IT",1,380.36
"Villanova d'Albenga (SV), IT","Wevelgem, BE",1,838.13
"Stuttgart, DE","Vilnius, LT",1,1285.76
"Paphos, CY","Vilnius, LT",1,2283.7
"Paris, FR","Weert, NL",1,322.27
"Grenoble, FR","Wevelgem, BE",1,626.7
"Pisa (PI), IT","Wevelgem, BE",1,959.93
"Grenoble, FR","Weßling, DE",1,545.05
"Amsterdam, NL","Weßling, DE",1,660.03
"Nice, Alpes-Maritimes, FR","Weßling, DE",1,583.8
"Antalya, TR","Wrocław, PL",1,1925.39
"Grenoble, FR","Zaragoza, ES",1,657.59
"Málaga, ES","Zaragoza, ES",1,629.84
"Alajero, La Gomera Island, ES","Zaventem, BE",1,3127.25
"Friedrichshafen, DE","Zaventem, BE",1,511.59
"Nuremberg, DE","Zaventem, BE",1,494.35
"Eskişehir, TR","Zaventem, BE",1,2360.05
"Palma de Mallorca, ES","Ängelholm, SE",1,2003.53
